<?xml version="1.0" encoding="UTF-8"?>
<!-- Generated by the RCS System Epiroc Rock Drills AB -->
<DREvent xmlns="http://www.iredes.org/xml/DrillRig" xmlns:IR="http://www.iredes.org/xml" xmlns:xsi="http://www.w3.org/2001/XMLSchema-instance" xsi:schemaLocation="http://www.iredes.org/xml/DrillRig C:\Iredes\IR_V1.2.3\xml\DR-DrillRig_V1.2\DrillRig.xsd" IRVersion="V 1.2AC" IRDownwCompat="V 1.2AC">
	<IR:GenHead>
		<IR:FileCreateDate>2025-01-21T22:40:10</IR:FileCreateDate>
		<IR:IRversion DownwCompat="V 1.2AC">V 1.2AC</IR:IRversion>
		<IR:EquipmentInfo>
			<IR:EqpManufact>Epiroc</IR:EqpManufact>
			<IR:EqpType>SmartROC D65</IR:EqpType>
			<IR:EqpSerNo>8992013064</IR:EqpSerNo>
			<IR:EqpSysVer>6.28.1</IR:EqpSysVer>
			<IR:EqpInfo>DrillingMethod: DTH</IR:EqpInfo>
		</IR:EquipmentInfo>
	</IR:GenHead>
	<IR:ReportId>FTPROOT/DATA/PRODOUT/RIGEVENT/EV21224010.xml</IR:ReportId>
	<IR:StartLogTime>2025-01-21T22:39:40</IR:StartLogTime>
	<IR:EndLogTime>2025-01-21T22:40:10</IR:EndLogTime>
	<IR:DrillRigId>8992013064</IR:DrillRigId>
	<Event>
		<AutoClean>Off</AutoClean>
		<EventTime>2025-01-21T22:39:40</EventTime>
	</Event>
	<Event>
		<ConsumableChanged>
			<NewId>NONE</NewId>
			<OldId>AMS04</OldId>
			<Type>ROD</Type>
			<DrillMeters>0.000000</DrillMeters>
		</ConsumableChanged>
		<EventTime>2025-01-21T22:39:41</EventTime>
	</Event>
	<Event>
		<ConsumableChanged>
			<NewId>AMS04</NewId>
			<OldId>AMS04</OldId>
			<Type>ROD</Type>
			<DrillMeters>0.000000</DrillMeters>
		</ConsumableChanged>
		<EventTime>2025-01-21T22:39:41</EventTime>
	</Event>
	<Event>
		<AutoClean>On</AutoClean>
		<EventTime>2025-01-21T22:39:42</EventTime>
	</Event>
	<Event>
		<AutoClean>Off</AutoClean>
		<EventTime>2025-01-21T22:39:57</EventTime>
	</Event>
	<Event>
		<AutoRetract>On</AutoRetract>
		<EventTime>2025-01-21T22:39:57</EventTime>
	</Event>
	<IR:GenTrailer>
		<IR:FileCloseDate>2025-01-21T22:40:10</IR:FileCloseDate>
		<IR:ChkSum>1811799067</IR:ChkSum>
	</IR:GenTrailer>
</DREvent>
