<?xml version="1.0" encoding="UTF-8"?>
<!-- Generated by the RCS System Epiroc Rock Drills AB -->
<DREvent xmlns="http://www.iredes.org/xml/DrillRig" xmlns:IR="http://www.iredes.org/xml" xmlns:xsi="http://www.w3.org/2001/XMLSchema-instance" xsi:schemaLocation="http://www.iredes.org/xml/DrillRig C:\Iredes\IR_V1.2.3\xml\DR-DrillRig_V1.2\DrillRig.xsd" IRVersion="V 1.2AC" IRDownwCompat="V 1.2AC">
	<IR:GenHead>
		<IR:FileCreateDate>2025-01-22T00:42:48</IR:FileCreateDate>
		<IR:IRversion DownwCompat="V 1.2AC">V 1.2AC</IR:IRversion>
		<IR:EquipmentInfo>
			<IR:EqpManufact>Epiroc</IR:EqpManufact>
			<IR:EqpType>SmartROC D65</IR:EqpType>
			<IR:EqpSerNo>8992013064</IR:EqpSerNo>
			<IR:EqpSysVer>6.28.1</IR:EqpSysVer>
			<IR:EqpInfo>DrillingMethod: DTH</IR:EqpInfo>
		</IR:EquipmentInfo>
	</IR:GenHead>
	<IR:ReportId>FTPROOT/DATA/PRODOUT/RIGEVENT/EV22004248.xml</IR:ReportId>
	<IR:StartLogTime>2025-01-22T00:42:18</IR:StartLogTime>
	<IR:EndLogTime>2025-01-22T00:42:48</IR:EndLogTime>
	<IR:DrillRigId>8992013064</IR:DrillRigId>
	<Event>
		<Autonomous>On</Autonomous>
		<EventTime>2025-01-22T00:42:20</EventTime>
	</Event>
	<Event>
		<Autonomous>Off</Autonomous>
		<EventTime>2025-01-22T00:42:22</EventTime>
	</Event>
	<Event>
		<MachineState>Idle</MachineState>
		<EventTime>2025-01-22T00:42:22</EventTime>
	</Event>
	<Event>
		<StbStateTransition>STB State Remote Allocated</StbStateTransition>
		<EventTime>2025-01-22T00:42:27</EventTime>
	</Event>
	<IR:GenTrailer>
		<IR:FileCloseDate>2025-01-22T00:42:48</IR:FileCloseDate>
		<IR:ChkSum>1420030956</IR:ChkSum>
	</IR:GenTrailer>
</DREvent>
