<?xml version="1.0" encoding="UTF-8"?>
<!-- Generated by the RCS System Epiroc Rock Drills AB -->
<DRPPerf xmlns="http://www.iredes.org/xml/DrillRig" xmlns:IR="http://www.iredes.org/xml" xmlns:xsi="http://www.w3.org/2001/XMLSchema-instance" xsi:schemaLocation="http://www.iredes.org/xml/DrillRig C:\Iredes\IR_V1.2.3\xml\DR-DrillRig_V1.2\DrillRig.xsd" IRVersion="V 1.2AC" IRDownwCompat="V 1.2AC" DRPPerfDownwCompat="V 1.2AC" DRPPerfVersion="V 1.2AC">
	<IR:GenHead>
		<IR:FileCreateDate>2025-01-19T21:57:30</IR:FileCreateDate>
		<IR:IRversion DownwCompat="V 1.2AC">V 1.2AC</IR:IRversion>
		<IR:EquipmentInfo>
			<IR:EqpManufact>Epiroc</IR:EqpManufact>
			<IR:EqpType>SmartROC D65</IR:EqpType>
			<IR:EqpSerNo>8992013064</IR:EqpSerNo>
			<IR:EqpSysVer>6.28.1</IR:EqpSysVer>
			<IR:EqpInfo>DrillingMethod: DTH</IR:EqpInfo>
		</IR:EquipmentInfo>
	</IR:GenHead>
	<IR:ReportId>PL192157</IR:ReportId>
	<IR:StartLogTime>2024-10-14T00:00:00</IR:StartLogTime>
	<IR:EndLogTime>2025-01-19T21:57:30</IR:EndLogTime>
	<DRPPcarrier>
		<TimeTag>2025-01-19T21:57:30</TimeTag>
		<TimeRun>PT8389H42M1S</TimeRun>
		<TimeTram>PT448H54M57S</TimeTram>
	</DRPPcarrier>
	<DRPPboom>
		<TimeTag>2025-01-19T21:57:30</TimeTag>
		<BoomId>1</BoomId>
		<LengthDrilled>158010.200</LengthDrilled>
		<BoomTimingData>
			<TimePerc>PT3436H26M8S</TimePerc>
		</BoomTimingData>
	</DRPPboom>
	<DRPPeqpOption>
		<IR:OptionData>
			<Perfparams>
				<Parameter>Date</Parameter>
				<Parameter>LengthDrilled</Parameter>
				<Parameter>NumHMan</Parameter>
				<Parameter>AvgPenetr</Parameter>
				<Parameter>TimePerc</Parameter>
				<Parameter>TimeRun</Parameter>
				<Parameter>TimeTram</Parameter>
				<Parameter>FuelConsumption</Parameter>
			</Perfparams>
			<BoomValues BoomId="1">
				<Values>2024-10-14 0.0 0 0.0000 PT0H0M0S PT0H0M0S PT0H0M0S 0.0</Values>
				<Values>2024-10-15 239.0 61 0.0190 PT3H29M42S PT9H11M59S PT0H49M35S 292.0</Values>
				<Values>2024-10-16 713.0 172 0.0180 PT10H58M29S PT23H42M0S PT1H17M4S 901.5</Values>
				<Values>2024-10-17 594.1 81 0.0225 PT7H19M50S PT16H36M1S PT0H55M9S 602.0</Values>
				<Values>2024-10-18 843.0 133 0.0217 PT10H47M54S PT23H41M59S PT1H24M23S 862.0</Values>
				<Values>2024-10-19 522.4 72 0.0164 PT8H51M47S PT18H48M1S PT0H48M59S 761.5</Values>
				<Values>2024-10-20 744.2 104 0.0158 PT13H5M39S PT23H53M59S PT0H59M46S 1073.0</Values>
				<Values>2024-10-21 416.8 49 0.0133 PT8H44M14S PT19H6M1S PT0H42M28S 756.0</Values>
				<Values>2024-10-22 607.8 164 0.0195 PT8H38M55S PT21H47M59S PT1H14M6S 684.0</Values>
				<Values>2024-10-23 166.1 53 0.0197 PT2H20M48S PT10H12M1S PT1H6M21S 241.5</Values>
				<Values>2024-10-25 32.9 11 0.0139 PT0H39M21S PT5H23M59S PT0H25M3S 134.5</Values>
				<Values>2024-10-26 569.9 100 0.0173 PT9H7M47S PT23H30M0S PT1H15M14S 906.0</Values>
				<Values>2024-10-27 618.6 104 0.0196 PT8H45M45S PT23H48M0S PT2H3M31S 803.0</Values>
				<Values>2024-10-28 291.9 51 0.0094 PT8H39M26S PT22H42M0S PT1H4M25S 979.0</Values>
				<Values>2024-10-29 247.4 58 0.0097 PT7H5M33S PT18H6M1S PT0H46M49S 658.0</Values>
				<Values>2024-10-30 390.6 107 0.0094 PT11H34M14S PT23H41M59S PT1H25M45S 998.0</Values>
				<Values>2024-10-31 436.4 148 0.0091 PT13H17M10S PT23H42M0S PT0H59M33S 1088.0</Values>
				<Values>2024-11-01 291.2 64 0.0062 PT13H4M54S PT23H41M59S PT0H35M9S 1057.5</Values>
				<Values>2024-11-02 349.8 124 0.0072 PT13H28M23S PT23H30M0S PT1H15M51S 976.0</Values>
				<Values>2024-11-03 426.8 85 0.0081 PT14H40M26S PT24H0M0S PT0H59M41S 1142.0</Values>
				<Values>2024-11-04 291.4 84 0.0064 PT12H39M40S PT23H48M1S PT0H40M41S 1078.5</Values>
				<Values>2024-11-05 301.9 84 0.0077 PT10H56M47S PT23H41M59S PT0H57M14S 1012.0</Values>
				<Values>2024-11-06 344.2 84 0.0072 PT13H16M0S PT23H48M1S PT0H57M12S 1102.0</Values>
				<Values>2024-11-07 288.3 83 0.0073 PT11H0M13S PT22H36M1S PT0H57M5S 959.0</Values>
				<Values>2024-11-08 108.8 32 0.0051 PT5H54M27S PT13H0M0S PT0H33M46S 504.0</Values>
				<Values>2024-11-09 47.7 6 0.0166 PT0H47M48S PT7H11M59S PT0H20M16S 241.5</Values>
				<Values>2024-11-10 247.6 46 0.0210 PT3H16M42S PT10H18M1S PT0H10M32S 375.0</Values>
				<Values>2024-11-11 856.5 151 0.0184 PT12H56M1S PT23H30M0S PT0H41M50S 1214.0</Values>
				<Values>2024-11-12 773.6 147 0.0185 PT11H38M33S PT24H0M0S PT0H38M59S 1111.5</Values>
				<Values>2024-11-13 842.5 135 0.0190 PT12H19M23S PT23H41M59S PT0H46M36S 1089.5</Values>
				<Values>2024-11-14 466.4 80 0.0221 PT5H51M56S PT17H30M0S PT0H34M38S 688.0</Values>
				<Values>2024-11-15 0.0 0 0.0000 PT0H0M0S PT1H18M1S PT0H22M37S 27.5</Values>
				<Values>2024-11-16 348.0 74 0.0099 PT9H48M37S PT23H17M59S PT1H14M57S 864.0</Values>
				<Values>2024-11-17 662.8 122 0.0138 PT13H18M58S PT23H36M0S PT1H34M55S 1088.0</Values>
				<Values>2024-11-18 419.4 71 0.0132 PT8H48M37S PT22H6M1S PT1H0M39S 792.0</Values>
				<Values>2024-11-19 582.0 158 0.0138 PT11H44M20S PT23H41M59S PT1H23M9S 991.5</Values>
				<Values>2024-11-20 798.4 135 0.0195 PT11H22M5S PT22H53M59S PT1H26M41S 1039.0</Values>
				<Values>2024-11-21 680.0 115 0.0151 PT12H30M32S PT23H54M2S PT1H13M19S 1107.0</Values>
				<Values>2024-11-22 236.6 40 0.0174 PT3H46M6S PT11H5M58S PT0H51M17S 389.0</Values>
				<Values>2024-11-23 616.5 104 0.0187 PT9H9M27S PT21H54M2S PT1H47M29S 840.5</Values>
				<Values>2024-11-24 621.9 109 0.0185 PT9H21M20S PT21H0M0S PT1H30M37S 782.5</Values>
				<Values>2024-11-25 369.2 70 0.0140 PT7H18M53S PT15H53M59S PT0H59M2S 611.0</Values>
				<Values>2024-11-26 355.8 65 0.0148 PT6H40M2S PT17H41M59S PT1H1M36S 593.0</Values>
				<Values>2024-11-27 483.2 93 0.0154 PT8H42M18S PT23H48M1S PT1H14M20S 756.5</Values>
				<Values>2024-11-28 240.9 44 0.0149 PT4H28M48S PT13H41M59S PT0H42M36S 454.0</Values>
				<Values>2024-11-29 622.1 154 0.0175 PT9H52M17S PT22H24M2S PT1H32M9S 827.0</Values>
				<Values>2024-11-30 757.3 164 0.0155 PT13H32M41S PT23H41M59S PT1H13M7S 1042.5</Values>
				<Values>2024-12-01 762.7 162 0.0166 PT12H43M37S PT24H0M0S PT1H25M17S 983.5</Values>
				<Values>2024-12-02 565.8 106 0.0117 PT13H27M44S PT23H48M1S PT1H4M1S 1041.0</Values>
				<Values>2024-12-03 528.8 101 0.0102 PT14H24M30S PT23H23M59S PT1H10M22S 1044.5</Values>
				<Values>2024-12-04 258.1 54 0.0121 PT5H55M49S PT18H24M0S PT0H30M26S 700.0</Values>
				<Values>2024-12-05 429.6 94 0.0105 PT11H20M11S PT23H24M0S PT0H45M44S 977.5</Values>
				<Values>2024-12-06 550.4 92 0.0148 PT10H20M3S PT22H42M0S PT1H14M5S 875.0</Values>
				<Values>2024-12-07 474.9 88 0.0119 PT11H5M2S PT22H18M0S PT1H38M14S 850.5</Values>
				<Values>2024-12-08 633.0 145 0.0149 PT11H48M36S PT23H53M59S PT1H16M20S 1024.0</Values>
				<Values>2024-12-09 81.8 17 0.0152 PT1H29M24S PT5H0M0S PT0H34M12S 152.5</Values>
				<Values>2024-12-10 269.7 62 0.0107 PT7H0M36S PT18H48M1S PT0H53M33S 694.5</Values>
				<Values>2024-12-11 380.3 102 0.0091 PT11H36M47S PT23H41M59S PT0H44M24S 995.0</Values>
				<Values>2024-12-12 296.2 72 0.0091 PT9H3M12S PT21H0M0S PT0H52M36S 782.0</Values>
				<Values>2024-12-13 378.7 91 0.0088 PT11H54M0S PT21H18M1S PT0H55M51S 956.0</Values>
				<Values>2024-12-14 341.3 107 0.0107 PT8H53M3S PT23H6M1S PT0H48M1S 951.0</Values>
				<Values>2024-12-15 470.9 162 0.0094 PT13H52M33S PT23H17M59S PT0H55M0S 1072.5</Values>
				<Values>2024-12-16 375.8 118 0.0088 PT11H50M6S PT22H47M59S PT0H46M9S 945.5</Values>
				<Values>2024-12-17 401.4 126 0.0103 PT10H50M21S PT21H36M1S PT1H7M12S 921.5</Values>
				<Values>2024-12-18 379.6 182 0.0115 PT9H11M35S PT21H53M59S PT0H52M38S 970.0</Values>
				<Values>2024-12-19 71.8 50 0.0091 PT2H12M10S PT6H6M1S PT0H49M0S 232.0</Values>
				<Values>2024-12-20 218.0 21 0.0083 PT7H19M14S PT17H42M0S PT0H38M51S 812.0</Values>
				<Values>2024-12-21 261.6 23 0.0089 PT8H8M14S PT20H41M59S PT0H27M59S 972.0</Values>
				<Values>2024-12-22 330.9 31 0.0062 PT14H48M3S PT24H0M0S PT0H19M1S 1359.0</Values>
				<Values>2024-12-23 370.9 41 0.0072 PT14H20M39S PT23H54M2S PT0H25M24S 1350.0</Values>
				<Values>2024-12-24 203.5 29 0.0107 PT5H16M11S PT12H53M59S PT0H44M6S 547.0</Values>
				<Values>2024-12-25 520.7 78 0.0153 PT9H25M23S PT23H11M59S PT1H18M32S 947.5</Values>
				<Values>2024-12-26 546.9 95 0.0161 PT9H27M27S PT18H6M1S PT0H59M15S 815.5</Values>
				<Values>2024-12-27 500.5 77 0.0157 PT8H51M58S PT21H6M0S PT1H14M3S 776.0</Values>
				<Values>2024-12-28 656.1 155 0.0132 PT13H47M43S PT23H54M0S PT1H22M21S 1180.0</Values>
				<Values>2024-12-29 518.3 140 0.0113 PT12H43M39S PT23H30M0S PT1H27M22S 1098.0</Values>
				<Values>2024-12-30 651.3 170 0.0140 PT12H53M53S PT23H53M59S PT1H54M7S 1087.5</Values>
				<Values>2024-12-31 324.4 89 0.0162 PT5H32M51S PT15H6M1S PT0H42M47S 570.5</Values>
				<Values>2025-01-01 491.3 71 0.0115 PT11H51M27S PT21H0M0S PT0H50M26S 987.0</Values>
				<Values>2025-01-02 371.1 47 0.0109 PT9H27M15S PT19H53M59S PT0H49M22S 789.0</Values>
				<Values>2025-01-03 338.6 94 0.0249 PT3H46M36S PT12H36M1S PT0H52M20S 484.5</Values>
				<Values>2025-01-04 0.0 0 0.0000 PT0H0M0S PT2H36M0S PT0H30M15S 44.5</Values>
				<Values>2025-01-05 447.8 103 0.0133 PT9H19M20S PT19H24M0S PT1H2M20S 762.5</Values>
				<Values>2025-01-06 470.0 104 0.0127 PT10H14M40S PT23H0M0S PT1H7M28S 921.5</Values>
				<Values>2025-01-07 565.1 127 0.0144 PT10H53M21S PT24H0M0S PT1H24M1S 1033.5</Values>
				<Values>2025-01-08 380.8 95 0.0105 PT10H5M10S PT21H53M59S PT0H41M57S 1136.0</Values>
				<Values>2025-01-09 334.8 68 0.0121 PT7H41M14S PT21H42M1S PT0H54M11S 937.0</Values>
				<Values>2025-01-10 540.0 115 0.0122 PT12H16M17S PT23H30M0S PT0H58M37S 1117.5</Values>
				<Values>2025-01-11 474.4 96 0.0126 PT10H29M9S PT22H35M59S PT1H1M43S 980.0</Values>
				<Values>2025-01-12 508.8 155 0.0135 PT10H26M28S PT21H6M2S PT1H11M2S 941.0</Values>
				<Values>2025-01-13 734.3 157 0.0164 PT12H28M18S PT23H42M0S PT1H3M2S 1127.5</Values>
				<Values>2025-01-14 618.0 139 0.0161 PT10H38M15S PT21H23M58S PT0H39M22S 1047.5</Values>
				<Values>2025-01-15 810.9 154 0.0172 PT13H3M29S PT24H0M0S PT0H57M26S 1231.5</Values>
				<Values>2025-01-16 483.9 140 0.0171 PT7H50M24S PT22H24M2S PT0H55M46S 774.0</Values>
				<Values>2025-01-17 630.9 152 0.0178 PT9H49M18S PT23H0M0S PT0H58M24S 890.5</Values>
				<Values>2025-01-18 13.3 3 0.0179 PT0H12M21S PT4H30M0S PT0H42M59S 85.5</Values>
				<Values>2025-01-19 688.0 111 0.0199 PT9H36M31S PT21H30M0S PT0H38M58S 954.0</Values>
			</BoomValues>
		</IR:OptionData>
	</DRPPeqpOption>
	<IR:GenTrailer>
		<IR:FileCloseDate>2025-01-19T21:57:30</IR:FileCloseDate>
		<IR:ChkSum>1868542200</IR:ChkSum>
	</IR:GenTrailer>
</DRPPerf>
