<?xml version="1.0" encoding="UTF-8"?>
<!-- Generated by the RCS System Epiroc Rock Drills AB -->
<DRMWD xmlns="http://www.iredes.org/xml/DrillRig" xmlns:IR="http://www.iredes.org/xml" xmlns:xsi="http://www.w3.org/2001/XMLSchema-instance" xsi:schemaLocation="http://www.iredes.org/xml/DrillRig C:\Iredes\IR_V1.2.3\xml\DR-DrillRig_V1.2\DrillRig.xsd" IRVersion="V 1.2AC" IRDownwCompat="V 1.2AC" DRMWDDownwCompat="V 1.2AC" DRMWDVersion="V 1.2AC">
	<IR:GenHead>
		<IR:FileCreateDate>2024-12-25T21:29:36</IR:FileCreateDate>
		<IR:IRversion DownwCompat="V 1.0">V 1.2AC</IR:IRversion>
		<IR:EquipmentInfo>
			<IR:EqpManufact>Epiroc</IR:EqpManufact>
			<IR:EqpType>SmartROC D65</IR:EqpType>
			<IR:EqpSerNo>8992013064</IR:EqpSerNo>
			<IR:EqpSysVer>6.28.1</IR:EqpSysVer>
			<IR:EqpInfo>DrillingMethod: DTH</IR:EqpInfo>
		</IR:EquipmentInfo>
	</IR:GenHead>
	<IR:ReportId>MWDRI252129</IR:ReportId>
	<IR:StartLogTime>2024-12-25T21:21:14</IR:StartLogTime>
	<IR:EndLogTime>2024-12-25T21:28:05</IR:EndLogTime>
	<IR:PlanIdRef>FRD03_11_0632_003_All</IR:PlanIdRef>
	<IR:PlanNameRef>FRD03_11_0632_003_All</IR:PlanNameRef>
	<MWDholeId>A7</MWDholeId>
	<QualityReportIdRef>DQRI250804</QualityReportIdRef>
	<SampleDistance>0.100</SampleDistance>
	<CompactMWDdata>
		<MWDparams>
			<Parameter Unit="m/min" Full="PenetrRate">PR</Parameter>
			<Parameter Unit="Bar" Full="PercPressure">PP</Parameter>
			<Parameter Unit="Bar" Full="FeedPressure">FP</Parameter>
			<Parameter Unit="Bar" Full="DampPressure">DP</Parameter>
			<Parameter Unit="Bar" Full="RotPressure">RP</Parameter>
			<Parameter Unit="Bar" Full="FlushPressure">FLP</Parameter>
		</MWDparams>
		<Samples TimeTag="2024-12-25T21:21:14" DepthTag="0.111">1.743 8.874 31.225 0.000 20.979 8.874 </Samples>
		<Samples TimeTag="2024-12-25T21:21:18" DepthTag="0.213">1.616 12.714 45.008 0.000 20.984 12.714 </Samples>
		<Samples TimeTag="2024-12-25T21:21:23" DepthTag="0.316">1.183 14.474 37.775 0.000 48.198 14.474 </Samples>
		<Samples TimeTag="2024-12-25T21:21:27" DepthTag="0.418">1.788 14.764 42.140 0.000 50.486 14.764 </Samples>
		<Samples TimeTag="2024-12-25T21:21:51" DepthTag="0.519">0.714 11.720 43.866 0.000 56.462 11.720 </Samples>
		<Samples TimeTag="2024-12-25T21:21:58" DepthTag="0.621">0.901 14.413 39.814 0.000 51.093 14.413 </Samples>
		<Samples TimeTag="2024-12-25T21:22:07" DepthTag="0.722">0.677 14.963 40.282 0.000 47.626 14.963 </Samples>
		<Samples TimeTag="2024-12-25T21:22:13" DepthTag="0.825">0.957 15.101 39.656 0.000 52.002 15.101 </Samples>
		<Samples TimeTag="2024-12-25T21:22:19" DepthTag="0.926">1.103 15.193 40.149 0.000 55.127 15.193 </Samples>
		<Samples TimeTag="2024-12-25T21:22:50" DepthTag="1.030">0.658 12.393 39.362 0.000 50.631 12.393 </Samples>
		<Samples TimeTag="2024-12-25T21:22:54" DepthTag="1.132">1.591 14.045 42.407 0.000 52.882 14.045 </Samples>
		<Samples TimeTag="2024-12-25T21:22:57" DepthTag="1.239">1.773 14.627 39.824 0.000 49.363 14.627 </Samples>
		<Samples TimeTag="2024-12-25T21:23:02" DepthTag="1.342">1.303 14.872 41.720 0.000 52.300 14.872 </Samples>
		<Samples TimeTag="2024-12-25T21:23:07" DepthTag="1.446">1.346 15.055 38.975 0.000 48.569 15.055 </Samples>
		<Samples TimeTag="2024-12-25T21:23:40" DepthTag="1.547">0.638 12.592 45.258 0.000 55.249 12.592 </Samples>
		<Samples TimeTag="2024-12-25T21:23:49" DepthTag="1.650">0.723 16.539 39.849 0.000 50.950 16.539 </Samples>
		<Samples TimeTag="2024-12-25T21:23:53" DepthTag="1.751">1.263 17.090 39.943 0.000 49.345 17.090 </Samples>
		<Samples TimeTag="2024-12-25T21:23:58" DepthTag="1.852">1.447 17.396 38.940 0.000 48.496 17.396 </Samples>
		<Samples TimeTag="2024-12-25T21:24:02" DepthTag="1.954">1.276 17.656 42.100 0.000 47.803 17.656 </Samples>
		<Samples TimeTag="2024-12-25T21:24:10" DepthTag="2.059">0.824 17.626 39.430 0.000 47.628 17.626 </Samples>
		<Samples TimeTag="2024-12-25T21:24:15" DepthTag="2.161">1.189 17.748 38.329 0.000 50.401 17.748 </Samples>
		<Samples TimeTag="2024-12-25T21:24:19" DepthTag="2.261">1.559 17.671 40.219 0.000 45.871 17.671 </Samples>
		<Samples TimeTag="2024-12-25T21:24:24" DepthTag="2.362">1.261 17.717 40.099 0.000 47.489 17.717 </Samples>
		<Samples TimeTag="2024-12-25T21:24:29" DepthTag="2.464">1.089 17.733 39.429 0.000 49.145 17.733 </Samples>
		<Samples TimeTag="2024-12-25T21:25:10" DepthTag="2.564">0.368 11.552 45.914 0.000 53.731 11.552 </Samples>
		<Samples TimeTag="2024-12-25T21:25:18" DepthTag="2.666">0.728 16.356 35.822 0.000 44.290 16.356 </Samples>
		<Samples TimeTag="2024-12-25T21:25:21" DepthTag="2.769">2.263 16.692 40.741 0.000 40.248 16.692 </Samples>
		<Samples TimeTag="2024-12-25T21:25:25" DepthTag="2.871">1.594 17.014 41.551 0.000 45.538 17.014 </Samples>
		<Samples TimeTag="2024-12-25T21:25:29" DepthTag="2.973">1.376 17.090 41.247 0.000 50.923 17.090 </Samples>
		<Samples TimeTag="2024-12-25T21:25:35" DepthTag="3.077">1.017 17.182 37.708 0.000 49.723 17.182 </Samples>
		<Samples TimeTag="2024-12-25T21:25:39" DepthTag="3.178">1.674 17.304 40.638 0.000 47.875 17.304 </Samples>
		<Samples TimeTag="2024-12-25T21:25:44" DepthTag="3.280">1.133 17.258 40.557 0.000 44.422 17.258 </Samples>
		<Samples TimeTag="2024-12-25T21:25:50" DepthTag="3.381">1.008 17.136 41.115 0.000 45.652 17.136 </Samples>
		<Samples TimeTag="2024-12-25T21:25:56" DepthTag="3.481">1.002 17.105 38.392 0.000 41.404 17.105 </Samples>
		<Samples TimeTag="2024-12-25T21:26:37" DepthTag="3.581">0.427 9.700 44.093 0.000 54.645 9.700 </Samples>
		<Samples TimeTag="2024-12-25T21:26:42" DepthTag="3.686">1.200 16.340 52.087 0.000 51.893 16.340 </Samples>
		<Samples TimeTag="2024-12-25T21:26:45" DepthTag="3.786">1.743 17.641 53.548 0.000 51.636 17.641 </Samples>
		<Samples TimeTag="2024-12-25T21:26:50" DepthTag="3.889">1.204 18.482 53.225 0.000 52.548 18.482 </Samples>
		<Samples TimeTag="2024-12-25T21:26:54" DepthTag="3.991">1.703 19.110 54.879 0.000 53.854 19.110 </Samples>
		<Samples TimeTag="2024-12-25T21:27:01" DepthTag="4.093">0.845 19.477 54.158 0.000 50.622 19.477 </Samples>
		<Samples TimeTag="2024-12-25T21:27:08" DepthTag="4.195">0.929 19.706 53.212 0.000 52.013 19.706 </Samples>
		<Samples TimeTag="2024-12-25T21:27:11" DepthTag="4.301">1.840 19.844 53.196 0.000 47.795 19.844 </Samples>
		<Samples TimeTag="2024-12-25T21:27:14" DepthTag="4.409">2.191 20.028 52.418 0.000 54.370 20.028 </Samples>
		<Samples TimeTag="2024-12-25T21:27:17" DepthTag="4.512">2.328 20.119 54.759 0.000 53.765 20.119 </Samples>
		<Samples TimeTag="2024-12-25T21:27:21" DepthTag="4.613">1.552 20.058 54.400 0.000 50.544 20.058 </Samples>
		<Samples TimeTag="2024-12-25T21:27:24" DepthTag="4.714">1.747 20.058 54.225 0.000 47.428 20.058 </Samples>
		<Samples TimeTag="2024-12-25T21:27:28" DepthTag="4.823">1.951 19.966 52.424 0.000 49.650 19.966 </Samples>
		<Samples TimeTag="2024-12-25T21:27:30" DepthTag="4.929">2.830 20.165 53.247 0.000 45.711 20.165 </Samples>
		<Samples TimeTag="2024-12-25T21:27:32" DepthTag="5.036">2.653 20.318 54.618 0.000 51.401 20.318 </Samples>
		<Samples TimeTag="2024-12-25T21:27:35" DepthTag="5.138">2.198 20.349 53.888 0.000 48.102 20.349 </Samples>
		<Samples TimeTag="2024-12-25T21:27:38" DepthTag="5.250">2.250 20.456 53.162 0.000 43.958 20.456 </Samples>
		<Samples TimeTag="2024-12-25T21:27:41" DepthTag="5.352">1.918 20.624 55.171 0.000 55.911 20.624 </Samples>
		<Samples TimeTag="2024-12-25T21:27:45" DepthTag="5.454">1.529 20.655 52.505 0.000 51.571 20.655 </Samples>
		<Samples TimeTag="2024-12-25T21:27:47" DepthTag="5.559">2.905 20.686 53.665 0.000 50.795 20.686 </Samples>
		<Samples TimeTag="2024-12-25T21:27:50" DepthTag="5.662">2.741 20.686 52.605 0.000 43.620 20.686 </Samples>
		<Samples TimeTag="2024-12-25T21:27:52" DepthTag="5.764">2.641 20.732 54.846 0.000 43.330 20.732 </Samples>
		<Samples TimeTag="2024-12-25T21:27:55" DepthTag="5.870">2.405 20.747 53.864 0.000 43.632 20.747 </Samples>
		<Samples TimeTag="2024-12-25T21:27:57" DepthTag="5.970">2.501 20.777 54.182 0.000 48.356 20.777 </Samples>
		<Samples TimeTag="2024-12-25T21:28:02" DepthTag="6.075">1.303 19.936 42.715 0.000 49.936 19.936 </Samples>
		<Samples TimeTag="2024-12-25T21:28:05" DepthTag="6.178">1.828 19.217 38.683 0.000 46.553 19.217 </Samples>
	</CompactMWDdata>
	<IR:GenTrailer>
		<IR:FileCloseDate>2024-12-25T21:29:36</IR:FileCloseDate>
		<IR:ChkSum>3005063824</IR:ChkSum>
	</IR:GenTrailer>
</DRMWD>
