<?xml version="1.0" encoding="UTF-8"?>
<!-- Generated by the RCS System Epiroc Rock Drills AB -->
<DRMWD xmlns="http://www.iredes.org/xml/DrillRig" xmlns:IR="http://www.iredes.org/xml" xmlns:xsi="http://www.w3.org/2001/XMLSchema-instance" xsi:schemaLocation="http://www.iredes.org/xml/DrillRig C:\Iredes\IR_V1.2.3\xml\DR-DrillRig_V1.2\DrillRig.xsd" IRVersion="V 1.2AC" IRDownwCompat="V 1.2AC" DRMWDDownwCompat="V 1.2AC" DRMWDVersion="V 1.2AC">
	<IR:GenHead>
		<IR:FileCreateDate>2024-12-25T16:08:04</IR:FileCreateDate>
		<IR:IRversion DownwCompat="V 1.0">V 1.2AC</IR:IRversion>
		<IR:EquipmentInfo>
			<IR:EqpManufact>Epiroc</IR:EqpManufact>
			<IR:EqpType>SmartROC D65</IR:EqpType>
			<IR:EqpSerNo>8992013064</IR:EqpSerNo>
			<IR:EqpSysVer>6.28.1</IR:EqpSysVer>
			<IR:EqpInfo>DrillingMethod: DTH</IR:EqpInfo>
		</IR:EquipmentInfo>
	</IR:GenHead>
	<IR:ReportId>MWDRI251608</IR:ReportId>
	<IR:StartLogTime>2024-12-25T15:52:23</IR:StartLogTime>
	<IR:EndLogTime>2024-12-25T15:59:27</IR:EndLogTime>
	<IR:PlanIdRef>FRD03_11_0632_003_All</IR:PlanIdRef>
	<IR:PlanNameRef>FRD03_11_0632_003_All</IR:PlanNameRef>
	<MWDholeId>C10</MWDholeId>
	<QualityReportIdRef>DQRI250804</QualityReportIdRef>
	<SampleDistance>0.100</SampleDistance>
	<CompactMWDdata>
		<MWDparams>
			<Parameter Unit="m/min" Full="PenetrRate">PR</Parameter>
			<Parameter Unit="Bar" Full="PercPressure">PP</Parameter>
			<Parameter Unit="Bar" Full="FeedPressure">FP</Parameter>
			<Parameter Unit="Bar" Full="DampPressure">DP</Parameter>
			<Parameter Unit="Bar" Full="RotPressure">RP</Parameter>
			<Parameter Unit="Bar" Full="FlushPressure">FLP</Parameter>
		</MWDparams>
		<Samples TimeTag="2024-12-25T15:52:23" DepthTag="0.104">3.236 13.617 21.411 0.000 20.544 13.617 </Samples>
		<Samples TimeTag="2024-12-25T15:52:29" DepthTag="0.205">0.983 14.810 42.812 0.000 20.532 14.810 </Samples>
		<Samples TimeTag="2024-12-25T15:52:35" DepthTag="0.308">1.071 14.948 39.610 0.000 50.828 14.948 </Samples>
		<Samples TimeTag="2024-12-25T15:52:39" DepthTag="0.408">1.363 14.994 40.151 0.000 58.099 14.994 </Samples>
		<Samples TimeTag="2024-12-25T15:53:03" DepthTag="0.514">0.741 14.780 42.538 0.000 49.310 14.780 </Samples>
		<Samples TimeTag="2024-12-25T15:53:06" DepthTag="0.615">1.753 14.902 41.744 0.000 59.201 14.902 </Samples>
		<Samples TimeTag="2024-12-25T15:53:10" DepthTag="0.715">1.500 9.440 40.153 0.000 45.466 9.440 </Samples>
		<Samples TimeTag="2024-12-25T15:53:13" DepthTag="0.823">2.514 11.368 40.694 0.000 52.411 11.368 </Samples>
		<Samples TimeTag="2024-12-25T15:53:15" DepthTag="0.934">2.777 12.837 39.058 0.000 34.362 12.837 </Samples>
		<Samples TimeTag="2024-12-25T15:53:39" DepthTag="1.035">0.925 4.483 35.948 0.000 35.772 4.483 </Samples>
		<Samples TimeTag="2024-12-25T15:53:44" DepthTag="1.136">1.426 11.092 41.996 0.000 43.703 11.092 </Samples>
		<Samples TimeTag="2024-12-25T15:53:48" DepthTag="1.237">1.273 13.724 40.965 0.000 43.221 13.724 </Samples>
		<Samples TimeTag="2024-12-25T15:53:56" DepthTag="1.340">0.827 14.413 39.631 0.000 56.813 14.413 </Samples>
		<Samples TimeTag="2024-12-25T15:54:00" DepthTag="1.442">1.465 14.703 39.590 0.000 50.184 14.703 </Samples>
		<Samples TimeTag="2024-12-25T15:54:33" DepthTag="1.543">0.756 13.877 42.611 0.000 49.945 13.877 </Samples>
		<Samples TimeTag="2024-12-25T15:54:39" DepthTag="1.643">0.914 16.080 40.081 0.000 45.402 16.080 </Samples>
		<Samples TimeTag="2024-12-25T15:54:45" DepthTag="1.745">1.124 16.830 40.417 0.000 42.484 16.830 </Samples>
		<Samples TimeTag="2024-12-25T15:54:55" DepthTag="1.846">0.608 17.182 39.979 0.000 49.399 17.182 </Samples>
		<Samples TimeTag="2024-12-25T15:55:03" DepthTag="1.947">0.736 17.595 39.039 0.000 50.134 17.595 </Samples>
		<Samples TimeTag="2024-12-25T15:55:11" DepthTag="2.052">0.824 17.886 39.582 0.000 56.091 17.886 </Samples>
		<Samples TimeTag="2024-12-25T15:55:16" DepthTag="2.154">1.066 17.978 38.756 0.000 47.230 17.978 </Samples>
		<Samples TimeTag="2024-12-25T15:55:20" DepthTag="2.257">1.927 17.978 39.337 0.000 41.412 17.978 </Samples>
		<Samples TimeTag="2024-12-25T15:55:23" DepthTag="2.361">1.726 17.993 40.207 0.000 45.404 17.993 </Samples>
		<Samples TimeTag="2024-12-25T15:55:27" DepthTag="2.466">1.869 18.023 39.520 0.000 41.974 18.023 </Samples>
		<Samples TimeTag="2024-12-25T15:56:00" DepthTag="2.574">0.688 4.850 24.945 0.000 27.679 4.850 </Samples>
		<Samples TimeTag="2024-12-25T15:56:06" DepthTag="2.677">1.006 14.780 42.023 0.000 54.115 14.780 </Samples>
		<Samples TimeTag="2024-12-25T15:56:12" DepthTag="2.779">1.091 16.616 39.243 0.000 47.169 16.616 </Samples>
		<Samples TimeTag="2024-12-25T15:56:17" DepthTag="2.881">1.270 17.289 39.308 0.000 48.409 17.289 </Samples>
		<Samples TimeTag="2024-12-25T15:56:21" DepthTag="2.986">1.597 17.595 37.396 0.000 41.485 17.595 </Samples>
		<Samples TimeTag="2024-12-25T15:56:23" DepthTag="3.086">2.140 17.748 39.409 0.000 45.563 17.748 </Samples>
		<Samples TimeTag="2024-12-25T15:56:26" DepthTag="3.189">2.215 17.916 39.564 0.000 44.577 17.916 </Samples>
		<Samples TimeTag="2024-12-25T15:56:29" DepthTag="3.299">2.501 17.916 38.428 0.000 41.043 17.916 </Samples>
		<Samples TimeTag="2024-12-25T15:56:32" DepthTag="3.402">2.084 17.978 40.848 0.000 43.110 17.978 </Samples>
		<Samples TimeTag="2024-12-25T15:56:35" DepthTag="3.504">1.902 18.023 40.872 0.000 44.649 18.023 </Samples>
		<Samples TimeTag="2024-12-25T15:57:07" DepthTag="3.606">0.682 9.180 48.763 0.000 58.853 9.180 </Samples>
		<Samples TimeTag="2024-12-25T15:57:12" DepthTag="3.709">1.146 16.279 40.994 0.000 54.373 16.279 </Samples>
		<Samples TimeTag="2024-12-25T15:57:16" DepthTag="3.816">1.669 17.794 37.511 0.000 45.922 17.794 </Samples>
		<Samples TimeTag="2024-12-25T15:57:18" DepthTag="3.926">3.285 18.360 39.906 0.000 34.638 18.360 </Samples>
		<Samples TimeTag="2024-12-25T15:57:21" DepthTag="4.028">1.968 18.911 41.429 0.000 39.979 18.911 </Samples>
		<Samples TimeTag="2024-12-25T15:57:24" DepthTag="4.129">1.976 19.385 39.578 0.000 43.879 19.385 </Samples>
		<Samples TimeTag="2024-12-25T15:57:29" DepthTag="4.230">1.263 19.125 41.630 0.000 45.232 19.125 </Samples>
		<Samples TimeTag="2024-12-25T15:57:33" DepthTag="4.333">1.638 19.171 39.167 0.000 37.923 19.171 </Samples>
		<Samples TimeTag="2024-12-25T15:57:37" DepthTag="4.433">1.562 19.309 40.129 0.000 35.717 19.309 </Samples>
		<Samples TimeTag="2024-12-25T15:58:14" DepthTag="4.541">0.846 5.018 34.178 0.000 38.053 5.018 </Samples>
		<Samples TimeTag="2024-12-25T15:58:18" DepthTag="4.646">1.581 13.586 53.228 0.000 47.393 13.586 </Samples>
		<Samples TimeTag="2024-12-25T15:58:22" DepthTag="4.749">1.629 16.432 53.344 0.000 45.630 16.432 </Samples>
		<Samples TimeTag="2024-12-25T15:58:25" DepthTag="4.855">1.864 17.825 54.098 0.000 50.033 17.825 </Samples>
		<Samples TimeTag="2024-12-25T15:58:29" DepthTag="4.960">2.002 18.635 54.286 0.000 51.801 18.635 </Samples>
		<Samples TimeTag="2024-12-25T15:58:32" DepthTag="5.062">1.917 19.033 53.546 0.000 43.362 19.033 </Samples>
		<Samples TimeTag="2024-12-25T15:58:34" DepthTag="5.166">2.595 19.370 53.944 0.000 42.839 19.370 </Samples>
		<Samples TimeTag="2024-12-25T15:58:37" DepthTag="5.268">2.161 19.615 54.173 0.000 45.550 19.615 </Samples>
		<Samples TimeTag="2024-12-25T15:58:40" DepthTag="5.371">2.032 19.844 54.172 0.000 50.308 19.844 </Samples>
		<Samples TimeTag="2024-12-25T15:58:43" DepthTag="5.474">2.091 20.043 54.382 0.000 51.001 20.043 </Samples>
		<Samples TimeTag="2024-12-25T15:58:46" DepthTag="5.579">2.224 20.058 53.621 0.000 40.466 20.058 </Samples>
		<Samples TimeTag="2024-12-25T15:58:49" DepthTag="5.683">2.226 20.012 53.757 0.000 41.452 20.012 </Samples>
		<Samples TimeTag="2024-12-25T15:58:51" DepthTag="5.786">2.421 20.058 53.864 0.000 44.436 20.058 </Samples>
		<Samples TimeTag="2024-12-25T15:58:54" DepthTag="5.892">2.256 20.089 54.138 0.000 43.933 20.089 </Samples>
		<Samples TimeTag="2024-12-25T15:58:56" DepthTag="5.994">2.565 20.104 53.952 0.000 47.139 20.104 </Samples>
		<Samples TimeTag="2024-12-25T15:58:59" DepthTag="6.099">2.430 20.196 54.418 0.000 43.585 20.196 </Samples>
		<Samples TimeTag="2024-12-25T15:59:01" DepthTag="6.199">2.517 20.273 53.727 0.000 46.349 20.273 </Samples>
		<Samples TimeTag="2024-12-25T15:59:04" DepthTag="6.303">2.212 20.318 54.520 0.000 48.134 20.318 </Samples>
		<Samples TimeTag="2024-12-25T15:59:07" DepthTag="6.404">2.287 20.410 53.564 0.000 53.406 20.410 </Samples>
		<Samples TimeTag="2024-12-25T15:59:10" DepthTag="6.506">2.195 20.410 54.132 0.000 46.390 20.410 </Samples>
		<Samples TimeTag="2024-12-25T15:59:12" DepthTag="6.607">2.145 20.441 53.639 0.000 44.292 20.441 </Samples>
		<Samples TimeTag="2024-12-25T15:59:15" DepthTag="6.709">2.067 20.318 53.968 0.000 44.833 20.318 </Samples>
		<Samples TimeTag="2024-12-25T15:59:18" DepthTag="6.814">2.239 20.426 53.748 0.000 45.263 20.426 </Samples>
		<Samples TimeTag="2024-12-25T15:59:22" DepthTag="6.914">1.602 19.553 42.119 0.000 51.765 19.553 </Samples>
		<Samples TimeTag="2024-12-25T15:59:27" DepthTag="7.017">1.326 18.513 41.335 0.000 52.118 18.513 </Samples>
	</CompactMWDdata>
	<IR:GenTrailer>
		<IR:FileCloseDate>2024-12-25T16:08:04</IR:FileCloseDate>
		<IR:ChkSum>0713957306</IR:ChkSum>
	</IR:GenTrailer>
</DRMWD>
