<?xml version="1.0" encoding="UTF-8"?>
<!-- Generated by the RCS System Epiroc Rock Drills AB -->
<DRMWD xmlns="http://www.iredes.org/xml/DrillRig" xmlns:IR="http://www.iredes.org/xml" xmlns:xsi="http://www.w3.org/2001/XMLSchema-instance" xsi:schemaLocation="http://www.iredes.org/xml/DrillRig C:\Iredes\IR_V1.2.3\xml\DR-DrillRig_V1.2\DrillRig.xsd" IRVersion="V 1.2AC" IRDownwCompat="V 1.2AC" DRMWDDownwCompat="V 1.2AC" DRMWDVersion="V 1.2AC">
	<IR:GenHead>
		<IR:FileCreateDate>2024-12-27T10:33:51</IR:FileCreateDate>
		<IR:IRversion DownwCompat="V 1.0">V 1.2AC</IR:IRversion>
		<IR:EquipmentInfo>
			<IR:EqpManufact>Epiroc</IR:EqpManufact>
			<IR:EqpType>SmartROC D65</IR:EqpType>
			<IR:EqpSerNo>8992013064</IR:EqpSerNo>
			<IR:EqpSysVer>6.28.1</IR:EqpSysVer>
			<IR:EqpInfo>DrillingMethod: DTH</IR:EqpInfo>
		</IR:EquipmentInfo>
	</IR:GenHead>
	<IR:ReportId>MWDRI271033</IR:ReportId>
	<IR:StartLogTime>2024-12-27T10:25:26</IR:StartLogTime>
	<IR:EndLogTime>2024-12-27T10:33:02</IR:EndLogTime>
	<IR:PlanIdRef>FRD03_11_0626_001_All</IR:PlanIdRef>
	<IR:PlanNameRef>FRD03_11_0626_001_All</IR:PlanNameRef>
	<MWDholeId>E5</MWDholeId>
	<QualityReportIdRef>DQRI270314</QualityReportIdRef>
	<SampleDistance>0.100</SampleDistance>
	<CompactMWDdata>
		<MWDparams>
			<Parameter Unit="m/min" Full="PenetrRate">PR</Parameter>
			<Parameter Unit="Bar" Full="PercPressure">PP</Parameter>
			<Parameter Unit="Bar" Full="FeedPressure">FP</Parameter>
			<Parameter Unit="Bar" Full="DampPressure">DP</Parameter>
			<Parameter Unit="Bar" Full="RotPressure">RP</Parameter>
			<Parameter Unit="Bar" Full="FlushPressure">FLP</Parameter>
		</MWDparams>
		<Samples TimeTag="2024-12-27T10:25:26" DepthTag="0.101">1.126 8.109 29.293 0.000 21.103 8.109 </Samples>
		<Samples TimeTag="2024-12-27T10:25:29" DepthTag="0.204">1.925 12.026 43.899 0.000 21.216 12.026 </Samples>
		<Samples TimeTag="2024-12-27T10:25:32" DepthTag="0.305">2.171 13.663 41.056 0.000 21.147 13.663 </Samples>
		<Samples TimeTag="2024-12-27T10:25:35" DepthTag="0.405">2.138 14.596 40.425 0.000 34.754 14.596 </Samples>
		<Samples TimeTag="2024-12-27T10:25:37" DepthTag="0.511">2.731 14.841 38.974 0.000 32.429 14.841 </Samples>
		<Samples TimeTag="2024-12-27T10:25:55" DepthTag="0.616">1.014 6.946 47.133 0.000 40.629 6.946 </Samples>
		<Samples TimeTag="2024-12-27T10:25:59" DepthTag="0.718">1.532 11.888 42.876 0.000 43.087 11.888 </Samples>
		<Samples TimeTag="2024-12-27T10:26:03" DepthTag="0.821">1.535 14.000 40.665 0.000 43.075 14.000 </Samples>
		<Samples TimeTag="2024-12-27T10:26:07" DepthTag="0.921">1.877 14.413 40.164 0.000 49.956 14.413 </Samples>
		<Samples TimeTag="2024-12-27T10:26:30" DepthTag="1.055">1.129 3.703 30.578 0.000 36.189 3.703 </Samples>
		<Samples TimeTag="2024-12-27T10:26:37" DepthTag="1.155">0.937 12.378 41.080 0.000 49.486 12.378 </Samples>
		<Samples TimeTag="2024-12-27T10:26:41" DepthTag="1.256">1.259 14.214 40.744 0.000 59.599 14.214 </Samples>
		<Samples TimeTag="2024-12-27T10:26:48" DepthTag="1.358">0.898 14.780 40.170 0.000 52.649 14.780 </Samples>
		<Samples TimeTag="2024-12-27T10:26:54" DepthTag="1.460">1.055 14.872 39.631 0.000 54.537 14.872 </Samples>
		<Samples TimeTag="2024-12-27T10:27:23" DepthTag="1.575">0.905 4.896 39.846 0.000 50.747 4.896 </Samples>
		<Samples TimeTag="2024-12-27T10:27:29" DepthTag="1.680">1.023 14.688 41.260 0.000 51.650 14.688 </Samples>
		<Samples TimeTag="2024-12-27T10:27:35" DepthTag="1.781">1.051 16.539 39.654 0.000 56.440 16.539 </Samples>
		<Samples TimeTag="2024-12-27T10:27:39" DepthTag="1.883">1.686 17.044 39.352 0.000 47.126 17.044 </Samples>
		<Samples TimeTag="2024-12-27T10:27:44" DepthTag="1.987">1.260 17.473 39.822 0.000 55.090 17.473 </Samples>
		<Samples TimeTag="2024-12-27T10:27:47" DepthTag="2.088">1.876 17.641 39.329 0.000 51.336 17.641 </Samples>
		<Samples TimeTag="2024-12-27T10:27:52" DepthTag="2.192">1.346 17.779 39.955 0.000 51.661 17.779 </Samples>
		<Samples TimeTag="2024-12-27T10:27:55" DepthTag="2.293">1.546 17.901 39.234 0.000 49.240 17.901 </Samples>
		<Samples TimeTag="2024-12-27T10:27:59" DepthTag="2.394">1.875 17.947 39.495 0.000 49.865 17.947 </Samples>
		<Samples TimeTag="2024-12-27T10:28:02" DepthTag="2.496">1.701 17.947 39.497 0.000 51.062 17.947 </Samples>
		<Samples TimeTag="2024-12-27T10:28:33" DepthTag="2.599">0.773 4.972 38.803 0.000 52.210 4.972 </Samples>
		<Samples TimeTag="2024-12-27T10:28:39" DepthTag="2.704">1.093 14.581 41.030 0.000 52.019 14.581 </Samples>
		<Samples TimeTag="2024-12-27T10:28:43" DepthTag="2.808">1.487 16.187 40.028 0.000 51.608 16.187 </Samples>
		<Samples TimeTag="2024-12-27T10:28:47" DepthTag="2.912">1.738 16.861 38.223 0.000 50.020 16.861 </Samples>
		<Samples TimeTag="2024-12-27T10:28:52" DepthTag="3.013">1.198 17.442 40.332 0.000 47.863 17.442 </Samples>
		<Samples TimeTag="2024-12-27T10:28:56" DepthTag="3.119">1.459 17.748 36.854 0.000 44.692 17.748 </Samples>
		<Samples TimeTag="2024-12-27T10:28:59" DepthTag="3.224">2.628 17.763 37.887 0.000 43.335 17.763 </Samples>
		<Samples TimeTag="2024-12-27T10:29:01" DepthTag="3.324">2.503 17.779 39.597 0.000 45.159 17.779 </Samples>
		<Samples TimeTag="2024-12-27T10:29:05" DepthTag="3.435">1.927 17.825 39.478 0.000 48.761 17.825 </Samples>
		<Samples TimeTag="2024-12-27T10:29:39" DepthTag="3.560">0.964 4.100 23.593 0.000 29.563 4.100 </Samples>
		<Samples TimeTag="2024-12-27T10:29:43" DepthTag="3.662">1.335 12.898 44.720 0.000 52.676 12.898 </Samples>
		<Samples TimeTag="2024-12-27T10:29:47" DepthTag="3.764">1.476 15.530 44.457 0.000 54.499 15.530 </Samples>
		<Samples TimeTag="2024-12-27T10:29:50" DepthTag="3.868">2.038 16.187 44.209 0.000 51.224 16.187 </Samples>
		<Samples TimeTag="2024-12-27T10:29:54" DepthTag="3.969">1.684 16.539 44.769 0.000 42.427 16.539 </Samples>
		<Samples TimeTag="2024-12-27T10:29:58" DepthTag="4.072">1.630 17.014 46.073 0.000 45.433 17.014 </Samples>
		<Samples TimeTag="2024-12-27T10:30:02" DepthTag="4.175">1.540 17.564 44.085 0.000 39.497 17.564 </Samples>
		<Samples TimeTag="2024-12-27T10:30:05" DepthTag="4.280">1.671 17.748 45.143 0.000 57.039 17.748 </Samples>
		<Samples TimeTag="2024-12-27T10:30:08" DepthTag="4.380">2.152 17.825 45.016 0.000 53.529 17.825 </Samples>
		<Samples TimeTag="2024-12-27T10:30:11" DepthTag="4.483">2.192 17.794 45.172 0.000 44.810 17.794 </Samples>
		<Samples TimeTag="2024-12-27T10:30:15" DepthTag="4.585">1.614 17.840 45.138 0.000 52.434 17.840 </Samples>
		<Samples TimeTag="2024-12-27T10:30:20" DepthTag="4.687">1.178 17.901 44.999 0.000 55.838 17.901 </Samples>
		<Samples TimeTag="2024-12-27T10:30:24" DepthTag="4.792">1.677 17.978 45.177 0.000 53.352 17.978 </Samples>
		<Samples TimeTag="2024-12-27T10:30:27" DepthTag="4.896">1.937 18.039 44.386 0.000 52.651 18.039 </Samples>
		<Samples TimeTag="2024-12-27T10:30:31" DepthTag="4.998">1.782 18.054 44.026 0.000 53.286 18.054 </Samples>
		<Samples TimeTag="2024-12-27T10:30:33" DepthTag="5.100">2.378 17.916 44.060 0.000 42.298 17.916 </Samples>
		<Samples TimeTag="2024-12-27T10:30:36" DepthTag="5.208">2.432 17.916 45.479 0.000 39.299 17.916 </Samples>
		<Samples TimeTag="2024-12-27T10:30:39" DepthTag="5.308">2.037 17.702 45.514 0.000 49.086 17.702 </Samples>
		<Samples TimeTag="2024-12-27T10:30:42" DepthTag="5.409">2.148 17.656 44.986 0.000 44.425 17.656 </Samples>
		<Samples TimeTag="2024-12-27T10:30:45" DepthTag="5.515">1.773 17.641 44.848 0.000 53.820 17.641 </Samples>
		<Samples TimeTag="2024-12-27T10:30:48" DepthTag="5.617">1.910 17.641 45.110 0.000 48.211 17.641 </Samples>
		<Samples TimeTag="2024-12-27T10:30:52" DepthTag="5.722">1.570 17.702 46.064 0.000 57.451 17.702 </Samples>
		<Samples TimeTag="2024-12-27T10:31:02" DepthTag="5.822">0.614 17.442 44.913 0.000 56.717 17.442 </Samples>
		<Samples TimeTag="2024-12-27T10:31:09" DepthTag="5.925">0.853 17.442 44.519 0.000 57.143 17.442 </Samples>
		<Samples TimeTag="2024-12-27T10:31:14" DepthTag="6.031">1.388 17.411 44.867 0.000 50.619 17.411 </Samples>
		<Samples TimeTag="2024-12-27T10:31:17" DepthTag="6.131">1.783 17.350 44.788 0.000 41.315 17.350 </Samples>
		<Samples TimeTag="2024-12-27T10:31:20" DepthTag="6.232">1.990 17.457 44.072 0.000 42.564 17.457 </Samples>
		<Samples TimeTag="2024-12-27T10:31:24" DepthTag="6.333">1.537 17.442 45.544 0.000 54.392 17.442 </Samples>
		<Samples TimeTag="2024-12-27T10:31:29" DepthTag="6.434">1.196 17.564 46.080 0.000 60.138 17.564 </Samples>
		<Samples TimeTag="2024-12-27T10:31:33" DepthTag="6.537">1.490 17.794 44.671 0.000 52.634 17.794 </Samples>
		<Samples TimeTag="2024-12-27T10:31:40" DepthTag="6.640">0.957 17.809 44.695 0.000 64.636 17.809 </Samples>
		<Samples TimeTag="2024-12-27T10:31:45" DepthTag="6.740">1.161 17.947 44.451 0.000 62.416 17.947 </Samples>
		<Samples TimeTag="2024-12-27T10:31:51" DepthTag="6.841">1.073 18.131 45.555 0.000 54.786 18.131 </Samples>
		<Samples TimeTag="2024-12-27T10:31:56" DepthTag="6.944">1.124 18.176 44.312 0.000 54.888 18.176 </Samples>
		<Samples TimeTag="2024-12-27T10:31:59" DepthTag="7.051">2.413 18.207 43.359 0.000 44.783 18.207 </Samples>
		<Samples TimeTag="2024-12-27T10:32:01" DepthTag="7.159">2.696 18.192 44.180 0.000 47.088 18.192 </Samples>
		<Samples TimeTag="2024-12-27T10:32:04" DepthTag="7.263">2.218 18.238 45.156 0.000 47.996 18.238 </Samples>
		<Samples TimeTag="2024-12-27T10:32:07" DepthTag="7.369">2.261 18.176 43.159 0.000 39.083 18.176 </Samples>
		<Samples TimeTag="2024-12-27T10:32:10" DepthTag="7.473">1.868 18.008 41.283 0.000 36.869 18.008 </Samples>
		<Samples TimeTag="2024-12-27T10:33:02" DepthTag="7.595">1.037 5.309 12.699 0.000 22.662 5.309 </Samples>
	</CompactMWDdata>
	<IR:GenTrailer>
		<IR:FileCloseDate>2024-12-27T10:33:51</IR:FileCloseDate>
		<IR:ChkSum>0188199059</IR:ChkSum>
	</IR:GenTrailer>
</DRMWD>
