<?xml version="1.0" encoding="UTF-8"?>
<!-- Generated by the RCS System Epiroc Rock Drills AB -->
<DRMWD xmlns="http://www.iredes.org/xml/DrillRig" xmlns:IR="http://www.iredes.org/xml" xmlns:xsi="http://www.w3.org/2001/XMLSchema-instance" xsi:schemaLocation="http://www.iredes.org/xml/DrillRig C:\Iredes\IR_V1.2.3\xml\DR-DrillRig_V1.2\DrillRig.xsd" IRVersion="V 1.2AC" IRDownwCompat="V 1.2AC" DRMWDDownwCompat="V 1.2AC" DRMWDVersion="V 1.2AC">
	<IR:GenHead>
		<IR:FileCreateDate>2024-12-26T11:44:15</IR:FileCreateDate>
		<IR:IRversion DownwCompat="V 1.0">V 1.2AC</IR:IRversion>
		<IR:EquipmentInfo>
			<IR:EqpManufact>Epiroc</IR:EqpManufact>
			<IR:EqpType>SmartROC D65</IR:EqpType>
			<IR:EqpSerNo>8992013064</IR:EqpSerNo>
			<IR:EqpSysVer>6.28.1</IR:EqpSysVer>
			<IR:EqpInfo>DrillingMethod: DTH</IR:EqpInfo>
		</IR:EquipmentInfo>
	</IR:GenHead>
	<IR:ReportId>MWDRI261144</IR:ReportId>
	<IR:StartLogTime>2024-12-26T11:36:19</IR:StartLogTime>
	<IR:EndLogTime>2024-12-26T11:42:40</IR:EndLogTime>
	<IR:PlanIdRef>FRD03_11_0632_002_All</IR:PlanIdRef>
	<IR:PlanNameRef>FRD03_11_0632_002_All</IR:PlanNameRef>
	<MWDholeId>C5</MWDholeId>
	<QualityReportIdRef>DQRI252345</QualityReportIdRef>
	<SampleDistance>0.100</SampleDistance>
	<CompactMWDdata>
		<MWDparams>
			<Parameter Unit="m/min" Full="PenetrRate">PR</Parameter>
			<Parameter Unit="Bar" Full="PercPressure">PP</Parameter>
			<Parameter Unit="Bar" Full="FeedPressure">FP</Parameter>
			<Parameter Unit="Bar" Full="DampPressure">DP</Parameter>
			<Parameter Unit="Bar" Full="RotPressure">RP</Parameter>
			<Parameter Unit="Bar" Full="FlushPressure">FLP</Parameter>
		</MWDparams>
		<Samples TimeTag="2024-12-26T11:36:19" DepthTag="0.106">1.939 6.196 21.557 0.000 21.409 6.196 </Samples>
		<Samples TimeTag="2024-12-26T11:36:20" DepthTag="0.210">4.348 7.512 41.241 0.000 21.400 7.512 </Samples>
		<Samples TimeTag="2024-12-26T11:36:25" DepthTag="0.312">1.221 13.219 44.449 0.000 21.400 13.219 </Samples>
		<Samples TimeTag="2024-12-26T11:36:28" DepthTag="0.420">2.532 14.122 36.075 0.000 39.678 14.122 </Samples>
		<Samples TimeTag="2024-12-26T11:36:48" DepthTag="0.525">0.872 8.874 47.336 0.000 59.481 8.874 </Samples>
		<Samples TimeTag="2024-12-26T11:36:57" DepthTag="0.626">0.673 14.076 41.200 0.000 48.675 14.076 </Samples>
		<Samples TimeTag="2024-12-26T11:37:06" DepthTag="0.726">0.673 14.642 39.821 0.000 47.676 14.642 </Samples>
		<Samples TimeTag="2024-12-26T11:37:13" DepthTag="0.828">0.784 14.856 40.218 0.000 52.380 14.856 </Samples>
		<Samples TimeTag="2024-12-26T11:37:25" DepthTag="0.929">0.582 14.963 39.806 0.000 48.169 14.963 </Samples>
		<Samples TimeTag="2024-12-26T11:37:53" DepthTag="1.031">0.602 8.293 47.557 0.000 63.165 8.293 </Samples>
		<Samples TimeTag="2024-12-26T11:37:59" DepthTag="1.132">1.007 13.433 39.647 0.000 58.072 13.433 </Samples>
		<Samples TimeTag="2024-12-26T11:38:05" DepthTag="1.233">1.043 14.688 40.439 0.000 49.414 14.688 </Samples>
		<Samples TimeTag="2024-12-26T11:38:10" DepthTag="1.333">1.162 14.918 38.176 0.000 55.220 14.918 </Samples>
		<Samples TimeTag="2024-12-26T11:38:15" DepthTag="1.436">1.349 15.040 38.978 0.000 54.656 15.040 </Samples>
		<Samples TimeTag="2024-12-26T11:38:46" DepthTag="1.539">0.732 9.517 48.027 0.000 64.564 9.517 </Samples>
		<Samples TimeTag="2024-12-26T11:38:52" DepthTag="1.642">1.101 15.438 42.003 0.000 51.731 15.438 </Samples>
		<Samples TimeTag="2024-12-26T11:38:56" DepthTag="1.749">1.450 16.601 40.021 0.000 49.166 16.601 </Samples>
		<Samples TimeTag="2024-12-26T11:39:00" DepthTag="1.852">1.543 17.212 40.486 0.000 45.097 17.212 </Samples>
		<Samples TimeTag="2024-12-26T11:39:04" DepthTag="1.954">1.469 17.595 40.159 0.000 47.240 17.595 </Samples>
		<Samples TimeTag="2024-12-26T11:39:08" DepthTag="2.058">1.721 17.794 38.276 0.000 44.364 17.794 </Samples>
		<Samples TimeTag="2024-12-26T11:39:11" DepthTag="2.158">2.154 17.916 38.303 0.000 39.457 17.916 </Samples>
		<Samples TimeTag="2024-12-26T11:39:13" DepthTag="2.263">2.608 18.008 40.389 0.000 38.131 18.008 </Samples>
		<Samples TimeTag="2024-12-26T11:39:16" DepthTag="2.372">1.941 18.115 41.307 0.000 43.914 18.115 </Samples>
		<Samples TimeTag="2024-12-26T11:39:20" DepthTag="2.474">1.699 18.207 39.883 0.000 43.914 18.207 </Samples>
		<Samples TimeTag="2024-12-26T11:39:50" DepthTag="2.592">1.161 4.498 22.689 0.000 26.557 4.498 </Samples>
		<Samples TimeTag="2024-12-26T11:39:55" DepthTag="2.693">1.160 14.443 43.659 0.000 50.403 14.443 </Samples>
		<Samples TimeTag="2024-12-26T11:40:00" DepthTag="2.798">1.151 16.815 41.267 0.000 40.308 16.815 </Samples>
		<Samples TimeTag="2024-12-26T11:40:05" DepthTag="2.899">1.408 17.610 40.677 0.000 39.022 17.610 </Samples>
		<Samples TimeTag="2024-12-26T11:40:09" DepthTag="3.002">1.403 17.978 37.932 0.000 43.747 17.978 </Samples>
		<Samples TimeTag="2024-12-26T11:40:13" DepthTag="3.104">1.763 18.069 39.665 0.000 47.060 18.069 </Samples>
		<Samples TimeTag="2024-12-26T11:40:16" DepthTag="3.211">1.780 18.115 38.761 0.000 46.011 18.115 </Samples>
		<Samples TimeTag="2024-12-26T11:40:19" DepthTag="3.316">2.249 18.146 40.364 0.000 49.360 18.146 </Samples>
		<Samples TimeTag="2024-12-26T11:40:22" DepthTag="3.419">1.827 18.207 40.579 0.000 45.207 18.207 </Samples>
		<Samples TimeTag="2024-12-26T11:40:57" DepthTag="3.565">0.977 4.896 24.665 0.000 30.634 4.896 </Samples>
		<Samples TimeTag="2024-12-26T11:41:02" DepthTag="3.667">1.382 14.780 53.067 0.000 55.354 14.780 </Samples>
		<Samples TimeTag="2024-12-26T11:41:06" DepthTag="3.770">1.414 17.794 53.714 0.000 56.997 17.794 </Samples>
		<Samples TimeTag="2024-12-26T11:41:10" DepthTag="3.876">1.578 18.926 54.879 0.000 52.657 18.926 </Samples>
		<Samples TimeTag="2024-12-26T11:41:13" DepthTag="3.980">2.426 19.431 52.511 0.000 50.956 19.431 </Samples>
		<Samples TimeTag="2024-12-26T11:41:16" DepthTag="4.083">2.217 19.829 54.073 0.000 49.816 19.829 </Samples>
		<Samples TimeTag="2024-12-26T11:41:19" DepthTag="4.191">2.120 20.104 53.896 0.000 54.026 20.104 </Samples>
		<Samples TimeTag="2024-12-26T11:41:22" DepthTag="4.299">2.189 20.334 54.446 0.000 48.250 20.334 </Samples>
		<Samples TimeTag="2024-12-26T11:41:25" DepthTag="4.403">2.092 20.533 53.775 0.000 49.009 20.533 </Samples>
		<Samples TimeTag="2024-12-26T11:41:27" DepthTag="4.508">2.619 20.640 53.920 0.000 47.556 20.640 </Samples>
		<Samples TimeTag="2024-12-26T11:41:29" DepthTag="4.610">2.545 20.594 53.688 0.000 46.536 20.594 </Samples>
		<Samples TimeTag="2024-12-26T11:41:32" DepthTag="4.712">2.322 20.655 54.130 0.000 49.630 20.655 </Samples>
		<Samples TimeTag="2024-12-26T11:41:35" DepthTag="4.814">2.367 20.716 54.126 0.000 52.329 20.716 </Samples>
		<Samples TimeTag="2024-12-26T11:41:37" DepthTag="4.918">2.230 20.732 54.181 0.000 52.700 20.732 </Samples>
		<Samples TimeTag="2024-12-26T11:41:40" DepthTag="5.019">2.160 20.716 53.298 0.000 54.331 20.716 </Samples>
		<Samples TimeTag="2024-12-26T11:41:43" DepthTag="5.119">2.345 20.732 53.854 0.000 51.680 20.732 </Samples>
		<Samples TimeTag="2024-12-26T11:41:45" DepthTag="5.221">2.521 20.670 53.079 0.000 48.493 20.670 </Samples>
		<Samples TimeTag="2024-12-26T11:41:47" DepthTag="5.324">2.769 20.670 53.786 0.000 51.409 20.670 </Samples>
		<Samples TimeTag="2024-12-26T11:41:50" DepthTag="5.428">2.424 20.624 54.002 0.000 48.115 20.624 </Samples>
		<Samples TimeTag="2024-12-26T11:41:52" DepthTag="5.528">2.774 20.441 53.988 0.000 44.559 20.441 </Samples>
		<Samples TimeTag="2024-12-26T11:41:56" DepthTag="5.633">1.636 20.058 54.401 0.000 53.993 20.058 </Samples>
		<Samples TimeTag="2024-12-26T11:41:58" DepthTag="5.738">2.923 20.074 53.244 0.000 45.415 20.074 </Samples>
		<Samples TimeTag="2024-12-26T11:42:00" DepthTag="5.844">2.820 19.997 54.001 0.000 38.922 19.997 </Samples>
		<Samples TimeTag="2024-12-26T11:42:03" DepthTag="5.945">2.366 20.043 53.627 0.000 39.022 20.043 </Samples>
		<Samples TimeTag="2024-12-26T11:42:06" DepthTag="6.051">2.405 20.058 53.787 0.000 39.543 20.058 </Samples>
		<Samples TimeTag="2024-12-26T11:42:08" DepthTag="6.156">2.691 20.074 54.390 0.000 41.740 20.074 </Samples>
		<Samples TimeTag="2024-12-26T11:42:10" DepthTag="6.259">2.768 20.089 53.843 0.000 48.456 20.089 </Samples>
		<Samples TimeTag="2024-12-26T11:42:13" DepthTag="6.366">2.667 20.089 55.202 0.000 48.331 20.089 </Samples>
		<Samples TimeTag="2024-12-26T11:42:15" DepthTag="6.469">3.092 20.043 53.253 0.000 48.702 20.043 </Samples>
		<Samples TimeTag="2024-12-26T11:42:17" DepthTag="6.579">3.282 20.119 52.899 0.000 46.140 20.119 </Samples>
		<Samples TimeTag="2024-12-26T11:42:19" DepthTag="6.683">2.879 20.242 54.723 0.000 54.772 20.242 </Samples>
		<Samples TimeTag="2024-12-26T11:42:21" DepthTag="6.784">2.708 20.242 54.474 0.000 55.472 20.242 </Samples>
		<Samples TimeTag="2024-12-26T11:42:23" DepthTag="6.885">2.804 20.334 54.472 0.000 51.863 20.334 </Samples>
		<Samples TimeTag="2024-12-26T11:42:26" DepthTag="6.987">2.538 20.334 54.121 0.000 50.769 20.334 </Samples>
		<Samples TimeTag="2024-12-26T11:42:28" DepthTag="7.092">2.240 20.257 54.561 0.000 52.608 20.257 </Samples>
		<Samples TimeTag="2024-12-26T11:42:32" DepthTag="7.200">2.014 20.104 53.552 0.000 56.112 20.104 </Samples>
		<Samples TimeTag="2024-12-26T11:42:35" DepthTag="7.300">1.663 19.033 41.696 0.000 47.240 19.033 </Samples>
		<Samples TimeTag="2024-12-26T11:42:40" DepthTag="7.405">1.377 17.978 42.040 0.000 49.133 17.978 </Samples>
	</CompactMWDdata>
	<IR:GenTrailer>
		<IR:FileCloseDate>2024-12-26T11:44:15</IR:FileCloseDate>
		<IR:ChkSum>4081165688</IR:ChkSum>
	</IR:GenTrailer>
</DRMWD>
