<?xml version="1.0" encoding="UTF-8"?>
<!-- Generated by the RCS System Epiroc Rock Drills AB -->
<DRMWD xmlns="http://www.iredes.org/xml/DrillRig" xmlns:IR="http://www.iredes.org/xml" xmlns:xsi="http://www.w3.org/2001/XMLSchema-instance" xsi:schemaLocation="http://www.iredes.org/xml/DrillRig C:\Iredes\IR_V1.2.3\xml\DR-DrillRig_V1.2\DrillRig.xsd" IRVersion="V 1.2AC" IRDownwCompat="V 1.2AC" DRMWDDownwCompat="V 1.2AC" DRMWDVersion="V 1.2AC">
	<IR:GenHead>
		<IR:FileCreateDate>2024-12-25T09:12:40</IR:FileCreateDate>
		<IR:IRversion DownwCompat="V 1.0">V 1.2AC</IR:IRversion>
		<IR:EquipmentInfo>
			<IR:EqpManufact>Epiroc</IR:EqpManufact>
			<IR:EqpType>SmartROC D65</IR:EqpType>
			<IR:EqpSerNo>8992013064</IR:EqpSerNo>
			<IR:EqpSysVer>6.28.1</IR:EqpSysVer>
			<IR:EqpInfo>DrillingMethod: DTH</IR:EqpInfo>
		</IR:EquipmentInfo>
	</IR:GenHead>
	<IR:ReportId>MWDRI250912</IR:ReportId>
	<IR:StartLogTime>2024-12-25T09:02:09</IR:StartLogTime>
	<IR:EndLogTime>2024-12-25T09:08:44</IR:EndLogTime>
	<IR:PlanIdRef>FRD03_11_0632_003_All</IR:PlanIdRef>
	<IR:PlanNameRef>FRD03_11_0632_003_All</IR:PlanNameRef>
	<MWDholeId>C1</MWDholeId>
	<QualityReportIdRef>DQRI250804</QualityReportIdRef>
	<SampleDistance>0.100</SampleDistance>
	<CompactMWDdata>
		<MWDparams>
			<Parameter Unit="m/min" Full="PenetrRate">PR</Parameter>
			<Parameter Unit="Bar" Full="PercPressure">PP</Parameter>
			<Parameter Unit="Bar" Full="FeedPressure">FP</Parameter>
			<Parameter Unit="Bar" Full="DampPressure">DP</Parameter>
			<Parameter Unit="Bar" Full="RotPressure">RP</Parameter>
			<Parameter Unit="Bar" Full="FlushPressure">FLP</Parameter>
		</MWDparams>
		<Samples TimeTag="2024-12-25T09:02:09" DepthTag="0.103">0.923 15.239 45.989 0.000 20.671 15.239 </Samples>
		<Samples TimeTag="2024-12-25T09:02:14" DepthTag="0.206">1.349 16.616 41.457 0.000 20.870 16.616 </Samples>
		<Samples TimeTag="2024-12-25T09:02:19" DepthTag="0.307">1.200 17.289 41.131 0.000 52.818 17.289 </Samples>
		<Samples TimeTag="2024-12-25T09:02:22" DepthTag="0.411">1.939 17.473 41.504 0.000 45.293 17.473 </Samples>
		<Samples TimeTag="2024-12-25T09:02:25" DepthTag="0.512">2.519 17.564 37.031 0.000 36.430 17.564 </Samples>
		<Samples TimeTag="2024-12-25T09:02:43" DepthTag="0.617">1.195 7.864 44.408 0.000 46.802 7.864 </Samples>
		<Samples TimeTag="2024-12-25T09:02:46" DepthTag="0.718">1.675 13.602 44.102 0.000 32.435 13.602 </Samples>
		<Samples TimeTag="2024-12-25T09:02:49" DepthTag="0.826">2.020 15.560 40.452 0.000 31.507 15.560 </Samples>
		<Samples TimeTag="2024-12-25T09:02:52" DepthTag="0.927">2.052 16.417 41.778 0.000 37.440 16.417 </Samples>
		<Samples TimeTag="2024-12-25T09:03:19" DepthTag="1.030">0.666 7.818 45.918 0.000 51.676 7.818 </Samples>
		<Samples TimeTag="2024-12-25T09:03:26" DepthTag="1.131">0.893 15.392 40.847 0.000 50.769 15.392 </Samples>
		<Samples TimeTag="2024-12-25T09:03:32" DepthTag="1.232">0.910 16.784 39.584 0.000 50.878 16.784 </Samples>
		<Samples TimeTag="2024-12-25T09:03:36" DepthTag="1.334">1.462 17.151 39.602 0.000 44.311 17.151 </Samples>
		<Samples TimeTag="2024-12-25T09:03:40" DepthTag="1.437">1.846 17.457 40.159 0.000 49.421 17.457 </Samples>
		<Samples TimeTag="2024-12-25T09:04:12" DepthTag="1.546">0.652 4.881 33.331 0.000 40.063 4.881 </Samples>
		<Samples TimeTag="2024-12-25T09:04:17" DepthTag="1.646">1.119 15.055 42.585 0.000 55.482 15.055 </Samples>
		<Samples TimeTag="2024-12-25T09:04:22" DepthTag="1.747">1.260 17.381 39.070 0.000 52.406 17.381 </Samples>
		<Samples TimeTag="2024-12-25T09:04:28" DepthTag="1.854">1.141 18.574 39.067 0.000 47.796 18.574 </Samples>
		<Samples TimeTag="2024-12-25T09:04:33" DepthTag="1.958">1.286 19.156 39.546 0.000 47.121 19.156 </Samples>
		<Samples TimeTag="2024-12-25T09:04:37" DepthTag="2.062">1.419 19.431 39.948 0.000 47.281 19.431 </Samples>
		<Samples TimeTag="2024-12-25T09:04:41" DepthTag="2.164">1.468 19.660 39.082 0.000 46.869 19.660 </Samples>
		<Samples TimeTag="2024-12-25T09:04:45" DepthTag="2.270">1.592 19.829 40.580 0.000 49.544 19.829 </Samples>
		<Samples TimeTag="2024-12-25T09:04:49" DepthTag="2.372">1.518 19.936 39.154 0.000 48.347 19.936 </Samples>
		<Samples TimeTag="2024-12-25T09:04:54" DepthTag="2.476">1.429 19.890 39.044 0.000 46.162 19.890 </Samples>
		<Samples TimeTag="2024-12-25T09:05:25" DepthTag="2.579">0.718 5.401 29.234 0.000 30.401 5.401 </Samples>
		<Samples TimeTag="2024-12-25T09:05:32" DepthTag="2.679">0.915 16.142 41.552 0.000 50.396 16.142 </Samples>
		<Samples TimeTag="2024-12-25T09:05:37" DepthTag="2.780">1.291 17.932 39.906 0.000 43.943 17.932 </Samples>
		<Samples TimeTag="2024-12-25T09:05:40" DepthTag="2.885">1.746 18.681 40.163 0.000 46.710 18.681 </Samples>
		<Samples TimeTag="2024-12-25T09:05:44" DepthTag="2.985">1.450 19.156 41.587 0.000 44.668 19.156 </Samples>
		<Samples TimeTag="2024-12-25T09:05:49" DepthTag="3.086">1.257 19.477 39.546 0.000 44.477 19.477 </Samples>
		<Samples TimeTag="2024-12-25T09:05:53" DepthTag="3.191">1.734 19.645 38.077 0.000 46.791 19.645 </Samples>
		<Samples TimeTag="2024-12-25T09:05:57" DepthTag="3.292">1.511 19.768 41.412 0.000 46.150 19.768 </Samples>
		<Samples TimeTag="2024-12-25T09:06:03" DepthTag="3.392">0.921 19.737 39.727 0.000 44.237 19.737 </Samples>
		<Samples TimeTag="2024-12-25T09:06:06" DepthTag="3.497">2.121 19.844 39.180 0.000 43.518 19.844 </Samples>
		<Samples TimeTag="2024-12-25T09:06:39" DepthTag="3.603">1.019 5.340 35.327 0.000 46.093 5.340 </Samples>
		<Samples TimeTag="2024-12-25T09:06:42" DepthTag="3.709">1.678 14.091 50.980 0.000 51.831 14.091 </Samples>
		<Samples TimeTag="2024-12-25T09:06:47" DepthTag="3.810">1.302 16.937 54.405 0.000 50.499 16.937 </Samples>
		<Samples TimeTag="2024-12-25T09:06:50" DepthTag="3.917">2.001 17.932 53.738 0.000 54.685 17.932 </Samples>
		<Samples TimeTag="2024-12-25T09:06:53" DepthTag="4.022">1.974 18.635 54.902 0.000 50.418 18.635 </Samples>
		<Samples TimeTag="2024-12-25T09:06:59" DepthTag="4.123">1.180 19.278 52.707 0.000 44.064 19.278 </Samples>
		<Samples TimeTag="2024-12-25T09:07:01" DepthTag="4.224">2.692 19.477 53.343 0.000 46.007 19.477 </Samples>
		<Samples TimeTag="2024-12-25T09:07:03" DepthTag="4.326">2.385 19.630 54.882 0.000 46.702 19.630 </Samples>
		<Samples TimeTag="2024-12-25T09:07:07" DepthTag="4.431">1.637 19.768 52.460 0.000 45.564 19.768 </Samples>
		<Samples TimeTag="2024-12-25T09:07:09" DepthTag="4.533">2.814 19.829 53.578 0.000 35.540 19.829 </Samples>
		<Samples TimeTag="2024-12-25T09:07:11" DepthTag="4.636">3.101 19.936 52.876 0.000 36.140 19.936 </Samples>
		<Samples TimeTag="2024-12-25T09:07:15" DepthTag="4.741">1.953 19.966 54.369 0.000 47.120 19.966 </Samples>
		<Samples TimeTag="2024-12-25T09:07:21" DepthTag="4.841">0.939 19.722 54.381 0.000 42.235 19.722 </Samples>
		<Samples TimeTag="2024-12-25T09:07:27" DepthTag="4.941">0.973 19.676 53.720 0.000 54.820 19.676 </Samples>
		<Samples TimeTag="2024-12-25T09:07:31" DepthTag="5.044">1.481 19.813 53.536 0.000 53.791 19.813 </Samples>
		<Samples TimeTag="2024-12-25T09:07:35" DepthTag="5.149">1.822 20.074 53.392 0.000 52.082 20.074 </Samples>
		<Samples TimeTag="2024-12-25T09:07:39" DepthTag="5.252">1.543 20.119 54.356 0.000 52.657 20.119 </Samples>
		<Samples TimeTag="2024-12-25T09:07:43" DepthTag="5.356">1.416 20.227 54.479 0.000 50.977 20.227 </Samples>
		<Samples TimeTag="2024-12-25T09:07:49" DepthTag="5.457">1.026 20.196 53.969 0.000 53.805 20.196 </Samples>
		<Samples TimeTag="2024-12-25T09:07:54" DepthTag="5.561">1.226 20.181 54.260 0.000 50.975 20.181 </Samples>
		<Samples TimeTag="2024-12-25T09:07:57" DepthTag="5.671">2.063 20.211 51.470 0.000 41.614 20.211 </Samples>
		<Samples TimeTag="2024-12-25T09:07:59" DepthTag="5.776">3.252 20.227 52.610 0.000 36.895 20.227 </Samples>
		<Samples TimeTag="2024-12-25T09:08:02" DepthTag="5.886">2.496 20.303 54.533 0.000 45.908 20.303 </Samples>
		<Samples TimeTag="2024-12-25T09:08:05" DepthTag="5.987">2.372 20.395 53.506 0.000 51.098 20.395 </Samples>
		<Samples TimeTag="2024-12-25T09:08:07" DepthTag="6.092">2.376 20.441 55.283 0.000 46.614 20.441 </Samples>
		<Samples TimeTag="2024-12-25T09:08:12" DepthTag="6.194">1.392 20.456 54.618 0.000 55.057 20.456 </Samples>
		<Samples TimeTag="2024-12-25T09:08:16" DepthTag="6.296">1.391 20.334 53.078 0.000 57.591 20.334 </Samples>
		<Samples TimeTag="2024-12-25T09:08:18" DepthTag="6.406">3.043 20.471 52.651 0.000 39.726 20.471 </Samples>
		<Samples TimeTag="2024-12-25T09:08:22" DepthTag="6.508">1.695 20.533 54.408 0.000 51.615 20.533 </Samples>
		<Samples TimeTag="2024-12-25T09:08:30" DepthTag="6.610">0.713 20.119 53.990 0.000 49.213 20.119 </Samples>
		<Samples TimeTag="2024-12-25T09:08:35" DepthTag="6.711">1.324 20.288 54.221 0.000 54.003 20.288 </Samples>
		<Samples TimeTag="2024-12-25T09:08:41" DepthTag="6.814">1.023 18.804 40.142 0.000 49.221 18.804 </Samples>
		<Samples TimeTag="2024-12-25T09:08:44" DepthTag="6.917">1.924 18.559 40.669 0.000 39.198 18.559 </Samples>
	</CompactMWDdata>
	<IR:GenTrailer>
		<IR:FileCloseDate>2024-12-25T09:12:40</IR:FileCloseDate>
		<IR:ChkSum>0745440986</IR:ChkSum>
	</IR:GenTrailer>
</DRMWD>
