<?xml version="1.0" encoding="UTF-8"?>
<!-- Generated by the RCS System Epiroc Rock Drills AB -->
<DRMWD xmlns="http://www.iredes.org/xml/DrillRig" xmlns:IR="http://www.iredes.org/xml" xmlns:xsi="http://www.w3.org/2001/XMLSchema-instance" xsi:schemaLocation="http://www.iredes.org/xml/DrillRig C:\Iredes\IR_V1.2.3\xml\DR-DrillRig_V1.2\DrillRig.xsd" IRVersion="V 1.2AC" IRDownwCompat="V 1.2AC" DRMWDDownwCompat="V 1.2AC" DRMWDVersion="V 1.2AC">
	<IR:GenHead>
		<IR:FileCreateDate>2024-12-27T01:20:51</IR:FileCreateDate>
		<IR:IRversion DownwCompat="V 1.0">V 1.2AC</IR:IRversion>
		<IR:EquipmentInfo>
			<IR:EqpManufact>Epiroc</IR:EqpManufact>
			<IR:EqpType>SmartROC D65</IR:EqpType>
			<IR:EqpSerNo>8992013064</IR:EqpSerNo>
			<IR:EqpSysVer>6.28.1</IR:EqpSysVer>
			<IR:EqpInfo>DrillingMethod: DTH</IR:EqpInfo>
		</IR:EquipmentInfo>
	</IR:GenHead>
	<IR:ReportId>MWDRI270120</IR:ReportId>
	<IR:StartLogTime>2024-12-27T01:02:13</IR:StartLogTime>
	<IR:EndLogTime>2024-12-27T01:19:13</IR:EndLogTime>
	<IR:PlanIdRef>FRD03_11_0626_001_All</IR:PlanIdRef>
	<IR:PlanNameRef>FRD03_11_0626_001_All</IR:PlanNameRef>
	<MWDholeId>I12</MWDholeId>
	<QualityReportIdRef>DQRI262053</QualityReportIdRef>
	<SampleDistance>0.100</SampleDistance>
	<CompactMWDdata>
		<MWDparams>
			<Parameter Unit="m/min" Full="PenetrRate">PR</Parameter>
			<Parameter Unit="Bar" Full="PercPressure">PP</Parameter>
			<Parameter Unit="Bar" Full="FeedPressure">FP</Parameter>
			<Parameter Unit="Bar" Full="DampPressure">DP</Parameter>
			<Parameter Unit="Bar" Full="RotPressure">RP</Parameter>
			<Parameter Unit="Bar" Full="FlushPressure">FLP</Parameter>
		</MWDparams>
		<Samples TimeTag="2024-12-27T01:02:13" DepthTag="0.103">0.878 11.399 47.274 0.000 20.971 11.399 </Samples>
		<Samples TimeTag="2024-12-27T01:02:19" DepthTag="0.206">1.071 14.229 40.885 0.000 20.972 14.229 </Samples>
		<Samples TimeTag="2024-12-27T01:02:22" DepthTag="0.312">1.983 14.734 39.370 0.000 46.756 14.734 </Samples>
		<Samples TimeTag="2024-12-27T01:02:24" DepthTag="0.421">2.706 14.780 40.283 0.000 47.535 14.780 </Samples>
		<Samples TimeTag="2024-12-27T01:02:44" DepthTag="0.555">1.060 5.829 28.188 0.000 29.442 5.829 </Samples>
		<Samples TimeTag="2024-12-27T01:02:50" DepthTag="0.658">1.065 12.714 41.840 0.000 53.540 12.714 </Samples>
		<Samples TimeTag="2024-12-27T01:02:54" DepthTag="0.764">1.762 14.045 39.720 0.000 46.312 14.045 </Samples>
		<Samples TimeTag="2024-12-27T01:02:57" DepthTag="0.873">1.906 14.566 39.156 0.000 47.069 14.566 </Samples>
		<Samples TimeTag="2024-12-27T01:03:00" DepthTag="0.979">2.019 14.810 37.859 0.000 48.955 14.810 </Samples>
		<Samples TimeTag="2024-12-27T01:03:27" DepthTag="1.080">0.812 11.827 43.156 0.000 47.084 11.827 </Samples>
		<Samples TimeTag="2024-12-27T01:03:30" DepthTag="1.182">1.829 13.862 41.024 0.000 39.485 13.862 </Samples>
		<Samples TimeTag="2024-12-27T01:03:35" DepthTag="1.283">1.157 14.749 41.038 0.000 47.895 14.749 </Samples>
		<Samples TimeTag="2024-12-27T01:03:41" DepthTag="1.386">0.999 14.979 39.264 0.000 56.649 14.979 </Samples>
		<Samples TimeTag="2024-12-27T01:03:46" DepthTag="1.487">1.326 15.147 39.001 0.000 51.217 15.147 </Samples>
		<Samples TimeTag="2024-12-27T01:04:18" DepthTag="1.587">0.653 12.714 44.867 0.000 44.392 12.714 </Samples>
		<Samples TimeTag="2024-12-27T01:04:22" DepthTag="1.689">1.392 15.958 38.660 0.000 41.417 15.958 </Samples>
		<Samples TimeTag="2024-12-27T01:04:25" DepthTag="1.792">1.782 17.059 41.242 0.000 50.598 17.059 </Samples>
		<Samples TimeTag="2024-12-27T01:04:30" DepthTag="1.893">1.227 17.595 39.872 0.000 43.046 17.595 </Samples>
		<Samples TimeTag="2024-12-27T01:04:34" DepthTag="2.003">1.828 17.855 39.152 0.000 47.147 17.855 </Samples>
		<Samples TimeTag="2024-12-27T01:04:37" DepthTag="2.105">2.066 17.932 39.655 0.000 46.956 17.932 </Samples>
		<Samples TimeTag="2024-12-27T01:04:40" DepthTag="2.208">1.922 18.039 38.833 0.000 45.051 18.039 </Samples>
		<Samples TimeTag="2024-12-27T01:04:43" DepthTag="2.319">2.513 18.131 40.108 0.000 43.903 18.131 </Samples>
		<Samples TimeTag="2024-12-27T01:04:46" DepthTag="2.419">2.029 18.161 38.972 0.000 45.584 18.161 </Samples>
		<Samples TimeTag="2024-12-27T01:05:18" DepthTag="2.552">0.879 4.406 21.470 0.000 26.355 4.406 </Samples>
		<Samples TimeTag="2024-12-27T01:05:23" DepthTag="2.654">1.090 14.183 41.546 0.000 49.392 14.183 </Samples>
		<Samples TimeTag="2024-12-27T01:05:29" DepthTag="2.760">1.220 16.310 39.987 0.000 47.546 16.310 </Samples>
		<Samples TimeTag="2024-12-27T01:05:32" DepthTag="2.864">1.645 16.876 39.962 0.000 45.906 16.876 </Samples>
		<Samples TimeTag="2024-12-27T01:05:36" DepthTag="2.970">1.889 17.228 38.182 0.000 41.454 17.228 </Samples>
		<Samples TimeTag="2024-12-27T01:05:39" DepthTag="3.073">2.206 17.580 40.313 0.000 38.227 17.580 </Samples>
		<Samples TimeTag="2024-12-27T01:05:42" DepthTag="3.175">1.771 17.763 41.176 0.000 47.611 17.763 </Samples>
		<Samples TimeTag="2024-12-27T01:05:47" DepthTag="3.275">1.274 17.702 40.503 0.000 44.544 17.702 </Samples>
		<Samples TimeTag="2024-12-27T01:05:52" DepthTag="3.378">1.286 17.855 38.967 0.000 49.990 17.855 </Samples>
		<Samples TimeTag="2024-12-27T01:05:56" DepthTag="3.482">1.333 17.962 40.709 0.000 46.010 17.962 </Samples>
		<Samples TimeTag="2024-12-27T01:06:35" DepthTag="3.583">0.492 8.996 44.394 0.000 57.794 8.996 </Samples>
		<Samples TimeTag="2024-12-27T01:06:41" DepthTag="3.686">1.025 15.239 44.316 0.000 41.976 15.239 </Samples>
		<Samples TimeTag="2024-12-27T01:06:46" DepthTag="3.786">1.390 16.524 44.630 0.000 37.486 16.524 </Samples>
		<Samples TimeTag="2024-12-27T01:06:49" DepthTag="3.888">1.681 17.136 44.978 0.000 42.115 17.136 </Samples>
		<Samples TimeTag="2024-12-27T01:06:53" DepthTag="3.988">1.677 17.473 44.609 0.000 52.877 17.473 </Samples>
		<Samples TimeTag="2024-12-27T01:06:59" DepthTag="4.090">0.991 17.396 44.859 0.000 58.610 17.396 </Samples>
		<Samples TimeTag="2024-12-27T01:07:03" DepthTag="4.191">1.501 17.549 45.495 0.000 48.890 17.549 </Samples>
		<Samples TimeTag="2024-12-27T01:07:09" DepthTag="4.295">1.039 17.564 45.078 0.000 54.207 17.564 </Samples>
		<Samples TimeTag="2024-12-27T01:07:14" DepthTag="4.396">1.261 17.916 45.351 0.000 52.716 17.916 </Samples>
		<Samples TimeTag="2024-12-27T01:07:21" DepthTag="4.496">0.882 18.054 44.885 0.000 52.649 18.054 </Samples>
		<Samples TimeTag="2024-12-27T01:07:28" DepthTag="4.598">0.831 17.886 45.122 0.000 54.445 17.886 </Samples>
		<Samples TimeTag="2024-12-27T01:07:33" DepthTag="4.700">1.175 17.993 44.402 0.000 55.985 17.993 </Samples>
		<Samples TimeTag="2024-12-27T01:07:36" DepthTag="4.808">2.007 18.161 45.801 0.000 53.894 18.161 </Samples>
		<Samples TimeTag="2024-12-27T01:07:42" DepthTag="4.913">1.122 18.207 44.686 0.000 51.753 18.207 </Samples>
		<Samples TimeTag="2024-12-27T01:07:45" DepthTag="5.024">2.244 18.314 44.634 0.000 43.491 18.314 </Samples>
		<Samples TimeTag="2024-12-27T01:18:04" DepthTag="5.130">4.658 6.931 36.119 0.000 31.459 6.931 </Samples>
		<Samples TimeTag="2024-12-27T01:18:08" DepthTag="5.232">1.477 13.770 42.153 0.000 33.707 13.770 </Samples>
		<Samples TimeTag="2024-12-27T01:18:12" DepthTag="5.334">1.693 16.080 44.973 0.000 50.933 16.080 </Samples>
		<Samples TimeTag="2024-12-27T01:18:15" DepthTag="5.438">1.939 17.197 44.353 0.000 35.220 17.197 </Samples>
		<Samples TimeTag="2024-12-27T01:18:19" DepthTag="5.540">1.826 17.825 45.277 0.000 44.984 17.825 </Samples>
		<Samples TimeTag="2024-12-27T01:18:21" DepthTag="5.641">2.161 18.039 44.981 0.000 47.627 18.039 </Samples>
		<Samples TimeTag="2024-12-27T01:18:24" DepthTag="5.753">2.201 18.207 44.638 0.000 50.782 18.207 </Samples>
		<Samples TimeTag="2024-12-27T01:18:27" DepthTag="5.856">2.552 18.268 45.374 0.000 53.724 18.268 </Samples>
		<Samples TimeTag="2024-12-27T01:18:29" DepthTag="5.963">2.517 18.329 45.399 0.000 56.618 18.329 </Samples>
		<Samples TimeTag="2024-12-27T01:18:32" DepthTag="6.067">2.419 18.391 44.776 0.000 56.921 18.391 </Samples>
		<Samples TimeTag="2024-12-27T01:18:35" DepthTag="6.176">2.466 18.375 44.678 0.000 51.210 18.375 </Samples>
		<Samples TimeTag="2024-12-27T01:18:37" DepthTag="6.284">2.321 18.284 45.613 0.000 52.461 18.284 </Samples>
		<Samples TimeTag="2024-12-27T01:18:40" DepthTag="6.386">2.166 18.345 46.485 0.000 53.910 18.345 </Samples>
		<Samples TimeTag="2024-12-27T01:18:44" DepthTag="6.487">1.548 18.207 46.237 0.000 60.239 18.207 </Samples>
		<Samples TimeTag="2024-12-27T01:18:49" DepthTag="6.590">1.397 18.146 43.113 0.000 58.491 18.146 </Samples>
		<Samples TimeTag="2024-12-27T01:18:51" DepthTag="6.696">2.398 18.176 43.096 0.000 46.049 18.176 </Samples>
		<Samples TimeTag="2024-12-27T01:18:54" DepthTag="6.802">2.649 18.391 44.902 0.000 42.166 18.391 </Samples>
		<Samples TimeTag="2024-12-27T01:18:57" DepthTag="6.910">1.919 18.360 43.859 0.000 50.669 18.360 </Samples>
		<Samples TimeTag="2024-12-27T01:18:59" DepthTag="7.012">2.558 18.391 44.202 0.000 51.805 18.391 </Samples>
		<Samples TimeTag="2024-12-27T01:19:02" DepthTag="7.114">2.373 18.421 45.259 0.000 43.280 18.421 </Samples>
		<Samples TimeTag="2024-12-27T01:19:05" DepthTag="7.215">1.765 18.513 45.408 0.000 53.914 18.513 </Samples>
		<Samples TimeTag="2024-12-27T01:19:08" DepthTag="7.323">2.178 18.482 44.464 0.000 48.719 18.482 </Samples>
		<Samples TimeTag="2024-12-27T01:19:10" DepthTag="7.431">3.234 18.406 39.535 0.000 41.419 18.406 </Samples>
		<Samples TimeTag="2024-12-27T01:19:13" DepthTag="7.532">2.508 18.299 39.311 0.000 45.447 18.299 </Samples>
	</CompactMWDdata>
	<IR:GenTrailer>
		<IR:FileCloseDate>2024-12-27T01:20:51</IR:FileCloseDate>
		<IR:ChkSum>1030482620</IR:ChkSum>
	</IR:GenTrailer>
</DRMWD>
