<?xml version="1.0" encoding="UTF-8"?>
<!-- Generated by the RCS System Epiroc Rock Drills AB -->
<DRMWD xmlns="http://www.iredes.org/xml/DrillRig" xmlns:IR="http://www.iredes.org/xml" xmlns:xsi="http://www.w3.org/2001/XMLSchema-instance" xsi:schemaLocation="http://www.iredes.org/xml/DrillRig C:\Iredes\IR_V1.2.3\xml\DR-DrillRig_V1.2\DrillRig.xsd" IRVersion="V 1.2AC" IRDownwCompat="V 1.2AC" DRMWDDownwCompat="V 1.2AC" DRMWDVersion="V 1.2AC">
	<IR:GenHead>
		<IR:FileCreateDate>2024-12-25T13:29:46</IR:FileCreateDate>
		<IR:IRversion DownwCompat="V 1.0">V 1.2AC</IR:IRversion>
		<IR:EquipmentInfo>
			<IR:EqpManufact>Epiroc</IR:EqpManufact>
			<IR:EqpType>SmartROC D65</IR:EqpType>
			<IR:EqpSerNo>8992013064</IR:EqpSerNo>
			<IR:EqpSysVer>6.28.1</IR:EqpSysVer>
			<IR:EqpInfo>DrillingMethod: DTH</IR:EqpInfo>
		</IR:EquipmentInfo>
	</IR:GenHead>
	<IR:ReportId>MWDRI251329</IR:ReportId>
	<IR:StartLogTime>2024-12-25T13:16:22</IR:StartLogTime>
	<IR:EndLogTime>2024-12-25T13:25:09</IR:EndLogTime>
	<IR:PlanIdRef>FRD03_11_0632_003_All</IR:PlanIdRef>
	<IR:PlanNameRef>FRD03_11_0632_003_All</IR:PlanNameRef>
	<MWDholeId>B9</MWDholeId>
	<QualityReportIdRef>DQRI250804</QualityReportIdRef>
	<SampleDistance>0.100</SampleDistance>
	<CompactMWDdata>
		<MWDparams>
			<Parameter Unit="m/min" Full="PenetrRate">PR</Parameter>
			<Parameter Unit="Bar" Full="PercPressure">PP</Parameter>
			<Parameter Unit="Bar" Full="FeedPressure">FP</Parameter>
			<Parameter Unit="Bar" Full="DampPressure">DP</Parameter>
			<Parameter Unit="Bar" Full="RotPressure">RP</Parameter>
			<Parameter Unit="Bar" Full="FlushPressure">FLP</Parameter>
		</MWDparams>
		<Samples TimeTag="2024-12-25T13:16:22" DepthTag="0.108">0.670 15.009 39.179 0.000 20.545 15.009 </Samples>
		<Samples TimeTag="2024-12-25T13:16:26" DepthTag="0.212">1.867 15.071 40.154 0.000 49.738 15.071 </Samples>
		<Samples TimeTag="2024-12-25T13:16:28" DepthTag="0.319">2.414 15.132 39.834 0.000 34.005 15.132 </Samples>
		<Samples TimeTag="2024-12-25T13:16:31" DepthTag="0.426">2.293 15.116 39.333 0.000 29.487 15.116 </Samples>
		<Samples TimeTag="2024-12-25T13:16:54" DepthTag="0.532">0.944 12.439 42.321 0.000 45.723 12.439 </Samples>
		<Samples TimeTag="2024-12-25T13:16:56" DepthTag="0.634">2.173 13.724 42.204 0.000 33.558 13.724 </Samples>
		<Samples TimeTag="2024-12-25T13:17:01" DepthTag="0.736">1.208 14.397 40.659 0.000 44.761 14.397 </Samples>
		<Samples TimeTag="2024-12-25T13:17:09" DepthTag="0.837">0.802 14.611 41.050 0.000 51.584 14.611 </Samples>
		<Samples TimeTag="2024-12-25T13:17:18" DepthTag="0.937">0.663 14.474 38.681 0.000 49.097 14.474 </Samples>
		<Samples TimeTag="2024-12-25T13:17:55" DepthTag="1.038">0.353 12.714 41.674 0.000 50.971 12.714 </Samples>
		<Samples TimeTag="2024-12-25T13:18:07" DepthTag="1.139">0.507 14.306 39.400 0.000 54.740 14.306 </Samples>
		<Samples TimeTag="2024-12-25T13:18:17" DepthTag="1.240">0.590 14.229 40.432 0.000 48.890 14.229 </Samples>
		<Samples TimeTag="2024-12-25T13:18:30" DepthTag="1.341">0.468 14.413 40.336 0.000 44.199 14.413 </Samples>
		<Samples TimeTag="2024-12-25T13:18:46" DepthTag="1.441">0.371 14.306 38.602 0.000 50.756 14.306 </Samples>
		<Samples TimeTag="2024-12-25T13:19:28" DepthTag="1.543">0.306 14.856 41.848 0.000 53.944 14.856 </Samples>
		<Samples TimeTag="2024-12-25T13:19:38" DepthTag="1.646">0.659 17.075 39.466 0.000 49.081 17.075 </Samples>
		<Samples TimeTag="2024-12-25T13:19:45" DepthTag="1.747">0.793 17.473 37.910 0.000 51.785 17.473 </Samples>
		<Samples TimeTag="2024-12-25T13:19:49" DepthTag="1.848">1.612 17.595 41.024 0.000 41.493 17.595 </Samples>
		<Samples TimeTag="2024-12-25T13:19:53" DepthTag="1.952">1.468 17.717 39.038 0.000 44.788 17.717 </Samples>
		<Samples TimeTag="2024-12-25T13:19:57" DepthTag="2.053">1.717 17.840 40.066 0.000 43.314 17.840 </Samples>
		<Samples TimeTag="2024-12-25T13:20:01" DepthTag="2.157">1.460 17.809 40.667 0.000 44.100 17.809 </Samples>
		<Samples TimeTag="2024-12-25T13:20:06" DepthTag="2.259">1.275 17.641 40.890 0.000 49.790 17.641 </Samples>
		<Samples TimeTag="2024-12-25T13:20:11" DepthTag="2.360">1.126 17.702 39.702 0.000 45.129 17.702 </Samples>
		<Samples TimeTag="2024-12-25T13:20:20" DepthTag="2.460">0.684 17.442 40.354 0.000 46.000 17.442 </Samples>
		<Samples TimeTag="2024-12-25T13:21:05" DepthTag="2.560">0.270 14.719 41.978 0.000 45.175 14.719 </Samples>
		<Samples TimeTag="2024-12-25T13:21:11" DepthTag="2.663">1.026 16.356 39.821 0.000 49.030 16.356 </Samples>
		<Samples TimeTag="2024-12-25T13:21:15" DepthTag="2.764">1.448 16.952 40.745 0.000 46.830 16.952 </Samples>
		<Samples TimeTag="2024-12-25T13:21:24" DepthTag="2.865">0.723 17.228 40.287 0.000 44.830 17.228 </Samples>
		<Samples TimeTag="2024-12-25T13:21:32" DepthTag="2.968">0.729 17.473 39.948 0.000 48.962 17.473 </Samples>
		<Samples TimeTag="2024-12-25T13:21:46" DepthTag="3.068">0.452 17.488 40.263 0.000 42.033 17.488 </Samples>
		<Samples TimeTag="2024-12-25T13:21:56" DepthTag="3.171">0.618 17.534 38.949 0.000 51.097 17.534 </Samples>
		<Samples TimeTag="2024-12-25T13:22:03" DepthTag="3.274">0.854 17.580 40.250 0.000 42.014 17.580 </Samples>
		<Samples TimeTag="2024-12-25T13:22:07" DepthTag="3.375">1.520 17.641 36.963 0.000 35.200 17.641 </Samples>
		<Samples TimeTag="2024-12-25T13:22:09" DepthTag="3.485">2.480 17.763 40.590 0.000 45.192 17.763 </Samples>
		<Samples TimeTag="2024-12-25T13:22:48" DepthTag="3.587">0.408 11.154 46.906 0.000 56.316 11.154 </Samples>
		<Samples TimeTag="2024-12-25T13:22:51" DepthTag="3.689">1.830 15.346 42.311 0.000 47.109 15.346 </Samples>
		<Samples TimeTag="2024-12-25T13:22:54" DepthTag="3.790">1.888 16.906 42.299 0.000 48.243 16.906 </Samples>
		<Samples TimeTag="2024-12-25T13:23:02" DepthTag="3.891">0.756 18.131 40.148 0.000 44.577 18.131 </Samples>
		<Samples TimeTag="2024-12-25T13:23:06" DepthTag="3.993">1.815 18.651 36.817 0.000 39.176 18.651 </Samples>
		<Samples TimeTag="2024-12-25T13:23:08" DepthTag="4.098">2.247 18.926 39.769 0.000 41.683 18.926 </Samples>
		<Samples TimeTag="2024-12-25T13:23:11" DepthTag="4.199">2.163 19.278 40.919 0.000 37.922 19.278 </Samples>
		<Samples TimeTag="2024-12-25T13:23:16" DepthTag="4.308">1.483 19.309 37.756 0.000 40.071 19.309 </Samples>
		<Samples TimeTag="2024-12-25T13:23:18" DepthTag="4.415">2.650 19.354 39.259 0.000 33.837 19.354 </Samples>
		<Samples TimeTag="2024-12-25T13:23:54" DepthTag="4.558">1.237 4.927 24.127 0.000 26.494 4.927 </Samples>
		<Samples TimeTag="2024-12-25T13:23:59" DepthTag="4.660">1.336 14.642 52.929 0.000 52.874 14.642 </Samples>
		<Samples TimeTag="2024-12-25T13:24:02" DepthTag="4.769">1.885 16.830 52.960 0.000 54.778 16.830 </Samples>
		<Samples TimeTag="2024-12-25T13:24:05" DepthTag="4.871">2.062 17.901 53.842 0.000 49.450 17.901 </Samples>
		<Samples TimeTag="2024-12-25T13:24:09" DepthTag="4.973">1.534 18.819 54.302 0.000 58.669 18.819 </Samples>
		<Samples TimeTag="2024-12-25T13:24:14" DepthTag="5.075">1.268 19.263 54.165 0.000 53.365 19.263 </Samples>
		<Samples TimeTag="2024-12-25T13:24:17" DepthTag="5.177">2.061 19.492 53.191 0.000 51.931 19.492 </Samples>
		<Samples TimeTag="2024-12-25T13:24:19" DepthTag="5.280">2.747 19.645 54.401 0.000 38.723 19.645 </Samples>
		<Samples TimeTag="2024-12-25T13:24:22" DepthTag="5.386">2.266 19.890 54.431 0.000 54.987 19.890 </Samples>
		<Samples TimeTag="2024-12-25T13:24:25" DepthTag="5.487">2.606 20.028 52.616 0.000 40.405 20.028 </Samples>
		<Samples TimeTag="2024-12-25T13:24:27" DepthTag="5.594">2.433 20.074 53.606 0.000 51.325 20.074 </Samples>
		<Samples TimeTag="2024-12-25T13:24:30" DepthTag="5.697">2.204 20.043 53.154 0.000 48.947 20.043 </Samples>
		<Samples TimeTag="2024-12-25T13:24:32" DepthTag="5.801">2.862 20.104 53.219 0.000 39.462 20.104 </Samples>
		<Samples TimeTag="2024-12-25T13:24:35" DepthTag="5.906">2.644 20.181 53.035 0.000 47.613 20.181 </Samples>
		<Samples TimeTag="2024-12-25T13:24:37" DepthTag="6.008">3.051 20.257 53.955 0.000 49.990 20.257 </Samples>
		<Samples TimeTag="2024-12-25T13:24:40" DepthTag="6.111">2.018 20.150 55.492 0.000 54.453 20.150 </Samples>
		<Samples TimeTag="2024-12-25T13:24:42" DepthTag="6.219">2.370 20.104 53.641 0.000 51.174 20.104 </Samples>
		<Samples TimeTag="2024-12-25T13:24:45" DepthTag="6.322">2.344 20.104 54.195 0.000 41.492 20.104 </Samples>
		<Samples TimeTag="2024-12-25T13:24:48" DepthTag="6.423">2.360 20.150 53.560 0.000 40.207 20.150 </Samples>
		<Samples TimeTag="2024-12-25T13:24:50" DepthTag="6.526">2.584 20.257 53.604 0.000 41.920 20.257 </Samples>
		<Samples TimeTag="2024-12-25T13:24:53" DepthTag="6.627">2.276 20.334 54.763 0.000 50.705 20.334 </Samples>
		<Samples TimeTag="2024-12-25T13:24:57" DepthTag="6.729">1.480 20.441 54.196 0.000 62.948 20.441 </Samples>
		<Samples TimeTag="2024-12-25T13:25:00" DepthTag="6.835">1.842 20.548 53.140 0.000 51.769 20.548 </Samples>
		<Samples TimeTag="2024-12-25T13:25:04" DepthTag="6.944">1.943 20.487 52.528 0.000 52.187 20.487 </Samples>
		<Samples TimeTag="2024-12-25T13:25:06" DepthTag="7.049">2.245 19.982 41.826 0.000 45.117 19.982 </Samples>
		<Samples TimeTag="2024-12-25T13:25:09" DepthTag="7.157">2.299 19.324 41.385 0.000 48.781 19.324 </Samples>
	</CompactMWDdata>
	<IR:GenTrailer>
		<IR:FileCloseDate>2024-12-25T13:29:46</IR:FileCloseDate>
		<IR:ChkSum>2697173702</IR:ChkSum>
	</IR:GenTrailer>
</DRMWD>
