<?xml version="1.0" encoding="UTF-8"?>
<!-- Generated by the RCS System Epiroc Rock Drills AB -->
<DRMWD xmlns="http://www.iredes.org/xml/DrillRig" xmlns:IR="http://www.iredes.org/xml" xmlns:xsi="http://www.w3.org/2001/XMLSchema-instance" xsi:schemaLocation="http://www.iredes.org/xml/DrillRig C:\Iredes\IR_V1.2.3\xml\DR-DrillRig_V1.2\DrillRig.xsd" IRVersion="V 1.2AC" IRDownwCompat="V 1.2AC" DRMWDDownwCompat="V 1.2AC" DRMWDVersion="V 1.2AC">
	<IR:GenHead>
		<IR:FileCreateDate>2024-12-26T13:58:36</IR:FileCreateDate>
		<IR:IRversion DownwCompat="V 1.0">V 1.2AC</IR:IRversion>
		<IR:EquipmentInfo>
			<IR:EqpManufact>Epiroc</IR:EqpManufact>
			<IR:EqpType>SmartROC D65</IR:EqpType>
			<IR:EqpSerNo>8992013064</IR:EqpSerNo>
			<IR:EqpSysVer>6.28.1</IR:EqpSysVer>
			<IR:EqpInfo>DrillingMethod: DTH</IR:EqpInfo>
		</IR:EquipmentInfo>
	</IR:GenHead>
	<IR:ReportId>MWDRI261358</IR:ReportId>
	<IR:StartLogTime>2024-12-26T13:49:46</IR:StartLogTime>
	<IR:EndLogTime>2024-12-26T13:55:39</IR:EndLogTime>
	<IR:PlanIdRef>FRD03_11_0632_002_All</IR:PlanIdRef>
	<IR:PlanNameRef>FRD03_11_0632_002_All</IR:PlanNameRef>
	<MWDholeId>B10</MWDholeId>
	<QualityReportIdRef>DQRI261325</QualityReportIdRef>
	<SampleDistance>0.100</SampleDistance>
	<CompactMWDdata>
		<MWDparams>
			<Parameter Unit="m/min" Full="PenetrRate">PR</Parameter>
			<Parameter Unit="Bar" Full="PercPressure">PP</Parameter>
			<Parameter Unit="Bar" Full="FeedPressure">FP</Parameter>
			<Parameter Unit="Bar" Full="DampPressure">DP</Parameter>
			<Parameter Unit="Bar" Full="RotPressure">RP</Parameter>
			<Parameter Unit="Bar" Full="FlushPressure">FLP</Parameter>
		</MWDparams>
		<Samples TimeTag="2024-12-26T13:49:46" DepthTag="0.117">7.298 11.154 84.212 0.000 106.995 11.154 </Samples>
		<Samples TimeTag="2024-12-26T13:49:51" DepthTag="0.219">1.274 15.086 41.987 0.000 45.684 15.086 </Samples>
		<Samples TimeTag="2024-12-26T13:49:56" DepthTag="0.324">1.139 16.371 37.089 0.000 40.005 16.371 </Samples>
		<Samples TimeTag="2024-12-26T13:50:02" DepthTag="0.425">1.039 16.968 39.066 0.000 45.059 16.968 </Samples>
		<Samples TimeTag="2024-12-26T13:50:06" DepthTag="0.527">1.627 16.998 38.842 0.000 43.841 16.998 </Samples>
		<Samples TimeTag="2024-12-26T13:50:10" DepthTag="0.629">1.458 16.861 40.618 0.000 42.406 16.861 </Samples>
		<Samples TimeTag="2024-12-26T13:50:15" DepthTag="0.733">1.297 16.983 39.804 0.000 42.540 16.983 </Samples>
		<Samples TimeTag="2024-12-26T13:50:19" DepthTag="0.836">1.333 17.228 38.173 0.000 39.416 17.228 </Samples>
		<Samples TimeTag="2024-12-26T13:50:22" DepthTag="0.940">1.989 17.365 38.175 0.000 36.148 17.365 </Samples>
		<Samples TimeTag="2024-12-26T13:50:28" DepthTag="1.042">0.925 17.717 55.954 0.000 59.090 17.717 </Samples>
		<Samples TimeTag="2024-12-26T13:50:33" DepthTag="1.146">1.488 17.840 53.263 0.000 50.912 17.840 </Samples>
		<Samples TimeTag="2024-12-26T13:50:36" DepthTag="1.251">2.074 17.947 53.587 0.000 49.248 17.947 </Samples>
		<Samples TimeTag="2024-12-26T13:50:40" DepthTag="1.353">1.288 17.932 54.748 0.000 49.569 17.932 </Samples>
		<Samples TimeTag="2024-12-26T13:50:44" DepthTag="1.456">1.613 17.916 51.925 0.000 51.976 17.916 </Samples>
		<Samples TimeTag="2024-12-26T13:50:48" DepthTag="1.557">1.509 17.733 56.052 0.000 47.570 17.733 </Samples>
		<Samples TimeTag="2024-12-26T13:51:00" DepthTag="1.659">0.537 17.075 53.862 0.000 51.408 17.075 </Samples>
		<Samples TimeTag="2024-12-26T13:51:09" DepthTag="1.760">0.637 17.411 43.329 0.000 42.439 17.411 </Samples>
		<Samples TimeTag="2024-12-26T13:51:20" DepthTag="1.861">0.588 17.779 40.061 0.000 38.243 17.779 </Samples>
		<Samples TimeTag="2024-12-26T13:51:28" DepthTag="1.963">0.825 17.825 39.151 0.000 42.015 17.825 </Samples>
		<Samples TimeTag="2024-12-26T13:51:31" DepthTag="2.066">1.722 17.993 38.890 0.000 42.010 17.993 </Samples>
		<Samples TimeTag="2024-12-26T13:51:36" DepthTag="2.168">1.469 18.054 38.718 0.000 42.695 18.054 </Samples>
		<Samples TimeTag="2024-12-26T13:51:40" DepthTag="2.270">1.266 18.176 39.510 0.000 46.712 18.176 </Samples>
		<Samples TimeTag="2024-12-26T13:51:45" DepthTag="2.373">1.246 18.268 42.148 0.000 46.974 18.268 </Samples>
		<Samples TimeTag="2024-12-26T13:51:50" DepthTag="2.476">1.455 18.284 39.456 0.000 41.880 18.284 </Samples>
		<Samples TimeTag="2024-12-26T13:51:55" DepthTag="2.579">1.149 18.207 40.128 0.000 39.872 18.207 </Samples>
		<Samples TimeTag="2024-12-26T13:51:59" DepthTag="2.681">1.469 18.238 39.773 0.000 39.694 18.238 </Samples>
		<Samples TimeTag="2024-12-26T13:52:04" DepthTag="2.782">1.295 18.207 39.753 0.000 34.806 18.207 </Samples>
		<Samples TimeTag="2024-12-26T13:52:08" DepthTag="2.885">1.402 18.238 39.217 0.000 39.718 18.238 </Samples>
		<Samples TimeTag="2024-12-26T13:52:12" DepthTag="2.987">1.632 18.222 39.277 0.000 43.481 18.222 </Samples>
		<Samples TimeTag="2024-12-26T13:52:16" DepthTag="3.091">1.411 18.253 39.792 0.000 43.533 18.253 </Samples>
		<Samples TimeTag="2024-12-26T13:52:20" DepthTag="3.192">1.506 18.222 39.646 0.000 38.100 18.222 </Samples>
		<Samples TimeTag="2024-12-26T13:52:25" DepthTag="3.294">1.393 18.222 39.758 0.000 40.813 18.222 </Samples>
		<Samples TimeTag="2024-12-26T13:52:29" DepthTag="3.396">1.415 18.131 40.011 0.000 39.370 18.131 </Samples>
		<Samples TimeTag="2024-12-26T13:52:33" DepthTag="3.496">1.416 18.039 39.757 0.000 38.893 18.039 </Samples>
		<Samples TimeTag="2024-12-26T13:52:38" DepthTag="3.600">1.249 18.054 39.852 0.000 42.081 18.054 </Samples>
		<Samples TimeTag="2024-12-26T13:52:43" DepthTag="3.700">1.254 17.947 40.080 0.000 39.641 17.947 </Samples>
		<Samples TimeTag="2024-12-26T13:52:52" DepthTag="3.802">0.724 17.396 40.834 0.000 40.286 17.396 </Samples>
		<Samples TimeTag="2024-12-26T13:53:00" DepthTag="3.905">0.769 17.197 40.524 0.000 43.122 17.197 </Samples>
		<Samples TimeTag="2024-12-26T13:53:08" DepthTag="4.007">0.734 17.243 40.799 0.000 44.712 17.243 </Samples>
		<Samples TimeTag="2024-12-26T13:53:15" DepthTag="4.107">0.833 17.442 40.444 0.000 38.950 17.442 </Samples>
		<Samples TimeTag="2024-12-26T13:53:25" DepthTag="4.207">0.576 17.182 40.765 0.000 37.954 17.182 </Samples>
		<Samples TimeTag="2024-12-26T13:53:31" DepthTag="4.309">1.032 17.595 39.509 0.000 44.067 17.595 </Samples>
		<Samples TimeTag="2024-12-26T13:53:35" DepthTag="4.409">1.290 17.702 38.882 0.000 42.623 17.702 </Samples>
		<Samples TimeTag="2024-12-26T13:53:40" DepthTag="4.513">1.193 17.855 38.970 0.000 47.099 17.855 </Samples>
		<Samples TimeTag="2024-12-26T13:53:44" DepthTag="4.615">1.699 18.023 37.940 0.000 43.658 18.023 </Samples>
		<Samples TimeTag="2024-12-26T13:53:49" DepthTag="4.718">1.243 18.085 40.152 0.000 43.265 18.085 </Samples>
		<Samples TimeTag="2024-12-26T13:53:53" DepthTag="4.820">1.458 17.870 39.827 0.000 47.137 17.870 </Samples>
		<Samples TimeTag="2024-12-26T13:53:57" DepthTag="4.924">1.816 17.779 39.618 0.000 39.021 17.779 </Samples>
		<Samples TimeTag="2024-12-26T13:54:00" DepthTag="5.031">1.824 17.626 39.571 0.000 41.203 17.626 </Samples>
		<Samples TimeTag="2024-12-26T13:54:04" DepthTag="5.136">1.566 17.534 40.111 0.000 44.390 17.534 </Samples>
		<Samples TimeTag="2024-12-26T13:54:09" DepthTag="5.237">1.379 17.488 40.052 0.000 42.391 17.488 </Samples>
		<Samples TimeTag="2024-12-26T13:54:12" DepthTag="5.338">1.562 17.427 39.934 0.000 45.420 17.427 </Samples>
		<Samples TimeTag="2024-12-26T13:54:17" DepthTag="5.440">1.540 17.641 39.841 0.000 46.207 17.641 </Samples>
		<Samples TimeTag="2024-12-26T13:54:22" DepthTag="5.545">1.510 17.916 40.312 0.000 45.227 17.916 </Samples>
		<Samples TimeTag="2024-12-26T13:54:26" DepthTag="5.647">1.468 18.008 40.177 0.000 44.188 18.008 </Samples>
		<Samples TimeTag="2024-12-26T13:54:30" DepthTag="5.752">1.475 18.039 40.412 0.000 40.747 18.039 </Samples>
		<Samples TimeTag="2024-12-26T13:54:35" DepthTag="5.853">1.219 18.131 40.696 0.000 46.337 18.131 </Samples>
		<Samples TimeTag="2024-12-26T13:54:41" DepthTag="5.953">0.998 18.069 40.807 0.000 47.035 18.069 </Samples>
		<Samples TimeTag="2024-12-26T13:54:46" DepthTag="6.057">1.253 18.176 40.297 0.000 44.627 18.176 </Samples>
		<Samples TimeTag="2024-12-26T13:54:50" DepthTag="6.162">1.640 18.222 39.939 0.000 43.596 18.222 </Samples>
		<Samples TimeTag="2024-12-26T13:54:54" DepthTag="6.269">1.540 18.284 39.998 0.000 44.963 18.284 </Samples>
		<Samples TimeTag="2024-12-26T13:54:58" DepthTag="6.369">1.667 18.314 40.182 0.000 44.700 18.314 </Samples>
		<Samples TimeTag="2024-12-26T13:55:02" DepthTag="6.476">1.445 18.284 40.053 0.000 41.538 18.284 </Samples>
		<Samples TimeTag="2024-12-26T13:55:06" DepthTag="6.578">1.468 18.314 40.033 0.000 41.530 18.314 </Samples>
		<Samples TimeTag="2024-12-26T13:55:11" DepthTag="6.681">1.405 18.360 40.377 0.000 44.577 18.360 </Samples>
		<Samples TimeTag="2024-12-26T13:55:16" DepthTag="6.781">1.075 18.391 40.170 0.000 47.265 18.391 </Samples>
		<Samples TimeTag="2024-12-26T13:55:21" DepthTag="6.883">1.165 18.375 39.920 0.000 48.069 18.375 </Samples>
		<Samples TimeTag="2024-12-26T13:55:25" DepthTag="6.985">1.627 18.391 39.590 0.000 45.841 18.391 </Samples>
		<Samples TimeTag="2024-12-26T13:55:29" DepthTag="7.085">1.669 18.268 39.724 0.000 40.516 18.268 </Samples>
		<Samples TimeTag="2024-12-26T13:55:32" DepthTag="7.189">1.842 18.207 39.422 0.000 41.289 18.207 </Samples>
		<Samples TimeTag="2024-12-26T13:55:35" DepthTag="7.292">2.044 18.161 38.829 0.000 46.151 18.161 </Samples>
		<Samples TimeTag="2024-12-26T13:55:39" DepthTag="7.395">1.823 18.023 40.625 0.000 44.650 18.023 </Samples>
	</CompactMWDdata>
	<IR:GenTrailer>
		<IR:FileCloseDate>2024-12-26T13:58:36</IR:FileCloseDate>
		<IR:ChkSum>3883924916</IR:ChkSum>
	</IR:GenTrailer>
</DRMWD>
