<?xml version="1.0" encoding="UTF-8"?>
<!-- Generated by the RCS System Epiroc Rock Drills AB -->
<DRMWD xmlns="http://www.iredes.org/xml/DrillRig" xmlns:IR="http://www.iredes.org/xml" xmlns:xsi="http://www.w3.org/2001/XMLSchema-instance" xsi:schemaLocation="http://www.iredes.org/xml/DrillRig C:\Iredes\IR_V1.2.3\xml\DR-DrillRig_V1.2\DrillRig.xsd" IRVersion="V 1.2AC" IRDownwCompat="V 1.2AC" DRMWDDownwCompat="V 1.2AC" DRMWDVersion="V 1.2AC">
	<IR:GenHead>
		<IR:FileCreateDate>2024-12-26T02:23:52</IR:FileCreateDate>
		<IR:IRversion DownwCompat="V 1.0">V 1.2AC</IR:IRversion>
		<IR:EquipmentInfo>
			<IR:EqpManufact>Epiroc</IR:EqpManufact>
			<IR:EqpType>SmartROC D65</IR:EqpType>
			<IR:EqpSerNo>8992013064</IR:EqpSerNo>
			<IR:EqpSysVer>6.28.1</IR:EqpSysVer>
			<IR:EqpInfo>DrillingMethod: DTH</IR:EqpInfo>
		</IR:EquipmentInfo>
	</IR:GenHead>
	<IR:ReportId>MWDRI260223</IR:ReportId>
	<IR:StartLogTime>2024-12-26T02:10:53</IR:StartLogTime>
	<IR:EndLogTime>2024-12-26T02:17:22</IR:EndLogTime>
	<IR:PlanIdRef>FRD03_11_0632_002_All</IR:PlanIdRef>
	<IR:PlanNameRef>FRD03_11_0632_002_All</IR:PlanNameRef>
	<MWDholeId>A10</MWDholeId>
	<QualityReportIdRef>DQRI252345</QualityReportIdRef>
	<SampleDistance>0.100</SampleDistance>
	<CompactMWDdata>
		<MWDparams>
			<Parameter Unit="m/min" Full="PenetrRate">PR</Parameter>
			<Parameter Unit="Bar" Full="PercPressure">PP</Parameter>
			<Parameter Unit="Bar" Full="FeedPressure">FP</Parameter>
			<Parameter Unit="Bar" Full="DampPressure">DP</Parameter>
			<Parameter Unit="Bar" Full="RotPressure">RP</Parameter>
			<Parameter Unit="Bar" Full="FlushPressure">FLP</Parameter>
		</MWDparams>
		<Samples TimeTag="2024-12-26T02:10:53" DepthTag="0.105">2.073 9.272 19.373 0.000 20.972 9.272 </Samples>
		<Samples TimeTag="2024-12-26T02:10:54" DepthTag="0.213">6.227 10.741 28.709 0.000 20.978 10.741 </Samples>
		<Samples TimeTag="2024-12-26T02:10:58" DepthTag="0.317">1.765 13.158 43.924 0.000 20.972 13.158 </Samples>
		<Samples TimeTag="2024-12-26T02:11:01" DepthTag="0.418">1.687 14.061 42.596 0.000 18.442 14.061 </Samples>
		<Samples TimeTag="2024-12-26T02:11:25" DepthTag="0.522">0.722 14.933 41.568 0.000 47.232 14.933 </Samples>
		<Samples TimeTag="2024-12-26T02:11:28" DepthTag="0.623">2.143 15.025 43.292 0.000 40.064 15.025 </Samples>
		<Samples TimeTag="2024-12-26T02:11:33" DepthTag="0.723">1.127 14.963 42.583 0.000 53.283 14.963 </Samples>
		<Samples TimeTag="2024-12-26T02:11:41" DepthTag="0.824">0.822 14.887 40.296 0.000 49.245 14.887 </Samples>
		<Samples TimeTag="2024-12-26T02:11:47" DepthTag="0.926">0.926 14.918 39.760 0.000 49.211 14.918 </Samples>
		<Samples TimeTag="2024-12-26T02:12:17" DepthTag="1.028">0.560 9.364 44.566 0.000 54.406 9.364 </Samples>
		<Samples TimeTag="2024-12-26T02:12:27" DepthTag="1.128">0.631 14.290 40.704 0.000 54.827 14.290 </Samples>
		<Samples TimeTag="2024-12-26T02:12:38" DepthTag="1.228">0.544 14.688 39.291 0.000 51.476 14.688 </Samples>
		<Samples TimeTag="2024-12-26T02:12:46" DepthTag="1.334">0.777 14.673 38.824 0.000 51.530 14.673 </Samples>
		<Samples TimeTag="2024-12-26T02:12:50" DepthTag="1.436">1.625 14.810 40.994 0.000 44.554 14.810 </Samples>
		<Samples TimeTag="2024-12-26T02:13:23" DepthTag="1.536">0.567 8.644 47.159 0.000 55.712 8.644 </Samples>
		<Samples TimeTag="2024-12-26T02:13:31" DepthTag="1.642">0.855 15.912 38.735 0.000 50.299 15.912 </Samples>
		<Samples TimeTag="2024-12-26T02:13:33" DepthTag="1.743">2.163 16.570 37.771 0.000 40.702 16.570 </Samples>
		<Samples TimeTag="2024-12-26T02:13:36" DepthTag="1.844">2.712 17.014 39.504 0.000 37.972 17.014 </Samples>
		<Samples TimeTag="2024-12-26T02:13:39" DepthTag="1.947">1.843 17.274 40.400 0.000 42.886 17.274 </Samples>
		<Samples TimeTag="2024-12-26T02:13:42" DepthTag="2.054">2.099 17.564 40.006 0.000 38.783 17.564 </Samples>
		<Samples TimeTag="2024-12-26T02:13:45" DepthTag="2.155">2.359 17.809 41.675 0.000 40.399 17.809 </Samples>
		<Samples TimeTag="2024-12-26T02:13:50" DepthTag="2.256">1.082 17.916 41.711 0.000 44.583 17.916 </Samples>
		<Samples TimeTag="2024-12-26T02:13:56" DepthTag="2.359">1.142 17.978 40.507 0.000 48.917 17.978 </Samples>
		<Samples TimeTag="2024-12-26T02:14:02" DepthTag="2.462">0.932 17.993 39.981 0.000 49.403 17.993 </Samples>
		<Samples TimeTag="2024-12-26T02:14:35" DepthTag="2.582">0.746 4.896 30.387 0.000 37.550 4.896 </Samples>
		<Samples TimeTag="2024-12-26T02:14:42" DepthTag="2.682">0.979 14.933 42.328 0.000 51.451 14.933 </Samples>
		<Samples TimeTag="2024-12-26T02:14:47" DepthTag="2.783">1.163 16.631 39.054 0.000 46.805 16.631 </Samples>
		<Samples TimeTag="2024-12-26T02:14:50" DepthTag="2.885">1.801 17.182 40.053 0.000 44.661 17.182 </Samples>
		<Samples TimeTag="2024-12-26T02:14:53" DepthTag="2.988">1.941 17.549 39.852 0.000 45.567 17.549 </Samples>
		<Samples TimeTag="2024-12-26T02:14:57" DepthTag="3.097">2.034 17.733 39.619 0.000 50.160 17.733 </Samples>
		<Samples TimeTag="2024-12-26T02:14:59" DepthTag="3.197">2.337 17.886 39.097 0.000 38.681 17.886 </Samples>
		<Samples TimeTag="2024-12-26T02:15:02" DepthTag="3.304">2.279 17.993 39.956 0.000 41.309 17.993 </Samples>
		<Samples TimeTag="2024-12-26T02:15:05" DepthTag="3.411">2.113 18.161 37.823 0.000 43.205 18.161 </Samples>
		<Samples TimeTag="2024-12-26T02:15:10" DepthTag="3.512">1.128 10.037 0.032 0.000 20.506 10.037 </Samples>
		<Samples TimeTag="2024-12-26T02:15:42" DepthTag="3.612">1.117 12.102 47.747 0.000 61.288 12.102 </Samples>
		<Samples TimeTag="2024-12-26T02:15:49" DepthTag="3.716">1.013 17.243 51.747 0.000 62.050 17.243 </Samples>
		<Samples TimeTag="2024-12-26T02:15:52" DepthTag="3.820">1.935 18.329 53.668 0.000 61.337 18.329 </Samples>
		<Samples TimeTag="2024-12-26T02:15:55" DepthTag="3.924">1.821 19.171 53.304 0.000 51.054 19.171 </Samples>
		<Samples TimeTag="2024-12-26T02:15:57" DepthTag="4.030">2.921 19.477 53.780 0.000 51.587 19.477 </Samples>
		<Samples TimeTag="2024-12-26T02:16:00" DepthTag="4.130">2.499 19.813 53.380 0.000 49.203 19.813 </Samples>
		<Samples TimeTag="2024-12-26T02:16:03" DepthTag="4.241">2.380 20.043 52.700 0.000 49.160 20.043 </Samples>
		<Samples TimeTag="2024-12-26T02:16:05" DepthTag="4.345">2.413 20.196 54.242 0.000 60.688 20.196 </Samples>
		<Samples TimeTag="2024-12-26T02:16:08" DepthTag="4.448">1.942 20.410 53.818 0.000 58.246 20.410 </Samples>
		<Samples TimeTag="2024-12-26T02:16:11" DepthTag="4.554">2.832 20.410 53.597 0.000 49.498 20.410 </Samples>
		<Samples TimeTag="2024-12-26T02:16:13" DepthTag="4.665">3.075 20.471 53.108 0.000 48.183 20.471 </Samples>
		<Samples TimeTag="2024-12-26T02:16:15" DepthTag="4.776">2.961 20.517 53.723 0.000 48.690 20.517 </Samples>
		<Samples TimeTag="2024-12-26T02:16:17" DepthTag="4.881">3.551 20.655 54.374 0.000 49.919 20.655 </Samples>
		<Samples TimeTag="2024-12-26T02:16:19" DepthTag="4.986">2.629 20.701 54.540 0.000 43.782 20.701 </Samples>
		<Samples TimeTag="2024-12-26T02:16:21" DepthTag="5.087">2.786 20.930 53.213 0.000 41.070 20.930 </Samples>
		<Samples TimeTag="2024-12-26T02:16:24" DepthTag="5.192">2.068 21.389 54.186 0.000 37.000 21.389 </Samples>
		<Samples TimeTag="2024-12-26T02:16:27" DepthTag="5.300">2.317 21.481 53.468 0.000 41.513 21.481 </Samples>
		<Samples TimeTag="2024-12-26T02:16:30" DepthTag="5.401">2.348 21.527 54.374 0.000 38.760 21.527 </Samples>
		<Samples TimeTag="2024-12-26T02:16:33" DepthTag="5.510">2.347 21.802 54.046 0.000 37.478 21.802 </Samples>
		<Samples TimeTag="2024-12-26T02:16:35" DepthTag="5.613">2.198 21.833 53.789 0.000 40.098 21.833 </Samples>
		<Samples TimeTag="2024-12-26T02:16:38" DepthTag="5.719">2.144 21.910 54.212 0.000 35.384 21.910 </Samples>
		<Samples TimeTag="2024-12-26T02:16:41" DepthTag="5.822">2.189 21.879 53.506 0.000 35.818 21.879 </Samples>
		<Samples TimeTag="2024-12-26T02:16:44" DepthTag="5.927">1.970 21.757 54.327 0.000 38.685 21.757 </Samples>
		<Samples TimeTag="2024-12-26T02:16:47" DepthTag="6.027">2.030 21.695 53.854 0.000 42.519 21.695 </Samples>
		<Samples TimeTag="2024-12-26T02:16:51" DepthTag="6.132">1.818 21.481 54.553 0.000 49.267 21.481 </Samples>
		<Samples TimeTag="2024-12-26T02:16:54" DepthTag="6.233">2.053 21.191 53.924 0.000 47.256 21.191 </Samples>
		<Samples TimeTag="2024-12-26T02:16:57" DepthTag="6.339">2.076 21.022 54.259 0.000 43.872 21.022 </Samples>
		<Samples TimeTag="2024-12-26T02:17:00" DepthTag="6.440">2.046 21.022 53.534 0.000 43.337 21.022 </Samples>
		<Samples TimeTag="2024-12-26T02:17:03" DepthTag="6.545">2.236 20.992 54.292 0.000 40.723 20.992 </Samples>
		<Samples TimeTag="2024-12-26T02:17:06" DepthTag="6.647">2.074 21.007 54.472 0.000 43.281 21.007 </Samples>
		<Samples TimeTag="2024-12-26T02:17:09" DepthTag="6.754">2.100 20.885 53.241 0.000 41.549 20.885 </Samples>
		<Samples TimeTag="2024-12-26T02:17:12" DepthTag="6.858">2.100 20.839 53.923 0.000 41.561 20.839 </Samples>
		<Samples TimeTag="2024-12-26T02:17:14" DepthTag="6.963">2.243 20.946 51.745 0.000 40.307 20.946 </Samples>
		<Samples TimeTag="2024-12-26T02:17:17" DepthTag="7.065">2.321 20.196 40.405 0.000 34.941 20.196 </Samples>
		<Samples TimeTag="2024-12-26T02:17:22" DepthTag="7.165">1.315 12.546 0.095 0.000 19.420 12.546 </Samples>
	</CompactMWDdata>
	<IR:GenTrailer>
		<IR:FileCloseDate>2024-12-26T02:23:52</IR:FileCloseDate>
		<IR:ChkSum>0059401192</IR:ChkSum>
	</IR:GenTrailer>
</DRMWD>
