<?xml version="1.0" encoding="UTF-8"?>
<!-- Generated by the RCS System Epiroc Rock Drills AB -->
<DRMWD xmlns="http://www.iredes.org/xml/DrillRig" xmlns:IR="http://www.iredes.org/xml" xmlns:xsi="http://www.w3.org/2001/XMLSchema-instance" xsi:schemaLocation="http://www.iredes.org/xml/DrillRig C:\Iredes\IR_V1.2.3\xml\DR-DrillRig_V1.2\DrillRig.xsd" IRVersion="V 1.2AC" IRDownwCompat="V 1.2AC" DRMWDDownwCompat="V 1.2AC" DRMWDVersion="V 1.2AC">
	<IR:GenHead>
		<IR:FileCreateDate>2024-12-25T04:20:51</IR:FileCreateDate>
		<IR:IRversion DownwCompat="V 1.0">V 1.2AC</IR:IRversion>
		<IR:EquipmentInfo>
			<IR:EqpManufact>Epiroc</IR:EqpManufact>
			<IR:EqpType>SmartROC D65</IR:EqpType>
			<IR:EqpSerNo>8992013064</IR:EqpSerNo>
			<IR:EqpSysVer>6.28.1</IR:EqpSysVer>
			<IR:EqpInfo>DrillingMethod: DTH</IR:EqpInfo>
		</IR:EquipmentInfo>
	</IR:GenHead>
	<IR:ReportId>MWDRI250420</IR:ReportId>
	<IR:StartLogTime>2024-12-25T04:09:53</IR:StartLogTime>
	<IR:EndLogTime>2024-12-25T04:16:08</IR:EndLogTime>
	<IR:PlanIdRef>FRD03_11_0626_001_All</IR:PlanIdRef>
	<IR:PlanNameRef>FRD03_11_0626_001_All</IR:PlanNameRef>
	<MWDholeId>A9</MWDholeId>
	<QualityReportIdRef>DQRI241930</QualityReportIdRef>
	<SampleDistance>0.100</SampleDistance>
	<CompactMWDdata>
		<MWDparams>
			<Parameter Unit="m/min" Full="PenetrRate">PR</Parameter>
			<Parameter Unit="Bar" Full="PercPressure">PP</Parameter>
			<Parameter Unit="Bar" Full="FeedPressure">FP</Parameter>
			<Parameter Unit="Bar" Full="DampPressure">DP</Parameter>
			<Parameter Unit="Bar" Full="RotPressure">RP</Parameter>
			<Parameter Unit="Bar" Full="FlushPressure">FLP</Parameter>
		</MWDparams>
		<Samples TimeTag="2024-12-25T04:09:53" DepthTag="0.111">1.321 10.786 32.052 0.000 20.689 10.786 </Samples>
		<Samples TimeTag="2024-12-25T04:09:56" DepthTag="0.222">2.748 14.290 43.489 0.000 20.718 14.290 </Samples>
		<Samples TimeTag="2024-12-25T04:09:58" DepthTag="0.334">3.107 15.652 36.859 0.000 20.577 15.652 </Samples>
		<Samples TimeTag="2024-12-25T04:09:59" DepthTag="0.442">5.399 16.034 33.035 0.000 20.545 16.034 </Samples>
		<Samples TimeTag="2024-12-25T04:10:21" DepthTag="0.552">1.529 10.634 31.380 0.000 50.101 10.634 </Samples>
		<Samples TimeTag="2024-12-25T04:10:23" DepthTag="0.657">3.400 13.540 43.326 0.000 55.920 13.540 </Samples>
		<Samples TimeTag="2024-12-25T04:10:25" DepthTag="0.760">3.092 15.315 40.466 0.000 57.449 15.315 </Samples>
		<Samples TimeTag="2024-12-25T04:10:27" DepthTag="0.870">4.128 16.050 38.403 0.000 59.434 16.050 </Samples>
		<Samples TimeTag="2024-12-25T04:10:28" DepthTag="0.982">4.196 16.616 40.786 0.000 68.049 16.616 </Samples>
		<Samples TimeTag="2024-12-25T04:10:50" DepthTag="1.108">1.877 5.156 22.310 0.000 43.386 5.156 </Samples>
		<Samples TimeTag="2024-12-25T04:10:51" DepthTag="1.213">3.581 9.639 42.380 0.000 67.714 9.639 </Samples>
		<Samples TimeTag="2024-12-25T04:10:53" DepthTag="1.319">3.170 13.127 41.682 0.000 65.768 13.127 </Samples>
		<Samples TimeTag="2024-12-25T04:10:55" DepthTag="1.419">2.996 15.331 43.605 0.000 64.113 15.331 </Samples>
		<Samples TimeTag="2024-12-25T04:11:22" DepthTag="1.531">0.592 4.682 26.274 0.000 30.215 4.682 </Samples>
		<Samples TimeTag="2024-12-25T04:12:22" DepthTag="1.632">1.757 14.795 42.004 0.000 67.449 14.795 </Samples>
		<Samples TimeTag="2024-12-25T04:12:24" DepthTag="1.733">2.508 16.432 41.798 0.000 65.775 16.432 </Samples>
		<Samples TimeTag="2024-12-25T04:12:27" DepthTag="1.834">2.043 17.626 39.483 0.000 64.306 17.626 </Samples>
		<Samples TimeTag="2024-12-25T04:12:29" DepthTag="1.937">3.084 18.192 39.418 0.000 57.897 18.192 </Samples>
		<Samples TimeTag="2024-12-25T04:12:32" DepthTag="2.039">2.725 18.697 39.074 0.000 56.376 18.697 </Samples>
		<Samples TimeTag="2024-12-25T04:12:35" DepthTag="2.144">2.126 19.232 41.428 0.000 63.696 19.232 </Samples>
		<Samples TimeTag="2024-12-25T04:12:37" DepthTag="2.247">2.214 19.584 40.855 0.000 60.384 19.584 </Samples>
		<Samples TimeTag="2024-12-25T04:12:40" DepthTag="2.348">2.038 19.783 41.398 0.000 62.445 19.783 </Samples>
		<Samples TimeTag="2024-12-25T04:12:43" DepthTag="2.454">2.836 19.936 39.717 0.000 60.793 19.936 </Samples>
		<Samples TimeTag="2024-12-25T04:13:17" DepthTag="2.556">0.677 13.709 42.812 0.000 68.904 13.709 </Samples>
		<Samples TimeTag="2024-12-25T04:13:20" DepthTag="2.662">1.694 16.784 41.501 0.000 62.127 16.784 </Samples>
		<Samples TimeTag="2024-12-25T04:13:24" DepthTag="2.764">1.696 18.100 41.840 0.000 58.504 18.100 </Samples>
		<Samples TimeTag="2024-12-25T04:13:28" DepthTag="2.867">1.534 19.018 40.360 0.000 55.296 19.018 </Samples>
		<Samples TimeTag="2024-12-25T04:13:32" DepthTag="2.970">1.548 19.553 39.460 0.000 53.352 19.553 </Samples>
		<Samples TimeTag="2024-12-25T04:13:35" DepthTag="3.073">2.083 19.829 38.435 0.000 53.765 19.829 </Samples>
		<Samples TimeTag="2024-12-25T04:13:38" DepthTag="3.178">2.235 19.997 38.594 0.000 54.901 19.997 </Samples>
		<Samples TimeTag="2024-12-25T04:13:45" DepthTag="3.279">0.872 19.599 40.626 0.000 61.889 19.599 </Samples>
		<Samples TimeTag="2024-12-25T04:13:48" DepthTag="3.381">1.782 19.768 39.956 0.000 58.595 19.768 </Samples>
		<Samples TimeTag="2024-12-25T04:13:51" DepthTag="3.488">2.280 19.951 39.332 0.000 54.445 19.951 </Samples>
		<Samples TimeTag="2024-12-25T04:14:30" DepthTag="3.592">0.952 18.850 42.306 0.000 57.458 18.850 </Samples>
		<Samples TimeTag="2024-12-25T04:14:36" DepthTag="3.694">1.172 19.645 53.490 0.000 66.048 19.645 </Samples>
		<Samples TimeTag="2024-12-25T04:14:41" DepthTag="3.800">1.128 19.966 50.562 0.000 67.298 19.966 </Samples>
		<Samples TimeTag="2024-12-25T04:14:45" DepthTag="3.905">1.517 20.318 50.400 0.000 67.668 20.318 </Samples>
		<Samples TimeTag="2024-12-25T04:14:48" DepthTag="4.007">2.553 20.502 52.205 0.000 65.793 20.502 </Samples>
		<Samples TimeTag="2024-12-25T04:14:50" DepthTag="4.114">2.963 20.655 53.657 0.000 60.643 20.655 </Samples>
		<Samples TimeTag="2024-12-25T04:14:52" DepthTag="4.220">2.821 20.716 53.306 0.000 58.730 20.716 </Samples>
		<Samples TimeTag="2024-12-25T04:14:54" DepthTag="4.323">2.871 20.701 54.504 0.000 66.643 20.701 </Samples>
		<Samples TimeTag="2024-12-25T04:14:57" DepthTag="4.432">2.713 20.793 54.346 0.000 62.389 20.793 </Samples>
		<Samples TimeTag="2024-12-25T04:15:01" DepthTag="4.535">1.596 20.732 52.815 0.000 63.484 20.732 </Samples>
		<Samples TimeTag="2024-12-25T04:15:05" DepthTag="4.638">1.309 20.471 51.627 0.000 67.041 20.471 </Samples>
		<Samples TimeTag="2024-12-25T04:15:08" DepthTag="4.745">2.439 20.655 53.813 0.000 61.124 20.655 </Samples>
		<Samples TimeTag="2024-12-25T04:15:12" DepthTag="4.846">1.375 20.533 54.998 0.000 64.153 20.533 </Samples>
		<Samples TimeTag="2024-12-25T04:15:17" DepthTag="4.947">1.364 20.533 53.314 0.000 64.910 20.533 </Samples>
		<Samples TimeTag="2024-12-25T04:15:21" DepthTag="5.049">1.421 20.441 53.320 0.000 62.532 20.441 </Samples>
		<Samples TimeTag="2024-12-25T04:15:24" DepthTag="5.152">2.027 20.609 53.453 0.000 59.327 20.609 </Samples>
		<Samples TimeTag="2024-12-25T04:15:27" DepthTag="5.253">2.032 20.716 54.032 0.000 59.528 20.716 </Samples>
		<Samples TimeTag="2024-12-25T04:15:30" DepthTag="5.356">2.578 20.854 53.287 0.000 56.345 20.854 </Samples>
		<Samples TimeTag="2024-12-25T04:15:31" DepthTag="5.458">3.316 20.900 53.280 0.000 57.724 20.900 </Samples>
		<Samples TimeTag="2024-12-25T04:15:35" DepthTag="5.560">1.693 20.808 52.891 0.000 65.755 20.808 </Samples>
		<Samples TimeTag="2024-12-25T04:15:39" DepthTag="5.661">1.550 20.655 53.070 0.000 65.081 20.655 </Samples>
		<Samples TimeTag="2024-12-25T04:15:42" DepthTag="5.762">2.291 20.777 54.871 0.000 63.521 20.777 </Samples>
		<Samples TimeTag="2024-12-25T04:15:45" DepthTag="5.868">1.764 20.777 51.766 0.000 67.232 20.777 </Samples>
		<Samples TimeTag="2024-12-25T04:15:49" DepthTag="5.969">1.672 20.823 53.059 0.000 66.571 20.823 </Samples>
		<Samples TimeTag="2024-12-25T04:15:54" DepthTag="6.074">1.230 20.747 52.185 0.000 69.047 20.747 </Samples>
		<Samples TimeTag="2024-12-25T04:15:58" DepthTag="6.176">1.444 20.670 53.644 0.000 67.002 20.670 </Samples>
		<Samples TimeTag="2024-12-25T04:16:01" DepthTag="6.284">2.672 20.885 53.129 0.000 56.071 20.885 </Samples>
		<Samples TimeTag="2024-12-25T04:16:03" DepthTag="6.384">2.511 21.007 53.293 0.000 60.139 21.007 </Samples>
		<Samples TimeTag="2024-12-25T04:16:06" DepthTag="6.492">2.311 20.640 43.286 0.000 61.844 20.640 </Samples>
		<Samples TimeTag="2024-12-25T04:16:08" DepthTag="6.599">2.951 20.303 39.747 0.000 59.335 20.303 </Samples>
	</CompactMWDdata>
	<IR:GenTrailer>
		<IR:FileCloseDate>2024-12-25T04:20:51</IR:FileCloseDate>
		<IR:ChkSum>0395616850</IR:ChkSum>
	</IR:GenTrailer>
</DRMWD>
