<?xml version="1.0" encoding="UTF-8"?>
<!-- Generated by the RCS System Epiroc Rock Drills AB -->
<DRMWD xmlns="http://www.iredes.org/xml/DrillRig" xmlns:IR="http://www.iredes.org/xml" xmlns:xsi="http://www.w3.org/2001/XMLSchema-instance" xsi:schemaLocation="http://www.iredes.org/xml/DrillRig C:\Iredes\IR_V1.2.3\xml\DR-DrillRig_V1.2\DrillRig.xsd" IRVersion="V 1.2AC" IRDownwCompat="V 1.2AC" DRMWDDownwCompat="V 1.2AC" DRMWDVersion="V 1.2AC">
	<IR:GenHead>
		<IR:FileCreateDate>2024-12-27T06:10:28</IR:FileCreateDate>
		<IR:IRversion DownwCompat="V 1.0">V 1.2AC</IR:IRversion>
		<IR:EquipmentInfo>
			<IR:EqpManufact>Epiroc</IR:EqpManufact>
			<IR:EqpType>SmartROC D65</IR:EqpType>
			<IR:EqpSerNo>8992013064</IR:EqpSerNo>
			<IR:EqpSysVer>6.28.1</IR:EqpSysVer>
			<IR:EqpInfo>DrillingMethod: DTH</IR:EqpInfo>
		</IR:EquipmentInfo>
	</IR:GenHead>
	<IR:ReportId>MWDRI270610</IR:ReportId>
	<IR:StartLogTime>2024-12-27T06:00:17</IR:StartLogTime>
	<IR:EndLogTime>2024-12-27T06:06:47</IR:EndLogTime>
	<IR:PlanIdRef>FRD03_11_0626_001_All</IR:PlanIdRef>
	<IR:PlanNameRef>FRD03_11_0626_001_All</IR:PlanNameRef>
	<MWDholeId>J16</MWDholeId>
	<QualityReportIdRef>DQRI270314</QualityReportIdRef>
	<SampleDistance>0.100</SampleDistance>
	<CompactMWDdata>
		<MWDparams>
			<Parameter Unit="m/min" Full="PenetrRate">PR</Parameter>
			<Parameter Unit="Bar" Full="PercPressure">PP</Parameter>
			<Parameter Unit="Bar" Full="FeedPressure">FP</Parameter>
			<Parameter Unit="Bar" Full="DampPressure">DP</Parameter>
			<Parameter Unit="Bar" Full="RotPressure">RP</Parameter>
			<Parameter Unit="Bar" Full="FlushPressure">FLP</Parameter>
		</MWDparams>
		<Samples TimeTag="2024-12-27T06:00:17" DepthTag="0.102">1.120 14.214 38.652 0.000 20.525 14.214 </Samples>
		<Samples TimeTag="2024-12-27T06:00:19" DepthTag="0.202">2.511 14.657 42.559 0.000 20.698 14.657 </Samples>
		<Samples TimeTag="2024-12-27T06:00:22" DepthTag="0.304">2.057 14.887 43.202 0.000 20.544 14.887 </Samples>
		<Samples TimeTag="2024-12-27T06:00:28" DepthTag="0.405">1.128 15.269 42.189 0.000 39.843 15.269 </Samples>
		<Samples TimeTag="2024-12-27T06:00:33" DepthTag="0.510">1.312 15.346 36.566 0.000 45.732 15.346 </Samples>
		<Samples TimeTag="2024-12-27T06:00:53" DepthTag="0.610">0.727 10.144 44.475 0.000 60.239 10.144 </Samples>
		<Samples TimeTag="2024-12-27T06:00:57" DepthTag="0.714">1.487 13.219 41.198 0.000 52.934 13.219 </Samples>
		<Samples TimeTag="2024-12-27T06:01:01" DepthTag="0.814">1.786 14.229 41.199 0.000 53.076 14.229 </Samples>
		<Samples TimeTag="2024-12-27T06:01:06" DepthTag="0.919">1.245 10.557 40.203 0.000 64.643 10.557 </Samples>
		<Samples TimeTag="2024-12-27T06:01:31" DepthTag="1.058">1.042 3.978 21.912 0.000 29.793 3.978 </Samples>
		<Samples TimeTag="2024-12-27T06:01:36" DepthTag="1.158">1.208 11.659 43.743 0.000 40.591 11.659 </Samples>
		<Samples TimeTag="2024-12-27T06:01:41" DepthTag="1.261">1.236 14.137 40.659 0.000 42.612 14.137 </Samples>
		<Samples TimeTag="2024-12-27T06:01:45" DepthTag="1.361">1.365 14.719 40.714 0.000 46.981 14.719 </Samples>
		<Samples TimeTag="2024-12-27T06:01:50" DepthTag="1.462">1.368 14.933 39.384 0.000 51.121 14.933 </Samples>
		<Samples TimeTag="2024-12-27T06:02:19" DepthTag="1.565">0.840 6.441 44.254 0.000 49.228 6.441 </Samples>
		<Samples TimeTag="2024-12-27T06:02:25" DepthTag="1.666">0.983 15.162 40.978 0.000 53.251 15.162 </Samples>
		<Samples TimeTag="2024-12-27T06:02:28" DepthTag="1.774">1.870 16.325 38.566 0.000 49.532 16.325 </Samples>
		<Samples TimeTag="2024-12-27T06:02:32" DepthTag="1.876">1.903 16.983 39.812 0.000 46.579 16.983 </Samples>
		<Samples TimeTag="2024-12-27T06:02:36" DepthTag="1.976">1.447 17.503 40.800 0.000 51.044 17.503 </Samples>
		<Samples TimeTag="2024-12-27T06:02:40" DepthTag="2.079">1.641 17.779 40.878 0.000 48.733 17.779 </Samples>
		<Samples TimeTag="2024-12-27T06:02:43" DepthTag="2.183">1.610 17.962 39.374 0.000 39.523 17.962 </Samples>
		<Samples TimeTag="2024-12-27T06:02:47" DepthTag="2.283">1.676 18.023 40.271 0.000 35.704 18.023 </Samples>
		<Samples TimeTag="2024-12-27T06:02:51" DepthTag="2.384">1.604 18.085 39.594 0.000 39.005 18.085 </Samples>
		<Samples TimeTag="2024-12-27T06:02:54" DepthTag="2.487">2.085 18.100 38.363 0.000 37.629 18.100 </Samples>
		<Samples TimeTag="2024-12-27T06:03:27" DepthTag="2.588">0.590 6.686 42.551 0.000 52.522 6.686 </Samples>
		<Samples TimeTag="2024-12-27T06:03:37" DepthTag="2.690">0.627 16.111 40.881 0.000 58.033 16.111 </Samples>
		<Samples TimeTag="2024-12-27T06:03:42" DepthTag="2.792">1.263 16.906 40.540 0.000 50.061 16.906 </Samples>
		<Samples TimeTag="2024-12-27T06:03:47" DepthTag="2.897">1.215 17.365 38.147 0.000 44.856 17.365 </Samples>
		<Samples TimeTag="2024-12-27T06:03:53" DepthTag="2.998">0.976 17.671 41.258 0.000 52.289 17.671 </Samples>
		<Samples TimeTag="2024-12-27T06:04:02" DepthTag="3.098">0.671 17.610 38.609 0.000 48.477 17.610 </Samples>
		<Samples TimeTag="2024-12-27T06:04:08" DepthTag="3.206">1.073 17.763 37.856 0.000 43.929 17.763 </Samples>
		<Samples TimeTag="2024-12-27T06:04:12" DepthTag="3.308">1.625 17.962 41.194 0.000 51.377 17.962 </Samples>
		<Samples TimeTag="2024-12-27T06:04:18" DepthTag="3.411">0.989 18.131 40.435 0.000 52.803 18.131 </Samples>
		<Samples TimeTag="2024-12-27T06:04:21" DepthTag="3.516">2.022 18.207 33.987 0.000 46.299 18.207 </Samples>
		<Samples TimeTag="2024-12-27T06:04:55" DepthTag="3.625">1.012 4.712 39.112 0.000 45.819 4.712 </Samples>
		<Samples TimeTag="2024-12-27T06:04:59" DepthTag="3.727">1.326 13.816 45.111 0.000 37.244 13.816 </Samples>
		<Samples TimeTag="2024-12-27T06:05:03" DepthTag="3.831">1.648 16.080 44.852 0.000 36.681 16.080 </Samples>
		<Samples TimeTag="2024-12-27T06:05:06" DepthTag="3.931">1.876 17.029 44.561 0.000 35.413 17.029 </Samples>
		<Samples TimeTag="2024-12-27T06:05:09" DepthTag="4.039">2.295 17.610 45.009 0.000 34.310 17.610 </Samples>
		<Samples TimeTag="2024-12-27T06:05:12" DepthTag="4.142">1.938 18.253 44.094 0.000 46.608 18.253 </Samples>
		<Samples TimeTag="2024-12-27T06:05:15" DepthTag="4.247">2.240 18.299 44.702 0.000 51.916 18.299 </Samples>
		<Samples TimeTag="2024-12-27T06:05:18" DepthTag="4.349">2.375 18.437 45.175 0.000 48.973 18.437 </Samples>
		<Samples TimeTag="2024-12-27T06:05:20" DepthTag="4.460">2.767 18.467 44.803 0.000 50.791 18.467 </Samples>
		<Samples TimeTag="2024-12-27T06:05:22" DepthTag="4.561">3.427 18.452 44.850 0.000 45.922 18.452 </Samples>
		<Samples TimeTag="2024-12-27T06:05:24" DepthTag="4.668">3.502 18.406 44.185 0.000 50.084 18.406 </Samples>
		<Samples TimeTag="2024-12-27T06:05:26" DepthTag="4.779">3.300 18.437 43.988 0.000 47.937 18.437 </Samples>
		<Samples TimeTag="2024-12-27T06:05:28" DepthTag="4.882">3.084 18.406 45.113 0.000 51.645 18.406 </Samples>
		<Samples TimeTag="2024-12-27T06:05:30" DepthTag="4.989">2.287 18.345 45.974 0.000 47.551 18.345 </Samples>
		<Samples TimeTag="2024-12-27T06:05:34" DepthTag="5.093">1.958 18.268 44.771 0.000 53.117 18.268 </Samples>
		<Samples TimeTag="2024-12-27T06:05:39" DepthTag="5.195">1.187 17.886 45.672 0.000 53.558 17.886 </Samples>
		<Samples TimeTag="2024-12-27T06:05:42" DepthTag="5.296">2.166 17.932 43.620 0.000 51.983 17.932 </Samples>
		<Samples TimeTag="2024-12-27T06:05:44" DepthTag="5.402">2.252 18.039 43.417 0.000 45.024 18.039 </Samples>
		<Samples TimeTag="2024-12-27T06:05:47" DepthTag="5.514">2.541 18.176 44.024 0.000 38.909 18.176 </Samples>
		<Samples TimeTag="2024-12-27T06:05:50" DepthTag="5.620">2.151 18.773 44.373 0.000 46.555 18.773 </Samples>
		<Samples TimeTag="2024-12-27T06:05:53" DepthTag="5.725">1.958 18.635 45.068 0.000 51.784 18.635 </Samples>
		<Samples TimeTag="2024-12-27T06:05:56" DepthTag="5.826">2.514 18.544 45.742 0.000 54.033 18.544 </Samples>
		<Samples TimeTag="2024-12-27T06:05:58" DepthTag="5.931">2.255 18.513 44.293 0.000 52.976 18.513 </Samples>
		<Samples TimeTag="2024-12-27T06:06:01" DepthTag="6.036">2.898 18.421 44.991 0.000 45.820 18.421 </Samples>
		<Samples TimeTag="2024-12-27T06:06:03" DepthTag="6.137">2.372 18.314 44.154 0.000 52.071 18.314 </Samples>
		<Samples TimeTag="2024-12-27T06:06:06" DepthTag="6.238">2.521 18.253 45.043 0.000 54.478 18.253 </Samples>
		<Samples TimeTag="2024-12-27T06:06:08" DepthTag="6.345">2.412 18.192 46.282 0.000 55.807 18.192 </Samples>
		<Samples TimeTag="2024-12-27T06:06:11" DepthTag="6.450">2.238 18.161 44.839 0.000 52.951 18.161 </Samples>
		<Samples TimeTag="2024-12-27T06:06:14" DepthTag="6.553">2.205 18.238 45.122 0.000 56.430 18.238 </Samples>
		<Samples TimeTag="2024-12-27T06:06:18" DepthTag="6.658">1.572 17.855 45.087 0.000 50.112 17.855 </Samples>
		<Samples TimeTag="2024-12-27T06:06:21" DepthTag="6.758">2.023 17.779 44.947 0.000 47.460 17.779 </Samples>
		<Samples TimeTag="2024-12-27T06:06:24" DepthTag="6.861">2.198 17.763 45.331 0.000 45.628 17.763 </Samples>
		<Samples TimeTag="2024-12-27T06:06:28" DepthTag="6.962">1.451 17.488 44.596 0.000 50.240 17.488 </Samples>
		<Samples TimeTag="2024-12-27T06:06:31" DepthTag="7.063">1.766 17.503 44.461 0.000 48.931 17.503 </Samples>
		<Samples TimeTag="2024-12-27T06:06:36" DepthTag="7.166">1.244 17.396 44.570 0.000 52.354 17.396 </Samples>
		<Samples TimeTag="2024-12-27T06:06:42" DepthTag="7.270">1.032 17.167 45.149 0.000 48.558 17.167 </Samples>
		<Samples TimeTag="2024-12-27T06:06:44" DepthTag="7.372">2.837 17.518 41.803 0.000 38.511 17.518 </Samples>
		<Samples TimeTag="2024-12-27T06:06:47" DepthTag="7.473">2.683 17.687 39.718 0.000 39.128 17.687 </Samples>
	</CompactMWDdata>
	<IR:GenTrailer>
		<IR:FileCloseDate>2024-12-27T06:10:28</IR:FileCloseDate>
		<IR:ChkSum>4195275935</IR:ChkSum>
	</IR:GenTrailer>
</DRMWD>
