<?xml version="1.0" encoding="UTF-8"?>
<!-- Generated by the RCS System Epiroc Rock Drills AB -->
<DRMWD xmlns="http://www.iredes.org/xml/DrillRig" xmlns:IR="http://www.iredes.org/xml" xmlns:xsi="http://www.w3.org/2001/XMLSchema-instance" xsi:schemaLocation="http://www.iredes.org/xml/DrillRig C:\Iredes\IR_V1.2.3\xml\DR-DrillRig_V1.2\DrillRig.xsd" IRVersion="V 1.2AC" IRDownwCompat="V 1.2AC" DRMWDDownwCompat="V 1.2AC" DRMWDVersion="V 1.2AC">
	<IR:GenHead>
		<IR:FileCreateDate>2024-12-26T01:32:06</IR:FileCreateDate>
		<IR:IRversion DownwCompat="V 1.0">V 1.2AC</IR:IRversion>
		<IR:EquipmentInfo>
			<IR:EqpManufact>Epiroc</IR:EqpManufact>
			<IR:EqpType>SmartROC D65</IR:EqpType>
			<IR:EqpSerNo>8992013064</IR:EqpSerNo>
			<IR:EqpSysVer>6.28.1</IR:EqpSysVer>
			<IR:EqpInfo>DrillingMethod: DTH</IR:EqpInfo>
		</IR:EquipmentInfo>
	</IR:GenHead>
	<IR:ReportId>MWDRI260132</IR:ReportId>
	<IR:StartLogTime>2024-12-26T01:23:01</IR:StartLogTime>
	<IR:EndLogTime>2024-12-26T01:30:49</IR:EndLogTime>
	<IR:PlanIdRef>FRD03_11_0632_002_All</IR:PlanIdRef>
	<IR:PlanNameRef>FRD03_11_0632_002_All</IR:PlanNameRef>
	<MWDholeId>A6</MWDholeId>
	<QualityReportIdRef>DQRI252345</QualityReportIdRef>
	<SampleDistance>0.100</SampleDistance>
	<CompactMWDdata>
		<MWDparams>
			<Parameter Unit="m/min" Full="PenetrRate">PR</Parameter>
			<Parameter Unit="Bar" Full="PercPressure">PP</Parameter>
			<Parameter Unit="Bar" Full="FeedPressure">FP</Parameter>
			<Parameter Unit="Bar" Full="DampPressure">DP</Parameter>
			<Parameter Unit="Bar" Full="RotPressure">RP</Parameter>
			<Parameter Unit="Bar" Full="FlushPressure">FLP</Parameter>
		</MWDparams>
		<Samples TimeTag="2024-12-26T01:23:01" DepthTag="0.100">0.955 13.923 25.154 0.000 21.400 13.923 </Samples>
		<Samples TimeTag="2024-12-26T01:23:03" DepthTag="0.211">4.369 14.321 28.379 0.000 21.400 14.321 </Samples>
		<Samples TimeTag="2024-12-26T01:23:06" DepthTag="0.317">1.845 14.841 43.484 0.000 21.415 14.841 </Samples>
		<Samples TimeTag="2024-12-26T01:23:11" DepthTag="0.424">1.459 14.979 41.628 0.000 51.577 14.979 </Samples>
		<Samples TimeTag="2024-12-26T01:23:35" DepthTag="0.528">0.708 14.979 42.090 0.000 45.683 14.979 </Samples>
		<Samples TimeTag="2024-12-26T01:23:38" DepthTag="0.632">1.733 15.071 41.102 0.000 48.750 15.071 </Samples>
		<Samples TimeTag="2024-12-26T01:23:42" DepthTag="0.737">1.970 15.071 40.668 0.000 44.712 15.071 </Samples>
		<Samples TimeTag="2024-12-26T01:23:46" DepthTag="0.838">1.262 15.040 41.503 0.000 47.940 15.040 </Samples>
		<Samples TimeTag="2024-12-26T01:23:54" DepthTag="0.939">0.750 14.749 39.784 0.000 51.103 14.749 </Samples>
		<Samples TimeTag="2024-12-26T01:24:34" DepthTag="1.040">0.333 13.632 42.027 0.000 49.551 13.632 </Samples>
		<Samples TimeTag="2024-12-26T01:24:48" DepthTag="1.141">0.430 14.458 39.842 0.000 54.437 14.458 </Samples>
		<Samples TimeTag="2024-12-26T01:25:03" DepthTag="1.242">0.403 14.566 39.709 0.000 53.691 14.566 </Samples>
		<Samples TimeTag="2024-12-26T01:25:11" DepthTag="1.343">0.779 14.826 39.694 0.000 53.685 14.826 </Samples>
		<Samples TimeTag="2024-12-26T01:25:20" DepthTag="1.445">0.682 14.703 39.415 0.000 46.682 14.703 </Samples>
		<Samples TimeTag="2024-12-26T01:25:50" DepthTag="1.565">0.898 4.988 28.262 0.000 33.599 4.988 </Samples>
		<Samples TimeTag="2024-12-26T01:25:56" DepthTag="1.667">1.024 14.520 41.121 0.000 35.428 14.520 </Samples>
		<Samples TimeTag="2024-12-26T01:26:01" DepthTag="1.770">1.330 16.371 40.436 0.000 50.836 16.371 </Samples>
		<Samples TimeTag="2024-12-26T01:26:06" DepthTag="1.871">1.081 17.182 40.136 0.000 48.528 17.182 </Samples>
		<Samples TimeTag="2024-12-26T01:26:11" DepthTag="1.979">1.347 17.610 39.308 0.000 49.493 17.610 </Samples>
		<Samples TimeTag="2024-12-26T01:26:16" DepthTag="2.080">1.404 17.809 40.413 0.000 46.988 17.809 </Samples>
		<Samples TimeTag="2024-12-26T01:26:21" DepthTag="2.181">1.108 17.993 40.447 0.000 50.285 17.993 </Samples>
		<Samples TimeTag="2024-12-26T01:26:27" DepthTag="2.284">1.100 18.100 41.200 0.000 46.555 18.100 </Samples>
		<Samples TimeTag="2024-12-26T01:26:33" DepthTag="2.386">1.039 18.146 40.621 0.000 47.380 18.146 </Samples>
		<Samples TimeTag="2024-12-26T01:26:36" DepthTag="2.487">1.981 18.146 37.748 0.000 40.080 18.146 </Samples>
		<Samples TimeTag="2024-12-26T01:27:08" DepthTag="2.589">0.727 5.508 35.167 0.000 43.558 5.508 </Samples>
		<Samples TimeTag="2024-12-26T01:27:13" DepthTag="2.693">1.162 14.504 41.176 0.000 52.233 14.504 </Samples>
		<Samples TimeTag="2024-12-26T01:27:16" DepthTag="2.796">2.338 15.805 39.280 0.000 33.159 15.805 </Samples>
		<Samples TimeTag="2024-12-26T01:27:19" DepthTag="2.900">2.107 16.555 40.353 0.000 40.285 16.555 </Samples>
		<Samples TimeTag="2024-12-26T01:27:22" DepthTag="3.003">1.827 17.075 40.281 0.000 39.552 17.075 </Samples>
		<Samples TimeTag="2024-12-26T01:27:26" DepthTag="3.106">1.788 17.427 40.370 0.000 45.696 17.427 </Samples>
		<Samples TimeTag="2024-12-26T01:27:30" DepthTag="3.209">1.351 17.702 41.658 0.000 47.055 17.702 </Samples>
		<Samples TimeTag="2024-12-26T01:27:40" DepthTag="3.309">0.655 17.809 40.995 0.000 42.445 17.809 </Samples>
		<Samples TimeTag="2024-12-26T01:27:50" DepthTag="3.412">0.602 17.962 39.564 0.000 50.292 17.962 </Samples>
		<Samples TimeTag="2024-12-26T01:27:57" DepthTag="3.512">0.881 8.721 0.308 0.000 21.272 8.721 </Samples>
		<Samples TimeTag="2024-12-26T01:28:28" DepthTag="3.612">1.170 11.108 46.180 0.000 54.810 11.108 </Samples>
		<Samples TimeTag="2024-12-26T01:28:32" DepthTag="3.714">1.788 15.560 53.241 0.000 59.107 15.560 </Samples>
		<Samples TimeTag="2024-12-26T01:28:35" DepthTag="3.816">2.049 16.952 52.794 0.000 63.856 16.952 </Samples>
		<Samples TimeTag="2024-12-26T01:28:38" DepthTag="3.921">1.970 17.855 53.662 0.000 51.268 17.855 </Samples>
		<Samples TimeTag="2024-12-26T01:28:40" DepthTag="4.028">2.503 18.360 52.601 0.000 52.849 18.360 </Samples>
		<Samples TimeTag="2024-12-26T01:28:43" DepthTag="4.130">2.546 18.819 55.229 0.000 54.102 18.819 </Samples>
		<Samples TimeTag="2024-12-26T01:28:46" DepthTag="4.231">2.148 19.859 54.729 0.000 48.192 19.859 </Samples>
		<Samples TimeTag="2024-12-26T01:28:50" DepthTag="4.332">1.507 19.737 54.661 0.000 49.271 19.737 </Samples>
		<Samples TimeTag="2024-12-26T01:28:53" DepthTag="4.435">1.646 19.752 52.761 0.000 54.433 19.752 </Samples>
		<Samples TimeTag="2024-12-26T01:28:56" DepthTag="4.543">2.451 19.722 52.629 0.000 51.927 19.722 </Samples>
		<Samples TimeTag="2024-12-26T01:28:58" DepthTag="4.645">2.538 19.615 54.501 0.000 52.276 19.615 </Samples>
		<Samples TimeTag="2024-12-26T01:29:01" DepthTag="4.750">2.453 19.630 53.494 0.000 50.894 19.630 </Samples>
		<Samples TimeTag="2024-12-26T01:29:03" DepthTag="4.856">2.828 19.752 54.011 0.000 43.525 19.752 </Samples>
		<Samples TimeTag="2024-12-26T01:29:05" DepthTag="4.963">2.973 19.905 53.968 0.000 39.915 19.905 </Samples>
		<Samples TimeTag="2024-12-26T01:29:08" DepthTag="5.069">2.932 20.058 53.787 0.000 44.833 20.058 </Samples>
		<Samples TimeTag="2024-12-26T01:29:10" DepthTag="5.172">2.758 20.150 54.725 0.000 47.326 20.150 </Samples>
		<Samples TimeTag="2024-12-26T01:29:13" DepthTag="5.277">2.236 20.288 53.652 0.000 44.121 20.288 </Samples>
		<Samples TimeTag="2024-12-26T01:29:15" DepthTag="5.378">2.370 20.395 53.912 0.000 43.469 20.395 </Samples>
		<Samples TimeTag="2024-12-26T01:29:18" DepthTag="5.479">2.048 20.471 54.071 0.000 44.248 20.471 </Samples>
		<Samples TimeTag="2024-12-26T01:29:21" DepthTag="5.583">2.049 20.517 54.059 0.000 47.477 20.517 </Samples>
		<Samples TimeTag="2024-12-26T01:29:24" DepthTag="5.690">1.992 20.487 53.923 0.000 48.647 20.487 </Samples>
		<Samples TimeTag="2024-12-26T01:29:27" DepthTag="5.791">2.035 20.533 53.607 0.000 47.222 20.533 </Samples>
		<Samples TimeTag="2024-12-26T01:29:30" DepthTag="5.901">2.502 20.839 53.044 0.000 38.709 20.839 </Samples>
		<Samples TimeTag="2024-12-26T01:29:33" DepthTag="6.008">2.502 21.038 54.641 0.000 38.825 21.038 </Samples>
		<Samples TimeTag="2024-12-26T01:29:35" DepthTag="6.121">2.811 21.007 52.635 0.000 38.843 21.007 </Samples>
		<Samples TimeTag="2024-12-26T01:29:36" DepthTag="6.227">4.673 20.946 49.981 0.000 39.384 20.946 </Samples>
		<Samples TimeTag="2024-12-26T01:29:38" DepthTag="6.343">4.831 20.961 50.721 0.000 37.799 20.961 </Samples>
		<Samples TimeTag="2024-12-26T01:29:39" DepthTag="6.455">4.200 20.885 53.291 0.000 38.257 20.885 </Samples>
		<Samples TimeTag="2024-12-26T01:29:41" DepthTag="6.567">4.159 20.823 54.637 0.000 41.118 20.823 </Samples>
		<Samples TimeTag="2024-12-26T01:29:43" DepthTag="6.677">3.741 20.747 53.969 0.000 43.483 20.747 </Samples>
		<Samples TimeTag="2024-12-26T01:29:44" DepthTag="6.784">4.485 20.732 53.473 0.000 44.653 20.732 </Samples>
		<Samples TimeTag="2024-12-26T01:29:46" DepthTag="6.894">4.090 20.655 55.151 0.000 42.999 20.655 </Samples>
		<Samples TimeTag="2024-12-26T01:29:48" DepthTag="6.997">3.076 20.517 54.973 0.000 45.457 20.517 </Samples>
		<Samples TimeTag="2024-12-26T01:29:50" DepthTag="7.103">2.941 20.334 55.549 0.000 55.399 20.334 </Samples>
		<Samples TimeTag="2024-12-26T01:29:53" DepthTag="7.208">1.881 20.181 53.450 0.000 49.316 20.181 </Samples>
		<Samples TimeTag="2024-12-26T01:29:56" DepthTag="7.313">2.783 20.196 49.561 0.000 41.976 20.196 </Samples>
		<Samples TimeTag="2024-12-26T01:29:58" DepthTag="7.415">2.843 19.569 41.090 0.000 39.032 19.569 </Samples>
		<Samples TimeTag="2024-12-26T01:30:49" DepthTag="7.529">0.815 5.156 12.698 0.000 41.612 5.156 </Samples>
	</CompactMWDdata>
	<IR:GenTrailer>
		<IR:FileCloseDate>2024-12-26T01:32:06</IR:FileCloseDate>
		<IR:ChkSum>2109726967</IR:ChkSum>
	</IR:GenTrailer>
</DRMWD>
