<?xml version="1.0" encoding="UTF-8"?>
<!-- Generated by the RCS System Epiroc Rock Drills AB -->
<DRMWD xmlns="http://www.iredes.org/xml/DrillRig" xmlns:IR="http://www.iredes.org/xml" xmlns:xsi="http://www.w3.org/2001/XMLSchema-instance" xsi:schemaLocation="http://www.iredes.org/xml/DrillRig C:\Iredes\IR_V1.2.3\xml\DR-DrillRig_V1.2\DrillRig.xsd" IRVersion="V 1.2AC" IRDownwCompat="V 1.2AC" DRMWDDownwCompat="V 1.2AC" DRMWDVersion="V 1.2AC">
	<IR:GenHead>
		<IR:FileCreateDate>2024-12-26T20:30:06</IR:FileCreateDate>
		<IR:IRversion DownwCompat="V 1.0">V 1.2AC</IR:IRversion>
		<IR:EquipmentInfo>
			<IR:EqpManufact>Epiroc</IR:EqpManufact>
			<IR:EqpType>SmartROC D65</IR:EqpType>
			<IR:EqpSerNo>8992013064</IR:EqpSerNo>
			<IR:EqpSysVer>6.28.1</IR:EqpSysVer>
			<IR:EqpInfo>DrillingMethod: DTH</IR:EqpInfo>
		</IR:EquipmentInfo>
	</IR:GenHead>
	<IR:ReportId>MWDRI262030</IR:ReportId>
	<IR:StartLogTime>2024-12-26T20:20:49</IR:StartLogTime>
	<IR:EndLogTime>2024-12-26T20:28:30</IR:EndLogTime>
	<IR:PlanIdRef>FRD03_11_0626_001_All</IR:PlanIdRef>
	<IR:PlanNameRef>FRD03_11_0626_001_All</IR:PlanNameRef>
	<MWDholeId>A85</MWDholeId>
	<QualityReportIdRef>DQRI261457</QualityReportIdRef>
	<SampleDistance>0.100</SampleDistance>
	<CompactMWDdata>
		<MWDparams>
			<Parameter Unit="m/min" Full="PenetrRate">PR</Parameter>
			<Parameter Unit="Bar" Full="PercPressure">PP</Parameter>
			<Parameter Unit="Bar" Full="FeedPressure">FP</Parameter>
			<Parameter Unit="Bar" Full="DampPressure">DP</Parameter>
			<Parameter Unit="Bar" Full="RotPressure">RP</Parameter>
			<Parameter Unit="Bar" Full="FlushPressure">FLP</Parameter>
		</MWDparams>
		<Samples TimeTag="2024-12-26T20:20:49" DepthTag="0.102">1.346 10.220 44.260 0.000 21.379 10.220 </Samples>
		<Samples TimeTag="2024-12-26T20:20:54" DepthTag="0.205">1.138 14.107 38.839 0.000 21.394 14.107 </Samples>
		<Samples TimeTag="2024-12-26T20:20:56" DepthTag="0.314">2.722 14.428 38.335 0.000 39.045 14.428 </Samples>
		<Samples TimeTag="2024-12-26T20:20:58" DepthTag="0.421">3.188 14.596 39.414 0.000 49.162 14.596 </Samples>
		<Samples TimeTag="2024-12-26T20:21:18" DepthTag="0.548">1.463 9.945 37.933 0.000 43.306 9.945 </Samples>
		<Samples TimeTag="2024-12-26T20:21:21" DepthTag="0.648">1.877 10.848 41.819 0.000 54.609 10.848 </Samples>
		<Samples TimeTag="2024-12-26T20:21:24" DepthTag="0.754">1.984 7.574 40.443 0.000 52.379 7.574 </Samples>
		<Samples TimeTag="2024-12-26T20:21:28" DepthTag="0.855">1.537 7.788 41.250 0.000 62.719 7.788 </Samples>
		<Samples TimeTag="2024-12-26T20:23:01" DepthTag="0.968">0.295 11.552 38.851 0.000 43.643 11.552 </Samples>
		<Samples TimeTag="2024-12-26T20:23:26" DepthTag="1.076">1.129 12.194 41.247 0.000 52.051 12.194 </Samples>
		<Samples TimeTag="2024-12-26T20:23:29" DepthTag="1.182">2.129 14.076 40.698 0.000 51.395 14.076 </Samples>
		<Samples TimeTag="2024-12-26T20:23:37" DepthTag="1.282">0.788 18.773 42.045 0.000 26.149 18.773 </Samples>
		<Samples TimeTag="2024-12-26T20:23:47" DepthTag="1.384">0.620 20.885 37.545 0.000 38.953 20.885 </Samples>
		<Samples TimeTag="2024-12-26T20:23:51" DepthTag="1.488">1.611 18.651 39.376 0.000 46.986 18.651 </Samples>
		<Samples TimeTag="2024-12-26T20:25:01" DepthTag="1.589">0.604 15.040 42.418 0.000 57.974 15.040 </Samples>
		<Samples TimeTag="2024-12-26T20:25:08" DepthTag="1.689">0.917 16.845 39.363 0.000 51.328 16.845 </Samples>
		<Samples TimeTag="2024-12-26T20:25:12" DepthTag="1.792">1.349 17.350 39.291 0.000 50.116 17.350 </Samples>
		<Samples TimeTag="2024-12-26T20:25:18" DepthTag="1.894">1.014 17.610 40.269 0.000 48.469 17.610 </Samples>
		<Samples TimeTag="2024-12-26T20:25:23" DepthTag="2.003">1.406 17.809 39.550 0.000 43.700 17.809 </Samples>
		<Samples TimeTag="2024-12-26T20:25:28" DepthTag="2.103">1.120 17.855 41.037 0.000 50.144 17.855 </Samples>
		<Samples TimeTag="2024-12-26T20:25:33" DepthTag="2.207">1.304 17.978 39.312 0.000 48.890 17.978 </Samples>
		<Samples TimeTag="2024-12-26T20:25:37" DepthTag="2.310">1.480 17.978 38.867 0.000 45.746 17.978 </Samples>
		<Samples TimeTag="2024-12-26T20:25:41" DepthTag="2.414">1.802 18.023 39.804 0.000 44.342 18.023 </Samples>
		<Samples TimeTag="2024-12-26T20:25:44" DepthTag="2.515">1.805 17.136 30.816 0.000 43.166 17.136 </Samples>
		<Samples TimeTag="2024-12-26T20:26:16" DepthTag="2.619">0.979 14.306 40.606 0.000 39.950 14.306 </Samples>
		<Samples TimeTag="2024-12-26T20:26:19" DepthTag="2.725">1.991 16.019 40.308 0.000 31.944 16.019 </Samples>
		<Samples TimeTag="2024-12-26T20:26:22" DepthTag="2.830">2.118 16.815 40.218 0.000 33.863 16.815 </Samples>
		<Samples TimeTag="2024-12-26T20:26:26" DepthTag="2.934">1.936 17.289 39.230 0.000 42.572 17.289 </Samples>
		<Samples TimeTag="2024-12-26T20:26:29" DepthTag="3.038">2.052 17.564 39.012 0.000 37.786 17.564 </Samples>
		<Samples TimeTag="2024-12-26T20:26:31" DepthTag="3.142">2.292 17.717 39.377 0.000 43.694 17.717 </Samples>
		<Samples TimeTag="2024-12-26T20:26:33" DepthTag="3.242">3.259 17.855 39.407 0.000 37.950 17.855 </Samples>
		<Samples TimeTag="2024-12-26T20:26:36" DepthTag="3.349">2.282 17.932 39.623 0.000 40.320 17.932 </Samples>
		<Samples TimeTag="2024-12-26T20:26:38" DepthTag="3.455">2.921 17.962 37.167 0.000 39.689 17.962 </Samples>
		<Samples TimeTag="2024-12-26T20:27:10" DepthTag="3.589">1.548 5.248 27.543 0.000 27.843 5.248 </Samples>
		<Samples TimeTag="2024-12-26T20:27:15" DepthTag="3.692">1.184 14.504 44.271 0.000 48.208 14.504 </Samples>
		<Samples TimeTag="2024-12-26T20:27:19" DepthTag="3.796">1.444 16.295 44.476 0.000 53.520 16.295 </Samples>
		<Samples TimeTag="2024-12-26T20:27:22" DepthTag="3.903">1.989 16.906 45.099 0.000 53.086 16.906 </Samples>
		<Samples TimeTag="2024-12-26T20:27:25" DepthTag="4.007">2.048 17.304 45.333 0.000 52.307 17.304 </Samples>
		<Samples TimeTag="2024-12-26T20:27:28" DepthTag="4.109">2.071 17.549 44.049 0.000 53.028 17.549 </Samples>
		<Samples TimeTag="2024-12-26T20:27:31" DepthTag="4.212">2.204 17.779 45.317 0.000 49.662 17.779 </Samples>
		<Samples TimeTag="2024-12-26T20:27:34" DepthTag="4.320">2.169 17.886 44.406 0.000 49.744 17.886 </Samples>
		<Samples TimeTag="2024-12-26T20:27:37" DepthTag="4.420">1.880 17.993 45.050 0.000 50.905 17.993 </Samples>
		<Samples TimeTag="2024-12-26T20:27:41" DepthTag="4.523">1.710 18.039 44.806 0.000 48.266 18.039 </Samples>
		<Samples TimeTag="2024-12-26T20:27:44" DepthTag="4.628">1.822 18.115 45.126 0.000 48.327 18.115 </Samples>
		<Samples TimeTag="2024-12-26T20:27:48" DepthTag="4.733">1.677 18.115 45.035 0.000 47.123 18.115 </Samples>
		<Samples TimeTag="2024-12-26T20:27:51" DepthTag="4.833">2.348 18.161 45.576 0.000 44.850 18.161 </Samples>
		<Samples TimeTag="2024-12-26T20:27:54" DepthTag="4.945">2.203 18.192 44.505 0.000 54.022 18.192 </Samples>
		<Samples TimeTag="2024-12-26T20:27:56" DepthTag="5.049">2.580 18.161 45.329 0.000 44.429 18.161 </Samples>
		<Samples TimeTag="2024-12-26T20:27:59" DepthTag="5.151">2.072 18.207 44.657 0.000 47.130 18.207 </Samples>
		<Samples TimeTag="2024-12-26T20:28:03" DepthTag="5.253">1.807 18.161 45.866 0.000 52.540 18.161 </Samples>
		<Samples TimeTag="2024-12-26T20:28:06" DepthTag="5.362">1.899 18.207 44.737 0.000 56.170 18.207 </Samples>
		<Samples TimeTag="2024-12-26T20:28:08" DepthTag="5.464">2.530 18.238 44.475 0.000 46.206 18.238 </Samples>
		<Samples TimeTag="2024-12-26T20:28:10" DepthTag="5.567">3.501 18.253 45.032 0.000 46.475 18.253 </Samples>
		<Samples TimeTag="2024-12-26T20:28:14" DepthTag="5.673">1.768 18.207 45.456 0.000 51.237 18.207 </Samples>
		<Samples TimeTag="2024-12-26T20:28:16" DepthTag="5.780">3.191 18.238 44.008 0.000 48.696 18.238 </Samples>
		<Samples TimeTag="2024-12-26T20:28:18" DepthTag="5.884">2.872 18.176 45.843 0.000 47.152 18.176 </Samples>
		<Samples TimeTag="2024-12-26T20:28:20" DepthTag="5.992">2.910 18.176 45.442 0.000 46.916 18.176 </Samples>
		<Samples TimeTag="2024-12-26T20:28:22" DepthTag="6.096">3.531 18.161 44.510 0.000 47.068 18.161 </Samples>
		<Samples TimeTag="2024-12-26T20:28:24" DepthTag="6.198">2.714 18.222 44.624 0.000 48.057 18.222 </Samples>
		<Samples TimeTag="2024-12-26T20:28:26" DepthTag="6.303">2.917 18.207 45.440 0.000 50.885 18.207 </Samples>
		<Samples TimeTag="2024-12-26T20:28:28" DepthTag="6.403">2.997 18.146 39.719 0.000 46.746 18.146 </Samples>
		<Samples TimeTag="2024-12-26T20:28:30" DepthTag="6.504">3.024 18.069 39.317 0.000 45.439 18.069 </Samples>
	</CompactMWDdata>
	<IR:GenTrailer>
		<IR:FileCloseDate>2024-12-26T20:30:06</IR:FileCloseDate>
		<IR:ChkSum>0981368828</IR:ChkSum>
	</IR:GenTrailer>
</DRMWD>
