<?xml version="1.0" encoding="UTF-8"?>
<!-- Generated by the RCS System Epiroc Rock Drills AB -->
<DRMWD xmlns="http://www.iredes.org/xml/DrillRig" xmlns:IR="http://www.iredes.org/xml" xmlns:xsi="http://www.w3.org/2001/XMLSchema-instance" xsi:schemaLocation="http://www.iredes.org/xml/DrillRig C:\Iredes\IR_V1.2.3\xml\DR-DrillRig_V1.2\DrillRig.xsd" IRVersion="V 1.2AC" IRDownwCompat="V 1.2AC" DRMWDDownwCompat="V 1.2AC" DRMWDVersion="V 1.2AC">
	<IR:GenHead>
		<IR:FileCreateDate>2024-12-26T11:14:09</IR:FileCreateDate>
		<IR:IRversion DownwCompat="V 1.0">V 1.2AC</IR:IRversion>
		<IR:EquipmentInfo>
			<IR:EqpManufact>Epiroc</IR:EqpManufact>
			<IR:EqpType>SmartROC D65</IR:EqpType>
			<IR:EqpSerNo>8992013064</IR:EqpSerNo>
			<IR:EqpSysVer>6.28.1</IR:EqpSysVer>
			<IR:EqpInfo>DrillingMethod: DTH</IR:EqpInfo>
		</IR:EquipmentInfo>
	</IR:GenHead>
	<IR:ReportId>MWDRI261114</IR:ReportId>
	<IR:StartLogTime>2024-12-26T11:06:36</IR:StartLogTime>
	<IR:EndLogTime>2024-12-26T11:13:20</IR:EndLogTime>
	<IR:PlanIdRef>FRD03_11_0632_002_All</IR:PlanIdRef>
	<IR:PlanNameRef>FRD03_11_0632_002_All</IR:PlanNameRef>
	<MWDholeId>C2</MWDholeId>
	<QualityReportIdRef>DQRI252345</QualityReportIdRef>
	<SampleDistance>0.100</SampleDistance>
	<CompactMWDdata>
		<MWDparams>
			<Parameter Unit="m/min" Full="PenetrRate">PR</Parameter>
			<Parameter Unit="Bar" Full="PercPressure">PP</Parameter>
			<Parameter Unit="Bar" Full="FeedPressure">FP</Parameter>
			<Parameter Unit="Bar" Full="DampPressure">DP</Parameter>
			<Parameter Unit="Bar" Full="RotPressure">RP</Parameter>
			<Parameter Unit="Bar" Full="FlushPressure">FLP</Parameter>
		</MWDparams>
		<Samples TimeTag="2024-12-26T11:06:36" DepthTag="0.123">1.324 5.217 25.334 0.000 21.465 5.217 </Samples>
		<Samples TimeTag="2024-12-26T11:06:38" DepthTag="0.224">3.789 7.191 42.366 0.000 21.427 7.191 </Samples>
		<Samples TimeTag="2024-12-26T11:06:41" DepthTag="0.327">2.078 11.077 43.714 0.000 21.408 11.077 </Samples>
		<Samples TimeTag="2024-12-26T11:06:45" DepthTag="0.434">1.779 13.571 39.882 0.000 34.761 13.571 </Samples>
		<Samples TimeTag="2024-12-26T11:07:04" DepthTag="0.552">1.144 4.927 42.029 0.000 42.664 4.927 </Samples>
		<Samples TimeTag="2024-12-26T11:07:08" DepthTag="0.652">1.503 11.108 44.642 0.000 47.786 11.108 </Samples>
		<Samples TimeTag="2024-12-26T11:07:13" DepthTag="0.753">1.049 14.045 41.215 0.000 50.576 14.045 </Samples>
		<Samples TimeTag="2024-12-26T11:07:19" DepthTag="0.857">0.946 14.688 38.405 0.000 50.831 14.688 </Samples>
		<Samples TimeTag="2024-12-26T11:07:23" DepthTag="0.958">1.433 14.795 38.449 0.000 54.007 14.795 </Samples>
		<Samples TimeTag="2024-12-26T11:07:54" DepthTag="1.061">0.612 13.066 42.621 0.000 54.683 13.066 </Samples>
		<Samples TimeTag="2024-12-26T11:07:59" DepthTag="1.168">1.333 14.351 37.301 0.000 54.005 14.351 </Samples>
		<Samples TimeTag="2024-12-26T11:08:02" DepthTag="1.271">1.838 14.642 38.496 0.000 49.328 14.642 </Samples>
		<Samples TimeTag="2024-12-26T11:08:06" DepthTag="1.376">1.738 14.810 38.867 0.000 45.347 14.810 </Samples>
		<Samples TimeTag="2024-12-26T11:08:09" DepthTag="1.476">1.874 14.887 39.980 0.000 48.092 14.887 </Samples>
		<Samples TimeTag="2024-12-26T11:08:42" DepthTag="1.577">0.822 15.361 42.013 0.000 48.682 15.361 </Samples>
		<Samples TimeTag="2024-12-26T11:08:46" DepthTag="1.677">1.872 16.371 41.305 0.000 45.655 16.371 </Samples>
		<Samples TimeTag="2024-12-26T11:08:49" DepthTag="1.781">2.101 16.922 41.347 0.000 43.583 16.922 </Samples>
		<Samples TimeTag="2024-12-26T11:08:52" DepthTag="1.886">2.134 17.518 39.813 0.000 37.089 17.518 </Samples>
		<Samples TimeTag="2024-12-26T11:08:55" DepthTag="1.989">1.699 17.947 41.931 0.000 38.850 17.947 </Samples>
		<Samples TimeTag="2024-12-26T11:08:59" DepthTag="2.092">1.536 18.085 37.993 0.000 40.183 18.085 </Samples>
		<Samples TimeTag="2024-12-26T11:09:02" DepthTag="2.194">1.922 18.131 39.053 0.000 39.804 18.131 </Samples>
		<Samples TimeTag="2024-12-26T11:09:06" DepthTag="2.297">1.920 18.100 38.881 0.000 41.297 18.100 </Samples>
		<Samples TimeTag="2024-12-26T11:09:08" DepthTag="2.401">2.234 18.100 39.730 0.000 42.422 18.100 </Samples>
		<Samples TimeTag="2024-12-26T11:09:11" DepthTag="2.506">2.105 18.161 39.301 0.000 42.307 18.161 </Samples>
		<Samples TimeTag="2024-12-26T11:09:42" DepthTag="2.609">0.704 8.507 49.863 0.000 57.038 8.507 </Samples>
		<Samples TimeTag="2024-12-26T11:09:47" DepthTag="2.710">1.223 14.841 42.581 0.000 48.165 14.841 </Samples>
		<Samples TimeTag="2024-12-26T11:09:51" DepthTag="2.811">1.499 16.310 41.139 0.000 44.528 16.310 </Samples>
		<Samples TimeTag="2024-12-26T11:09:55" DepthTag="2.915">1.618 16.922 40.372 0.000 40.550 16.922 </Samples>
		<Samples TimeTag="2024-12-26T11:09:59" DepthTag="3.021">1.692 17.350 38.741 0.000 38.827 17.350 </Samples>
		<Samples TimeTag="2024-12-26T11:10:02" DepthTag="3.130">2.341 17.779 37.571 0.000 33.848 17.779 </Samples>
		<Samples TimeTag="2024-12-26T11:10:04" DepthTag="3.231">2.361 17.962 39.347 0.000 37.470 17.962 </Samples>
		<Samples TimeTag="2024-12-26T11:10:09" DepthTag="3.332">1.414 18.069 42.720 0.000 41.867 18.069 </Samples>
		<Samples TimeTag="2024-12-26T11:10:13" DepthTag="3.434">1.342 18.039 40.225 0.000 41.342 18.039 </Samples>
		<Samples TimeTag="2024-12-26T11:10:50" DepthTag="3.570">0.693 4.789 23.660 0.000 29.612 4.789 </Samples>
		<Samples TimeTag="2024-12-26T11:10:56" DepthTag="3.674">1.068 15.530 55.564 0.000 49.684 15.530 </Samples>
		<Samples TimeTag="2024-12-26T11:11:01" DepthTag="3.778">1.357 17.473 54.082 0.000 47.998 17.473 </Samples>
		<Samples TimeTag="2024-12-26T11:11:04" DepthTag="3.880">1.912 18.253 53.347 0.000 46.793 18.253 </Samples>
		<Samples TimeTag="2024-12-26T11:11:07" DepthTag="3.982">2.181 18.819 51.983 0.000 46.935 18.819 </Samples>
		<Samples TimeTag="2024-12-26T11:11:09" DepthTag="4.093">3.316 19.079 51.763 0.000 43.744 19.079 </Samples>
		<Samples TimeTag="2024-12-26T11:11:10" DepthTag="4.194">4.449 19.354 52.134 0.000 41.903 19.354 </Samples>
		<Samples TimeTag="2024-12-26T11:11:12" DepthTag="4.301">2.854 19.706 53.814 0.000 37.846 19.706 </Samples>
		<Samples TimeTag="2024-12-26T11:11:14" DepthTag="4.404">3.105 19.905 53.644 0.000 36.867 19.905 </Samples>
		<Samples TimeTag="2024-12-26T11:11:16" DepthTag="4.509">4.101 20.058 51.574 0.000 39.858 20.058 </Samples>
		<Samples TimeTag="2024-12-26T11:11:17" DepthTag="4.621">4.664 20.165 53.501 0.000 40.079 20.165 </Samples>
		<Samples TimeTag="2024-12-26T11:11:19" DepthTag="4.733">4.174 20.150 54.310 0.000 41.829 20.150 </Samples>
		<Samples TimeTag="2024-12-26T11:11:21" DepthTag="4.845">3.807 20.119 54.259 0.000 39.954 20.119 </Samples>
		<Samples TimeTag="2024-12-26T11:11:22" DepthTag="4.956">3.640 20.181 53.538 0.000 46.217 20.181 </Samples>
		<Samples TimeTag="2024-12-26T11:11:24" DepthTag="5.067">3.747 20.135 54.395 0.000 44.874 20.135 </Samples>
		<Samples TimeTag="2024-12-26T11:11:26" DepthTag="5.181">3.726 20.242 54.099 0.000 44.514 20.242 </Samples>
		<Samples TimeTag="2024-12-26T11:11:29" DepthTag="5.286">2.235 20.181 56.295 0.000 54.497 20.181 </Samples>
		<Samples TimeTag="2024-12-26T11:11:34" DepthTag="5.386">1.274 19.936 55.600 0.000 50.264 19.936 </Samples>
		<Samples TimeTag="2024-12-26T11:11:40" DepthTag="5.490">0.937 19.538 53.799 0.000 44.498 19.538 </Samples>
		<Samples TimeTag="2024-12-26T11:11:43" DepthTag="5.598">2.298 19.798 52.163 0.000 41.234 19.798 </Samples>
		<Samples TimeTag="2024-12-26T11:11:46" DepthTag="5.708">2.570 19.982 53.600 0.000 39.949 19.982 </Samples>
		<Samples TimeTag="2024-12-26T11:11:48" DepthTag="5.818">2.754 20.043 53.116 0.000 41.290 20.043 </Samples>
		<Samples TimeTag="2024-12-26T11:11:50" DepthTag="5.924">2.917 20.165 53.388 0.000 39.223 20.165 </Samples>
		<Samples TimeTag="2024-12-26T11:11:52" DepthTag="6.032">2.881 20.227 53.431 0.000 38.612 20.227 </Samples>
		<Samples TimeTag="2024-12-26T11:11:55" DepthTag="6.132">2.154 20.227 55.437 0.000 46.289 20.227 </Samples>
		<Samples TimeTag="2024-12-26T11:12:00" DepthTag="6.236">1.255 19.875 54.289 0.000 51.557 19.875 </Samples>
		<Samples TimeTag="2024-12-26T11:12:03" DepthTag="6.337">2.041 19.890 55.148 0.000 52.400 19.890 </Samples>
		<Samples TimeTag="2024-12-26T11:12:09" DepthTag="6.439">0.971 19.416 53.708 0.000 50.854 19.416 </Samples>
		<Samples TimeTag="2024-12-26T11:12:14" DepthTag="6.543">1.320 19.523 53.141 0.000 55.143 19.523 </Samples>
		<Samples TimeTag="2024-12-26T11:12:17" DepthTag="6.648">2.073 19.859 52.439 0.000 42.016 19.859 </Samples>
		<Samples TimeTag="2024-12-26T11:12:20" DepthTag="6.749">2.515 19.997 52.477 0.000 40.385 19.997 </Samples>
		<Samples TimeTag="2024-12-26T11:12:22" DepthTag="6.853">2.599 20.028 53.639 0.000 40.493 20.028 </Samples>
		<Samples TimeTag="2024-12-26T11:12:24" DepthTag="6.960">2.739 20.165 53.375 0.000 40.464 20.165 </Samples>
		<Samples TimeTag="2024-12-26T11:12:27" DepthTag="7.060">2.684 20.211 54.067 0.000 40.608 20.211 </Samples>
		<Samples TimeTag="2024-12-26T11:12:29" DepthTag="7.162">3.060 20.334 54.205 0.000 41.201 20.334 </Samples>
		<Samples TimeTag="2024-12-26T11:12:31" DepthTag="7.264">2.820 20.303 48.802 0.000 37.365 20.303 </Samples>
		<Samples TimeTag="2024-12-26T11:12:33" DepthTag="7.370">2.414 19.385 41.349 0.000 38.080 19.385 </Samples>
		<Samples TimeTag="2024-12-26T11:13:20" DepthTag="7.482">1.111 5.141 13.498 0.000 24.108 5.141 </Samples>
	</CompactMWDdata>
	<IR:GenTrailer>
		<IR:FileCloseDate>2024-12-26T11:14:09</IR:FileCloseDate>
		<IR:ChkSum>1652541383</IR:ChkSum>
	</IR:GenTrailer>
</DRMWD>
