<?xml version="1.0" encoding="UTF-8"?>
<!-- Generated by the RCS System Epiroc Rock Drills AB -->
<DRMWD xmlns="http://www.iredes.org/xml/DrillRig" xmlns:IR="http://www.iredes.org/xml" xmlns:xsi="http://www.w3.org/2001/XMLSchema-instance" xsi:schemaLocation="http://www.iredes.org/xml/DrillRig C:\Iredes\IR_V1.2.3\xml\DR-DrillRig_V1.2\DrillRig.xsd" IRVersion="V 1.2AC" IRDownwCompat="V 1.2AC" DRMWDDownwCompat="V 1.2AC" DRMWDVersion="V 1.2AC">
	<IR:GenHead>
		<IR:FileCreateDate>2024-12-27T10:13:06</IR:FileCreateDate>
		<IR:IRversion DownwCompat="V 1.0">V 1.2AC</IR:IRversion>
		<IR:EquipmentInfo>
			<IR:EqpManufact>Epiroc</IR:EqpManufact>
			<IR:EqpType>SmartROC D65</IR:EqpType>
			<IR:EqpSerNo>8992013064</IR:EqpSerNo>
			<IR:EqpSysVer>6.28.1</IR:EqpSysVer>
			<IR:EqpInfo>DrillingMethod: DTH</IR:EqpInfo>
		</IR:EquipmentInfo>
	</IR:GenHead>
	<IR:ReportId>MWDRI271013</IR:ReportId>
	<IR:StartLogTime>2024-12-27T10:05:26</IR:StartLogTime>
	<IR:EndLogTime>2024-12-27T10:12:17</IR:EndLogTime>
	<IR:PlanIdRef>FRD03_11_0626_001_All</IR:PlanIdRef>
	<IR:PlanNameRef>FRD03_11_0626_001_All</IR:PlanNameRef>
	<MWDholeId>C2</MWDholeId>
	<QualityReportIdRef>DQRI270314</QualityReportIdRef>
	<SampleDistance>0.100</SampleDistance>
	<CompactMWDdata>
		<MWDparams>
			<Parameter Unit="m/min" Full="PenetrRate">PR</Parameter>
			<Parameter Unit="Bar" Full="PercPressure">PP</Parameter>
			<Parameter Unit="Bar" Full="FeedPressure">FP</Parameter>
			<Parameter Unit="Bar" Full="DampPressure">DP</Parameter>
			<Parameter Unit="Bar" Full="RotPressure">RP</Parameter>
			<Parameter Unit="Bar" Full="FlushPressure">FLP</Parameter>
		</MWDparams>
		<Samples TimeTag="2024-12-27T10:05:26" DepthTag="0.786">0.528 4.575 21.595 0.000 23.441 4.575 </Samples>
		<Samples TimeTag="2024-12-27T10:05:26" DepthTag="0.887">6.289 6.548 41.435 0.000 39.358 6.548 </Samples>
		<Samples TimeTag="2024-12-27T10:05:29" DepthTag="0.992">2.607 10.159 43.092 0.000 51.960 10.159 </Samples>
		<Samples TimeTag="2024-12-27T10:05:31" DepthTag="1.092">2.684 12.271 42.252 0.000 53.867 12.271 </Samples>
		<Samples TimeTag="2024-12-27T10:05:33" DepthTag="1.193">3.427 6.579 26.681 0.000 36.634 6.579 </Samples>
		<Samples TimeTag="2024-12-27T10:05:57" DepthTag="1.296">2.084 8.369 47.259 0.000 54.249 8.369 </Samples>
		<Samples TimeTag="2024-12-27T10:06:00" DepthTag="1.406">2.498 11.597 40.915 0.000 44.958 11.597 </Samples>
		<Samples TimeTag="2024-12-27T10:06:02" DepthTag="1.517">2.760 13.495 40.616 0.000 36.626 13.495 </Samples>
		<Samples TimeTag="2024-12-27T10:06:05" DepthTag="1.625">2.712 14.428 40.862 0.000 36.392 14.428 </Samples>
		<Samples TimeTag="2024-12-27T10:06:07" DepthTag="1.731">2.463 14.795 40.533 0.000 35.486 14.795 </Samples>
		<Samples TimeTag="2024-12-27T10:06:43" DepthTag="1.838">0.802 15.239 40.919 0.000 45.321 15.239 </Samples>
		<Samples TimeTag="2024-12-27T10:06:46" DepthTag="1.944">1.979 16.417 39.708 0.000 40.981 16.417 </Samples>
		<Samples TimeTag="2024-12-27T10:06:49" DepthTag="2.051">1.995 17.014 40.804 0.000 51.107 17.014 </Samples>
		<Samples TimeTag="2024-12-27T10:06:52" DepthTag="2.154">2.093 17.396 40.379 0.000 50.992 17.396 </Samples>
		<Samples TimeTag="2024-12-27T10:06:55" DepthTag="2.257">2.076 17.641 41.194 0.000 47.746 17.641 </Samples>
		<Samples TimeTag="2024-12-27T10:06:58" DepthTag="2.360">2.037 17.763 39.735 0.000 47.085 17.763 </Samples>
		<Samples TimeTag="2024-12-27T10:07:02" DepthTag="2.468">1.791 17.916 40.357 0.000 54.180 17.916 </Samples>
		<Samples TimeTag="2024-12-27T10:07:05" DepthTag="2.571">1.927 18.039 39.010 0.000 49.088 18.039 </Samples>
		<Samples TimeTag="2024-12-27T10:07:08" DepthTag="2.674">1.823 18.054 40.006 0.000 53.972 18.054 </Samples>
		<Samples TimeTag="2024-12-27T10:07:47" DepthTag="2.779">0.435 6.625 43.029 0.000 44.168 6.625 </Samples>
		<Samples TimeTag="2024-12-27T10:07:53" DepthTag="2.885">1.057 15.361 41.729 0.000 48.074 15.361 </Samples>
		<Samples TimeTag="2024-12-27T10:07:58" DepthTag="2.990">1.173 16.861 39.846 0.000 57.588 16.861 </Samples>
		<Samples TimeTag="2024-12-27T10:08:02" DepthTag="3.093">1.640 17.350 38.134 0.000 48.194 17.350 </Samples>
		<Samples TimeTag="2024-12-27T10:08:06" DepthTag="3.198">1.628 17.687 40.018 0.000 53.975 17.687 </Samples>
		<Samples TimeTag="2024-12-27T10:08:09" DepthTag="3.301">1.925 17.886 41.335 0.000 52.154 17.886 </Samples>
		<Samples TimeTag="2024-12-27T10:08:12" DepthTag="3.404">1.709 18.008 39.671 0.000 48.838 18.008 </Samples>
		<Samples TimeTag="2024-12-27T10:08:15" DepthTag="3.505">1.937 18.115 40.688 0.000 46.281 18.115 </Samples>
		<Samples TimeTag="2024-12-27T10:08:19" DepthTag="3.610">2.068 18.192 40.631 0.000 49.497 18.192 </Samples>
		<Samples TimeTag="2024-12-27T10:08:23" DepthTag="3.710">1.246 18.268 40.581 0.000 49.270 18.268 </Samples>
		<Samples TimeTag="2024-12-27T10:09:09" DepthTag="3.813">0.415 14.642 40.264 0.000 54.301 14.642 </Samples>
		<Samples TimeTag="2024-12-27T10:09:14" DepthTag="3.914">1.259 16.203 44.158 0.000 53.965 16.203 </Samples>
		<Samples TimeTag="2024-12-27T10:09:17" DepthTag="4.020">1.887 16.692 44.643 0.000 47.554 16.692 </Samples>
		<Samples TimeTag="2024-12-27T10:09:20" DepthTag="4.125">2.249 16.906 44.505 0.000 40.931 16.906 </Samples>
		<Samples TimeTag="2024-12-27T10:09:23" DepthTag="4.226">1.880 17.059 44.864 0.000 51.623 17.059 </Samples>
		<Samples TimeTag="2024-12-27T10:09:27" DepthTag="4.334">1.796 17.289 45.093 0.000 53.904 17.289 </Samples>
		<Samples TimeTag="2024-12-27T10:09:29" DepthTag="4.441">2.286 17.457 45.413 0.000 49.678 17.457 </Samples>
		<Samples TimeTag="2024-12-27T10:09:32" DepthTag="4.551">2.228 17.564 43.789 0.000 49.187 17.564 </Samples>
		<Samples TimeTag="2024-12-27T10:09:36" DepthTag="4.653">1.908 17.671 45.517 0.000 41.991 17.671 </Samples>
		<Samples TimeTag="2024-12-27T10:09:39" DepthTag="4.755">1.687 17.733 45.482 0.000 49.789 17.733 </Samples>
		<Samples TimeTag="2024-12-27T10:09:42" DepthTag="4.857">1.916 17.717 45.445 0.000 43.785 17.717 </Samples>
		<Samples TimeTag="2024-12-27T10:09:47" DepthTag="4.961">1.254 17.626 45.834 0.000 53.784 17.626 </Samples>
		<Samples TimeTag="2024-12-27T10:09:53" DepthTag="5.066">1.092 17.473 44.855 0.000 56.968 17.473 </Samples>
		<Samples TimeTag="2024-12-27T10:09:57" DepthTag="5.170">1.807 17.518 44.819 0.000 53.811 17.518 </Samples>
		<Samples TimeTag="2024-12-27T10:10:00" DepthTag="5.271">1.541 17.733 44.766 0.000 46.044 17.733 </Samples>
		<Samples TimeTag="2024-12-27T10:10:05" DepthTag="5.375">1.461 17.794 44.768 0.000 44.378 17.794 </Samples>
		<Samples TimeTag="2024-12-27T10:10:08" DepthTag="5.477">1.709 17.855 45.466 0.000 51.459 17.855 </Samples>
		<Samples TimeTag="2024-12-27T10:10:13" DepthTag="5.581">1.248 17.794 45.858 0.000 56.350 17.794 </Samples>
		<Samples TimeTag="2024-12-27T10:10:19" DepthTag="5.683">1.180 17.886 45.185 0.000 60.419 17.886 </Samples>
		<Samples TimeTag="2024-12-27T10:10:26" DepthTag="5.785">0.785 17.717 45.178 0.000 57.005 17.717 </Samples>
		<Samples TimeTag="2024-12-27T10:10:31" DepthTag="5.891">1.394 17.610 44.188 0.000 56.000 17.610 </Samples>
		<Samples TimeTag="2024-12-27T10:10:33" DepthTag="5.992">2.692 17.595 43.457 0.000 36.240 17.595 </Samples>
		<Samples TimeTag="2024-12-27T10:10:36" DepthTag="6.093">2.364 17.564 45.316 0.000 41.655 17.564 </Samples>
		<Samples TimeTag="2024-12-27T10:10:38" DepthTag="6.195">2.185 17.595 44.375 0.000 48.331 17.595 </Samples>
		<Samples TimeTag="2024-12-27T10:10:42" DepthTag="6.300">1.741 17.564 44.905 0.000 54.817 17.564 </Samples>
		<Samples TimeTag="2024-12-27T10:10:46" DepthTag="6.402">1.378 17.473 45.134 0.000 55.313 17.473 </Samples>
		<Samples TimeTag="2024-12-27T10:10:51" DepthTag="6.510">1.628 17.564 44.840 0.000 46.692 17.564 </Samples>
		<Samples TimeTag="2024-12-27T10:10:54" DepthTag="6.619">2.037 17.733 45.141 0.000 50.357 17.733 </Samples>
		<Samples TimeTag="2024-12-27T10:10:59" DepthTag="6.726">1.330 17.564 44.852 0.000 58.906 17.564 </Samples>
		<Samples TimeTag="2024-12-27T10:11:02" DepthTag="6.826">1.531 17.473 45.645 0.000 57.461 17.473 </Samples>
		<Samples TimeTag="2024-12-27T10:11:08" DepthTag="6.935">1.295 17.488 44.085 0.000 57.239 17.488 </Samples>
		<Samples TimeTag="2024-12-27T10:11:11" DepthTag="7.038">1.913 17.457 45.269 0.000 47.049 17.457 </Samples>
		<Samples TimeTag="2024-12-27T10:11:14" DepthTag="7.140">1.710 17.595 44.772 0.000 49.856 17.595 </Samples>
		<Samples TimeTag="2024-12-27T10:11:18" DepthTag="7.244">1.849 17.763 44.436 0.000 40.454 17.763 </Samples>
		<Samples TimeTag="2024-12-27T10:11:21" DepthTag="7.348">1.941 17.870 42.306 0.000 51.452 17.870 </Samples>
		<Samples TimeTag="2024-12-27T10:11:26" DepthTag="7.450">1.177 17.717 40.545 0.000 55.679 17.717 </Samples>
		<Samples TimeTag="2024-12-27T10:12:17" DepthTag="7.563">0.969 6.411 16.728 0.000 28.694 6.411 </Samples>
	</CompactMWDdata>
	<IR:GenTrailer>
		<IR:FileCloseDate>2024-12-27T10:13:06</IR:FileCloseDate>
		<IR:ChkSum>4038930159</IR:ChkSum>
	</IR:GenTrailer>
</DRMWD>
