<?xml version="1.0" encoding="UTF-8"?>
<!-- Generated by the RCS System Epiroc Rock Drills AB -->
<DRMWD xmlns="http://www.iredes.org/xml/DrillRig" xmlns:IR="http://www.iredes.org/xml" xmlns:xsi="http://www.w3.org/2001/XMLSchema-instance" xsi:schemaLocation="http://www.iredes.org/xml/DrillRig C:\Iredes\IR_V1.2.3\xml\DR-DrillRig_V1.2\DrillRig.xsd" IRVersion="V 1.2AC" IRDownwCompat="V 1.2AC" DRMWDDownwCompat="V 1.2AC" DRMWDVersion="V 1.2AC">
	<IR:GenHead>
		<IR:FileCreateDate>2024-12-27T10:23:29</IR:FileCreateDate>
		<IR:IRversion DownwCompat="V 1.0">V 1.2AC</IR:IRversion>
		<IR:EquipmentInfo>
			<IR:EqpManufact>Epiroc</IR:EqpManufact>
			<IR:EqpType>SmartROC D65</IR:EqpType>
			<IR:EqpSerNo>8992013064</IR:EqpSerNo>
			<IR:EqpSysVer>6.28.1</IR:EqpSysVer>
			<IR:EqpInfo>DrillingMethod: DTH</IR:EqpInfo>
		</IR:EquipmentInfo>
	</IR:GenHead>
	<IR:ReportId>MWDRI271023</IR:ReportId>
	<IR:StartLogTime>2024-12-27T10:15:12</IR:StartLogTime>
	<IR:EndLogTime>2024-12-27T10:21:52</IR:EndLogTime>
	<IR:PlanIdRef>FRD03_11_0626_001_All</IR:PlanIdRef>
	<IR:PlanNameRef>FRD03_11_0626_001_All</IR:PlanNameRef>
	<MWDholeId>D3</MWDholeId>
	<QualityReportIdRef>DQRI270314</QualityReportIdRef>
	<SampleDistance>0.100</SampleDistance>
	<CompactMWDdata>
		<MWDparams>
			<Parameter Unit="m/min" Full="PenetrRate">PR</Parameter>
			<Parameter Unit="Bar" Full="PercPressure">PP</Parameter>
			<Parameter Unit="Bar" Full="FeedPressure">FP</Parameter>
			<Parameter Unit="Bar" Full="DampPressure">DP</Parameter>
			<Parameter Unit="Bar" Full="RotPressure">RP</Parameter>
			<Parameter Unit="Bar" Full="FlushPressure">FLP</Parameter>
		</MWDparams>
		<Samples TimeTag="2024-12-27T10:15:12" DepthTag="0.112">3.856 6.962 21.379 0.000 20.972 6.962 </Samples>
		<Samples TimeTag="2024-12-27T10:15:14" DepthTag="0.214">2.725 10.343 46.106 0.000 20.972 10.343 </Samples>
		<Samples TimeTag="2024-12-27T10:15:18" DepthTag="0.322">1.617 13.280 40.354 0.000 20.972 13.280 </Samples>
		<Samples TimeTag="2024-12-27T10:15:20" DepthTag="0.428">3.151 13.984 35.462 0.000 35.913 13.984 </Samples>
		<Samples TimeTag="2024-12-27T10:15:21" DepthTag="0.538">4.833 14.198 28.283 0.000 34.119 14.198 </Samples>
		<Samples TimeTag="2024-12-27T10:15:38" DepthTag="0.642">1.768 4.345 21.532 0.000 21.502 4.345 </Samples>
		<Samples TimeTag="2024-12-27T10:15:39" DepthTag="0.745">5.127 5.340 41.780 0.000 34.830 5.340 </Samples>
		<Samples TimeTag="2024-12-27T10:15:42" DepthTag="0.849">1.954 10.618 43.397 0.000 33.700 10.618 </Samples>
		<Samples TimeTag="2024-12-27T10:15:45" DepthTag="0.959">2.354 13.127 40.915 0.000 31.991 13.127 </Samples>
		<Samples TimeTag="2024-12-27T10:16:11" DepthTag="1.062">0.788 11.353 42.677 0.000 50.379 11.353 </Samples>
		<Samples TimeTag="2024-12-27T10:16:14" DepthTag="1.166">2.051 13.678 40.801 0.000 38.971 13.678 </Samples>
		<Samples TimeTag="2024-12-27T10:16:18" DepthTag="1.267">1.542 14.979 41.630 0.000 38.182 14.979 </Samples>
		<Samples TimeTag="2024-12-27T10:16:24" DepthTag="1.370">1.059 15.698 40.351 0.000 42.860 15.698 </Samples>
		<Samples TimeTag="2024-12-27T10:16:28" DepthTag="1.472">1.527 15.667 39.358 0.000 41.346 15.667 </Samples>
		<Samples TimeTag="2024-12-27T10:17:04" DepthTag="1.574">0.760 15.269 37.781 0.000 43.860 15.269 </Samples>
		<Samples TimeTag="2024-12-27T10:17:07" DepthTag="1.676">2.174 16.218 39.642 0.000 51.518 16.218 </Samples>
		<Samples TimeTag="2024-12-27T10:17:11" DepthTag="1.777">1.513 16.968 42.645 0.000 54.983 16.968 </Samples>
		<Samples TimeTag="2024-12-27T10:17:15" DepthTag="1.880">1.569 17.381 39.906 0.000 46.946 17.381 </Samples>
		<Samples TimeTag="2024-12-27T10:17:19" DepthTag="1.985">1.833 17.595 39.213 0.000 48.095 17.595 </Samples>
		<Samples TimeTag="2024-12-27T10:17:21" DepthTag="2.088">2.083 17.717 38.853 0.000 48.071 17.717 </Samples>
		<Samples TimeTag="2024-12-27T10:17:25" DepthTag="2.188">1.566 17.855 39.381 0.000 47.038 17.855 </Samples>
		<Samples TimeTag="2024-12-27T10:17:29" DepthTag="2.289">1.595 17.825 38.692 0.000 46.544 17.825 </Samples>
		<Samples TimeTag="2024-12-27T10:17:32" DepthTag="2.392">2.208 17.886 39.619 0.000 44.182 17.886 </Samples>
		<Samples TimeTag="2024-12-27T10:17:36" DepthTag="2.495">1.533 17.978 39.660 0.000 51.946 17.978 </Samples>
		<Samples TimeTag="2024-12-27T10:18:09" DepthTag="2.595">0.568 8.767 45.932 0.000 53.476 8.767 </Samples>
		<Samples TimeTag="2024-12-27T10:18:16" DepthTag="2.698">0.884 15.851 40.865 0.000 53.466 15.851 </Samples>
		<Samples TimeTag="2024-12-27T10:18:20" DepthTag="2.801">1.456 16.815 39.307 0.000 44.329 16.815 </Samples>
		<Samples TimeTag="2024-12-27T10:18:23" DepthTag="2.903">2.186 17.212 38.059 0.000 39.009 17.212 </Samples>
		<Samples TimeTag="2024-12-27T10:18:26" DepthTag="3.003">2.137 17.503 40.067 0.000 49.753 17.503 </Samples>
		<Samples TimeTag="2024-12-27T10:18:29" DepthTag="3.107">2.112 17.656 40.127 0.000 47.006 17.656 </Samples>
		<Samples TimeTag="2024-12-27T10:18:33" DepthTag="3.216">1.619 17.901 39.929 0.000 47.092 17.901 </Samples>
		<Samples TimeTag="2024-12-27T10:18:36" DepthTag="3.318">2.062 17.993 39.399 0.000 47.004 17.993 </Samples>
		<Samples TimeTag="2024-12-27T10:18:39" DepthTag="3.423">2.264 18.023 38.973 0.000 45.914 18.023 </Samples>
		<Samples TimeTag="2024-12-27T10:19:12" DepthTag="3.555">1.065 4.207 24.361 0.000 30.307 4.207 </Samples>
		<Samples TimeTag="2024-12-27T10:19:17" DepthTag="3.656">1.426 11.888 44.155 0.000 44.900 11.888 </Samples>
		<Samples TimeTag="2024-12-27T10:19:22" DepthTag="3.757">1.100 15.728 44.898 0.000 55.910 15.728 </Samples>
		<Samples TimeTag="2024-12-27T10:19:26" DepthTag="3.859">1.587 16.463 44.436 0.000 55.108 16.463 </Samples>
		<Samples TimeTag="2024-12-27T10:19:29" DepthTag="3.961">1.911 16.922 44.428 0.000 47.417 16.922 </Samples>
		<Samples TimeTag="2024-12-27T10:19:32" DepthTag="4.068">2.288 17.151 44.938 0.000 48.583 17.151 </Samples>
		<Samples TimeTag="2024-12-27T10:19:35" DepthTag="4.169">1.891 17.304 44.315 0.000 48.467 17.304 </Samples>
		<Samples TimeTag="2024-12-27T10:19:38" DepthTag="4.273">2.099 17.656 44.325 0.000 38.601 17.656 </Samples>
		<Samples TimeTag="2024-12-27T10:19:42" DepthTag="4.373">1.668 18.498 45.549 0.000 37.576 18.498 </Samples>
		<Samples TimeTag="2024-12-27T10:19:46" DepthTag="4.476">1.478 18.406 44.671 0.000 49.941 18.406 </Samples>
		<Samples TimeTag="2024-12-27T10:19:49" DepthTag="4.584">2.304 18.360 43.823 0.000 47.239 18.360 </Samples>
		<Samples TimeTag="2024-12-27T10:19:52" DepthTag="4.688">1.941 18.207 45.327 0.000 49.284 18.207 </Samples>
		<Samples TimeTag="2024-12-27T10:19:55" DepthTag="4.788">1.877 18.115 45.558 0.000 46.310 18.115 </Samples>
		<Samples TimeTag="2024-12-27T10:19:59" DepthTag="4.895">1.988 18.054 45.106 0.000 49.471 18.054 </Samples>
		<Samples TimeTag="2024-12-27T10:20:06" DepthTag="4.999">0.819 17.549 45.557 0.000 53.200 17.549 </Samples>
		<Samples TimeTag="2024-12-27T10:20:10" DepthTag="5.101">1.638 17.595 43.894 0.000 50.821 17.595 </Samples>
		<Samples TimeTag="2024-12-27T10:20:14" DepthTag="5.202">1.599 17.656 44.926 0.000 55.733 17.656 </Samples>
		<Samples TimeTag="2024-12-27T10:20:18" DepthTag="5.304">1.445 17.549 44.533 0.000 48.891 17.549 </Samples>
		<Samples TimeTag="2024-12-27T10:20:20" DepthTag="5.405">2.514 17.580 43.626 0.000 34.397 17.580 </Samples>
		<Samples TimeTag="2024-12-27T10:20:23" DepthTag="5.513">2.173 17.534 45.151 0.000 45.797 17.534 </Samples>
		<Samples TimeTag="2024-12-27T10:20:26" DepthTag="5.618">2.459 17.580 44.984 0.000 48.302 17.580 </Samples>
		<Samples TimeTag="2024-12-27T10:20:29" DepthTag="5.719">1.987 17.488 45.701 0.000 49.476 17.488 </Samples>
		<Samples TimeTag="2024-12-27T10:20:33" DepthTag="5.820">1.605 17.503 45.426 0.000 55.922 17.503 </Samples>
		<Samples TimeTag="2024-12-27T10:20:36" DepthTag="5.925">1.978 17.610 44.739 0.000 46.604 17.610 </Samples>
		<Samples TimeTag="2024-12-27T10:20:39" DepthTag="6.029">1.934 17.564 45.066 0.000 54.687 17.564 </Samples>
		<Samples TimeTag="2024-12-27T10:20:43" DepthTag="6.129">1.446 17.671 45.242 0.000 55.645 17.671 </Samples>
		<Samples TimeTag="2024-12-27T10:20:50" DepthTag="6.231">0.950 17.503 45.151 0.000 53.566 17.503 </Samples>
		<Samples TimeTag="2024-12-27T10:20:58" DepthTag="6.332">0.723 17.167 45.000 0.000 58.651 17.167 </Samples>
		<Samples TimeTag="2024-12-27T10:21:02" DepthTag="6.439">1.596 17.320 44.621 0.000 45.599 17.320 </Samples>
		<Samples TimeTag="2024-12-27T10:21:05" DepthTag="6.541">1.953 17.335 44.131 0.000 38.700 17.335 </Samples>
		<Samples TimeTag="2024-12-27T10:21:08" DepthTag="6.647">1.984 17.580 44.725 0.000 44.635 17.580 </Samples>
		<Samples TimeTag="2024-12-27T10:21:13" DepthTag="6.750">1.447 17.473 45.159 0.000 55.339 17.473 </Samples>
		<Samples TimeTag="2024-12-27T10:21:19" DepthTag="6.852">0.959 17.350 44.586 0.000 63.451 17.350 </Samples>
		<Samples TimeTag="2024-12-27T10:21:25" DepthTag="6.952">1.086 17.304 45.601 0.000 59.165 17.304 </Samples>
		<Samples TimeTag="2024-12-27T10:21:31" DepthTag="7.055">1.048 17.473 45.196 0.000 56.062 17.473 </Samples>
		<Samples TimeTag="2024-12-27T10:21:39" DepthTag="7.155">0.735 17.580 45.088 0.000 63.021 17.580 </Samples>
		<Samples TimeTag="2024-12-27T10:21:46" DepthTag="7.255">0.882 17.457 45.235 0.000 56.095 17.457 </Samples>
		<Samples TimeTag="2024-12-27T10:21:49" DepthTag="7.358">1.842 17.488 39.249 0.000 41.000 17.488 </Samples>
		<Samples TimeTag="2024-12-27T10:21:52" DepthTag="7.464">2.259 17.442 40.505 0.000 42.874 17.442 </Samples>
	</CompactMWDdata>
	<IR:GenTrailer>
		<IR:FileCloseDate>2024-12-27T10:23:29</IR:FileCloseDate>
		<IR:ChkSum>2995187794</IR:ChkSum>
	</IR:GenTrailer>
</DRMWD>
