<?xml version="1.0" encoding="UTF-8"?>
<!-- Generated by the RCS System Epiroc Rock Drills AB -->
<DRMWD xmlns="http://www.iredes.org/xml/DrillRig" xmlns:IR="http://www.iredes.org/xml" xmlns:xsi="http://www.w3.org/2001/XMLSchema-instance" xsi:schemaLocation="http://www.iredes.org/xml/DrillRig C:\Iredes\IR_V1.2.3\xml\DR-DrillRig_V1.2\DrillRig.xsd" IRVersion="V 1.2AC" IRDownwCompat="V 1.2AC" DRMWDDownwCompat="V 1.2AC" DRMWDVersion="V 1.2AC">
	<IR:GenHead>
		<IR:FileCreateDate>2024-12-25T09:59:00</IR:FileCreateDate>
		<IR:IRversion DownwCompat="V 1.0">V 1.2AC</IR:IRversion>
		<IR:EquipmentInfo>
			<IR:EqpManufact>Epiroc</IR:EqpManufact>
			<IR:EqpType>SmartROC D65</IR:EqpType>
			<IR:EqpSerNo>8992013064</IR:EqpSerNo>
			<IR:EqpSysVer>6.28.1</IR:EqpSysVer>
			<IR:EqpInfo>DrillingMethod: DTH</IR:EqpInfo>
		</IR:EquipmentInfo>
	</IR:GenHead>
	<IR:ReportId>MWDRI250959</IR:ReportId>
	<IR:StartLogTime>2024-12-25T09:47:40</IR:StartLogTime>
	<IR:EndLogTime>2024-12-25T09:55:53</IR:EndLogTime>
	<IR:PlanIdRef>FRD03_11_0632_003_All</IR:PlanIdRef>
	<IR:PlanNameRef>FRD03_11_0632_003_All</IR:PlanNameRef>
	<MWDholeId>B4</MWDholeId>
	<QualityReportIdRef>DQRI250804</QualityReportIdRef>
	<SampleDistance>0.100</SampleDistance>
	<CompactMWDdata>
		<MWDparams>
			<Parameter Unit="m/min" Full="PenetrRate">PR</Parameter>
			<Parameter Unit="Bar" Full="PercPressure">PP</Parameter>
			<Parameter Unit="Bar" Full="FeedPressure">FP</Parameter>
			<Parameter Unit="Bar" Full="DampPressure">DP</Parameter>
			<Parameter Unit="Bar" Full="RotPressure">RP</Parameter>
			<Parameter Unit="Bar" Full="FlushPressure">FLP</Parameter>
		</MWDparams>
		<Samples TimeTag="2024-12-25T09:47:40" DepthTag="0.124">1.994 12.378 24.554 0.000 20.751 12.378 </Samples>
		<Samples TimeTag="2024-12-25T09:47:43" DepthTag="0.226">2.061 14.000 45.364 0.000 20.969 14.000 </Samples>
		<Samples TimeTag="2024-12-25T09:47:47" DepthTag="0.329">1.711 14.734 41.620 0.000 20.912 14.734 </Samples>
		<Samples TimeTag="2024-12-25T09:47:49" DepthTag="0.439">2.570 15.025 35.385 0.000 42.031 15.025 </Samples>
		<Samples TimeTag="2024-12-25T09:48:07" DepthTag="0.562">1.492 4.758 21.577 0.000 26.458 4.758 </Samples>
		<Samples TimeTag="2024-12-25T09:48:08" DepthTag="0.680">6.794 5.233 31.370 0.000 55.752 5.233 </Samples>
		<Samples TimeTag="2024-12-25T09:48:09" DepthTag="0.789">4.053 7.390 46.633 0.000 50.045 7.390 </Samples>
		<Samples TimeTag="2024-12-25T09:48:15" DepthTag="0.890">1.131 13.969 43.311 0.000 42.893 13.969 </Samples>
		<Samples TimeTag="2024-12-25T09:48:28" DepthTag="0.991">0.471 17.610 38.513 0.000 50.649 17.610 </Samples>
		<Samples TimeTag="2024-12-25T09:49:09" DepthTag="1.093">0.508 14.719 41.410 0.000 53.504 14.719 </Samples>
		<Samples TimeTag="2024-12-25T09:49:15" DepthTag="1.194">0.944 15.193 37.711 0.000 52.916 15.193 </Samples>
		<Samples TimeTag="2024-12-25T09:49:22" DepthTag="1.295">0.898 15.315 37.759 0.000 51.161 15.315 </Samples>
		<Samples TimeTag="2024-12-25T09:49:27" DepthTag="1.396">1.255 15.269 37.498 0.000 52.103 15.269 </Samples>
		<Samples TimeTag="2024-12-25T09:49:31" DepthTag="1.497">1.268 15.300 40.649 0.000 52.012 15.300 </Samples>
		<Samples TimeTag="2024-12-25T09:50:11" DepthTag="1.598">0.577 15.086 41.837 0.000 48.528 15.086 </Samples>
		<Samples TimeTag="2024-12-25T09:50:15" DepthTag="1.703">1.508 16.524 38.512 0.000 47.827 16.524 </Samples>
		<Samples TimeTag="2024-12-25T09:50:20" DepthTag="1.805">1.388 17.289 38.623 0.000 47.372 17.289 </Samples>
		<Samples TimeTag="2024-12-25T09:50:24" DepthTag="1.905">1.496 17.717 38.086 0.000 42.531 17.717 </Samples>
		<Samples TimeTag="2024-12-25T09:50:27" DepthTag="2.009">1.850 17.947 39.204 0.000 49.908 17.947 </Samples>
		<Samples TimeTag="2024-12-25T09:50:31" DepthTag="2.113">1.627 18.115 40.179 0.000 51.339 18.115 </Samples>
		<Samples TimeTag="2024-12-25T09:50:35" DepthTag="2.219">1.441 18.253 40.230 0.000 48.635 18.253 </Samples>
		<Samples TimeTag="2024-12-25T09:50:40" DepthTag="2.319">1.364 18.345 41.126 0.000 49.834 18.345 </Samples>
		<Samples TimeTag="2024-12-25T09:50:43" DepthTag="2.421">1.617 18.360 37.920 0.000 43.789 18.360 </Samples>
		<Samples TimeTag="2024-12-25T09:51:25" DepthTag="2.532">0.454 14.795 39.928 0.000 47.186 14.795 </Samples>
		<Samples TimeTag="2024-12-25T09:51:29" DepthTag="2.635">1.641 16.325 42.032 0.000 49.537 16.325 </Samples>
		<Samples TimeTag="2024-12-25T09:51:33" DepthTag="2.735">1.448 17.182 40.861 0.000 47.191 17.182 </Samples>
		<Samples TimeTag="2024-12-25T09:51:38" DepthTag="2.838">1.224 17.748 40.193 0.000 47.893 17.748 </Samples>
		<Samples TimeTag="2024-12-25T09:51:44" DepthTag="2.940">0.991 17.870 39.603 0.000 46.297 17.870 </Samples>
		<Samples TimeTag="2024-12-25T09:51:49" DepthTag="3.048">1.339 18.115 38.738 0.000 47.367 18.115 </Samples>
		<Samples TimeTag="2024-12-25T09:51:53" DepthTag="3.149">1.369 18.054 39.743 0.000 48.107 18.054 </Samples>
		<Samples TimeTag="2024-12-25T09:52:00" DepthTag="3.251">0.859 18.008 40.550 0.000 53.131 18.008 </Samples>
		<Samples TimeTag="2024-12-25T09:52:08" DepthTag="3.354">0.830 17.962 40.774 0.000 48.132 17.962 </Samples>
		<Samples TimeTag="2024-12-25T09:52:15" DepthTag="3.455">0.868 17.763 40.171 0.000 48.153 17.763 </Samples>
		<Samples TimeTag="2024-12-25T09:52:47" DepthTag="3.560">0.753 5.095 20.848 0.000 24.096 5.095 </Samples>
		<Samples TimeTag="2024-12-25T09:52:53" DepthTag="3.665">0.951 16.050 38.169 0.000 48.707 16.050 </Samples>
		<Samples TimeTag="2024-12-25T09:52:57" DepthTag="3.765">1.502 17.610 41.141 0.000 50.320 17.610 </Samples>
		<Samples TimeTag="2024-12-25T09:53:02" DepthTag="3.867">1.381 18.590 41.871 0.000 46.144 18.590 </Samples>
		<Samples TimeTag="2024-12-25T09:53:11" DepthTag="3.968">0.691 18.941 39.483 0.000 42.687 18.941 </Samples>
		<Samples TimeTag="2024-12-25T09:53:14" DepthTag="4.073">2.085 19.324 36.572 0.000 38.892 19.324 </Samples>
		<Samples TimeTag="2024-12-25T09:53:17" DepthTag="4.175">2.061 19.507 39.871 0.000 39.307 19.507 </Samples>
		<Samples TimeTag="2024-12-25T09:53:20" DepthTag="4.279">1.843 19.737 39.424 0.000 41.673 19.737 </Samples>
		<Samples TimeTag="2024-12-25T09:53:24" DepthTag="4.380">1.570 19.676 40.766 0.000 41.598 19.676 </Samples>
		<Samples TimeTag="2024-12-25T09:53:28" DepthTag="4.481">1.463 19.645 40.836 0.000 46.120 19.645 </Samples>
		<Samples TimeTag="2024-12-25T09:54:15" DepthTag="4.585">0.480 18.681 42.184 0.000 46.446 18.681 </Samples>
		<Samples TimeTag="2024-12-25T09:54:21" DepthTag="4.690">0.990 19.324 53.130 0.000 49.052 19.324 </Samples>
		<Samples TimeTag="2024-12-25T09:54:25" DepthTag="4.793">1.722 19.538 53.531 0.000 46.471 19.538 </Samples>
		<Samples TimeTag="2024-12-25T09:54:27" DepthTag="4.901">2.450 19.905 53.107 0.000 45.676 19.905 </Samples>
		<Samples TimeTag="2024-12-25T09:54:30" DepthTag="5.009">2.299 20.181 54.537 0.000 50.855 20.181 </Samples>
		<Samples TimeTag="2024-12-25T09:54:35" DepthTag="5.109">1.316 20.074 54.608 0.000 55.720 20.074 </Samples>
		<Samples TimeTag="2024-12-25T09:54:39" DepthTag="5.213">1.419 20.074 54.412 0.000 52.004 20.074 </Samples>
		<Samples TimeTag="2024-12-25T09:54:44" DepthTag="5.322">1.251 19.982 53.280 0.000 58.612 19.982 </Samples>
		<Samples TimeTag="2024-12-25T09:54:47" DepthTag="5.425">2.075 20.028 53.723 0.000 52.310 20.028 </Samples>
		<Samples TimeTag="2024-12-25T09:54:51" DepthTag="5.526">1.886 20.150 53.445 0.000 40.234 20.150 </Samples>
		<Samples TimeTag="2024-12-25T09:54:54" DepthTag="5.629">1.843 20.211 54.389 0.000 41.904 20.211 </Samples>
		<Samples TimeTag="2024-12-25T09:54:59" DepthTag="5.731">1.316 20.043 53.493 0.000 53.049 20.043 </Samples>
		<Samples TimeTag="2024-12-25T09:55:01" DepthTag="5.835">2.219 20.318 52.987 0.000 50.725 20.318 </Samples>
		<Samples TimeTag="2024-12-25T09:55:05" DepthTag="5.939">1.851 20.349 53.947 0.000 54.961 20.349 </Samples>
		<Samples TimeTag="2024-12-25T09:55:08" DepthTag="6.044">1.836 20.303 54.149 0.000 57.446 20.303 </Samples>
		<Samples TimeTag="2024-12-25T09:55:13" DepthTag="6.147">1.347 20.135 54.517 0.000 50.748 20.135 </Samples>
		<Samples TimeTag="2024-12-25T09:55:17" DepthTag="6.248">1.514 20.410 54.304 0.000 55.671 20.410 </Samples>
		<Samples TimeTag="2024-12-25T09:55:23" DepthTag="6.348">0.972 20.150 54.241 0.000 51.355 20.150 </Samples>
		<Samples TimeTag="2024-12-25T09:55:30" DepthTag="6.449">0.843 19.859 53.108 0.000 55.262 19.859 </Samples>
		<Samples TimeTag="2024-12-25T09:55:35" DepthTag="6.549">1.362 19.875 53.168 0.000 54.764 19.875 </Samples>
		<Samples TimeTag="2024-12-25T09:55:38" DepthTag="6.653">1.714 20.165 53.044 0.000 53.592 20.165 </Samples>
		<Samples TimeTag="2024-12-25T09:55:42" DepthTag="6.754">1.693 20.181 53.725 0.000 50.380 20.181 </Samples>
		<Samples TimeTag="2024-12-25T09:55:45" DepthTag="6.856">1.732 20.273 53.497 0.000 49.664 20.273 </Samples>
		<Samples TimeTag="2024-12-25T09:55:48" DepthTag="6.958">2.007 19.660 42.044 0.000 41.581 19.660 </Samples>
		<Samples TimeTag="2024-12-25T09:55:53" DepthTag="7.059">1.211 18.574 41.374 0.000 54.894 18.574 </Samples>
	</CompactMWDdata>
	<IR:GenTrailer>
		<IR:FileCloseDate>2024-12-25T09:59:00</IR:FileCloseDate>
		<IR:ChkSum>1754472879</IR:ChkSum>
	</IR:GenTrailer>
</DRMWD>
