<?xml version="1.0" encoding="UTF-8"?>
<!-- Generated by the RCS System Epiroc Rock Drills AB -->
<DRMWD xmlns="http://www.iredes.org/xml/DrillRig" xmlns:IR="http://www.iredes.org/xml" xmlns:xsi="http://www.w3.org/2001/XMLSchema-instance" xsi:schemaLocation="http://www.iredes.org/xml/DrillRig C:\Iredes\IR_V1.2.3\xml\DR-DrillRig_V1.2\DrillRig.xsd" IRVersion="V 1.2AC" IRDownwCompat="V 1.2AC" DRMWDDownwCompat="V 1.2AC" DRMWDVersion="V 1.2AC">
	<IR:GenHead>
		<IR:FileCreateDate>2024-12-25T00:42:56</IR:FileCreateDate>
		<IR:IRversion DownwCompat="V 1.0">V 1.2AC</IR:IRversion>
		<IR:EquipmentInfo>
			<IR:EqpManufact>Epiroc</IR:EqpManufact>
			<IR:EqpType>SmartROC D65</IR:EqpType>
			<IR:EqpSerNo>8992013064</IR:EqpSerNo>
			<IR:EqpSysVer>6.28.1</IR:EqpSysVer>
			<IR:EqpInfo>DrillingMethod: DTH</IR:EqpInfo>
		</IR:EquipmentInfo>
	</IR:GenHead>
	<IR:ReportId>MWDRI250042</IR:ReportId>
	<IR:StartLogTime>2024-12-25T00:34:06</IR:StartLogTime>
	<IR:EndLogTime>2024-12-25T00:41:16</IR:EndLogTime>
	<IR:PlanIdRef>FRD03_11_0626_001_All</IR:PlanIdRef>
	<IR:PlanNameRef>FRD03_11_0626_001_All</IR:PlanNameRef>
	<MWDholeId>I3</MWDholeId>
	<QualityReportIdRef>DQRI241930</QualityReportIdRef>
	<SampleDistance>0.100</SampleDistance>
	<CompactMWDdata>
		<MWDparams>
			<Parameter Unit="m/min" Full="PenetrRate">PR</Parameter>
			<Parameter Unit="Bar" Full="PercPressure">PP</Parameter>
			<Parameter Unit="Bar" Full="FeedPressure">FP</Parameter>
			<Parameter Unit="Bar" Full="DampPressure">DP</Parameter>
			<Parameter Unit="Bar" Full="RotPressure">RP</Parameter>
			<Parameter Unit="Bar" Full="FlushPressure">FLP</Parameter>
		</MWDparams>
		<Samples TimeTag="2024-12-25T00:34:06" DepthTag="0.113">0.894 8.323 20.995 0.000 20.973 8.323 </Samples>
		<Samples TimeTag="2024-12-25T00:34:09" DepthTag="0.217">1.946 13.158 42.271 0.000 20.972 13.158 </Samples>
		<Samples TimeTag="2024-12-25T00:34:12" DepthTag="0.318">2.280 15.025 41.398 0.000 20.972 15.025 </Samples>
		<Samples TimeTag="2024-12-25T00:34:15" DepthTag="0.431">2.430 15.958 34.266 0.000 46.727 15.958 </Samples>
		<Samples TimeTag="2024-12-25T00:34:17" DepthTag="0.531">2.340 11.980 2.601 0.000 27.611 11.980 </Samples>
		<Samples TimeTag="2024-12-25T00:34:34" DepthTag="0.635">1.844 5.049 21.049 0.000 28.073 5.049 </Samples>
		<Samples TimeTag="2024-12-25T00:34:35" DepthTag="0.738">6.407 4.804 31.848 0.000 38.303 4.804 </Samples>
		<Samples TimeTag="2024-12-25T00:34:38" DepthTag="0.840">2.398 9.930 45.342 0.000 50.757 9.930 </Samples>
		<Samples TimeTag="2024-12-25T00:34:40" DepthTag="0.951">2.518 13.556 38.173 0.000 47.186 13.556 </Samples>
		<Samples TimeTag="2024-12-25T00:35:09" DepthTag="1.056">1.124 11.980 40.808 0.000 50.385 11.980 </Samples>
		<Samples TimeTag="2024-12-25T00:35:11" DepthTag="1.160">2.885 14.428 37.309 0.000 51.213 14.428 </Samples>
		<Samples TimeTag="2024-12-25T00:35:13" DepthTag="1.267">3.457 13.204 33.034 0.000 38.025 13.204 </Samples>
		<Samples TimeTag="2024-12-25T00:35:16" DepthTag="1.372">2.634 9.134 39.016 0.000 61.852 9.134 </Samples>
		<Samples TimeTag="2024-12-25T00:35:17" DepthTag="1.483">4.151 11.475 38.627 0.000 47.954 11.475 </Samples>
		<Samples TimeTag="2024-12-25T00:35:52" DepthTag="1.588">0.947 15.820 39.955 0.000 44.735 15.820 </Samples>
		<Samples TimeTag="2024-12-25T00:35:56" DepthTag="1.693">1.666 17.427 41.451 0.000 48.763 17.427 </Samples>
		<Samples TimeTag="2024-12-25T00:36:00" DepthTag="1.797">1.861 18.314 41.052 0.000 50.027 18.314 </Samples>
		<Samples TimeTag="2024-12-25T00:36:04" DepthTag="1.900">1.440 19.049 42.754 0.000 49.619 19.049 </Samples>
		<Samples TimeTag="2024-12-25T00:36:09" DepthTag="2.003">1.149 19.538 40.227 0.000 52.306 19.538 </Samples>
		<Samples TimeTag="2024-12-25T00:36:16" DepthTag="2.110">1.002 19.859 37.942 0.000 51.252 19.859 </Samples>
		<Samples TimeTag="2024-12-25T00:36:21" DepthTag="2.212">1.231 19.951 40.163 0.000 49.803 19.951 </Samples>
		<Samples TimeTag="2024-12-25T00:36:25" DepthTag="2.316">1.563 20.043 39.938 0.000 49.520 20.043 </Samples>
		<Samples TimeTag="2024-12-25T00:36:29" DepthTag="2.417">1.258 20.089 39.515 0.000 44.242 20.089 </Samples>
		<Samples TimeTag="2024-12-25T00:36:33" DepthTag="2.518">1.883 18.590 23.683 0.000 38.572 18.590 </Samples>
		<Samples TimeTag="2024-12-25T00:37:09" DepthTag="2.619">0.697 15.315 42.615 0.000 50.664 15.315 </Samples>
		<Samples TimeTag="2024-12-25T00:37:13" DepthTag="2.721">1.525 17.427 40.567 0.000 43.628 17.427 </Samples>
		<Samples TimeTag="2024-12-25T00:37:17" DepthTag="2.821">1.568 18.437 40.321 0.000 49.045 18.437 </Samples>
		<Samples TimeTag="2024-12-25T00:37:20" DepthTag="2.926">1.859 18.957 39.540 0.000 44.346 18.957 </Samples>
		<Samples TimeTag="2024-12-25T00:37:23" DepthTag="3.027">1.897 19.186 40.664 0.000 41.238 19.186 </Samples>
		<Samples TimeTag="2024-12-25T00:37:27" DepthTag="3.131">1.556 19.462 40.745 0.000 36.899 19.462 </Samples>
		<Samples TimeTag="2024-12-25T00:37:32" DepthTag="3.234">1.481 19.706 39.579 0.000 36.988 19.706 </Samples>
		<Samples TimeTag="2024-12-25T00:37:35" DepthTag="3.340">1.648 19.921 40.449 0.000 37.152 19.921 </Samples>
		<Samples TimeTag="2024-12-25T00:37:40" DepthTag="3.445">1.430 20.043 40.849 0.000 40.580 20.043 </Samples>
		<Samples TimeTag="2024-12-25T00:38:28" DepthTag="3.550">0.438 18.987 37.516 0.000 41.642 18.987 </Samples>
		<Samples TimeTag="2024-12-25T00:38:34" DepthTag="3.651">1.121 19.293 52.957 0.000 45.490 19.293 </Samples>
		<Samples TimeTag="2024-12-25T00:38:37" DepthTag="3.753">1.921 19.676 53.398 0.000 44.915 19.676 </Samples>
		<Samples TimeTag="2024-12-25T00:38:40" DepthTag="3.857">2.105 19.997 54.184 0.000 52.806 19.997 </Samples>
		<Samples TimeTag="2024-12-25T00:38:42" DepthTag="3.962">2.801 20.119 53.298 0.000 46.592 20.119 </Samples>
		<Samples TimeTag="2024-12-25T00:38:45" DepthTag="4.065">2.395 20.181 54.704 0.000 49.307 20.181 </Samples>
		<Samples TimeTag="2024-12-25T00:38:49" DepthTag="4.169">1.419 20.043 55.271 0.000 49.595 20.043 </Samples>
		<Samples TimeTag="2024-12-25T00:38:54" DepthTag="4.270">1.129 20.089 54.786 0.000 47.212 20.089 </Samples>
		<Samples TimeTag="2024-12-25T00:39:02" DepthTag="4.370">0.749 19.798 53.803 0.000 47.989 19.798 </Samples>
		<Samples TimeTag="2024-12-25T00:39:07" DepthTag="4.472">1.385 19.951 55.468 0.000 44.936 19.951 </Samples>
		<Samples TimeTag="2024-12-25T00:39:12" DepthTag="4.577">1.175 20.058 52.655 0.000 53.839 20.058 </Samples>
		<Samples TimeTag="2024-12-25T00:39:16" DepthTag="4.695">1.842 20.119 52.079 0.000 55.518 20.119 </Samples>
		<Samples TimeTag="2024-12-25T00:39:23" DepthTag="4.796">0.951 20.150 54.328 0.000 49.310 20.150 </Samples>
		<Samples TimeTag="2024-12-25T00:39:34" DepthTag="4.896">0.525 19.813 53.513 0.000 43.260 19.813 </Samples>
		<Samples TimeTag="2024-12-25T00:39:46" DepthTag="4.997">0.524 19.660 53.912 0.000 46.173 19.660 </Samples>
		<Samples TimeTag="2024-12-25T00:39:50" DepthTag="5.098">1.258 19.859 53.257 0.000 48.682 19.859 </Samples>
		<Samples TimeTag="2024-12-25T00:39:56" DepthTag="5.201">1.185 20.074 54.290 0.000 55.190 20.074 </Samples>
		<Samples TimeTag="2024-12-25T00:40:00" DepthTag="5.306">1.569 20.349 53.241 0.000 51.021 20.349 </Samples>
		<Samples TimeTag="2024-12-25T00:40:03" DepthTag="5.411">1.745 20.487 54.726 0.000 52.739 20.487 </Samples>
		<Samples TimeTag="2024-12-25T00:40:07" DepthTag="5.511">1.598 20.517 54.421 0.000 50.044 20.517 </Samples>
		<Samples TimeTag="2024-12-25T00:40:12" DepthTag="5.613">1.272 20.380 54.270 0.000 47.987 20.380 </Samples>
		<Samples TimeTag="2024-12-25T00:40:15" DepthTag="5.714">1.676 20.487 53.294 0.000 54.191 20.487 </Samples>
		<Samples TimeTag="2024-12-25T00:40:18" DepthTag="5.819">2.447 20.716 53.193 0.000 53.607 20.716 </Samples>
		<Samples TimeTag="2024-12-25T00:40:21" DepthTag="5.920">2.042 20.640 53.571 0.000 56.636 20.640 </Samples>
		<Samples TimeTag="2024-12-25T00:40:24" DepthTag="6.025">1.829 20.716 55.389 0.000 52.220 20.716 </Samples>
		<Samples TimeTag="2024-12-25T00:40:29" DepthTag="6.129">1.497 20.900 52.966 0.000 63.472 20.900 </Samples>
		<Samples TimeTag="2024-12-25T00:40:31" DepthTag="6.233">2.225 20.930 54.460 0.000 54.266 20.930 </Samples>
		<Samples TimeTag="2024-12-25T00:40:34" DepthTag="6.338">2.252 20.976 53.804 0.000 55.881 20.976 </Samples>
		<Samples TimeTag="2024-12-25T00:40:37" DepthTag="6.441">2.026 21.038 52.588 0.000 53.792 21.038 </Samples>
		<Samples TimeTag="2024-12-25T00:40:39" DepthTag="6.543">3.175 21.083 54.001 0.000 55.334 21.083 </Samples>
		<Samples TimeTag="2024-12-25T00:40:42" DepthTag="6.650">2.431 21.099 53.959 0.000 55.003 21.099 </Samples>
		<Samples TimeTag="2024-12-25T00:40:44" DepthTag="6.757">2.495 21.129 54.748 0.000 55.424 21.129 </Samples>
		<Samples TimeTag="2024-12-25T00:40:47" DepthTag="6.860">2.337 21.221 54.053 0.000 51.092 21.221 </Samples>
		<Samples TimeTag="2024-12-25T00:40:50" DepthTag="6.961">2.036 21.267 54.036 0.000 53.527 21.267 </Samples>
		<Samples TimeTag="2024-12-25T00:40:53" DepthTag="7.065">2.111 21.282 54.796 0.000 53.875 21.282 </Samples>
		<Samples TimeTag="2024-12-25T00:40:56" DepthTag="7.170">2.227 21.374 53.599 0.000 54.888 21.374 </Samples>
		<Samples TimeTag="2024-12-25T00:40:59" DepthTag="7.272">2.021 21.221 54.231 0.000 51.936 21.221 </Samples>
		<Samples TimeTag="2024-12-25T00:41:02" DepthTag="7.378">1.762 20.946 55.189 0.000 58.484 20.946 </Samples>
		<Samples TimeTag="2024-12-25T00:41:08" DepthTag="7.479">1.042 18.896 41.029 0.000 45.014 18.896 </Samples>
		<Samples TimeTag="2024-12-25T00:41:16" DepthTag="7.581">0.788 17.656 40.419 0.000 44.425 17.656 </Samples>
	</CompactMWDdata>
	<IR:GenTrailer>
		<IR:FileCloseDate>2024-12-25T00:42:56</IR:FileCloseDate>
		<IR:ChkSum>4292367533</IR:ChkSum>
	</IR:GenTrailer>
</DRMWD>
