<?xml version="1.0" encoding="UTF-8"?>
<!-- Generated by the RCS System Epiroc Rock Drills AB -->
<DRMWD xmlns="http://www.iredes.org/xml/DrillRig" xmlns:IR="http://www.iredes.org/xml" xmlns:xsi="http://www.w3.org/2001/XMLSchema-instance" xsi:schemaLocation="http://www.iredes.org/xml/DrillRig C:\Iredes\IR_V1.2.3\xml\DR-DrillRig_V1.2\DrillRig.xsd" IRVersion="V 1.2AC" IRDownwCompat="V 1.2AC" DRMWDDownwCompat="V 1.2AC" DRMWDVersion="V 1.2AC">
	<IR:GenHead>
		<IR:FileCreateDate>2024-12-26T11:04:13</IR:FileCreateDate>
		<IR:IRversion DownwCompat="V 1.0">V 1.2AC</IR:IRversion>
		<IR:EquipmentInfo>
			<IR:EqpManufact>Epiroc</IR:EqpManufact>
			<IR:EqpType>SmartROC D65</IR:EqpType>
			<IR:EqpSerNo>8992013064</IR:EqpSerNo>
			<IR:EqpSysVer>6.28.1</IR:EqpSysVer>
			<IR:EqpInfo>DrillingMethod: DTH</IR:EqpInfo>
		</IR:EquipmentInfo>
	</IR:GenHead>
	<IR:ReportId>MWDRI261104</IR:ReportId>
	<IR:StartLogTime>2024-12-26T10:57:10</IR:StartLogTime>
	<IR:EndLogTime>2024-12-26T11:02:38</IR:EndLogTime>
	<IR:PlanIdRef>FRD03_11_0632_002_All</IR:PlanIdRef>
	<IR:PlanNameRef>FRD03_11_0632_002_All</IR:PlanNameRef>
	<MWDholeId>C1</MWDholeId>
	<QualityReportIdRef>DQRI252345</QualityReportIdRef>
	<SampleDistance>0.100</SampleDistance>
	<CompactMWDdata>
		<MWDparams>
			<Parameter Unit="m/min" Full="PenetrRate">PR</Parameter>
			<Parameter Unit="Bar" Full="PercPressure">PP</Parameter>
			<Parameter Unit="Bar" Full="FeedPressure">FP</Parameter>
			<Parameter Unit="Bar" Full="DampPressure">DP</Parameter>
			<Parameter Unit="Bar" Full="RotPressure">RP</Parameter>
			<Parameter Unit="Bar" Full="FlushPressure">FLP</Parameter>
		</MWDparams>
		<Samples TimeTag="2024-12-26T10:57:10" DepthTag="0.125">2.037 8.017 22.710 0.000 20.659 8.017 </Samples>
		<Samples TimeTag="2024-12-26T10:57:11" DepthTag="0.228">6.395 9.547 23.337 0.000 20.612 9.547 </Samples>
		<Samples TimeTag="2024-12-26T10:57:13" DepthTag="0.334">2.465 12.010 44.064 0.000 20.824 12.010 </Samples>
		<Samples TimeTag="2024-12-26T10:57:16" DepthTag="0.436">3.074 13.066 38.866 0.000 20.714 13.066 </Samples>
		<Samples TimeTag="2024-12-26T10:57:38" DepthTag="0.543">1.068 11.827 45.087 0.000 44.907 11.827 </Samples>
		<Samples TimeTag="2024-12-26T10:57:40" DepthTag="0.653">2.740 13.250 42.099 0.000 42.916 13.250 </Samples>
		<Samples TimeTag="2024-12-26T10:57:42" DepthTag="0.764">3.311 13.847 40.051 0.000 42.121 13.847 </Samples>
		<Samples TimeTag="2024-12-26T10:57:45" DepthTag="0.869">2.452 14.397 41.337 0.000 39.671 14.397 </Samples>
		<Samples TimeTag="2024-12-26T10:57:48" DepthTag="0.974">2.255 14.703 40.471 0.000 42.182 14.703 </Samples>
		<Samples TimeTag="2024-12-26T10:58:16" DepthTag="1.077">0.784 12.179 42.662 0.000 47.501 12.179 </Samples>
		<Samples TimeTag="2024-12-26T10:58:20" DepthTag="1.180">1.543 13.877 41.458 0.000 46.741 13.877 </Samples>
		<Samples TimeTag="2024-12-26T10:58:24" DepthTag="1.281">1.506 14.520 41.490 0.000 41.735 14.520 </Samples>
		<Samples TimeTag="2024-12-26T10:58:28" DepthTag="1.382">1.454 14.780 39.517 0.000 45.089 14.780 </Samples>
		<Samples TimeTag="2024-12-26T10:58:31" DepthTag="1.488">1.767 14.872 38.355 0.000 40.891 14.872 </Samples>
		<Samples TimeTag="2024-12-26T10:59:05" DepthTag="1.589">0.854 15.744 39.735 0.000 37.010 15.744 </Samples>
		<Samples TimeTag="2024-12-26T10:59:08" DepthTag="1.693">1.947 16.539 41.279 0.000 41.456 16.539 </Samples>
		<Samples TimeTag="2024-12-26T10:59:11" DepthTag="1.796">1.756 17.105 40.271 0.000 38.716 17.105 </Samples>
		<Samples TimeTag="2024-12-26T10:59:15" DepthTag="1.896">1.562 17.427 39.022 0.000 41.336 17.427 </Samples>
		<Samples TimeTag="2024-12-26T10:59:18" DepthTag="1.996">1.592 17.717 40.421 0.000 39.566 17.717 </Samples>
		<Samples TimeTag="2024-12-26T10:59:21" DepthTag="2.098">1.910 17.840 41.081 0.000 41.597 17.840 </Samples>
		<Samples TimeTag="2024-12-26T10:59:25" DepthTag="2.201">1.708 17.901 40.120 0.000 40.840 17.901 </Samples>
		<Samples TimeTag="2024-12-26T10:59:28" DepthTag="2.303">1.899 17.993 39.085 0.000 37.782 17.993 </Samples>
		<Samples TimeTag="2024-12-26T10:59:31" DepthTag="2.405">2.378 18.299 38.385 0.000 34.070 18.299 </Samples>
		<Samples TimeTag="2024-12-26T10:59:33" DepthTag="2.512">2.429 17.855 33.749 0.000 32.884 17.855 </Samples>
		<Samples TimeTag="2024-12-26T11:00:06" DepthTag="2.613">0.658 11.689 46.839 0.000 39.489 11.689 </Samples>
		<Samples TimeTag="2024-12-26T11:00:12" DepthTag="2.715">0.995 16.631 40.774 0.000 36.367 16.631 </Samples>
		<Samples TimeTag="2024-12-26T11:00:17" DepthTag="2.818">1.218 17.488 40.303 0.000 37.535 17.488 </Samples>
		<Samples TimeTag="2024-12-26T11:00:22" DepthTag="2.925">1.399 17.855 38.534 0.000 40.824 17.855 </Samples>
		<Samples TimeTag="2024-12-26T11:00:25" DepthTag="3.027">2.403 17.932 36.809 0.000 39.053 17.932 </Samples>
		<Samples TimeTag="2024-12-26T11:00:26" DepthTag="3.140">4.682 18.023 35.649 0.000 30.893 18.023 </Samples>
		<Samples TimeTag="2024-12-26T11:00:28" DepthTag="3.243">2.571 18.299 40.267 0.000 32.037 18.299 </Samples>
		<Samples TimeTag="2024-12-26T11:00:31" DepthTag="3.351">2.690 18.528 39.780 0.000 31.376 18.528 </Samples>
		<Samples TimeTag="2024-12-26T11:00:33" DepthTag="3.453">2.556 18.819 39.236 0.000 33.054 18.819 </Samples>
		<Samples TimeTag="2024-12-26T11:01:04" DepthTag="3.588">1.800 4.804 22.850 0.000 28.486 4.804 </Samples>
		<Samples TimeTag="2024-12-26T11:01:06" DepthTag="3.694">2.391 11.536 45.468 0.000 49.286 11.536 </Samples>
		<Samples TimeTag="2024-12-26T11:01:08" DepthTag="3.794">3.012 14.581 50.934 0.000 43.632 14.581 </Samples>
		<Samples TimeTag="2024-12-26T11:01:10" DepthTag="3.897">3.498 16.111 52.519 0.000 47.190 16.111 </Samples>
		<Samples TimeTag="2024-12-26T11:01:12" DepthTag="4.003">3.150 17.136 52.867 0.000 48.057 17.136 </Samples>
		<Samples TimeTag="2024-12-26T11:01:14" DepthTag="4.105">3.315 17.825 53.451 0.000 45.904 17.825 </Samples>
		<Samples TimeTag="2024-12-26T11:01:15" DepthTag="4.206">3.792 18.329 51.452 0.000 46.790 18.329 </Samples>
		<Samples TimeTag="2024-12-26T11:01:18" DepthTag="4.306">2.345 18.850 55.096 0.000 52.962 18.850 </Samples>
		<Samples TimeTag="2024-12-26T11:01:22" DepthTag="4.408">1.686 19.370 55.187 0.000 55.137 19.370 </Samples>
		<Samples TimeTag="2024-12-26T11:01:26" DepthTag="4.519">1.663 19.507 52.235 0.000 46.303 19.507 </Samples>
		<Samples TimeTag="2024-12-26T11:01:28" DepthTag="4.623">2.581 19.737 53.801 0.000 39.800 19.737 </Samples>
		<Samples TimeTag="2024-12-26T11:01:30" DepthTag="4.723">2.507 19.859 53.390 0.000 38.655 19.859 </Samples>
		<Samples TimeTag="2024-12-26T11:01:33" DepthTag="4.824">2.782 19.951 53.825 0.000 38.099 19.951 </Samples>
		<Samples TimeTag="2024-12-26T11:01:35" DepthTag="4.928">3.110 20.074 53.456 0.000 38.081 20.074 </Samples>
		<Samples TimeTag="2024-12-26T11:01:37" DepthTag="5.036">2.706 20.181 53.621 0.000 37.359 20.181 </Samples>
		<Samples TimeTag="2024-12-26T11:01:40" DepthTag="5.137">1.879 20.318 55.191 0.000 51.253 20.318 </Samples>
		<Samples TimeTag="2024-12-26T11:01:45" DepthTag="5.240">1.354 20.410 53.705 0.000 56.107 20.410 </Samples>
		<Samples TimeTag="2024-12-26T11:01:49" DepthTag="5.346">1.589 20.288 53.440 0.000 48.669 20.288 </Samples>
		<Samples TimeTag="2024-12-26T11:01:51" DepthTag="5.448">2.541 20.303 52.392 0.000 43.234 20.303 </Samples>
		<Samples TimeTag="2024-12-26T11:01:54" DepthTag="5.553">2.124 20.334 53.698 0.000 37.562 20.334 </Samples>
		<Samples TimeTag="2024-12-26T11:01:57" DepthTag="5.660">2.109 20.349 54.727 0.000 37.834 20.349 </Samples>
		<Samples TimeTag="2024-12-26T11:02:00" DepthTag="5.766">2.328 20.334 53.909 0.000 41.078 20.334 </Samples>
		<Samples TimeTag="2024-12-26T11:02:03" DepthTag="5.876">2.502 20.334 53.945 0.000 40.502 20.334 </Samples>
		<Samples TimeTag="2024-12-26T11:02:05" DepthTag="5.979">2.555 20.395 53.987 0.000 38.224 20.395 </Samples>
		<Samples TimeTag="2024-12-26T11:02:08" DepthTag="6.087">2.299 20.456 53.165 0.000 38.934 20.456 </Samples>
		<Samples TimeTag="2024-12-26T11:02:10" DepthTag="6.193">2.665 20.533 54.248 0.000 40.385 20.533 </Samples>
		<Samples TimeTag="2024-12-26T11:02:13" DepthTag="6.298">1.955 20.563 53.846 0.000 56.133 20.563 </Samples>
		<Samples TimeTag="2024-12-26T11:02:16" DepthTag="6.399">2.042 20.487 54.796 0.000 52.838 20.487 </Samples>
		<Samples TimeTag="2024-12-26T11:02:20" DepthTag="6.503">1.652 20.242 54.030 0.000 48.840 20.242 </Samples>
		<Samples TimeTag="2024-12-26T11:02:23" DepthTag="6.607">2.050 20.242 52.628 0.000 48.615 20.242 </Samples>
		<Samples TimeTag="2024-12-26T11:02:26" DepthTag="6.717">2.762 20.303 53.002 0.000 40.334 20.303 </Samples>
		<Samples TimeTag="2024-12-26T11:02:28" DepthTag="6.821">2.582 20.303 53.609 0.000 40.282 20.303 </Samples>
		<Samples TimeTag="2024-12-26T11:02:30" DepthTag="6.922">2.525 20.288 53.391 0.000 38.964 20.288 </Samples>
		<Samples TimeTag="2024-12-26T11:02:33" DepthTag="7.027">2.437 20.227 54.190 0.000 43.872 20.227 </Samples>
		<Samples TimeTag="2024-12-26T11:02:36" DepthTag="7.129">2.402 20.227 44.798 0.000 38.751 20.227 </Samples>
		<Samples TimeTag="2024-12-26T11:02:38" DepthTag="7.236">2.659 19.400 42.586 0.000 39.891 19.400 </Samples>
	</CompactMWDdata>
	<IR:GenTrailer>
		<IR:FileCloseDate>2024-12-26T11:04:13</IR:FileCloseDate>
		<IR:ChkSum>1076320691</IR:ChkSum>
	</IR:GenTrailer>
</DRMWD>
