<?xml version="1.0" encoding="UTF-8"?>
<!-- Generated by the RCS System Epiroc Rock Drills AB -->
<DRMWD xmlns="http://www.iredes.org/xml/DrillRig" xmlns:IR="http://www.iredes.org/xml" xmlns:xsi="http://www.w3.org/2001/XMLSchema-instance" xsi:schemaLocation="http://www.iredes.org/xml/DrillRig C:\Iredes\IR_V1.2.3\xml\DR-DrillRig_V1.2\DrillRig.xsd" IRVersion="V 1.2AC" IRDownwCompat="V 1.2AC" DRMWDDownwCompat="V 1.2AC" DRMWDVersion="V 1.2AC">
	<IR:GenHead>
		<IR:FileCreateDate>2024-12-25T17:17:31</IR:FileCreateDate>
		<IR:IRversion DownwCompat="V 1.0">V 1.2AC</IR:IRversion>
		<IR:EquipmentInfo>
			<IR:EqpManufact>Epiroc</IR:EqpManufact>
			<IR:EqpType>SmartROC D65</IR:EqpType>
			<IR:EqpSerNo>8992013064</IR:EqpSerNo>
			<IR:EqpSysVer>6.28.1</IR:EqpSysVer>
			<IR:EqpInfo>DrillingMethod: DTH</IR:EqpInfo>
		</IR:EquipmentInfo>
	</IR:GenHead>
	<IR:ReportId>MWDRI251717</IR:ReportId>
	<IR:StartLogTime>2024-12-25T17:07:24</IR:StartLogTime>
	<IR:EndLogTime>2024-12-25T17:15:07</IR:EndLogTime>
	<IR:PlanIdRef>FRD03_11_0632_003_All</IR:PlanIdRef>
	<IR:PlanNameRef>FRD03_11_0632_003_All</IR:PlanNameRef>
	<MWDholeId>C12</MWDholeId>
	<QualityReportIdRef>DQRI250804</QualityReportIdRef>
	<SampleDistance>0.100</SampleDistance>
	<CompactMWDdata>
		<MWDparams>
			<Parameter Unit="m/min" Full="PenetrRate">PR</Parameter>
			<Parameter Unit="Bar" Full="PercPressure">PP</Parameter>
			<Parameter Unit="Bar" Full="FeedPressure">FP</Parameter>
			<Parameter Unit="Bar" Full="DampPressure">DP</Parameter>
			<Parameter Unit="Bar" Full="RotPressure">RP</Parameter>
			<Parameter Unit="Bar" Full="FlushPressure">FLP</Parameter>
		</MWDparams>
		<Samples TimeTag="2024-12-25T17:07:24" DepthTag="0.111">1.329 7.298 22.345 0.000 21.400 7.298 </Samples>
		<Samples TimeTag="2024-12-25T17:07:26" DepthTag="0.229">5.889 7.115 29.635 0.000 21.400 7.115 </Samples>
		<Samples TimeTag="2024-12-25T17:07:30" DepthTag="0.333">1.546 11.873 42.400 0.000 21.398 11.873 </Samples>
		<Samples TimeTag="2024-12-25T17:07:33" DepthTag="0.443">1.954 13.449 39.709 0.000 47.818 13.449 </Samples>
		<Samples TimeTag="2024-12-25T17:07:37" DepthTag="0.545">1.398 14.321 40.971 0.000 49.101 14.321 </Samples>
		<Samples TimeTag="2024-12-25T17:07:43" DepthTag="0.646">1.161 14.642 37.722 0.000 53.831 14.642 </Samples>
		<Samples TimeTag="2024-12-25T17:07:47" DepthTag="0.752">1.582 14.780 38.776 0.000 54.482 14.780 </Samples>
		<Samples TimeTag="2024-12-25T17:07:50" DepthTag="0.854">1.617 14.856 41.577 0.000 55.478 14.856 </Samples>
		<Samples TimeTag="2024-12-25T17:08:24" DepthTag="0.957">0.661 14.550 40.165 0.000 53.475 14.550 </Samples>
		<Samples TimeTag="2024-12-25T17:08:30" DepthTag="1.058">1.047 14.810 39.244 0.000 53.622 14.810 </Samples>
		<Samples TimeTag="2024-12-25T17:08:35" DepthTag="1.158">1.072 14.918 39.015 0.000 53.446 14.918 </Samples>
		<Samples TimeTag="2024-12-25T17:08:41" DepthTag="1.263">1.205 15.009 40.216 0.000 58.914 15.009 </Samples>
		<Samples TimeTag="2024-12-25T17:08:48" DepthTag="1.364">0.842 15.009 40.413 0.000 55.714 15.009 </Samples>
		<Samples TimeTag="2024-12-25T17:09:21" DepthTag="1.465">0.540 12.179 42.713 0.000 53.690 12.179 </Samples>
		<Samples TimeTag="2024-12-25T17:09:26" DepthTag="1.567">1.235 14.076 39.983 0.000 55.631 14.076 </Samples>
		<Samples TimeTag="2024-12-25T17:09:31" DepthTag="1.669">1.177 14.642 40.329 0.000 52.672 14.642 </Samples>
		<Samples TimeTag="2024-12-25T17:09:37" DepthTag="1.770">1.071 14.872 40.459 0.000 58.203 14.872 </Samples>
		<Samples TimeTag="2024-12-25T17:09:42" DepthTag="1.874">1.370 14.933 39.065 0.000 53.488 14.933 </Samples>
		<Samples TimeTag="2024-12-25T17:10:17" DepthTag="1.975">0.614 11.689 45.403 0.000 59.264 11.689 </Samples>
		<Samples TimeTag="2024-12-25T17:10:24" DepthTag="2.080">0.902 16.203 39.432 0.000 51.724 16.203 </Samples>
		<Samples TimeTag="2024-12-25T17:10:28" DepthTag="2.181">1.262 17.029 39.849 0.000 47.553 17.029 </Samples>
		<Samples TimeTag="2024-12-25T17:10:34" DepthTag="2.283">1.177 17.457 39.673 0.000 50.781 17.457 </Samples>
		<Samples TimeTag="2024-12-25T17:10:38" DepthTag="2.385">1.267 17.641 40.338 0.000 47.067 17.641 </Samples>
		<Samples TimeTag="2024-12-25T17:10:43" DepthTag="2.486">1.326 17.809 39.167 0.000 53.978 17.809 </Samples>
		<Samples TimeTag="2024-12-25T17:10:51" DepthTag="2.586">0.750 17.733 40.640 0.000 52.473 17.733 </Samples>
		<Samples TimeTag="2024-12-25T17:11:00" DepthTag="2.688">0.683 17.840 40.340 0.000 51.504 17.840 </Samples>
		<Samples TimeTag="2024-12-25T17:11:07" DepthTag="2.790">0.869 18.008 39.929 0.000 50.198 18.008 </Samples>
		<Samples TimeTag="2024-12-25T17:11:12" DepthTag="2.893">1.223 17.916 37.817 0.000 40.638 17.916 </Samples>
		<Samples TimeTag="2024-12-25T17:11:41" DepthTag="2.998">1.053 5.217 37.253 0.000 45.254 5.217 </Samples>
		<Samples TimeTag="2024-12-25T17:11:46" DepthTag="3.101">1.184 14.168 42.685 0.000 51.420 14.168 </Samples>
		<Samples TimeTag="2024-12-25T17:11:53" DepthTag="3.201">0.976 16.310 39.449 0.000 50.203 16.310 </Samples>
		<Samples TimeTag="2024-12-25T17:11:57" DepthTag="3.304">1.283 16.983 39.543 0.000 48.909 16.983 </Samples>
		<Samples TimeTag="2024-12-25T17:12:02" DepthTag="3.404">1.441 17.350 40.189 0.000 50.773 17.350 </Samples>
		<Samples TimeTag="2024-12-25T17:12:11" DepthTag="3.507">0.639 17.473 40.532 0.000 45.289 17.473 </Samples>
		<Samples TimeTag="2024-12-25T17:12:17" DepthTag="3.613">1.132 17.763 38.951 0.000 42.161 17.763 </Samples>
		<Samples TimeTag="2024-12-25T17:12:21" DepthTag="3.719">1.529 17.870 38.931 0.000 41.052 17.870 </Samples>
		<Samples TimeTag="2024-12-25T17:12:25" DepthTag="3.820">1.677 17.901 38.812 0.000 37.540 17.901 </Samples>
		<Samples TimeTag="2024-12-25T17:12:29" DepthTag="3.920">1.364 11.643 0.265 0.000 18.896 11.643 </Samples>
		<Samples TimeTag="2024-12-25T17:12:59" DepthTag="4.026">1.322 10.419 48.224 0.000 53.824 10.419 </Samples>
		<Samples TimeTag="2024-12-25T17:13:04" DepthTag="4.128">1.136 16.509 42.221 0.000 53.896 16.509 </Samples>
		<Samples TimeTag="2024-12-25T17:13:08" DepthTag="4.232">1.648 17.794 40.161 0.000 37.158 17.794 </Samples>
		<Samples TimeTag="2024-12-25T17:13:11" DepthTag="4.339">1.874 18.452 39.487 0.000 40.912 18.452 </Samples>
		<Samples TimeTag="2024-12-25T17:13:14" DepthTag="4.445">2.266 18.819 39.913 0.000 41.458 18.819 </Samples>
		<Samples TimeTag="2024-12-25T17:13:17" DepthTag="4.551">1.970 19.110 39.763 0.000 46.075 19.110 </Samples>
		<Samples TimeTag="2024-12-25T17:13:21" DepthTag="4.651">1.674 19.324 40.231 0.000 45.695 19.324 </Samples>
		<Samples TimeTag="2024-12-25T17:13:25" DepthTag="4.756">1.369 19.309 40.909 0.000 44.907 19.309 </Samples>
		<Samples TimeTag="2024-12-25T17:13:30" DepthTag="4.856">1.450 19.400 38.470 0.000 44.103 19.400 </Samples>
		<Samples TimeTag="2024-12-25T17:14:08" DepthTag="4.981">1.094 5.998 22.413 0.000 24.046 5.998 </Samples>
		<Samples TimeTag="2024-12-25T17:14:12" DepthTag="5.086">1.310 15.193 53.753 0.000 55.011 15.193 </Samples>
		<Samples TimeTag="2024-12-25T17:14:15" DepthTag="5.187">2.167 16.815 53.218 0.000 45.464 16.815 </Samples>
		<Samples TimeTag="2024-12-25T17:14:19" DepthTag="5.290">1.703 18.008 53.336 0.000 51.780 18.008 </Samples>
		<Samples TimeTag="2024-12-25T17:14:21" DepthTag="5.395">2.627 18.651 53.817 0.000 45.901 18.651 </Samples>
		<Samples TimeTag="2024-12-25T17:14:24" DepthTag="5.504">2.708 19.003 53.261 0.000 39.007 19.003 </Samples>
		<Samples TimeTag="2024-12-25T17:14:27" DepthTag="5.611">1.783 19.324 53.663 0.000 49.585 19.324 </Samples>
		<Samples TimeTag="2024-12-25T17:14:30" DepthTag="5.711">1.922 19.691 53.253 0.000 44.488 19.691 </Samples>
		<Samples TimeTag="2024-12-25T17:14:33" DepthTag="5.814">2.022 19.890 53.906 0.000 42.152 19.890 </Samples>
		<Samples TimeTag="2024-12-25T17:14:36" DepthTag="5.914">2.149 20.058 53.885 0.000 43.193 20.058 </Samples>
		<Samples TimeTag="2024-12-25T17:14:39" DepthTag="6.019">2.122 20.119 54.382 0.000 42.061 20.119 </Samples>
		<Samples TimeTag="2024-12-25T17:14:42" DepthTag="6.124">2.370 20.227 53.836 0.000 42.180 20.227 </Samples>
		<Samples TimeTag="2024-12-25T17:14:45" DepthTag="6.232">1.930 20.334 54.429 0.000 51.559 20.334 </Samples>
		<Samples TimeTag="2024-12-25T17:14:49" DepthTag="6.336">1.726 20.242 54.984 0.000 54.314 20.242 </Samples>
		<Samples TimeTag="2024-12-25T17:14:52" DepthTag="6.436">2.035 20.273 53.514 0.000 48.145 20.273 </Samples>
		<Samples TimeTag="2024-12-25T17:14:54" DepthTag="6.542">2.627 20.303 54.112 0.000 46.352 20.303 </Samples>
		<Samples TimeTag="2024-12-25T17:14:57" DepthTag="6.645">2.562 20.349 54.048 0.000 48.698 20.349 </Samples>
		<Samples TimeTag="2024-12-25T17:15:00" DepthTag="6.745">1.981 20.334 50.555 0.000 53.904 20.334 </Samples>
		<Samples TimeTag="2024-12-25T17:15:03" DepthTag="6.848">1.976 19.385 39.565 0.000 45.886 19.385 </Samples>
		<Samples TimeTag="2024-12-25T17:15:07" DepthTag="6.948">1.413 13.020 0.439 0.000 21.135 13.020 </Samples>
	</CompactMWDdata>
	<IR:GenTrailer>
		<IR:FileCloseDate>2024-12-25T17:17:31</IR:FileCloseDate>
		<IR:ChkSum>0380452899</IR:ChkSum>
	</IR:GenTrailer>
</DRMWD>
