<?xml version="1.0" encoding="UTF-8"?>
<!-- Generated by the RCS System Epiroc Rock Drills AB -->
<DRMWD xmlns="http://www.iredes.org/xml/DrillRig" xmlns:IR="http://www.iredes.org/xml" xmlns:xsi="http://www.w3.org/2001/XMLSchema-instance" xsi:schemaLocation="http://www.iredes.org/xml/DrillRig C:\Iredes\IR_V1.2.3\xml\DR-DrillRig_V1.2\DrillRig.xsd" IRVersion="V 1.2AC" IRDownwCompat="V 1.2AC" DRMWDDownwCompat="V 1.2AC" DRMWDVersion="V 1.2AC">
	<IR:GenHead>
		<IR:FileCreateDate>2024-12-25T03:41:07</IR:FileCreateDate>
		<IR:IRversion DownwCompat="V 1.0">V 1.2AC</IR:IRversion>
		<IR:EquipmentInfo>
			<IR:EqpManufact>Epiroc</IR:EqpManufact>
			<IR:EqpType>SmartROC D65</IR:EqpType>
			<IR:EqpSerNo>8992013064</IR:EqpSerNo>
			<IR:EqpSysVer>6.28.1</IR:EqpSysVer>
			<IR:EqpInfo>DrillingMethod: DTH</IR:EqpInfo>
		</IR:EquipmentInfo>
	</IR:GenHead>
	<IR:ReportId>MWDRI250341</IR:ReportId>
	<IR:StartLogTime>2024-12-25T03:34:12</IR:StartLogTime>
	<IR:EndLogTime>2024-12-25T03:39:37</IR:EndLogTime>
	<IR:PlanIdRef>FRD03_11_0626_001_All</IR:PlanIdRef>
	<IR:PlanNameRef>FRD03_11_0626_001_All</IR:PlanNameRef>
	<MWDholeId>A6</MWDholeId>
	<QualityReportIdRef>DQRI241930</QualityReportIdRef>
	<SampleDistance>0.100</SampleDistance>
	<CompactMWDdata>
		<MWDparams>
			<Parameter Unit="m/min" Full="PenetrRate">PR</Parameter>
			<Parameter Unit="Bar" Full="PercPressure">PP</Parameter>
			<Parameter Unit="Bar" Full="FeedPressure">FP</Parameter>
			<Parameter Unit="Bar" Full="DampPressure">DP</Parameter>
			<Parameter Unit="Bar" Full="RotPressure">RP</Parameter>
			<Parameter Unit="Bar" Full="FlushPressure">FLP</Parameter>
		</MWDparams>
		<Samples TimeTag="2024-12-25T03:34:12" DepthTag="0.100">1.227 9.608 25.844 0.000 21.100 9.608 </Samples>
		<Samples TimeTag="2024-12-25T03:34:14" DepthTag="0.204">3.871 12.255 43.088 0.000 21.000 12.255 </Samples>
		<Samples TimeTag="2024-12-25T03:34:17" DepthTag="0.305">1.800 15.224 43.943 0.000 21.262 15.224 </Samples>
		<Samples TimeTag="2024-12-25T03:34:21" DepthTag="0.420">1.795 16.524 38.058 0.000 52.050 16.524 </Samples>
		<Samples TimeTag="2024-12-25T03:34:23" DepthTag="0.522">3.062 15.606 24.250 0.000 56.510 15.606 </Samples>
		<Samples TimeTag="2024-12-25T03:34:42" DepthTag="0.634">1.061 16.692 42.505 0.000 59.355 16.692 </Samples>
		<Samples TimeTag="2024-12-25T03:34:44" DepthTag="0.737">3.216 17.167 41.579 0.000 61.843 17.167 </Samples>
		<Samples TimeTag="2024-12-25T03:34:46" DepthTag="0.841">3.388 17.503 42.049 0.000 59.513 17.503 </Samples>
		<Samples TimeTag="2024-12-25T03:34:48" DepthTag="0.947">2.929 17.840 41.344 0.000 58.519 17.840 </Samples>
		<Samples TimeTag="2024-12-25T03:35:11" DepthTag="1.070">1.265 4.988 22.133 0.000 43.634 4.988 </Samples>
		<Samples TimeTag="2024-12-25T03:35:16" DepthTag="1.174">1.290 14.198 40.861 0.000 70.672 14.198 </Samples>
		<Samples TimeTag="2024-12-25T03:35:19" DepthTag="1.284">2.068 16.065 38.523 0.000 61.824 16.065 </Samples>
		<Samples TimeTag="2024-12-25T03:35:22" DepthTag="1.393">2.207 16.952 39.087 0.000 62.339 16.952 </Samples>
		<Samples TimeTag="2024-12-25T03:35:24" DepthTag="1.505">3.344 17.350 37.125 0.000 59.696 17.350 </Samples>
		<Samples TimeTag="2024-12-25T03:35:52" DepthTag="1.607">1.190 5.279 25.255 0.000 46.265 5.279 </Samples>
		<Samples TimeTag="2024-12-25T03:35:56" DepthTag="1.707">1.669 13.632 44.339 0.000 57.752 13.632 </Samples>
		<Samples TimeTag="2024-12-25T03:35:59" DepthTag="1.810">1.829 16.463 40.901 0.000 61.636 16.463 </Samples>
		<Samples TimeTag="2024-12-25T03:36:02" DepthTag="1.913">2.024 17.687 41.028 0.000 61.166 17.687 </Samples>
		<Samples TimeTag="2024-12-25T03:36:04" DepthTag="2.014">2.533 18.314 39.536 0.000 61.958 18.314 </Samples>
		<Samples TimeTag="2024-12-25T03:36:07" DepthTag="2.120">2.930 18.727 38.446 0.000 59.040 18.727 </Samples>
		<Samples TimeTag="2024-12-25T03:36:10" DepthTag="2.223">1.796 19.217 41.600 0.000 63.383 19.217 </Samples>
		<Samples TimeTag="2024-12-25T03:36:13" DepthTag="2.323">2.347 19.523 39.713 0.000 53.696 19.523 </Samples>
		<Samples TimeTag="2024-12-25T03:36:16" DepthTag="2.427">2.105 19.813 40.892 0.000 52.156 19.813 </Samples>
		<Samples TimeTag="2024-12-25T03:36:47" DepthTag="2.540">0.916 4.957 20.925 0.000 44.367 4.957 </Samples>
		<Samples TimeTag="2024-12-25T03:36:51" DepthTag="2.643">1.790 12.699 45.873 0.000 58.960 12.699 </Samples>
		<Samples TimeTag="2024-12-25T03:36:55" DepthTag="2.748">1.433 16.815 41.446 0.000 54.678 16.815 </Samples>
		<Samples TimeTag="2024-12-25T03:36:59" DepthTag="2.853">1.430 18.238 39.861 0.000 61.797 18.238 </Samples>
		<Samples TimeTag="2024-12-25T03:37:05" DepthTag="2.954">1.125 19.003 39.786 0.000 60.338 19.003 </Samples>
		<Samples TimeTag="2024-12-25T03:37:11" DepthTag="3.056">0.996 19.309 39.426 0.000 63.651 19.309 </Samples>
		<Samples TimeTag="2024-12-25T03:37:15" DepthTag="3.158">1.432 19.569 38.289 0.000 54.412 19.569 </Samples>
		<Samples TimeTag="2024-12-25T03:37:18" DepthTag="3.261">1.831 19.798 39.871 0.000 54.908 19.798 </Samples>
		<Samples TimeTag="2024-12-25T03:37:23" DepthTag="3.361">1.369 19.813 41.244 0.000 57.810 19.813 </Samples>
		<Samples TimeTag="2024-12-25T03:37:27" DepthTag="3.463">1.514 19.921 39.087 0.000 63.879 19.921 </Samples>
		<Samples TimeTag="2024-12-25T03:38:01" DepthTag="3.570">0.798 5.049 25.193 0.000 46.409 5.049 </Samples>
		<Samples TimeTag="2024-12-25T03:38:06" DepthTag="3.673">1.328 15.193 47.871 0.000 65.112 15.193 </Samples>
		<Samples TimeTag="2024-12-25T03:38:09" DepthTag="3.783">2.221 17.121 51.955 0.000 61.118 17.121 </Samples>
		<Samples TimeTag="2024-12-25T03:38:11" DepthTag="3.885">2.819 18.008 52.811 0.000 54.581 18.008 </Samples>
		<Samples TimeTag="2024-12-25T03:38:14" DepthTag="3.986">2.294 18.788 53.483 0.000 68.399 18.788 </Samples>
		<Samples TimeTag="2024-12-25T03:38:17" DepthTag="4.088">2.058 19.370 53.097 0.000 65.581 19.370 </Samples>
		<Samples TimeTag="2024-12-25T03:38:22" DepthTag="4.190">1.326 19.737 54.329 0.000 66.925 19.737 </Samples>
		<Samples TimeTag="2024-12-25T03:38:25" DepthTag="4.291">1.875 20.058 50.295 0.000 69.768 20.058 </Samples>
		<Samples TimeTag="2024-12-25T03:38:27" DepthTag="4.397">2.480 20.227 53.705 0.000 65.682 20.227 </Samples>
		<Samples TimeTag="2024-12-25T03:38:31" DepthTag="4.501">1.859 20.395 54.133 0.000 64.601 20.395 </Samples>
		<Samples TimeTag="2024-12-25T03:38:35" DepthTag="4.604">1.396 20.441 52.874 0.000 65.668 20.441 </Samples>
		<Samples TimeTag="2024-12-25T03:38:41" DepthTag="4.705">1.084 20.303 51.608 0.000 66.196 20.303 </Samples>
		<Samples TimeTag="2024-12-25T03:38:44" DepthTag="4.808">2.084 20.426 53.873 0.000 55.830 20.426 </Samples>
		<Samples TimeTag="2024-12-25T03:38:47" DepthTag="4.910">1.773 20.594 53.840 0.000 63.609 20.594 </Samples>
		<Samples TimeTag="2024-12-25T03:38:50" DepthTag="5.015">2.437 20.655 53.169 0.000 60.493 20.655 </Samples>
		<Samples TimeTag="2024-12-25T03:38:52" DepthTag="5.116">2.299 20.640 54.451 0.000 63.471 20.640 </Samples>
		<Samples TimeTag="2024-12-25T03:38:56" DepthTag="5.218">1.529 20.732 52.139 0.000 66.564 20.732 </Samples>
		<Samples TimeTag="2024-12-25T03:39:00" DepthTag="5.320">1.628 20.732 46.984 0.000 64.295 20.732 </Samples>
		<Samples TimeTag="2024-12-25T03:39:04" DepthTag="5.424">1.723 20.670 49.238 0.000 70.226 20.670 </Samples>
		<Samples TimeTag="2024-12-25T03:39:07" DepthTag="5.528">2.095 20.716 52.134 0.000 65.418 20.716 </Samples>
		<Samples TimeTag="2024-12-25T03:39:12" DepthTag="5.631">1.224 20.686 52.112 0.000 69.486 20.686 </Samples>
		<Samples TimeTag="2024-12-25T03:39:15" DepthTag="5.738">2.292 20.793 51.946 0.000 67.537 20.793 </Samples>
		<Samples TimeTag="2024-12-25T03:39:17" DepthTag="5.841">3.097 20.854 52.487 0.000 53.359 20.854 </Samples>
		<Samples TimeTag="2024-12-25T03:39:19" DepthTag="5.943">3.164 20.839 53.895 0.000 62.229 20.839 </Samples>
		<Samples TimeTag="2024-12-25T03:39:20" DepthTag="6.054">4.168 20.900 52.679 0.000 64.894 20.900 </Samples>
		<Samples TimeTag="2024-12-25T03:39:22" DepthTag="6.164">3.300 20.900 54.007 0.000 61.393 20.900 </Samples>
		<Samples TimeTag="2024-12-25T03:39:24" DepthTag="6.266">3.319 20.839 54.063 0.000 61.188 20.839 </Samples>
		<Samples TimeTag="2024-12-25T03:39:26" DepthTag="6.373">3.194 20.946 54.210 0.000 56.120 20.946 </Samples>
		<Samples TimeTag="2024-12-25T03:39:28" DepthTag="6.474">2.508 20.961 54.621 0.000 60.378 20.961 </Samples>
		<Samples TimeTag="2024-12-25T03:39:30" DepthTag="6.581">3.646 20.854 52.748 0.000 58.451 20.854 </Samples>
		<Samples TimeTag="2024-12-25T03:39:32" DepthTag="6.691">3.590 20.946 54.398 0.000 56.355 20.946 </Samples>
		<Samples TimeTag="2024-12-25T03:39:34" DepthTag="6.795">2.603 20.548 42.487 0.000 57.153 20.548 </Samples>
		<Samples TimeTag="2024-12-25T03:39:37" DepthTag="6.898">2.842 20.211 40.728 0.000 61.581 20.211 </Samples>
	</CompactMWDdata>
	<IR:GenTrailer>
		<IR:FileCloseDate>2024-12-25T03:41:07</IR:FileCloseDate>
		<IR:ChkSum>1678241124</IR:ChkSum>
	</IR:GenTrailer>
</DRMWD>
