<?xml version="1.0" encoding="UTF-8"?>
<!-- Generated by the RCS System Epiroc Rock Drills AB -->
<DRMWD xmlns="http://www.iredes.org/xml/DrillRig" xmlns:IR="http://www.iredes.org/xml" xmlns:xsi="http://www.w3.org/2001/XMLSchema-instance" xsi:schemaLocation="http://www.iredes.org/xml/DrillRig C:\Iredes\IR_V1.2.3\xml\DR-DrillRig_V1.2\DrillRig.xsd" IRVersion="V 1.2AC" IRDownwCompat="V 1.2AC" DRMWDDownwCompat="V 1.2AC" DRMWDVersion="V 1.2AC">
	<IR:GenHead>
		<IR:FileCreateDate>2024-12-27T11:16:21</IR:FileCreateDate>
		<IR:IRversion DownwCompat="V 1.0">V 1.2AC</IR:IRversion>
		<IR:EquipmentInfo>
			<IR:EqpManufact>Epiroc</IR:EqpManufact>
			<IR:EqpType>SmartROC D65</IR:EqpType>
			<IR:EqpSerNo>8992013064</IR:EqpSerNo>
			<IR:EqpSysVer>6.28.1</IR:EqpSysVer>
			<IR:EqpInfo>DrillingMethod: DTH</IR:EqpInfo>
		</IR:EquipmentInfo>
	</IR:GenHead>
	<IR:ReportId>MWDRI271116</IR:ReportId>
	<IR:StartLogTime>2024-12-27T11:08:33</IR:StartLogTime>
	<IR:EndLogTime>2024-12-27T11:14:49</IR:EndLogTime>
	<IR:PlanIdRef>FRD03_11_0626_001_All</IR:PlanIdRef>
	<IR:PlanNameRef>FRD03_11_0626_001_All</IR:PlanNameRef>
	<MWDholeId>A69</MWDholeId>
	<QualityReportIdRef>DQRI270314</QualityReportIdRef>
	<SampleDistance>0.100</SampleDistance>
	<CompactMWDdata>
		<MWDparams>
			<Parameter Unit="m/min" Full="PenetrRate">PR</Parameter>
			<Parameter Unit="Bar" Full="PercPressure">PP</Parameter>
			<Parameter Unit="Bar" Full="FeedPressure">FP</Parameter>
			<Parameter Unit="Bar" Full="DampPressure">DP</Parameter>
			<Parameter Unit="Bar" Full="RotPressure">RP</Parameter>
			<Parameter Unit="Bar" Full="FlushPressure">FLP</Parameter>
		</MWDparams>
		<Samples TimeTag="2024-12-27T11:08:33" DepthTag="0.101">1.499 14.229 43.615 0.000 20.544 14.229 </Samples>
		<Samples TimeTag="2024-12-27T11:08:35" DepthTag="0.205">2.436 14.566 41.422 0.000 20.589 14.566 </Samples>
		<Samples TimeTag="2024-12-27T11:08:39" DepthTag="0.305">1.742 15.652 44.828 0.000 20.544 15.652 </Samples>
		<Samples TimeTag="2024-12-27T11:08:43" DepthTag="0.408">1.425 16.004 39.045 0.000 43.693 16.004 </Samples>
		<Samples TimeTag="2024-12-27T11:08:45" DepthTag="0.515">2.663 15.698 39.076 0.000 41.582 15.698 </Samples>
		<Samples TimeTag="2024-12-27T11:09:02" DepthTag="0.621">1.494 4.131 21.341 0.000 23.088 4.131 </Samples>
		<Samples TimeTag="2024-12-27T11:09:03" DepthTag="0.735">6.586 3.978 36.982 0.000 43.777 3.978 </Samples>
		<Samples TimeTag="2024-12-27T11:09:07" DepthTag="0.837">1.620 7.222 45.405 0.000 39.506 7.222 </Samples>
		<Samples TimeTag="2024-12-27T11:09:10" DepthTag="0.940">2.324 10.985 42.670 0.000 42.574 10.985 </Samples>
		<Samples TimeTag="2024-12-27T11:09:13" DepthTag="1.041">1.954 13.189 36.987 0.000 43.952 13.189 </Samples>
		<Samples TimeTag="2024-12-27T11:09:37" DepthTag="1.148">0.906 9.455 45.331 0.000 41.339 9.455 </Samples>
		<Samples TimeTag="2024-12-27T11:09:41" DepthTag="1.254">1.757 12.806 42.543 0.000 48.989 12.806 </Samples>
		<Samples TimeTag="2024-12-27T11:09:44" DepthTag="1.354">1.704 14.045 40.435 0.000 46.099 14.045 </Samples>
		<Samples TimeTag="2024-12-27T11:09:53" DepthTag="1.456">0.737 14.520 39.943 0.000 55.336 14.520 </Samples>
		<Samples TimeTag="2024-12-27T11:10:27" DepthTag="1.556">0.711 11.414 43.181 0.000 54.402 11.414 </Samples>
		<Samples TimeTag="2024-12-27T11:10:33" DepthTag="1.659">0.903 16.065 40.663 0.000 51.821 16.065 </Samples>
		<Samples TimeTag="2024-12-27T11:10:39" DepthTag="1.762">1.186 16.891 39.866 0.000 51.452 16.891 </Samples>
		<Samples TimeTag="2024-12-27T11:10:41" DepthTag="1.865">2.397 17.258 38.714 0.000 33.905 17.258 </Samples>
		<Samples TimeTag="2024-12-27T11:10:44" DepthTag="1.969">1.956 17.442 38.932 0.000 35.567 17.442 </Samples>
		<Samples TimeTag="2024-12-27T11:10:48" DepthTag="2.070">1.682 17.564 41.535 0.000 41.998 17.564 </Samples>
		<Samples TimeTag="2024-12-27T11:10:51" DepthTag="2.173">1.916 17.733 39.751 0.000 41.949 17.733 </Samples>
		<Samples TimeTag="2024-12-27T11:10:54" DepthTag="2.275">1.914 17.748 39.237 0.000 45.395 17.748 </Samples>
		<Samples TimeTag="2024-12-27T11:10:57" DepthTag="2.376">2.034 17.733 39.631 0.000 44.950 17.733 </Samples>
		<Samples TimeTag="2024-12-27T11:11:00" DepthTag="2.483">2.281 17.809 39.139 0.000 37.898 17.809 </Samples>
		<Samples TimeTag="2024-12-27T11:11:37" DepthTag="2.600">0.532 5.630 31.779 0.000 28.224 5.630 </Samples>
		<Samples TimeTag="2024-12-27T11:11:46" DepthTag="2.700">0.640 15.774 41.177 0.000 50.598 15.774 </Samples>
		<Samples TimeTag="2024-12-27T11:11:52" DepthTag="2.802">1.090 16.738 39.147 0.000 47.363 16.738 </Samples>
		<Samples TimeTag="2024-12-27T11:11:54" DepthTag="2.904">2.053 17.121 38.265 0.000 35.865 17.121 </Samples>
		<Samples TimeTag="2024-12-27T11:11:58" DepthTag="3.006">1.913 17.411 39.387 0.000 40.646 17.411 </Samples>
		<Samples TimeTag="2024-12-27T11:12:01" DepthTag="3.107">1.881 17.595 38.686 0.000 37.310 17.595 </Samples>
		<Samples TimeTag="2024-12-27T11:12:03" DepthTag="3.209">2.401 17.748 41.149 0.000 43.913 17.748 </Samples>
		<Samples TimeTag="2024-12-27T11:12:09" DepthTag="3.310">1.192 17.610 41.329 0.000 45.508 17.610 </Samples>
		<Samples TimeTag="2024-12-27T11:12:16" DepthTag="3.410">0.788 17.411 38.157 0.000 45.858 17.411 </Samples>
		<Samples TimeTag="2024-12-27T11:12:24" DepthTag="3.511">0.803 17.427 40.497 0.000 51.261 17.427 </Samples>
		<Samples TimeTag="2024-12-27T11:13:05" DepthTag="3.612">0.411 10.220 44.354 0.000 60.689 10.220 </Samples>
		<Samples TimeTag="2024-12-27T11:13:13" DepthTag="3.716">0.776 15.988 43.086 0.000 50.247 15.988 </Samples>
		<Samples TimeTag="2024-12-27T11:13:21" DepthTag="3.820">0.844 16.677 43.688 0.000 54.269 16.677 </Samples>
		<Samples TimeTag="2024-12-27T11:13:24" DepthTag="3.926">2.279 17.075 44.598 0.000 36.573 17.075 </Samples>
		<Samples TimeTag="2024-12-27T11:13:28" DepthTag="4.028">1.381 17.350 45.062 0.000 51.779 17.350 </Samples>
		<Samples TimeTag="2024-12-27T11:13:35" DepthTag="4.128">0.815 17.473 44.229 0.000 52.383 17.473 </Samples>
		<Samples TimeTag="2024-12-27T11:13:41" DepthTag="4.229">1.126 17.733 44.939 0.000 48.442 17.733 </Samples>
		<Samples TimeTag="2024-12-27T11:13:45" DepthTag="4.335">1.370 17.626 44.884 0.000 51.295 17.626 </Samples>
		<Samples TimeTag="2024-12-27T11:13:48" DepthTag="4.435">2.202 17.809 44.737 0.000 38.661 17.809 </Samples>
		<Samples TimeTag="2024-12-27T11:13:51" DepthTag="4.542">2.279 17.855 44.864 0.000 34.804 17.855 </Samples>
		<Samples TimeTag="2024-12-27T11:13:54" DepthTag="4.651">2.474 17.947 44.782 0.000 35.404 17.947 </Samples>
		<Samples TimeTag="2024-12-27T11:13:56" DepthTag="4.751">2.349 18.192 44.740 0.000 35.731 18.192 </Samples>
		<Samples TimeTag="2024-12-27T11:13:58" DepthTag="4.853">2.708 18.299 44.685 0.000 36.929 18.299 </Samples>
		<Samples TimeTag="2024-12-27T11:14:02" DepthTag="4.960">1.897 19.324 44.903 0.000 37.051 19.324 </Samples>
		<Samples TimeTag="2024-12-27T11:14:06" DepthTag="5.064">1.497 19.354 44.202 0.000 46.600 19.354 </Samples>
		<Samples TimeTag="2024-12-27T11:14:08" DepthTag="5.164">2.692 19.064 45.486 0.000 47.627 19.064 </Samples>
		<Samples TimeTag="2024-12-27T11:14:11" DepthTag="5.266">1.899 18.788 44.742 0.000 52.275 18.788 </Samples>
		<Samples TimeTag="2024-12-27T11:14:14" DepthTag="5.371">2.702 18.574 44.372 0.000 46.059 18.574 </Samples>
		<Samples TimeTag="2024-12-27T11:14:16" DepthTag="5.474">2.763 18.452 45.577 0.000 51.285 18.452 </Samples>
		<Samples TimeTag="2024-12-27T11:14:18" DepthTag="5.582">3.211 18.452 45.074 0.000 41.498 18.452 </Samples>
		<Samples TimeTag="2024-12-27T11:14:20" DepthTag="5.682">2.503 18.375 44.234 0.000 52.339 18.375 </Samples>
		<Samples TimeTag="2024-12-27T11:14:24" DepthTag="5.783">1.872 18.238 45.478 0.000 52.083 18.238 </Samples>
		<Samples TimeTag="2024-12-27T11:14:27" DepthTag="5.883">1.608 18.207 45.018 0.000 47.211 18.207 </Samples>
		<Samples TimeTag="2024-12-27T11:14:30" DepthTag="5.984">2.148 18.176 43.500 0.000 58.242 18.176 </Samples>
		<Samples TimeTag="2024-12-27T11:14:32" DepthTag="6.088">3.131 18.253 44.955 0.000 48.310 18.253 </Samples>
		<Samples TimeTag="2024-12-27T11:14:39" DepthTag="6.190">0.930 17.901 44.953 0.000 47.912 17.901 </Samples>
		<Samples TimeTag="2024-12-27T11:14:46" DepthTag="6.293">0.900 17.503 39.254 0.000 48.086 17.503 </Samples>
		<Samples TimeTag="2024-12-27T11:14:49" DepthTag="6.394">1.897 17.503 41.057 0.000 41.383 17.503 </Samples>
	</CompactMWDdata>
	<IR:GenTrailer>
		<IR:FileCloseDate>2024-12-27T11:16:21</IR:FileCloseDate>
		<IR:ChkSum>0637869137</IR:ChkSum>
	</IR:GenTrailer>
</DRMWD>
