<?xml version="1.0" encoding="UTF-8"?>
<!-- Generated by the RCS System Epiroc Rock Drills AB -->
<DRMWD xmlns="http://www.iredes.org/xml/DrillRig" xmlns:IR="http://www.iredes.org/xml" xmlns:xsi="http://www.w3.org/2001/XMLSchema-instance" xsi:schemaLocation="http://www.iredes.org/xml/DrillRig C:\Iredes\IR_V1.2.3\xml\DR-DrillRig_V1.2\DrillRig.xsd" IRVersion="V 1.2AC" IRDownwCompat="V 1.2AC" DRMWDDownwCompat="V 1.2AC" DRMWDVersion="V 1.2AC">
	<IR:GenHead>
		<IR:FileCreateDate>2024-12-26T02:09:15</IR:FileCreateDate>
		<IR:IRversion DownwCompat="V 1.0">V 1.2AC</IR:IRversion>
		<IR:EquipmentInfo>
			<IR:EqpManufact>Epiroc</IR:EqpManufact>
			<IR:EqpType>SmartROC D65</IR:EqpType>
			<IR:EqpSerNo>8992013064</IR:EqpSerNo>
			<IR:EqpSysVer>6.28.1</IR:EqpSysVer>
			<IR:EqpInfo>DrillingMethod: DTH</IR:EqpInfo>
		</IR:EquipmentInfo>
	</IR:GenHead>
	<IR:ReportId>MWDRI260209</IR:ReportId>
	<IR:StartLogTime>2024-12-26T01:58:52</IR:StartLogTime>
	<IR:EndLogTime>2024-12-26T02:05:51</IR:EndLogTime>
	<IR:PlanIdRef>FRD03_11_0632_002_All</IR:PlanIdRef>
	<IR:PlanNameRef>FRD03_11_0632_002_All</IR:PlanNameRef>
	<MWDholeId>A9</MWDholeId>
	<QualityReportIdRef>DQRI252345</QualityReportIdRef>
	<SampleDistance>0.100</SampleDistance>
	<CompactMWDdata>
		<MWDparams>
			<Parameter Unit="m/min" Full="PenetrRate">PR</Parameter>
			<Parameter Unit="Bar" Full="PercPressure">PP</Parameter>
			<Parameter Unit="Bar" Full="FeedPressure">FP</Parameter>
			<Parameter Unit="Bar" Full="DampPressure">DP</Parameter>
			<Parameter Unit="Bar" Full="RotPressure">RP</Parameter>
			<Parameter Unit="Bar" Full="FlushPressure">FLP</Parameter>
		</MWDparams>
		<Samples TimeTag="2024-12-26T01:58:52" DepthTag="0.106">1.134 14.000 27.475 0.000 21.400 14.000 </Samples>
		<Samples TimeTag="2024-12-26T01:58:53" DepthTag="0.207">4.206 14.413 37.695 0.000 21.400 14.413 </Samples>
		<Samples TimeTag="2024-12-26T01:58:56" DepthTag="0.310">2.566 14.719 38.044 0.000 21.437 14.719 </Samples>
		<Samples TimeTag="2024-12-26T01:58:58" DepthTag="0.417">3.202 14.810 36.771 0.000 21.400 14.810 </Samples>
		<Samples TimeTag="2024-12-26T01:59:01" DepthTag="0.518">1.676 8.583 0.256 0.000 21.440 8.583 </Samples>
		<Samples TimeTag="2024-12-26T01:59:26" DepthTag="0.619">0.872 7.528 43.257 0.000 37.496 7.528 </Samples>
		<Samples TimeTag="2024-12-26T01:59:32" DepthTag="0.720">0.981 9.823 35.504 0.000 34.280 9.823 </Samples>
		<Samples TimeTag="2024-12-26T01:59:37" DepthTag="0.823">1.219 13.479 39.756 0.000 55.478 13.479 </Samples>
		<Samples TimeTag="2024-12-26T01:59:45" DepthTag="0.924">0.725 14.703 41.010 0.000 47.348 14.703 </Samples>
		<Samples TimeTag="2024-12-26T02:00:19" DepthTag="1.027">0.485 11.965 40.072 0.000 52.625 11.965 </Samples>
		<Samples TimeTag="2024-12-26T02:00:27" DepthTag="1.128">0.735 14.504 40.555 0.000 54.652 14.504 </Samples>
		<Samples TimeTag="2024-12-26T02:00:32" DepthTag="1.229">1.220 14.780 39.466 0.000 54.886 14.780 </Samples>
		<Samples TimeTag="2024-12-26T02:00:38" DepthTag="1.332">1.026 14.918 39.573 0.000 52.419 14.918 </Samples>
		<Samples TimeTag="2024-12-26T02:00:46" DepthTag="1.432">0.788 14.887 37.804 0.000 52.678 14.887 </Samples>
		<Samples TimeTag="2024-12-26T02:01:25" DepthTag="1.539">0.844 10.955 38.417 0.000 59.662 10.955 </Samples>
		<Samples TimeTag="2024-12-26T02:01:29" DepthTag="1.641">1.339 15.331 42.418 0.000 50.991 15.331 </Samples>
		<Samples TimeTag="2024-12-26T02:01:33" DepthTag="1.744">1.783 16.432 39.465 0.000 44.377 16.432 </Samples>
		<Samples TimeTag="2024-12-26T02:01:36" DepthTag="1.851">1.709 17.136 38.145 0.000 45.238 17.136 </Samples>
		<Samples TimeTag="2024-12-26T02:01:39" DepthTag="1.955">2.220 17.457 40.740 0.000 37.502 17.457 </Samples>
		<Samples TimeTag="2024-12-26T02:01:43" DepthTag="2.056">1.687 17.733 39.643 0.000 41.504 17.733 </Samples>
		<Samples TimeTag="2024-12-26T02:01:46" DepthTag="2.157">2.158 17.870 40.187 0.000 40.020 17.870 </Samples>
		<Samples TimeTag="2024-12-26T02:01:51" DepthTag="2.262">1.208 17.978 41.121 0.000 48.232 17.978 </Samples>
		<Samples TimeTag="2024-12-26T02:01:56" DepthTag="2.365">1.144 18.008 38.079 0.000 49.070 18.008 </Samples>
		<Samples TimeTag="2024-12-26T02:02:01" DepthTag="2.470">1.430 18.100 39.919 0.000 48.050 18.100 </Samples>
		<Samples TimeTag="2024-12-26T02:02:33" DepthTag="2.570">0.750 5.431 21.960 0.000 28.892 5.431 </Samples>
		<Samples TimeTag="2024-12-26T02:02:39" DepthTag="2.670">0.998 14.918 42.270 0.000 55.715 14.918 </Samples>
		<Samples TimeTag="2024-12-26T02:02:43" DepthTag="2.771">1.449 16.432 41.588 0.000 49.175 16.432 </Samples>
		<Samples TimeTag="2024-12-26T02:02:48" DepthTag="2.874">1.356 17.243 40.416 0.000 48.289 17.243 </Samples>
		<Samples TimeTag="2024-12-26T02:02:51" DepthTag="2.975">1.746 17.580 37.887 0.000 44.350 17.580 </Samples>
		<Samples TimeTag="2024-12-26T02:02:54" DepthTag="3.076">2.361 17.733 37.465 0.000 47.430 17.733 </Samples>
		<Samples TimeTag="2024-12-26T02:02:56" DepthTag="3.183">2.665 17.840 38.277 0.000 47.482 17.840 </Samples>
		<Samples TimeTag="2024-12-26T02:02:59" DepthTag="3.283">2.341 17.993 40.941 0.000 44.389 17.993 </Samples>
		<Samples TimeTag="2024-12-26T02:03:02" DepthTag="3.383">1.971 18.131 39.903 0.000 43.924 18.131 </Samples>
		<Samples TimeTag="2024-12-26T02:03:05" DepthTag="3.491">2.322 18.085 38.665 0.000 40.828 18.085 </Samples>
		<Samples TimeTag="2024-12-26T02:03:39" DepthTag="3.594">0.808 10.220 41.547 0.000 58.320 10.220 </Samples>
		<Samples TimeTag="2024-12-26T02:03:46" DepthTag="3.696">0.990 16.983 53.654 0.000 55.839 16.983 </Samples>
		<Samples TimeTag="2024-12-26T02:03:50" DepthTag="3.799">1.286 18.574 53.217 0.000 56.183 18.574 </Samples>
		<Samples TimeTag="2024-12-26T02:03:54" DepthTag="3.904">1.865 19.232 53.871 0.000 55.859 19.232 </Samples>
		<Samples TimeTag="2024-12-26T02:03:56" DepthTag="4.009">2.821 19.615 53.001 0.000 51.406 19.615 </Samples>
		<Samples TimeTag="2024-12-26T02:03:58" DepthTag="4.114">3.144 19.875 53.524 0.000 47.525 19.875 </Samples>
		<Samples TimeTag="2024-12-26T02:04:01" DepthTag="4.220">2.470 20.104 54.531 0.000 53.329 20.104 </Samples>
		<Samples TimeTag="2024-12-26T02:04:03" DepthTag="4.323">2.334 20.273 53.769 0.000 51.929 20.273 </Samples>
		<Samples TimeTag="2024-12-26T02:04:05" DepthTag="4.426">3.076 20.318 54.033 0.000 52.364 20.318 </Samples>
		<Samples TimeTag="2024-12-26T02:04:07" DepthTag="4.529">3.512 20.364 53.708 0.000 47.677 20.364 </Samples>
		<Samples TimeTag="2024-12-26T02:04:09" DepthTag="4.629">3.400 20.426 54.117 0.000 49.163 20.426 </Samples>
		<Samples TimeTag="2024-12-26T02:04:11" DepthTag="4.733">3.105 20.533 54.614 0.000 46.946 20.533 </Samples>
		<Samples TimeTag="2024-12-26T02:04:13" DepthTag="4.837">3.136 20.777 53.456 0.000 43.768 20.777 </Samples>
		<Samples TimeTag="2024-12-26T02:04:15" DepthTag="4.939">3.043 20.808 53.043 0.000 42.067 20.808 </Samples>
		<Samples TimeTag="2024-12-26T02:04:17" DepthTag="5.041">2.538 20.900 55.186 0.000 41.597 20.900 </Samples>
		<Samples TimeTag="2024-12-26T02:04:20" DepthTag="5.149">2.315 20.961 54.664 0.000 36.502 20.961 </Samples>
		<Samples TimeTag="2024-12-26T02:04:23" DepthTag="5.256">2.426 20.915 53.829 0.000 45.013 20.915 </Samples>
		<Samples TimeTag="2024-12-26T02:04:25" DepthTag="5.357">2.806 20.839 53.615 0.000 40.017 20.839 </Samples>
		<Samples TimeTag="2024-12-26T02:04:27" DepthTag="5.460">2.569 20.869 54.676 0.000 41.462 20.869 </Samples>
		<Samples TimeTag="2024-12-26T02:04:30" DepthTag="5.563">2.401 20.885 54.696 0.000 43.189 20.885 </Samples>
		<Samples TimeTag="2024-12-26T02:04:32" DepthTag="5.668">2.808 20.900 55.038 0.000 44.640 20.900 </Samples>
		<Samples TimeTag="2024-12-26T02:04:34" DepthTag="5.772">2.877 21.038 53.344 0.000 44.378 21.038 </Samples>
		<Samples TimeTag="2024-12-26T02:04:36" DepthTag="5.878">2.831 20.915 53.845 0.000 46.830 20.915 </Samples>
		<Samples TimeTag="2024-12-26T02:04:38" DepthTag="5.982">3.117 20.869 54.983 0.000 48.997 20.869 </Samples>
		<Samples TimeTag="2024-12-26T02:04:41" DepthTag="6.083">2.803 20.915 54.532 0.000 48.019 20.915 </Samples>
		<Samples TimeTag="2024-12-26T02:04:42" DepthTag="6.184">3.427 20.946 53.369 0.000 47.213 20.946 </Samples>
		<Samples TimeTag="2024-12-26T02:04:44" DepthTag="6.289">3.167 21.206 55.038 0.000 49.620 21.206 </Samples>
		<Samples TimeTag="2024-12-26T02:04:47" DepthTag="6.390">2.290 21.374 55.351 0.000 50.542 21.374 </Samples>
		<Samples TimeTag="2024-12-26T02:04:49" DepthTag="6.493">2.564 21.267 54.296 0.000 49.073 21.267 </Samples>
		<Samples TimeTag="2024-12-26T02:04:52" DepthTag="6.594">2.805 21.191 53.769 0.000 45.524 21.191 </Samples>
		<Samples TimeTag="2024-12-26T02:04:54" DepthTag="6.702">2.877 21.068 54.522 0.000 45.736 21.068 </Samples>
		<Samples TimeTag="2024-12-26T02:04:56" DepthTag="6.805">2.835 20.976 53.128 0.000 47.494 20.976 </Samples>
		<Samples TimeTag="2024-12-26T02:04:58" DepthTag="6.908">2.850 20.930 54.548 0.000 48.129 20.930 </Samples>
		<Samples TimeTag="2024-12-26T02:05:00" DepthTag="7.012">3.130 20.946 47.313 0.000 44.237 20.946 </Samples>
		<Samples TimeTag="2024-12-26T02:05:03" DepthTag="7.116">2.343 20.104 41.658 0.000 43.416 20.104 </Samples>
		<Samples TimeTag="2024-12-26T02:05:51" DepthTag="7.224">0.935 5.156 15.472 0.000 32.589 5.156 </Samples>
	</CompactMWDdata>
	<IR:GenTrailer>
		<IR:FileCloseDate>2024-12-26T02:09:15</IR:FileCloseDate>
		<IR:ChkSum>0939412934</IR:ChkSum>
	</IR:GenTrailer>
</DRMWD>
