<?xml version="1.0" encoding="UTF-8"?>
<!-- Generated by the RCS System Epiroc Rock Drills AB -->
<DRMWD xmlns="http://www.iredes.org/xml/DrillRig" xmlns:IR="http://www.iredes.org/xml" xmlns:xsi="http://www.w3.org/2001/XMLSchema-instance" xsi:schemaLocation="http://www.iredes.org/xml/DrillRig C:\Iredes\IR_V1.2.3\xml\DR-DrillRig_V1.2\DrillRig.xsd" IRVersion="V 1.2AC" IRDownwCompat="V 1.2AC" DRMWDDownwCompat="V 1.2AC" DRMWDVersion="V 1.2AC">
	<IR:GenHead>
		<IR:FileCreateDate>2024-12-27T11:45:07</IR:FileCreateDate>
		<IR:IRversion DownwCompat="V 1.0">V 1.2AC</IR:IRversion>
		<IR:EquipmentInfo>
			<IR:EqpManufact>Epiroc</IR:EqpManufact>
			<IR:EqpType>SmartROC D65</IR:EqpType>
			<IR:EqpSerNo>8992013064</IR:EqpSerNo>
			<IR:EqpSysVer>6.28.1</IR:EqpSysVer>
			<IR:EqpInfo>DrillingMethod: DTH</IR:EqpInfo>
		</IR:EquipmentInfo>
	</IR:GenHead>
	<IR:ReportId>MWDRI271145</IR:ReportId>
	<IR:StartLogTime>2024-12-27T11:37:24</IR:StartLogTime>
	<IR:EndLogTime>2024-12-27T11:43:26</IR:EndLogTime>
	<IR:PlanIdRef>FRD03_11_0626_001_All</IR:PlanIdRef>
	<IR:PlanNameRef>FRD03_11_0626_001_All</IR:PlanNameRef>
	<MWDholeId>C3</MWDholeId>
	<QualityReportIdRef>DQRI270314</QualityReportIdRef>
	<SampleDistance>0.100</SampleDistance>
	<CompactMWDdata>
		<MWDparams>
			<Parameter Unit="m/min" Full="PenetrRate">PR</Parameter>
			<Parameter Unit="Bar" Full="PercPressure">PP</Parameter>
			<Parameter Unit="Bar" Full="FeedPressure">FP</Parameter>
			<Parameter Unit="Bar" Full="DampPressure">DP</Parameter>
			<Parameter Unit="Bar" Full="RotPressure">RP</Parameter>
			<Parameter Unit="Bar" Full="FlushPressure">FLP</Parameter>
		</MWDparams>
		<Samples TimeTag="2024-12-27T11:37:24" DepthTag="0.107">1.321 13.984 32.187 0.000 20.544 13.984 </Samples>
		<Samples TimeTag="2024-12-27T11:37:26" DepthTag="0.208">2.144 14.581 44.442 0.000 20.580 14.581 </Samples>
		<Samples TimeTag="2024-12-27T11:37:30" DepthTag="0.312">1.659 14.856 42.100 0.000 20.544 14.856 </Samples>
		<Samples TimeTag="2024-12-27T11:37:33" DepthTag="0.426">2.245 14.918 38.460 0.000 42.084 14.918 </Samples>
		<Samples TimeTag="2024-12-27T11:37:34" DepthTag="0.527">4.457 14.902 30.761 0.000 29.511 14.902 </Samples>
		<Samples TimeTag="2024-12-27T11:37:51" DepthTag="0.629">1.625 4.177 19.036 0.000 15.083 4.177 </Samples>
		<Samples TimeTag="2024-12-27T11:37:51" DepthTag="0.734">7.827 3.840 21.630 0.000 20.738 3.840 </Samples>
		<Samples TimeTag="2024-12-27T11:37:52" DepthTag="0.842">8.062 3.718 21.975 0.000 23.677 3.718 </Samples>
		<Samples TimeTag="2024-12-27T11:37:54" DepthTag="0.948">3.445 7.451 45.061 0.000 42.697 7.451 </Samples>
		<Samples TimeTag="2024-12-27T11:38:17" DepthTag="1.062">1.275 3.198 21.339 0.000 23.036 3.198 </Samples>
		<Samples TimeTag="2024-12-27T11:38:18" DepthTag="1.164">3.472 6.120 48.970 0.000 46.035 6.120 </Samples>
		<Samples TimeTag="2024-12-27T11:38:21" DepthTag="1.269">2.240 10.557 39.965 0.000 42.608 10.557 </Samples>
		<Samples TimeTag="2024-12-27T11:38:23" DepthTag="1.373">3.392 12.255 41.605 0.000 35.136 12.255 </Samples>
		<Samples TimeTag="2024-12-27T11:38:26" DepthTag="1.474">2.160 14.091 42.049 0.000 34.565 14.091 </Samples>
		<Samples TimeTag="2024-12-27T11:38:55" DepthTag="1.576">0.827 8.660 48.821 0.000 49.741 8.660 </Samples>
		<Samples TimeTag="2024-12-27T11:38:59" DepthTag="1.681">1.635 14.275 41.576 0.000 39.040 14.275 </Samples>
		<Samples TimeTag="2024-12-27T11:39:02" DepthTag="1.783">1.817 15.897 39.377 0.000 41.150 15.897 </Samples>
		<Samples TimeTag="2024-12-27T11:39:05" DepthTag="1.889">2.657 16.493 38.566 0.000 41.072 16.493 </Samples>
		<Samples TimeTag="2024-12-27T11:39:07" DepthTag="1.991">2.389 16.876 41.821 0.000 45.531 16.876 </Samples>
		<Samples TimeTag="2024-12-27T11:39:11" DepthTag="2.094">1.596 17.289 41.058 0.000 48.898 17.289 </Samples>
		<Samples TimeTag="2024-12-27T11:39:16" DepthTag="2.198">1.197 17.595 39.848 0.000 44.216 17.595 </Samples>
		<Samples TimeTag="2024-12-27T11:39:19" DepthTag="2.299">1.952 17.702 38.639 0.000 45.973 17.702 </Samples>
		<Samples TimeTag="2024-12-27T11:39:22" DepthTag="2.401">2.169 17.840 39.509 0.000 45.106 17.840 </Samples>
		<Samples TimeTag="2024-12-27T11:39:26" DepthTag="2.504">1.598 17.870 41.600 0.000 50.335 17.870 </Samples>
		<Samples TimeTag="2024-12-27T11:40:09" DepthTag="2.605">0.375 16.386 42.845 0.000 51.230 16.386 </Samples>
		<Samples TimeTag="2024-12-27T11:40:13" DepthTag="2.708">1.545 17.059 38.973 0.000 47.096 17.059 </Samples>
		<Samples TimeTag="2024-12-27T11:40:17" DepthTag="2.814">1.514 17.396 38.549 0.000 48.096 17.396 </Samples>
		<Samples TimeTag="2024-12-27T11:40:20" DepthTag="2.914">2.144 17.595 40.617 0.000 45.055 17.595 </Samples>
		<Samples TimeTag="2024-12-27T11:40:23" DepthTag="3.018">1.720 17.794 39.104 0.000 45.905 17.794 </Samples>
		<Samples TimeTag="2024-12-27T11:40:27" DepthTag="3.123">1.879 17.855 40.053 0.000 49.909 17.855 </Samples>
		<Samples TimeTag="2024-12-27T11:40:29" DepthTag="3.227">2.441 17.932 40.687 0.000 48.261 17.932 </Samples>
		<Samples TimeTag="2024-12-27T11:40:32" DepthTag="3.335">2.124 17.978 38.782 0.000 44.058 17.978 </Samples>
		<Samples TimeTag="2024-12-27T11:40:36" DepthTag="3.441">1.880 18.008 40.070 0.000 49.924 18.008 </Samples>
		<Samples TimeTag="2024-12-27T11:41:17" DepthTag="3.555">0.800 16.952 39.738 0.000 48.531 16.952 </Samples>
		<Samples TimeTag="2024-12-27T11:41:21" DepthTag="3.657">1.691 17.243 44.603 0.000 50.794 17.243 </Samples>
		<Samples TimeTag="2024-12-27T11:41:23" DepthTag="3.761">2.098 17.335 43.680 0.000 45.199 17.335 </Samples>
		<Samples TimeTag="2024-12-27T11:41:26" DepthTag="3.867">2.265 17.473 44.322 0.000 46.865 17.473 </Samples>
		<Samples TimeTag="2024-12-27T11:41:29" DepthTag="3.974">2.284 17.503 44.536 0.000 48.623 17.503 </Samples>
		<Samples TimeTag="2024-12-27T11:41:32" DepthTag="4.079">1.882 17.427 44.693 0.000 48.374 17.427 </Samples>
		<Samples TimeTag="2024-12-27T11:41:35" DepthTag="4.183">2.358 17.549 44.414 0.000 49.553 17.549 </Samples>
		<Samples TimeTag="2024-12-27T11:41:39" DepthTag="4.284">1.449 17.564 45.329 0.000 48.711 17.564 </Samples>
		<Samples TimeTag="2024-12-27T11:41:43" DepthTag="4.385">1.798 17.549 44.770 0.000 47.459 17.549 </Samples>
		<Samples TimeTag="2024-12-27T11:41:46" DepthTag="4.485">1.974 17.656 44.398 0.000 42.270 17.656 </Samples>
		<Samples TimeTag="2024-12-27T11:41:50" DepthTag="4.592">1.606 18.100 45.249 0.000 38.039 18.100 </Samples>
		<Samples TimeTag="2024-12-27T11:41:53" DepthTag="4.693">1.793 18.238 45.837 0.000 41.855 18.238 </Samples>
		<Samples TimeTag="2024-12-27T11:41:57" DepthTag="4.794">1.674 17.962 45.340 0.000 54.238 17.962 </Samples>
		<Samples TimeTag="2024-12-27T11:42:00" DepthTag="4.894">2.148 18.008 44.393 0.000 48.542 18.008 </Samples>
		<Samples TimeTag="2024-12-27T11:42:02" DepthTag="4.998">2.097 17.932 44.207 0.000 50.533 17.932 </Samples>
		<Samples TimeTag="2024-12-27T11:42:06" DepthTag="5.102">2.046 17.932 45.118 0.000 56.529 17.932 </Samples>
		<Samples TimeTag="2024-12-27T11:42:09" DepthTag="5.204">1.912 18.023 45.024 0.000 50.349 18.023 </Samples>
		<Samples TimeTag="2024-12-27T11:42:16" DepthTag="5.309">0.901 17.656 44.449 0.000 54.555 17.656 </Samples>
		<Samples TimeTag="2024-12-27T11:42:19" DepthTag="5.413">1.861 17.840 43.970 0.000 52.643 17.840 </Samples>
		<Samples TimeTag="2024-12-27T11:42:22" DepthTag="5.516">2.190 17.840 44.668 0.000 53.044 17.840 </Samples>
		<Samples TimeTag="2024-12-27T11:42:25" DepthTag="5.622">2.078 17.901 44.651 0.000 45.837 17.901 </Samples>
		<Samples TimeTag="2024-12-27T11:42:27" DepthTag="5.724">2.396 17.901 44.902 0.000 38.538 17.901 </Samples>
		<Samples TimeTag="2024-12-27T11:42:31" DepthTag="5.828">2.056 17.855 44.579 0.000 47.377 17.855 </Samples>
		<Samples TimeTag="2024-12-27T11:42:33" DepthTag="5.934">2.333 17.870 44.658 0.000 42.246 17.870 </Samples>
		<Samples TimeTag="2024-12-27T11:42:36" DepthTag="6.043">2.464 17.809 44.915 0.000 47.910 17.809 </Samples>
		<Samples TimeTag="2024-12-27T11:42:40" DepthTag="6.146">1.633 17.656 45.953 0.000 54.555 17.656 </Samples>
		<Samples TimeTag="2024-12-27T11:42:43" DepthTag="6.251">1.836 18.115 45.216 0.000 40.826 18.115 </Samples>
		<Samples TimeTag="2024-12-27T11:42:47" DepthTag="6.356">1.786 18.115 44.843 0.000 49.912 18.115 </Samples>
		<Samples TimeTag="2024-12-27T11:42:51" DepthTag="6.458">1.519 18.023 45.471 0.000 54.196 18.023 </Samples>
		<Samples TimeTag="2024-12-27T11:42:57" DepthTag="6.559">1.039 17.641 44.904 0.000 56.831 17.641 </Samples>
		<Samples TimeTag="2024-12-27T11:43:00" DepthTag="6.660">1.924 17.809 44.985 0.000 44.738 17.809 </Samples>
		<Samples TimeTag="2024-12-27T11:43:04" DepthTag="6.767">1.665 17.916 45.151 0.000 42.531 17.916 </Samples>
		<Samples TimeTag="2024-12-27T11:43:07" DepthTag="6.874">1.790 17.840 44.540 0.000 40.329 17.840 </Samples>
		<Samples TimeTag="2024-12-27T11:43:10" DepthTag="6.977">1.921 17.962 46.283 0.000 54.171 17.962 </Samples>
		<Samples TimeTag="2024-12-27T11:43:16" DepthTag="7.078">1.131 17.809 45.946 0.000 53.844 17.809 </Samples>
		<Samples TimeTag="2024-12-27T11:43:19" DepthTag="7.180">1.614 17.901 44.644 0.000 49.918 17.901 </Samples>
		<Samples TimeTag="2024-12-27T11:43:23" DepthTag="7.280">1.984 18.008 40.466 0.000 51.755 18.008 </Samples>
		<Samples TimeTag="2024-12-27T11:43:26" DepthTag="7.382">1.804 17.978 40.421 0.000 52.722 17.978 </Samples>
	</CompactMWDdata>
	<IR:GenTrailer>
		<IR:FileCloseDate>2024-12-27T11:45:07</IR:FileCloseDate>
		<IR:ChkSum>1697486980</IR:ChkSum>
	</IR:GenTrailer>
</DRMWD>
