<?xml version="1.0" encoding="UTF-8"?>
<!-- Generated by the RCS System Epiroc Rock Drills AB -->
<DRMWD xmlns="http://www.iredes.org/xml/DrillRig" xmlns:IR="http://www.iredes.org/xml" xmlns:xsi="http://www.w3.org/2001/XMLSchema-instance" xsi:schemaLocation="http://www.iredes.org/xml/DrillRig C:\Iredes\IR_V1.2.3\xml\DR-DrillRig_V1.2\DrillRig.xsd" IRVersion="V 1.2AC" IRDownwCompat="V 1.2AC" DRMWDDownwCompat="V 1.2AC" DRMWDVersion="V 1.2AC">
	<IR:GenHead>
		<IR:FileCreateDate>2024-12-25T22:24:12</IR:FileCreateDate>
		<IR:IRversion DownwCompat="V 1.0">V 1.2AC</IR:IRversion>
		<IR:EquipmentInfo>
			<IR:EqpManufact>Epiroc</IR:EqpManufact>
			<IR:EqpType>SmartROC D65</IR:EqpType>
			<IR:EqpSerNo>8992013064</IR:EqpSerNo>
			<IR:EqpSysVer>6.28.1</IR:EqpSysVer>
			<IR:EqpInfo>DrillingMethod: DTH</IR:EqpInfo>
		</IR:EquipmentInfo>
	</IR:GenHead>
	<IR:ReportId>MWDRI252224</IR:ReportId>
	<IR:StartLogTime>2024-12-25T22:16:45</IR:StartLogTime>
	<IR:EndLogTime>2024-12-25T22:22:44</IR:EndLogTime>
	<IR:PlanIdRef>FRD03_11_0632_003_All</IR:PlanIdRef>
	<IR:PlanNameRef>FRD03_11_0632_003_All</IR:PlanNameRef>
	<MWDholeId>A12</MWDholeId>
	<QualityReportIdRef>DQRI250804</QualityReportIdRef>
	<SampleDistance>0.100</SampleDistance>
	<CompactMWDdata>
		<MWDparams>
			<Parameter Unit="m/min" Full="PenetrRate">PR</Parameter>
			<Parameter Unit="Bar" Full="PercPressure">PP</Parameter>
			<Parameter Unit="Bar" Full="FeedPressure">FP</Parameter>
			<Parameter Unit="Bar" Full="DampPressure">DP</Parameter>
			<Parameter Unit="Bar" Full="RotPressure">RP</Parameter>
			<Parameter Unit="Bar" Full="FlushPressure">FLP</Parameter>
		</MWDparams>
		<Samples TimeTag="2024-12-25T22:16:45" DepthTag="0.103">0.865 9.088 37.811 0.000 21.400 9.088 </Samples>
		<Samples TimeTag="2024-12-25T22:16:49" DepthTag="0.204">1.569 12.806 42.133 0.000 21.400 12.806 </Samples>
		<Samples TimeTag="2024-12-25T22:16:53" DepthTag="0.309">1.685 14.183 41.133 0.000 18.096 14.183 </Samples>
		<Samples TimeTag="2024-12-25T22:16:55" DepthTag="0.420">2.766 14.535 39.341 0.000 37.616 14.535 </Samples>
		<Samples TimeTag="2024-12-25T22:17:14" DepthTag="0.554">1.366 4.498 21.281 0.000 26.480 4.498 </Samples>
		<Samples TimeTag="2024-12-25T22:17:15" DepthTag="0.660">5.295 4.009 44.586 0.000 44.201 4.009 </Samples>
		<Samples TimeTag="2024-12-25T22:17:19" DepthTag="0.762">1.467 8.843 44.510 0.000 61.552 8.843 </Samples>
		<Samples TimeTag="2024-12-25T22:17:25" DepthTag="0.864">0.993 13.816 40.505 0.000 55.247 13.816 </Samples>
		<Samples TimeTag="2024-12-25T22:17:30" DepthTag="0.965">1.264 14.734 40.440 0.000 50.989 14.734 </Samples>
		<Samples TimeTag="2024-12-25T22:18:00" DepthTag="1.068">0.593 12.041 43.787 0.000 58.942 12.041 </Samples>
		<Samples TimeTag="2024-12-25T22:18:06" DepthTag="1.169">1.091 14.397 39.647 0.000 57.344 14.397 </Samples>
		<Samples TimeTag="2024-12-25T22:18:10" DepthTag="1.278">1.402 14.841 39.425 0.000 61.356 14.841 </Samples>
		<Samples TimeTag="2024-12-25T22:18:14" DepthTag="1.387">2.037 14.933 36.900 0.000 46.961 14.933 </Samples>
		<Samples TimeTag="2024-12-25T22:18:15" DepthTag="1.493">3.594 15.009 38.328 0.000 39.912 15.009 </Samples>
		<Samples TimeTag="2024-12-25T22:18:49" DepthTag="1.597">0.805 15.774 44.251 0.000 46.172 15.774 </Samples>
		<Samples TimeTag="2024-12-25T22:18:53" DepthTag="1.698">1.811 16.677 40.216 0.000 43.247 16.677 </Samples>
		<Samples TimeTag="2024-12-25T22:18:56" DepthTag="1.802">1.797 17.197 40.807 0.000 42.325 17.197 </Samples>
		<Samples TimeTag="2024-12-25T22:19:00" DepthTag="1.902">1.785 17.534 40.852 0.000 47.567 17.534 </Samples>
		<Samples TimeTag="2024-12-25T22:19:05" DepthTag="2.011">1.256 17.809 38.278 0.000 46.731 17.809 </Samples>
		<Samples TimeTag="2024-12-25T22:19:07" DepthTag="2.115">2.888 17.855 38.642 0.000 41.842 17.855 </Samples>
		<Samples TimeTag="2024-12-25T22:19:11" DepthTag="2.218">1.397 17.656 40.465 0.000 47.540 17.656 </Samples>
		<Samples TimeTag="2024-12-25T22:19:16" DepthTag="2.319">1.423 17.702 40.526 0.000 41.806 17.702 </Samples>
		<Samples TimeTag="2024-12-25T22:19:19" DepthTag="2.421">1.811 17.794 40.181 0.000 37.470 17.794 </Samples>
		<Samples TimeTag="2024-12-25T22:19:58" DepthTag="2.545">0.496 4.483 22.374 0.000 31.461 4.483 </Samples>
		<Samples TimeTag="2024-12-25T22:20:06" DepthTag="2.647">0.804 15.269 42.148 0.000 50.659 15.269 </Samples>
		<Samples TimeTag="2024-12-25T22:20:13" DepthTag="2.748">0.802 16.662 39.403 0.000 47.109 16.662 </Samples>
		<Samples TimeTag="2024-12-25T22:20:19" DepthTag="2.850">1.172 17.212 37.749 0.000 43.531 17.212 </Samples>
		<Samples TimeTag="2024-12-25T22:20:23" DepthTag="2.951">1.371 17.411 40.869 0.000 43.534 17.411 </Samples>
		<Samples TimeTag="2024-12-25T22:20:30" DepthTag="3.057">0.882 17.427 40.038 0.000 49.951 17.427 </Samples>
		<Samples TimeTag="2024-12-25T22:20:34" DepthTag="3.157">1.603 17.671 39.767 0.000 50.485 17.671 </Samples>
		<Samples TimeTag="2024-12-25T22:20:39" DepthTag="3.259">1.310 17.610 40.576 0.000 50.578 17.610 </Samples>
		<Samples TimeTag="2024-12-25T22:20:43" DepthTag="3.360">1.455 17.641 39.848 0.000 44.464 17.641 </Samples>
		<Samples TimeTag="2024-12-25T22:20:47" DepthTag="3.472">1.515 17.671 37.507 0.000 39.519 17.671 </Samples>
		<Samples TimeTag="2024-12-25T22:21:24" DepthTag="3.574">0.578 10.236 44.535 0.000 51.761 10.236 </Samples>
		<Samples TimeTag="2024-12-25T22:21:29" DepthTag="3.681">1.397 16.249 52.515 0.000 49.885 16.249 </Samples>
		<Samples TimeTag="2024-12-25T22:21:32" DepthTag="3.783">2.395 17.473 52.632 0.000 45.686 17.473 </Samples>
		<Samples TimeTag="2024-12-25T22:21:34" DepthTag="3.884">2.275 18.360 53.815 0.000 51.937 18.360 </Samples>
		<Samples TimeTag="2024-12-25T22:21:38" DepthTag="3.986">1.469 19.064 54.861 0.000 54.830 19.064 </Samples>
		<Samples TimeTag="2024-12-25T22:21:41" DepthTag="4.088">2.190 19.446 52.677 0.000 43.136 19.446 </Samples>
		<Samples TimeTag="2024-12-25T22:21:44" DepthTag="4.191">2.574 19.813 54.564 0.000 49.567 19.813 </Samples>
		<Samples TimeTag="2024-12-25T22:21:51" DepthTag="4.295">0.864 20.043 53.514 0.000 52.442 20.043 </Samples>
		<Samples TimeTag="2024-12-25T22:21:55" DepthTag="4.399">1.659 20.242 54.181 0.000 52.604 20.242 </Samples>
		<Samples TimeTag="2024-12-25T22:21:58" DepthTag="4.506">1.765 20.273 53.479 0.000 53.601 20.273 </Samples>
		<Samples TimeTag="2024-12-25T22:22:01" DepthTag="4.608">2.193 20.410 52.948 0.000 44.022 20.410 </Samples>
		<Samples TimeTag="2024-12-25T22:22:04" DepthTag="4.709">2.358 20.456 53.610 0.000 43.398 20.456 </Samples>
		<Samples TimeTag="2024-12-25T22:22:06" DepthTag="4.813">2.361 20.502 53.998 0.000 40.790 20.502 </Samples>
		<Samples TimeTag="2024-12-25T22:22:09" DepthTag="4.916">2.551 20.563 54.033 0.000 46.583 20.563 </Samples>
		<Samples TimeTag="2024-12-25T22:22:12" DepthTag="5.021">1.869 20.640 54.960 0.000 52.624 20.640 </Samples>
		<Samples TimeTag="2024-12-25T22:22:15" DepthTag="5.126">1.878 20.747 52.849 0.000 55.349 20.747 </Samples>
		<Samples TimeTag="2024-12-25T22:22:18" DepthTag="5.227">2.158 20.732 54.075 0.000 54.735 20.732 </Samples>
		<Samples TimeTag="2024-12-25T22:22:20" DepthTag="5.327">2.673 20.732 53.668 0.000 50.823 20.732 </Samples>
		<Samples TimeTag="2024-12-25T22:22:23" DepthTag="5.428">2.356 20.762 54.916 0.000 58.060 20.762 </Samples>
		<Samples TimeTag="2024-12-25T22:22:26" DepthTag="5.535">2.000 20.716 53.483 0.000 49.662 20.716 </Samples>
		<Samples TimeTag="2024-12-25T22:22:28" DepthTag="5.638">3.080 20.762 53.149 0.000 42.770 20.762 </Samples>
		<Samples TimeTag="2024-12-25T22:22:30" DepthTag="5.743">3.157 20.808 53.927 0.000 44.233 20.808 </Samples>
		<Samples TimeTag="2024-12-25T22:22:33" DepthTag="5.856">2.810 20.900 54.439 0.000 31.963 20.900 </Samples>
		<Samples TimeTag="2024-12-25T22:22:35" DepthTag="5.960">3.128 21.007 53.984 0.000 33.348 21.007 </Samples>
		<Samples TimeTag="2024-12-25T22:22:37" DepthTag="6.066">3.163 21.068 50.260 0.000 41.130 21.068 </Samples>
		<Samples TimeTag="2024-12-25T22:22:39" DepthTag="6.167">3.004 20.349 41.467 0.000 35.035 20.349 </Samples>
		<Samples TimeTag="2024-12-25T22:22:44" DepthTag="6.267">1.209 11.582 0.637 0.000 19.904 11.582 </Samples>
	</CompactMWDdata>
	<IR:GenTrailer>
		<IR:FileCloseDate>2024-12-25T22:24:12</IR:FileCloseDate>
		<IR:ChkSum>2594799113</IR:ChkSum>
	</IR:GenTrailer>
</DRMWD>
