<?xml version="1.0" encoding="UTF-8"?>
<!-- Generated by the RCS System Epiroc Rock Drills AB -->
<DRMWD xmlns="http://www.iredes.org/xml/DrillRig" xmlns:IR="http://www.iredes.org/xml" xmlns:xsi="http://www.w3.org/2001/XMLSchema-instance" xsi:schemaLocation="http://www.iredes.org/xml/DrillRig C:\Iredes\IR_V1.2.3\xml\DR-DrillRig_V1.2\DrillRig.xsd" IRVersion="V 1.2AC" IRDownwCompat="V 1.2AC" DRMWDDownwCompat="V 1.2AC" DRMWDVersion="V 1.2AC">
	<IR:GenHead>
		<IR:FileCreateDate>2024-12-26T10:54:18</IR:FileCreateDate>
		<IR:IRversion DownwCompat="V 1.0">V 1.2AC</IR:IRversion>
		<IR:EquipmentInfo>
			<IR:EqpManufact>Epiroc</IR:EqpManufact>
			<IR:EqpType>SmartROC D65</IR:EqpType>
			<IR:EqpSerNo>8992013064</IR:EqpSerNo>
			<IR:EqpSysVer>6.28.1</IR:EqpSysVer>
			<IR:EqpInfo>DrillingMethod: DTH</IR:EqpInfo>
		</IR:EquipmentInfo>
	</IR:GenHead>
	<IR:ReportId>MWDRI261054</IR:ReportId>
	<IR:StartLogTime>2024-12-26T10:46:53</IR:StartLogTime>
	<IR:EndLogTime>2024-12-26T10:53:30</IR:EndLogTime>
	<IR:PlanIdRef>FRD03_11_0632_002_All</IR:PlanIdRef>
	<IR:PlanNameRef>FRD03_11_0632_002_All</IR:PlanNameRef>
	<MWDholeId>B2</MWDholeId>
	<QualityReportIdRef>DQRI252345</QualityReportIdRef>
	<SampleDistance>0.100</SampleDistance>
	<CompactMWDdata>
		<MWDparams>
			<Parameter Unit="m/min" Full="PenetrRate">PR</Parameter>
			<Parameter Unit="Bar" Full="PercPressure">PP</Parameter>
			<Parameter Unit="Bar" Full="FeedPressure">FP</Parameter>
			<Parameter Unit="Bar" Full="DampPressure">DP</Parameter>
			<Parameter Unit="Bar" Full="RotPressure">RP</Parameter>
			<Parameter Unit="Bar" Full="FlushPressure">FLP</Parameter>
		</MWDparams>
		<Samples TimeTag="2024-12-26T10:46:53" DepthTag="0.108">1.265 9.685 38.579 0.000 20.802 9.685 </Samples>
		<Samples TimeTag="2024-12-26T10:46:55" DepthTag="0.215">3.222 11.827 39.776 0.000 20.728 11.827 </Samples>
		<Samples TimeTag="2024-12-26T10:46:56" DepthTag="0.317">3.468 12.898 41.789 0.000 20.915 12.898 </Samples>
		<Samples TimeTag="2024-12-26T10:46:58" DepthTag="0.418">3.002 13.724 43.081 0.000 20.893 13.724 </Samples>
		<Samples TimeTag="2024-12-26T10:47:18" DepthTag="0.542">1.054 5.080 33.022 0.000 35.332 5.080 </Samples>
		<Samples TimeTag="2024-12-26T10:47:21" DepthTag="0.643">2.169 9.761 45.969 0.000 38.062 9.761 </Samples>
		<Samples TimeTag="2024-12-26T10:47:26" DepthTag="0.747">1.319 13.816 41.635 0.000 44.340 13.816 </Samples>
		<Samples TimeTag="2024-12-26T10:47:31" DepthTag="0.849">1.084 14.703 40.529 0.000 51.303 14.703 </Samples>
		<Samples TimeTag="2024-12-26T10:47:39" DepthTag="0.950">0.762 14.856 39.324 0.000 57.522 14.856 </Samples>
		<Samples TimeTag="2024-12-26T10:48:08" DepthTag="1.052">0.583 9.547 45.907 0.000 60.117 9.547 </Samples>
		<Samples TimeTag="2024-12-26T10:48:15" DepthTag="1.152">0.818 13.954 40.452 0.000 52.317 13.954 </Samples>
		<Samples TimeTag="2024-12-26T10:48:21" DepthTag="1.256">1.107 14.642 39.800 0.000 52.994 14.642 </Samples>
		<Samples TimeTag="2024-12-26T10:48:26" DepthTag="1.358">1.275 14.810 39.879 0.000 55.588 14.810 </Samples>
		<Samples TimeTag="2024-12-26T10:48:32" DepthTag="1.461">0.904 14.948 40.958 0.000 56.874 14.948 </Samples>
		<Samples TimeTag="2024-12-26T10:49:07" DepthTag="1.562">0.520 13.418 44.083 0.000 61.662 13.418 </Samples>
		<Samples TimeTag="2024-12-26T10:49:12" DepthTag="1.664">1.344 15.897 41.220 0.000 48.383 15.897 </Samples>
		<Samples TimeTag="2024-12-26T10:49:16" DepthTag="1.767">1.546 16.692 39.515 0.000 44.820 16.692 </Samples>
		<Samples TimeTag="2024-12-26T10:49:19" DepthTag="1.876">2.028 17.090 36.988 0.000 39.733 17.090 </Samples>
		<Samples TimeTag="2024-12-26T10:49:22" DepthTag="1.978">2.187 17.304 38.013 0.000 40.917 17.304 </Samples>
		<Samples TimeTag="2024-12-26T10:49:25" DepthTag="2.083">2.248 17.411 40.766 0.000 40.946 17.411 </Samples>
		<Samples TimeTag="2024-12-26T10:49:27" DepthTag="2.186">2.393 17.580 39.749 0.000 41.976 17.580 </Samples>
		<Samples TimeTag="2024-12-26T10:49:30" DepthTag="2.288">2.021 17.564 41.181 0.000 40.999 17.564 </Samples>
		<Samples TimeTag="2024-12-26T10:49:33" DepthTag="2.389">2.038 17.671 38.360 0.000 38.979 17.671 </Samples>
		<Samples TimeTag="2024-12-26T10:49:36" DepthTag="2.493">2.586 17.870 39.373 0.000 33.542 17.870 </Samples>
		<Samples TimeTag="2024-12-26T10:50:06" DepthTag="2.620">1.306 5.998 26.312 0.000 26.038 5.998 </Samples>
		<Samples TimeTag="2024-12-26T10:50:11" DepthTag="2.723">1.070 14.810 41.367 0.000 38.135 14.810 </Samples>
		<Samples TimeTag="2024-12-26T10:50:16" DepthTag="2.825">1.438 16.340 40.768 0.000 40.461 16.340 </Samples>
		<Samples TimeTag="2024-12-26T10:50:20" DepthTag="2.925">1.440 17.105 40.212 0.000 41.187 17.105 </Samples>
		<Samples TimeTag="2024-12-26T10:50:24" DepthTag="3.028">1.633 17.473 38.893 0.000 45.415 17.473 </Samples>
		<Samples TimeTag="2024-12-26T10:50:27" DepthTag="3.131">2.039 17.626 37.546 0.000 43.099 17.626 </Samples>
		<Samples TimeTag="2024-12-26T10:50:29" DepthTag="3.238">2.272 17.717 40.486 0.000 46.709 17.717 </Samples>
		<Samples TimeTag="2024-12-26T10:50:32" DepthTag="3.344">2.474 17.794 37.905 0.000 42.364 17.794 </Samples>
		<Samples TimeTag="2024-12-26T10:50:35" DepthTag="3.447">2.408 18.069 40.962 0.000 34.533 18.069 </Samples>
		<Samples TimeTag="2024-12-26T10:51:08" DepthTag="3.560">0.934 5.141 21.826 0.000 23.854 5.141 </Samples>
		<Samples TimeTag="2024-12-26T10:51:11" DepthTag="3.663">1.914 13.296 47.998 0.000 41.895 13.296 </Samples>
		<Samples TimeTag="2024-12-26T10:51:15" DepthTag="3.766">1.714 16.325 51.980 0.000 49.038 16.325 </Samples>
		<Samples TimeTag="2024-12-26T10:51:17" DepthTag="3.874">2.776 17.258 53.015 0.000 44.636 17.258 </Samples>
		<Samples TimeTag="2024-12-26T10:51:19" DepthTag="3.979">3.948 17.748 52.521 0.000 44.542 17.748 </Samples>
		<Samples TimeTag="2024-12-26T10:51:21" DepthTag="4.091">3.626 18.207 53.851 0.000 43.203 18.207 </Samples>
		<Samples TimeTag="2024-12-26T10:51:23" DepthTag="4.196">3.163 18.635 52.753 0.000 41.916 18.635 </Samples>
		<Samples TimeTag="2024-12-26T10:51:25" DepthTag="4.301">3.141 18.926 55.000 0.000 46.011 18.926 </Samples>
		<Samples TimeTag="2024-12-26T10:51:27" DepthTag="4.412">2.750 19.201 54.028 0.000 43.785 19.201 </Samples>
		<Samples TimeTag="2024-12-26T10:51:29" DepthTag="4.517">3.586 19.446 51.923 0.000 41.978 19.446 </Samples>
		<Samples TimeTag="2024-12-26T10:51:30" DepthTag="4.625">4.477 19.630 53.753 0.000 46.509 19.630 </Samples>
		<Samples TimeTag="2024-12-26T10:51:32" DepthTag="4.729">3.240 19.813 54.375 0.000 49.635 19.813 </Samples>
		<Samples TimeTag="2024-12-26T10:51:34" DepthTag="4.836">3.475 19.921 54.977 0.000 53.847 19.921 </Samples>
		<Samples TimeTag="2024-12-26T10:51:37" DepthTag="4.937">2.360 19.982 55.767 0.000 51.332 19.982 </Samples>
		<Samples TimeTag="2024-12-26T10:51:42" DepthTag="5.044">1.178 19.691 53.082 0.000 53.161 19.691 </Samples>
		<Samples TimeTag="2024-12-26T10:51:45" DepthTag="5.148">2.425 19.921 53.249 0.000 45.050 19.921 </Samples>
		<Samples TimeTag="2024-12-26T10:51:47" DepthTag="5.250">2.395 19.997 53.486 0.000 39.919 19.997 </Samples>
		<Samples TimeTag="2024-12-26T10:51:50" DepthTag="5.359">2.455 20.058 53.441 0.000 39.444 20.058 </Samples>
		<Samples TimeTag="2024-12-26T10:51:52" DepthTag="5.460">2.530 20.150 52.929 0.000 39.470 20.150 </Samples>
		<Samples TimeTag="2024-12-26T10:51:55" DepthTag="5.568">2.687 20.227 53.420 0.000 39.547 20.227 </Samples>
		<Samples TimeTag="2024-12-26T10:51:57" DepthTag="5.670">2.393 20.380 54.883 0.000 48.582 20.380 </Samples>
		<Samples TimeTag="2024-12-26T10:52:02" DepthTag="5.772">1.264 20.471 55.193 0.000 57.335 20.471 </Samples>
		<Samples TimeTag="2024-12-26T10:52:07" DepthTag="5.875">1.290 20.456 54.211 0.000 53.352 20.456 </Samples>
		<Samples TimeTag="2024-12-26T10:52:11" DepthTag="5.983">1.462 20.135 52.662 0.000 47.553 20.135 </Samples>
		<Samples TimeTag="2024-12-26T10:52:14" DepthTag="6.090">2.519 20.196 52.396 0.000 46.883 20.196 </Samples>
		<Samples TimeTag="2024-12-26T10:52:17" DepthTag="6.198">2.510 20.181 53.907 0.000 43.850 20.181 </Samples>
		<Samples TimeTag="2024-12-26T10:52:20" DepthTag="6.302">2.607 20.273 53.026 0.000 48.781 20.273 </Samples>
		<Samples TimeTag="2024-12-26T10:52:22" DepthTag="6.406">2.593 20.181 54.021 0.000 39.762 20.181 </Samples>
		<Samples TimeTag="2024-12-26T10:52:25" DepthTag="6.514">2.452 20.227 53.274 0.000 45.369 20.227 </Samples>
		<Samples TimeTag="2024-12-26T10:52:27" DepthTag="6.618">2.431 20.135 53.989 0.000 40.514 20.135 </Samples>
		<Samples TimeTag="2024-12-26T10:52:30" DepthTag="6.723">2.239 20.211 54.672 0.000 42.140 20.211 </Samples>
		<Samples TimeTag="2024-12-26T10:52:33" DepthTag="6.828">1.958 20.211 55.002 0.000 48.020 20.211 </Samples>
		<Samples TimeTag="2024-12-26T10:52:37" DepthTag="6.929">1.898 20.181 54.695 0.000 52.551 20.181 </Samples>
		<Samples TimeTag="2024-12-26T10:52:40" DepthTag="7.031">1.900 19.966 42.645 0.000 43.407 19.966 </Samples>
		<Samples TimeTag="2024-12-26T10:52:43" DepthTag="7.137">1.991 19.079 41.472 0.000 49.317 19.079 </Samples>
		<Samples TimeTag="2024-12-26T10:53:30" DepthTag="7.239">0.902 6.028 12.927 0.000 21.883 6.028 </Samples>
	</CompactMWDdata>
	<IR:GenTrailer>
		<IR:FileCloseDate>2024-12-26T10:54:18</IR:FileCloseDate>
		<IR:ChkSum>0780292142</IR:ChkSum>
	</IR:GenTrailer>
</DRMWD>
