<?xml version="1.0" encoding="UTF-8"?>
<!-- Generated by the RCS System Epiroc Rock Drills AB -->
<DRMWD xmlns="http://www.iredes.org/xml/DrillRig" xmlns:IR="http://www.iredes.org/xml" xmlns:xsi="http://www.w3.org/2001/XMLSchema-instance" xsi:schemaLocation="http://www.iredes.org/xml/DrillRig C:\Iredes\IR_V1.2.3\xml\DR-DrillRig_V1.2\DrillRig.xsd" IRVersion="V 1.2AC" IRDownwCompat="V 1.2AC" DRMWDDownwCompat="V 1.2AC" DRMWDVersion="V 1.2AC">
	<IR:GenHead>
		<IR:FileCreateDate>2024-12-27T09:22:12</IR:FileCreateDate>
		<IR:IRversion DownwCompat="V 1.0">V 1.2AC</IR:IRversion>
		<IR:EquipmentInfo>
			<IR:EqpManufact>Epiroc</IR:EqpManufact>
			<IR:EqpType>SmartROC D65</IR:EqpType>
			<IR:EqpSerNo>8992013064</IR:EqpSerNo>
			<IR:EqpSysVer>6.28.1</IR:EqpSysVer>
			<IR:EqpInfo>DrillingMethod: DTH</IR:EqpInfo>
		</IR:EquipmentInfo>
	</IR:GenHead>
	<IR:ReportId>MWDRI270922</IR:ReportId>
	<IR:StartLogTime>2024-12-27T09:13:55</IR:StartLogTime>
	<IR:EndLogTime>2024-12-27T09:20:33</IR:EndLogTime>
	<IR:PlanIdRef>FRD03_11_0626_001_All</IR:PlanIdRef>
	<IR:PlanNameRef>FRD03_11_0626_001_All</IR:PlanNameRef>
	<MWDholeId>H16</MWDholeId>
	<QualityReportIdRef>DQRI270314</QualityReportIdRef>
	<SampleDistance>0.100</SampleDistance>
	<CompactMWDdata>
		<MWDparams>
			<Parameter Unit="m/min" Full="PenetrRate">PR</Parameter>
			<Parameter Unit="Bar" Full="PercPressure">PP</Parameter>
			<Parameter Unit="Bar" Full="FeedPressure">FP</Parameter>
			<Parameter Unit="Bar" Full="DampPressure">DP</Parameter>
			<Parameter Unit="Bar" Full="RotPressure">RP</Parameter>
			<Parameter Unit="Bar" Full="FlushPressure">FLP</Parameter>
		</MWDparams>
		<Samples TimeTag="2024-12-27T09:13:55" DepthTag="0.102">1.770 13.923 38.602 0.000 21.377 13.923 </Samples>
		<Samples TimeTag="2024-12-27T09:13:57" DepthTag="0.210">2.692 14.458 37.778 0.000 21.153 14.458 </Samples>
		<Samples TimeTag="2024-12-27T09:13:59" DepthTag="0.314">2.896 14.581 40.593 0.000 20.651 14.581 </Samples>
		<Samples TimeTag="2024-12-27T09:14:01" DepthTag="0.424">3.567 14.627 38.406 0.000 20.931 14.627 </Samples>
		<Samples TimeTag="2024-12-27T09:14:03" DepthTag="0.526">3.080 13.862 31.071 0.000 33.349 13.862 </Samples>
		<Samples TimeTag="2024-12-27T09:14:20" DepthTag="0.629">1.414 4.284 26.643 0.000 32.469 4.284 </Samples>
		<Samples TimeTag="2024-12-27T09:14:24" DepthTag="0.729">1.669 9.654 43.104 0.000 63.327 9.654 </Samples>
		<Samples TimeTag="2024-12-27T09:14:27" DepthTag="0.834">1.826 12.776 38.574 0.000 51.482 12.776 </Samples>
		<Samples TimeTag="2024-12-27T09:14:31" DepthTag="0.935">1.670 14.260 40.933 0.000 60.288 14.260 </Samples>
		<Samples TimeTag="2024-12-27T09:14:57" DepthTag="1.038">0.978 10.756 42.169 0.000 51.422 10.756 </Samples>
		<Samples TimeTag="2024-12-27T09:15:00" DepthTag="1.145">2.297 12.776 40.412 0.000 48.054 12.776 </Samples>
		<Samples TimeTag="2024-12-27T09:15:02" DepthTag="1.248">2.749 13.709 39.575 0.000 42.884 13.709 </Samples>
		<Samples TimeTag="2024-12-27T09:15:05" DepthTag="1.348">2.583 14.214 40.011 0.000 49.454 14.214 </Samples>
		<Samples TimeTag="2024-12-27T09:15:07" DepthTag="1.450">2.707 14.458 39.326 0.000 48.754 14.458 </Samples>
		<Samples TimeTag="2024-12-27T09:15:39" DepthTag="1.558">0.934 13.326 40.963 0.000 46.490 13.326 </Samples>
		<Samples TimeTag="2024-12-27T09:15:41" DepthTag="1.668">2.357 15.285 41.259 0.000 40.368 15.285 </Samples>
		<Samples TimeTag="2024-12-27T09:15:46" DepthTag="1.775">1.457 16.753 40.796 0.000 38.350 16.753 </Samples>
		<Samples TimeTag="2024-12-27T09:15:50" DepthTag="1.876">1.280 17.488 40.840 0.000 44.336 17.488 </Samples>
		<Samples TimeTag="2024-12-27T09:15:54" DepthTag="1.982">1.843 17.717 39.061 0.000 44.429 17.717 </Samples>
		<Samples TimeTag="2024-12-27T09:15:57" DepthTag="2.086">2.087 17.825 38.503 0.000 39.518 17.825 </Samples>
		<Samples TimeTag="2024-12-27T09:16:00" DepthTag="2.187">1.773 17.916 41.090 0.000 49.712 17.916 </Samples>
		<Samples TimeTag="2024-12-27T09:16:04" DepthTag="2.288">1.716 17.916 39.272 0.000 46.401 17.916 </Samples>
		<Samples TimeTag="2024-12-27T09:16:07" DepthTag="2.394">2.256 17.947 39.029 0.000 38.781 17.947 </Samples>
		<Samples TimeTag="2024-12-27T09:16:10" DepthTag="2.495">1.763 17.962 40.442 0.000 40.352 17.962 </Samples>
		<Samples TimeTag="2024-12-27T09:16:43" DepthTag="2.596">0.620 13.158 43.570 0.000 52.516 13.158 </Samples>
		<Samples TimeTag="2024-12-27T09:16:49" DepthTag="2.698">1.136 16.126 40.703 0.000 50.356 16.126 </Samples>
		<Samples TimeTag="2024-12-27T09:16:54" DepthTag="2.803">1.247 17.059 41.251 0.000 47.334 17.059 </Samples>
		<Samples TimeTag="2024-12-27T09:16:59" DepthTag="2.907">1.297 17.457 38.981 0.000 46.930 17.457 </Samples>
		<Samples TimeTag="2024-12-27T09:17:02" DepthTag="3.010">1.746 17.656 39.866 0.000 45.284 17.656 </Samples>
		<Samples TimeTag="2024-12-27T09:17:05" DepthTag="3.112">2.189 17.779 39.572 0.000 46.645 17.779 </Samples>
		<Samples TimeTag="2024-12-27T09:17:09" DepthTag="3.216">1.619 17.840 40.642 0.000 50.789 17.840 </Samples>
		<Samples TimeTag="2024-12-27T09:17:12" DepthTag="3.316">1.788 17.916 39.636 0.000 46.878 17.916 </Samples>
		<Samples TimeTag="2024-12-27T09:17:16" DepthTag="3.420">1.944 17.916 39.310 0.000 46.042 17.916 </Samples>
		<Samples TimeTag="2024-12-27T09:17:54" DepthTag="3.522">0.586 9.486 39.541 0.000 53.377 9.486 </Samples>
		<Samples TimeTag="2024-12-27T09:17:58" DepthTag="3.623">1.370 14.963 43.770 0.000 45.140 14.963 </Samples>
		<Samples TimeTag="2024-12-27T09:18:03" DepthTag="3.727">1.349 16.264 44.985 0.000 52.235 16.264 </Samples>
		<Samples TimeTag="2024-12-27T09:18:08" DepthTag="3.829">1.191 16.845 45.147 0.000 49.956 16.845 </Samples>
		<Samples TimeTag="2024-12-27T09:18:19" DepthTag="3.930">0.560 16.937 45.315 0.000 55.271 16.937 </Samples>
		<Samples TimeTag="2024-12-27T09:18:24" DepthTag="4.033">1.091 17.182 43.147 0.000 49.206 17.182 </Samples>
		<Samples TimeTag="2024-12-27T09:18:28" DepthTag="4.139">1.534 17.365 45.296 0.000 46.095 17.365 </Samples>
		<Samples TimeTag="2024-12-27T09:18:32" DepthTag="4.242">1.543 17.488 44.792 0.000 43.345 17.488 </Samples>
		<Samples TimeTag="2024-12-27T09:18:36" DepthTag="4.348">1.982 17.748 45.403 0.000 46.996 17.748 </Samples>
		<Samples TimeTag="2024-12-27T09:18:40" DepthTag="4.452">1.410 17.763 45.560 0.000 60.044 17.763 </Samples>
		<Samples TimeTag="2024-12-27T09:18:46" DepthTag="4.557">1.123 17.901 45.754 0.000 45.362 17.901 </Samples>
		<Samples TimeTag="2024-12-27T09:18:55" DepthTag="4.659">0.682 17.840 44.414 0.000 52.595 17.840 </Samples>
		<Samples TimeTag="2024-12-27T09:19:00" DepthTag="4.764">1.311 17.870 44.556 0.000 52.159 17.870 </Samples>
		<Samples TimeTag="2024-12-27T09:19:03" DepthTag="4.865">1.893 17.978 44.250 0.000 58.663 17.978 </Samples>
		<Samples TimeTag="2024-12-27T09:19:05" DepthTag="4.967">2.241 17.947 44.009 0.000 43.526 17.947 </Samples>
		<Samples TimeTag="2024-12-27T09:19:09" DepthTag="5.069">1.907 17.978 45.134 0.000 47.046 17.978 </Samples>
		<Samples TimeTag="2024-12-27T09:19:13" DepthTag="5.173">1.332 17.825 45.729 0.000 58.508 17.825 </Samples>
		<Samples TimeTag="2024-12-27T09:19:16" DepthTag="5.276">2.419 17.993 44.216 0.000 44.259 17.993 </Samples>
		<Samples TimeTag="2024-12-27T09:19:20" DepthTag="5.379">1.546 17.534 45.949 0.000 37.933 17.534 </Samples>
		<Samples TimeTag="2024-12-27T09:19:23" DepthTag="5.486">1.768 17.610 45.028 0.000 36.264 17.610 </Samples>
		<Samples TimeTag="2024-12-27T09:19:27" DepthTag="5.591">1.964 17.978 45.222 0.000 35.076 17.978 </Samples>
		<Samples TimeTag="2024-12-27T09:19:32" DepthTag="5.692">1.125 17.855 45.249 0.000 46.951 17.855 </Samples>
		<Samples TimeTag="2024-12-27T09:19:38" DepthTag="5.796">1.038 17.411 45.128 0.000 45.081 17.411 </Samples>
		<Samples TimeTag="2024-12-27T09:19:40" DepthTag="5.905">2.709 17.870 44.616 0.000 35.383 17.870 </Samples>
		<Samples TimeTag="2024-12-27T09:19:45" DepthTag="6.007">1.534 19.079 45.031 0.000 42.781 19.079 </Samples>
		<Samples TimeTag="2024-12-27T09:19:48" DepthTag="6.108">1.613 19.125 44.340 0.000 48.342 19.125 </Samples>
		<Samples TimeTag="2024-12-27T09:19:52" DepthTag="6.212">1.834 19.033 45.569 0.000 51.397 19.033 </Samples>
		<Samples TimeTag="2024-12-27T09:19:55" DepthTag="6.317">2.068 18.788 44.777 0.000 52.904 18.788 </Samples>
		<Samples TimeTag="2024-12-27T09:19:58" DepthTag="6.422">1.746 18.498 44.525 0.000 59.028 18.498 </Samples>
		<Samples TimeTag="2024-12-27T09:20:00" DepthTag="6.524">3.060 18.513 44.260 0.000 46.120 18.513 </Samples>
		<Samples TimeTag="2024-12-27T09:20:03" DepthTag="6.631">2.957 18.437 44.726 0.000 46.412 18.437 </Samples>
		<Samples TimeTag="2024-12-27T09:20:05" DepthTag="6.739">2.715 18.375 45.552 0.000 54.471 18.375 </Samples>
		<Samples TimeTag="2024-12-27T09:20:09" DepthTag="6.840">1.365 18.085 45.956 0.000 50.149 18.085 </Samples>
		<Samples TimeTag="2024-12-27T09:20:14" DepthTag="6.947">1.341 17.870 44.845 0.000 48.853 17.870 </Samples>
		<Samples TimeTag="2024-12-27T09:20:18" DepthTag="7.048">1.669 18.069 44.696 0.000 57.773 18.069 </Samples>
		<Samples TimeTag="2024-12-27T09:20:22" DepthTag="7.151">1.356 17.870 46.254 0.000 49.205 17.870 </Samples>
		<Samples TimeTag="2024-12-27T09:20:26" DepthTag="7.257">1.767 17.901 45.022 0.000 42.020 17.901 </Samples>
		<Samples TimeTag="2024-12-27T09:20:30" DepthTag="7.359">1.523 17.855 41.921 0.000 44.984 17.855 </Samples>
		<Samples TimeTag="2024-12-27T09:20:33" DepthTag="7.466">2.009 17.671 38.791 0.000 50.275 17.671 </Samples>
	</CompactMWDdata>
	<IR:GenTrailer>
		<IR:FileCloseDate>2024-12-27T09:22:12</IR:FileCloseDate>
		<IR:ChkSum>2074022618</IR:ChkSum>
	</IR:GenTrailer>
</DRMWD>
