<?xml version="1.0" encoding="UTF-8"?>
<!-- Generated by the RCS System Epiroc Rock Drills AB -->
<DRMWD xmlns="http://www.iredes.org/xml/DrillRig" xmlns:IR="http://www.iredes.org/xml" xmlns:xsi="http://www.w3.org/2001/XMLSchema-instance" xsi:schemaLocation="http://www.iredes.org/xml/DrillRig C:\Iredes\IR_V1.2.3\xml\DR-DrillRig_V1.2\DrillRig.xsd" IRVersion="V 1.2AC" IRDownwCompat="V 1.2AC" DRMWDDownwCompat="V 1.2AC" DRMWDVersion="V 1.2AC">
	<IR:GenHead>
		<IR:FileCreateDate>2024-12-25T12:49:40</IR:FileCreateDate>
		<IR:IRversion DownwCompat="V 1.0">V 1.2AC</IR:IRversion>
		<IR:EquipmentInfo>
			<IR:EqpManufact>Epiroc</IR:EqpManufact>
			<IR:EqpType>SmartROC D65</IR:EqpType>
			<IR:EqpSerNo>8992013064</IR:EqpSerNo>
			<IR:EqpSysVer>6.28.1</IR:EqpSysVer>
			<IR:EqpInfo>DrillingMethod: DTH</IR:EqpInfo>
		</IR:EquipmentInfo>
	</IR:GenHead>
	<IR:ReportId>MWDRI251249</IR:ReportId>
	<IR:StartLogTime>2024-12-25T12:40:10</IR:StartLogTime>
	<IR:EndLogTime>2024-12-25T12:47:31</IR:EndLogTime>
	<IR:PlanIdRef>FRD03_11_0632_003_All</IR:PlanIdRef>
	<IR:PlanNameRef>FRD03_11_0632_003_All</IR:PlanNameRef>
	<MWDholeId>C6</MWDholeId>
	<QualityReportIdRef>DQRI250804</QualityReportIdRef>
	<SampleDistance>0.100</SampleDistance>
	<CompactMWDdata>
		<MWDparams>
			<Parameter Unit="m/min" Full="PenetrRate">PR</Parameter>
			<Parameter Unit="Bar" Full="PercPressure">PP</Parameter>
			<Parameter Unit="Bar" Full="FeedPressure">FP</Parameter>
			<Parameter Unit="Bar" Full="DampPressure">DP</Parameter>
			<Parameter Unit="Bar" Full="RotPressure">RP</Parameter>
			<Parameter Unit="Bar" Full="FlushPressure">FLP</Parameter>
		</MWDparams>
		<Samples TimeTag="2024-12-25T12:40:10" DepthTag="0.103">0.851 9.976 44.130 0.000 20.545 9.976 </Samples>
		<Samples TimeTag="2024-12-25T12:40:15" DepthTag="0.204">1.264 13.204 43.111 0.000 20.274 13.204 </Samples>
		<Samples TimeTag="2024-12-25T12:40:20" DepthTag="0.305">1.153 14.397 42.092 0.000 55.342 14.397 </Samples>
		<Samples TimeTag="2024-12-25T12:40:26" DepthTag="0.406">1.129 14.810 38.769 0.000 47.882 14.810 </Samples>
		<Samples TimeTag="2024-12-25T12:40:30" DepthTag="0.506">1.362 13.678 23.258 0.000 46.395 13.678 </Samples>
		<Samples TimeTag="2024-12-25T12:40:53" DepthTag="0.607">0.674 15.071 41.490 0.000 53.169 15.071 </Samples>
		<Samples TimeTag="2024-12-25T12:40:57" DepthTag="0.711">1.857 15.116 40.276 0.000 47.918 15.116 </Samples>
		<Samples TimeTag="2024-12-25T12:40:59" DepthTag="0.816">2.239 15.116 39.843 0.000 47.067 15.116 </Samples>
		<Samples TimeTag="2024-12-25T12:41:03" DepthTag="0.918">1.927 15.086 42.640 0.000 49.326 15.086 </Samples>
		<Samples TimeTag="2024-12-25T12:41:28" DepthTag="1.042">0.897 4.315 25.360 0.000 28.572 4.315 </Samples>
		<Samples TimeTag="2024-12-25T12:41:33" DepthTag="1.142">1.040 12.179 41.963 0.000 49.577 12.179 </Samples>
		<Samples TimeTag="2024-12-25T12:41:37" DepthTag="1.244">1.689 13.892 41.337 0.000 47.727 13.892 </Samples>
		<Samples TimeTag="2024-12-25T12:41:41" DepthTag="1.346">1.523 14.611 40.057 0.000 40.966 14.611 </Samples>
		<Samples TimeTag="2024-12-25T12:41:45" DepthTag="1.446">1.593 14.810 38.557 0.000 40.465 14.810 </Samples>
		<Samples TimeTag="2024-12-25T12:42:14" DepthTag="1.566">1.099 4.957 23.385 0.000 25.363 4.957 </Samples>
		<Samples TimeTag="2024-12-25T12:42:19" DepthTag="1.667">1.113 14.183 42.486 0.000 42.991 14.183 </Samples>
		<Samples TimeTag="2024-12-25T12:42:23" DepthTag="1.772">1.507 16.080 40.647 0.000 46.106 16.080 </Samples>
		<Samples TimeTag="2024-12-25T12:42:26" DepthTag="1.876">1.947 16.799 39.557 0.000 47.323 16.799 </Samples>
		<Samples TimeTag="2024-12-25T12:42:30" DepthTag="1.978">1.691 17.320 40.903 0.000 54.257 17.320 </Samples>
		<Samples TimeTag="2024-12-25T12:42:36" DepthTag="2.080">1.099 17.779 39.629 0.000 46.065 17.779 </Samples>
		<Samples TimeTag="2024-12-25T12:42:38" DepthTag="2.181">2.593 17.870 36.616 0.000 39.576 17.870 </Samples>
		<Samples TimeTag="2024-12-25T12:42:40" DepthTag="2.285">3.117 17.978 38.158 0.000 41.050 17.978 </Samples>
		<Samples TimeTag="2024-12-25T12:42:42" DepthTag="2.388">2.569 18.039 40.334 0.000 43.647 18.039 </Samples>
		<Samples TimeTag="2024-12-25T12:42:45" DepthTag="2.494">2.079 18.115 40.226 0.000 46.194 18.115 </Samples>
		<Samples TimeTag="2024-12-25T12:43:18" DepthTag="2.594">0.672 7.359 47.358 0.000 59.972 7.359 </Samples>
		<Samples TimeTag="2024-12-25T12:43:23" DepthTag="2.696">1.188 14.872 41.922 0.000 52.587 14.872 </Samples>
		<Samples TimeTag="2024-12-25T12:43:29" DepthTag="2.797">1.161 16.601 40.446 0.000 44.468 16.601 </Samples>
		<Samples TimeTag="2024-12-25T12:43:32" DepthTag="2.899">1.781 17.167 39.485 0.000 45.817 17.167 </Samples>
		<Samples TimeTag="2024-12-25T12:43:35" DepthTag="3.004">2.234 17.473 37.776 0.000 42.899 17.473 </Samples>
		<Samples TimeTag="2024-12-25T12:43:38" DepthTag="3.108">2.238 17.748 40.634 0.000 47.837 17.748 </Samples>
		<Samples TimeTag="2024-12-25T12:43:41" DepthTag="3.214">1.967 17.870 40.709 0.000 43.175 17.870 </Samples>
		<Samples TimeTag="2024-12-25T12:43:45" DepthTag="3.316">1.344 17.916 40.393 0.000 46.528 17.916 </Samples>
		<Samples TimeTag="2024-12-25T12:43:50" DepthTag="3.417">1.373 17.978 40.470 0.000 47.901 17.978 </Samples>
		<Samples TimeTag="2024-12-25T12:44:29" DepthTag="3.555">0.551 5.049 25.694 0.000 31.119 5.049 </Samples>
		<Samples TimeTag="2024-12-25T12:44:37" DepthTag="3.655">0.734 16.601 40.980 0.000 46.545 16.601 </Samples>
		<Samples TimeTag="2024-12-25T12:44:44" DepthTag="3.758">0.906 18.161 39.771 0.000 50.214 18.161 </Samples>
		<Samples TimeTag="2024-12-25T12:44:50" DepthTag="3.859">0.894 18.834 40.634 0.000 44.985 18.834 </Samples>
		<Samples TimeTag="2024-12-25T12:44:58" DepthTag="3.960">0.805 18.987 39.754 0.000 46.063 18.987 </Samples>
		<Samples TimeTag="2024-12-25T12:45:05" DepthTag="4.061">0.810 19.232 40.117 0.000 44.244 19.232 </Samples>
		<Samples TimeTag="2024-12-25T12:45:13" DepthTag="4.161">0.773 19.293 39.282 0.000 46.449 19.293 </Samples>
		<Samples TimeTag="2024-12-25T12:45:22" DepthTag="4.262">0.674 19.094 40.652 0.000 48.626 19.094 </Samples>
		<Samples TimeTag="2024-12-25T12:45:27" DepthTag="4.367">1.261 19.278 38.179 0.000 42.932 19.278 </Samples>
		<Samples TimeTag="2024-12-25T12:45:31" DepthTag="4.467">1.498 19.309 39.731 0.000 40.804 19.309 </Samples>
		<Samples TimeTag="2024-12-25T12:46:09" DepthTag="4.575">0.810 5.187 25.923 0.000 27.666 5.187 </Samples>
		<Samples TimeTag="2024-12-25T12:46:13" DepthTag="4.679">1.498 14.474 53.076 0.000 53.640 14.474 </Samples>
		<Samples TimeTag="2024-12-25T12:46:22" DepthTag="4.781">0.692 18.069 53.798 0.000 50.740 18.069 </Samples>
		<Samples TimeTag="2024-12-25T12:46:27" DepthTag="4.882">1.322 18.865 53.675 0.000 51.151 18.865 </Samples>
		<Samples TimeTag="2024-12-25T12:46:29" DepthTag="4.984">2.327 19.140 52.737 0.000 39.953 19.140 </Samples>
		<Samples TimeTag="2024-12-25T12:46:32" DepthTag="5.085">2.362 19.370 53.625 0.000 41.585 19.370 </Samples>
		<Samples TimeTag="2024-12-25T12:46:35" DepthTag="5.186">2.161 19.706 53.713 0.000 48.319 19.706 </Samples>
		<Samples TimeTag="2024-12-25T12:46:37" DepthTag="5.288">2.168 19.951 53.885 0.000 44.513 19.951 </Samples>
		<Samples TimeTag="2024-12-25T12:46:46" DepthTag="5.390">0.752 19.569 53.381 0.000 48.819 19.569 </Samples>
		<Samples TimeTag="2024-12-25T12:46:51" DepthTag="5.494">1.159 19.706 53.925 0.000 52.332 19.706 </Samples>
		<Samples TimeTag="2024-12-25T12:46:55" DepthTag="5.598">1.463 19.921 53.121 0.000 50.508 19.921 </Samples>
		<Samples TimeTag="2024-12-25T12:46:58" DepthTag="5.706">2.030 20.012 53.223 0.000 49.700 20.012 </Samples>
		<Samples TimeTag="2024-12-25T12:47:01" DepthTag="5.816">2.735 20.211 53.295 0.000 42.893 20.211 </Samples>
		<Samples TimeTag="2024-12-25T12:47:04" DepthTag="5.916">2.024 20.303 54.282 0.000 56.068 20.303 </Samples>
		<Samples TimeTag="2024-12-25T12:47:08" DepthTag="6.027">1.740 20.349 52.882 0.000 55.121 20.349 </Samples>
		<Samples TimeTag="2024-12-25T12:47:11" DepthTag="6.131">1.658 20.273 54.262 0.000 54.903 20.273 </Samples>
		<Samples TimeTag="2024-12-25T12:47:16" DepthTag="6.233">1.388 20.227 53.659 0.000 55.506 20.227 </Samples>
		<Samples TimeTag="2024-12-25T12:47:18" DepthTag="6.344">2.755 20.349 51.845 0.000 40.360 20.349 </Samples>
		<Samples TimeTag="2024-12-25T12:47:20" DepthTag="6.451">2.956 20.334 53.707 0.000 40.226 20.334 </Samples>
		<Samples TimeTag="2024-12-25T12:47:23" DepthTag="6.552">2.719 20.426 53.933 0.000 46.784 20.426 </Samples>
		<Samples TimeTag="2024-12-25T12:47:25" DepthTag="6.663">2.771 20.426 53.994 0.000 43.520 20.426 </Samples>
		<Samples TimeTag="2024-12-25T12:47:28" DepthTag="6.767">2.271 19.982 42.631 0.000 48.866 19.982 </Samples>
		<Samples TimeTag="2024-12-25T12:47:31" DepthTag="6.871">1.957 19.079 40.842 0.000 47.144 19.079 </Samples>
	</CompactMWDdata>
	<IR:GenTrailer>
		<IR:FileCloseDate>2024-12-25T12:49:40</IR:FileCloseDate>
		<IR:ChkSum>2366768512</IR:ChkSum>
	</IR:GenTrailer>
</DRMWD>
