<?xml version="1.0" encoding="UTF-8"?>
<!-- Generated by the RCS System Epiroc Rock Drills AB -->
<DRMWD xmlns="http://www.iredes.org/xml/DrillRig" xmlns:IR="http://www.iredes.org/xml" xmlns:xsi="http://www.w3.org/2001/XMLSchema-instance" xsi:schemaLocation="http://www.iredes.org/xml/DrillRig C:\Iredes\IR_V1.2.3\xml\DR-DrillRig_V1.2\DrillRig.xsd" IRVersion="V 1.2AC" IRDownwCompat="V 1.2AC" DRMWDDownwCompat="V 1.2AC" DRMWDVersion="V 1.2AC">
	<IR:GenHead>
		<IR:FileCreateDate>2024-12-25T13:55:48</IR:FileCreateDate>
		<IR:IRversion DownwCompat="V 1.0">V 1.2AC</IR:IRversion>
		<IR:EquipmentInfo>
			<IR:EqpManufact>Epiroc</IR:EqpManufact>
			<IR:EqpType>SmartROC D65</IR:EqpType>
			<IR:EqpSerNo>8992013064</IR:EqpSerNo>
			<IR:EqpSysVer>6.28.1</IR:EqpSysVer>
			<IR:EqpInfo>DrillingMethod: DTH</IR:EqpInfo>
		</IR:EquipmentInfo>
	</IR:GenHead>
	<IR:ReportId>MWDRI251355</IR:ReportId>
	<IR:StartLogTime>2024-12-25T13:44:15</IR:StartLogTime>
	<IR:EndLogTime>2024-12-25T13:52:17</IR:EndLogTime>
	<IR:PlanIdRef>FRD03_11_0632_003_All</IR:PlanIdRef>
	<IR:PlanNameRef>FRD03_11_0632_003_All</IR:PlanNameRef>
	<MWDholeId>B10</MWDholeId>
	<QualityReportIdRef>DQRI250804</QualityReportIdRef>
	<SampleDistance>0.100</SampleDistance>
	<CompactMWDdata>
		<MWDparams>
			<Parameter Unit="m/min" Full="PenetrRate">PR</Parameter>
			<Parameter Unit="Bar" Full="PercPressure">PP</Parameter>
			<Parameter Unit="Bar" Full="FeedPressure">FP</Parameter>
			<Parameter Unit="Bar" Full="DampPressure">DP</Parameter>
			<Parameter Unit="Bar" Full="RotPressure">RP</Parameter>
			<Parameter Unit="Bar" Full="FlushPressure">FLP</Parameter>
		</MWDparams>
		<Samples TimeTag="2024-12-25T13:44:15" DepthTag="0.116">1.081 9.195 25.948 0.000 21.400 9.195 </Samples>
		<Samples TimeTag="2024-12-25T13:44:19" DepthTag="0.218">1.541 12.974 42.568 0.000 21.460 12.974 </Samples>
		<Samples TimeTag="2024-12-25T13:44:23" DepthTag="0.320">1.621 14.535 42.111 0.000 19.904 14.535 </Samples>
		<Samples TimeTag="2024-12-25T13:44:26" DepthTag="0.426">2.081 14.841 41.350 0.000 33.863 14.841 </Samples>
		<Samples TimeTag="2024-12-25T13:44:52" DepthTag="0.528">0.683 8.186 40.156 0.000 42.002 8.186 </Samples>
		<Samples TimeTag="2024-12-25T13:44:59" DepthTag="0.630">0.847 13.464 38.775 0.000 50.567 13.464 </Samples>
		<Samples TimeTag="2024-12-25T13:45:05" DepthTag="0.732">1.013 14.428 39.988 0.000 47.064 14.428 </Samples>
		<Samples TimeTag="2024-12-25T13:45:11" DepthTag="0.834">0.960 14.535 41.186 0.000 47.066 14.535 </Samples>
		<Samples TimeTag="2024-12-25T13:45:19" DepthTag="0.936">0.742 14.581 38.178 0.000 51.051 14.581 </Samples>
		<Samples TimeTag="2024-12-25T13:45:54" DepthTag="1.036">0.369 12.102 42.544 0.000 52.983 12.102 </Samples>
		<Samples TimeTag="2024-12-25T13:46:05" DepthTag="1.137">0.529 14.137 40.047 0.000 51.165 14.137 </Samples>
		<Samples TimeTag="2024-12-25T13:46:16" DepthTag="1.239">0.554 14.535 39.680 0.000 49.801 14.535 </Samples>
		<Samples TimeTag="2024-12-25T13:46:27" DepthTag="1.339">0.594 14.734 40.136 0.000 54.674 14.734 </Samples>
		<Samples TimeTag="2024-12-25T13:46:37" DepthTag="1.440">0.602 14.979 40.306 0.000 51.742 14.979 </Samples>
		<Samples TimeTag="2024-12-25T13:47:14" DepthTag="1.543">0.429 13.755 43.243 0.000 54.472 13.755 </Samples>
		<Samples TimeTag="2024-12-25T13:47:19" DepthTag="1.644">1.206 16.172 40.200 0.000 49.048 16.172 </Samples>
		<Samples TimeTag="2024-12-25T13:47:26" DepthTag="1.745">0.950 17.289 40.118 0.000 49.193 17.289 </Samples>
		<Samples TimeTag="2024-12-25T13:47:31" DepthTag="1.849">1.235 17.549 38.608 0.000 44.012 17.549 </Samples>
		<Samples TimeTag="2024-12-25T13:47:34" DepthTag="1.949">1.880 17.779 39.983 0.000 46.057 17.779 </Samples>
		<Samples TimeTag="2024-12-25T13:47:38" DepthTag="2.055">1.589 17.916 38.898 0.000 47.014 17.916 </Samples>
		<Samples TimeTag="2024-12-25T13:47:42" DepthTag="2.159">1.651 17.779 40.379 0.000 46.155 17.779 </Samples>
		<Samples TimeTag="2024-12-25T13:47:45" DepthTag="2.260">1.607 17.809 39.428 0.000 42.987 17.809 </Samples>
		<Samples TimeTag="2024-12-25T13:47:50" DepthTag="2.361">1.368 17.886 41.133 0.000 46.526 17.886 </Samples>
		<Samples TimeTag="2024-12-25T13:47:59" DepthTag="2.462">0.662 17.549 39.667 0.000 49.756 17.549 </Samples>
		<Samples TimeTag="2024-12-25T13:48:42" DepthTag="2.565">0.324 13.342 43.627 0.000 57.612 13.342 </Samples>
		<Samples TimeTag="2024-12-25T13:48:46" DepthTag="2.666">1.266 15.851 41.165 0.000 50.806 15.851 </Samples>
		<Samples TimeTag="2024-12-25T13:48:52" DepthTag="2.768">1.134 16.937 40.026 0.000 44.844 16.937 </Samples>
		<Samples TimeTag="2024-12-25T13:48:56" DepthTag="2.868">1.360 17.549 41.224 0.000 44.829 17.549 </Samples>
		<Samples TimeTag="2024-12-25T13:49:05" DepthTag="2.969">0.662 17.855 38.437 0.000 44.418 17.855 </Samples>
		<Samples TimeTag="2024-12-25T13:49:09" DepthTag="3.072">1.707 17.978 40.018 0.000 45.765 17.978 </Samples>
		<Samples TimeTag="2024-12-25T13:49:11" DepthTag="3.173">2.516 17.962 37.339 0.000 38.071 17.962 </Samples>
		<Samples TimeTag="2024-12-25T13:49:14" DepthTag="3.276">2.658 17.993 40.612 0.000 44.727 17.993 </Samples>
		<Samples TimeTag="2024-12-25T13:49:19" DepthTag="3.378">1.091 17.595 40.094 0.000 49.239 17.595 </Samples>
		<Samples TimeTag="2024-12-25T13:49:22" DepthTag="3.491">2.223 17.794 38.529 0.000 44.543 17.794 </Samples>
		<Samples TimeTag="2024-12-25T13:49:52" DepthTag="3.598">0.962 6.013 36.706 0.000 39.590 6.013 </Samples>
		<Samples TimeTag="2024-12-25T13:50:02" DepthTag="3.699">0.558 17.289 40.132 0.000 50.071 17.289 </Samples>
		<Samples TimeTag="2024-12-25T13:50:05" DepthTag="3.805">2.349 18.054 39.616 0.000 38.375 18.054 </Samples>
		<Samples TimeTag="2024-12-25T13:50:08" DepthTag="3.906">1.991 18.559 39.316 0.000 34.932 18.559 </Samples>
		<Samples TimeTag="2024-12-25T13:50:11" DepthTag="4.007">2.042 19.003 39.614 0.000 34.069 19.003 </Samples>
		<Samples TimeTag="2024-12-25T13:50:15" DepthTag="4.108">1.676 19.247 40.779 0.000 37.070 19.247 </Samples>
		<Samples TimeTag="2024-12-25T13:50:18" DepthTag="4.216">2.130 19.462 38.162 0.000 34.715 19.462 </Samples>
		<Samples TimeTag="2024-12-25T13:50:20" DepthTag="4.319">2.411 19.645 37.360 0.000 40.744 19.645 </Samples>
		<Samples TimeTag="2024-12-25T13:50:23" DepthTag="4.424">2.619 19.691 40.679 0.000 35.634 19.691 </Samples>
		<Samples TimeTag="2024-12-25T13:51:00" DepthTag="4.563">1.168 4.972 25.513 0.000 32.585 4.972 </Samples>
		<Samples TimeTag="2024-12-25T13:51:05" DepthTag="4.667">1.290 15.086 52.997 0.000 61.892 15.086 </Samples>
		<Samples TimeTag="2024-12-25T13:51:09" DepthTag="4.767">1.414 17.335 54.384 0.000 51.319 17.335 </Samples>
		<Samples TimeTag="2024-12-25T13:51:14" DepthTag="4.870">1.200 18.559 53.881 0.000 58.445 18.559 </Samples>
		<Samples TimeTag="2024-12-25T13:51:17" DepthTag="4.980">2.164 19.125 52.183 0.000 54.444 19.125 </Samples>
		<Samples TimeTag="2024-12-25T13:51:19" DepthTag="5.090">2.744 19.431 52.954 0.000 38.597 19.431 </Samples>
		<Samples TimeTag="2024-12-25T13:51:22" DepthTag="5.193">2.578 19.569 54.925 0.000 40.459 19.569 </Samples>
		<Samples TimeTag="2024-12-25T13:51:24" DepthTag="5.295">2.376 19.905 52.850 0.000 50.809 19.905 </Samples>
		<Samples TimeTag="2024-12-25T13:51:27" DepthTag="5.397">2.392 19.982 54.406 0.000 48.230 19.982 </Samples>
		<Samples TimeTag="2024-12-25T13:51:30" DepthTag="5.504">2.429 20.165 54.112 0.000 52.686 20.165 </Samples>
		<Samples TimeTag="2024-12-25T13:51:32" DepthTag="5.609">2.895 20.334 53.692 0.000 40.721 20.334 </Samples>
		<Samples TimeTag="2024-12-25T13:51:35" DepthTag="5.710">2.165 20.318 54.436 0.000 52.111 20.318 </Samples>
		<Samples TimeTag="2024-12-25T13:51:38" DepthTag="5.813">1.785 20.334 54.422 0.000 53.243 20.334 </Samples>
		<Samples TimeTag="2024-12-25T13:51:41" DepthTag="5.917">2.434 20.471 52.941 0.000 49.113 20.471 </Samples>
		<Samples TimeTag="2024-12-25T13:51:44" DepthTag="6.018">1.810 20.303 54.732 0.000 55.017 20.303 </Samples>
		<Samples TimeTag="2024-12-25T13:51:47" DepthTag="6.123">2.364 20.380 54.913 0.000 44.046 20.380 </Samples>
		<Samples TimeTag="2024-12-25T13:51:50" DepthTag="6.226">2.100 20.471 53.557 0.000 42.895 20.471 </Samples>
		<Samples TimeTag="2024-12-25T13:51:53" DepthTag="6.330">2.037 20.502 53.626 0.000 43.027 20.502 </Samples>
		<Samples TimeTag="2024-12-25T13:51:55" DepthTag="6.436">2.258 20.579 53.968 0.000 48.030 20.579 </Samples>
		<Samples TimeTag="2024-12-25T13:51:58" DepthTag="6.537">2.227 20.655 54.477 0.000 53.771 20.655 </Samples>
		<Samples TimeTag="2024-12-25T13:52:02" DepthTag="6.646">1.705 20.670 53.875 0.000 57.550 20.670 </Samples>
		<Samples TimeTag="2024-12-25T13:52:05" DepthTag="6.749">2.197 20.701 53.862 0.000 53.345 20.701 </Samples>
		<Samples TimeTag="2024-12-25T13:52:07" DepthTag="6.850">2.510 20.732 53.791 0.000 53.726 20.732 </Samples>
		<Samples TimeTag="2024-12-25T13:52:10" DepthTag="6.950">2.040 20.732 51.600 0.000 57.426 20.732 </Samples>
		<Samples TimeTag="2024-12-25T13:52:15" DepthTag="7.051">1.364 19.201 40.279 0.000 46.552 19.201 </Samples>
		<Samples TimeTag="2024-12-25T13:52:17" DepthTag="7.152">2.519 17.901 33.452 0.000 35.903 17.901 </Samples>
	</CompactMWDdata>
	<IR:GenTrailer>
		<IR:FileCloseDate>2024-12-25T13:55:48</IR:FileCloseDate>
		<IR:ChkSum>2946038836</IR:ChkSum>
	</IR:GenTrailer>
</DRMWD>
