<?xml version="1.0" encoding="UTF-8"?>
<!-- Generated by the RCS System Epiroc Rock Drills AB -->
<DRMWD xmlns="http://www.iredes.org/xml/DrillRig" xmlns:IR="http://www.iredes.org/xml" xmlns:xsi="http://www.w3.org/2001/XMLSchema-instance" xsi:schemaLocation="http://www.iredes.org/xml/DrillRig C:\Iredes\IR_V1.2.3\xml\DR-DrillRig_V1.2\DrillRig.xsd" IRVersion="V 1.2AC" IRDownwCompat="V 1.2AC" DRMWDDownwCompat="V 1.2AC" DRMWDVersion="V 1.2AC">
	<IR:GenHead>
		<IR:FileCreateDate>2024-12-27T03:45:44</IR:FileCreateDate>
		<IR:IRversion DownwCompat="V 1.0">V 1.2AC</IR:IRversion>
		<IR:EquipmentInfo>
			<IR:EqpManufact>Epiroc</IR:EqpManufact>
			<IR:EqpType>SmartROC D65</IR:EqpType>
			<IR:EqpSerNo>8992013064</IR:EqpSerNo>
			<IR:EqpSysVer>6.28.1</IR:EqpSysVer>
			<IR:EqpInfo>DrillingMethod: DTH</IR:EqpInfo>
		</IR:EquipmentInfo>
	</IR:GenHead>
	<IR:ReportId>MWDRI270345</IR:ReportId>
	<IR:StartLogTime>2024-12-27T03:36:29</IR:StartLogTime>
	<IR:EndLogTime>2024-12-27T03:43:20</IR:EndLogTime>
	<IR:PlanIdRef>FRD03_11_0626_001_All</IR:PlanIdRef>
	<IR:PlanNameRef>FRD03_11_0626_001_All</IR:PlanNameRef>
	<MWDholeId>F3</MWDholeId>
	<QualityReportIdRef>DQRI270314</QualityReportIdRef>
	<SampleDistance>0.100</SampleDistance>
	<CompactMWDdata>
		<MWDparams>
			<Parameter Unit="m/min" Full="PenetrRate">PR</Parameter>
			<Parameter Unit="Bar" Full="PercPressure">PP</Parameter>
			<Parameter Unit="Bar" Full="FeedPressure">FP</Parameter>
			<Parameter Unit="Bar" Full="DampPressure">DP</Parameter>
			<Parameter Unit="Bar" Full="RotPressure">RP</Parameter>
			<Parameter Unit="Bar" Full="FlushPressure">FLP</Parameter>
		</MWDparams>
		<Samples TimeTag="2024-12-27T03:36:29" DepthTag="0.110">1.621 13.954 20.928 0.000 21.828 13.954 </Samples>
		<Samples TimeTag="2024-12-27T03:36:30" DepthTag="0.218">5.340 14.351 36.032 0.000 21.828 14.351 </Samples>
		<Samples TimeTag="2024-12-27T03:36:32" DepthTag="0.323">3.411 14.642 43.262 0.000 21.828 14.642 </Samples>
		<Samples TimeTag="2024-12-27T03:36:35" DepthTag="0.429">2.642 14.872 42.902 0.000 21.828 14.872 </Samples>
		<Samples TimeTag="2024-12-27T03:36:55" DepthTag="0.555">1.111 5.554 20.885 0.000 21.827 5.554 </Samples>
		<Samples TimeTag="2024-12-27T03:37:00" DepthTag="0.657">1.471 11.567 43.883 0.000 39.512 11.567 </Samples>
		<Samples TimeTag="2024-12-27T03:37:04" DepthTag="0.761">1.466 13.984 41.070 0.000 42.654 13.984 </Samples>
		<Samples TimeTag="2024-12-27T03:37:08" DepthTag="0.863">1.623 14.734 40.729 0.000 52.718 14.734 </Samples>
		<Samples TimeTag="2024-12-27T03:37:11" DepthTag="0.968">1.881 14.948 38.468 0.000 47.878 14.948 </Samples>
		<Samples TimeTag="2024-12-27T03:37:34" DepthTag="1.073">0.977 4.804 27.932 0.000 24.329 4.804 </Samples>
		<Samples TimeTag="2024-12-27T03:37:41" DepthTag="1.177">0.918 13.112 41.137 0.000 54.702 13.112 </Samples>
		<Samples TimeTag="2024-12-27T03:37:46" DepthTag="1.279">1.229 14.489 40.263 0.000 56.260 14.489 </Samples>
		<Samples TimeTag="2024-12-27T03:37:50" DepthTag="1.381">1.702 14.826 39.930 0.000 49.114 14.826 </Samples>
		<Samples TimeTag="2024-12-27T03:37:53" DepthTag="1.485">1.713 15.009 39.568 0.000 52.170 15.009 </Samples>
		<Samples TimeTag="2024-12-27T03:38:23" DepthTag="1.586">0.895 5.064 38.903 0.000 50.411 5.064 </Samples>
		<Samples TimeTag="2024-12-27T03:38:28" DepthTag="1.687">1.087 14.535 41.745 0.000 57.428 14.535 </Samples>
		<Samples TimeTag="2024-12-27T03:38:35" DepthTag="1.794">1.027 16.723 39.401 0.000 52.922 16.723 </Samples>
		<Samples TimeTag="2024-12-27T03:38:39" DepthTag="1.894">1.535 17.304 40.747 0.000 50.504 17.304 </Samples>
		<Samples TimeTag="2024-12-27T03:38:42" DepthTag="1.996">1.689 17.687 39.718 0.000 48.379 17.687 </Samples>
		<Samples TimeTag="2024-12-27T03:38:47" DepthTag="2.101">1.359 17.947 39.435 0.000 51.215 17.947 </Samples>
		<Samples TimeTag="2024-12-27T03:38:50" DepthTag="2.206">1.863 18.023 39.372 0.000 49.516 18.023 </Samples>
		<Samples TimeTag="2024-12-27T03:38:53" DepthTag="2.306">1.971 18.115 39.106 0.000 49.319 18.115 </Samples>
		<Samples TimeTag="2024-12-27T03:38:58" DepthTag="2.408">1.334 18.146 39.199 0.000 52.886 18.146 </Samples>
		<Samples TimeTag="2024-12-27T03:39:01" DepthTag="2.509">2.159 16.555 32.325 0.000 44.187 16.555 </Samples>
		<Samples TimeTag="2024-12-27T03:39:32" DepthTag="2.611">0.788 9.838 46.692 0.000 58.491 9.838 </Samples>
		<Samples TimeTag="2024-12-27T03:39:37" DepthTag="2.712">1.052 15.682 41.681 0.000 47.986 15.682 </Samples>
		<Samples TimeTag="2024-12-27T03:39:42" DepthTag="2.812">1.248 16.937 39.120 0.000 50.979 16.937 </Samples>
		<Samples TimeTag="2024-12-27T03:39:47" DepthTag="2.915">1.214 17.549 41.228 0.000 51.071 17.549 </Samples>
		<Samples TimeTag="2024-12-27T03:39:51" DepthTag="3.020">1.752 17.748 37.433 0.000 47.891 17.748 </Samples>
		<Samples TimeTag="2024-12-27T03:39:53" DepthTag="3.121">2.357 17.855 37.822 0.000 43.542 17.855 </Samples>
		<Samples TimeTag="2024-12-27T03:39:56" DepthTag="3.225">2.439 17.947 40.398 0.000 40.684 17.947 </Samples>
		<Samples TimeTag="2024-12-27T03:39:59" DepthTag="3.327">1.902 17.932 40.900 0.000 46.474 17.932 </Samples>
		<Samples TimeTag="2024-12-27T03:40:02" DepthTag="3.430">2.022 17.932 40.182 0.000 45.570 17.932 </Samples>
		<Samples TimeTag="2024-12-27T03:40:42" DepthTag="3.543">0.542 4.192 32.712 0.000 37.453 4.192 </Samples>
		<Samples TimeTag="2024-12-27T03:40:55" DepthTag="3.647">0.480 11.949 45.672 0.000 60.768 11.949 </Samples>
		<Samples TimeTag="2024-12-27T03:41:02" DepthTag="3.749">0.910 15.973 44.653 0.000 54.150 15.973 </Samples>
		<Samples TimeTag="2024-12-27T03:41:05" DepthTag="3.853">1.808 16.601 43.968 0.000 48.174 16.601 </Samples>
		<Samples TimeTag="2024-12-27T03:41:08" DepthTag="3.954">2.032 16.983 44.777 0.000 38.447 16.983 </Samples>
		<Samples TimeTag="2024-12-27T03:41:11" DepthTag="4.056">2.192 17.350 44.679 0.000 39.700 17.350 </Samples>
		<Samples TimeTag="2024-12-27T03:41:16" DepthTag="4.164">1.243 17.442 44.487 0.000 53.037 17.442 </Samples>
		<Samples TimeTag="2024-12-27T03:41:19" DepthTag="4.269">2.233 17.610 44.710 0.000 45.428 17.610 </Samples>
		<Samples TimeTag="2024-12-27T03:41:23" DepthTag="4.369">1.442 17.855 44.976 0.000 65.821 17.855 </Samples>
		<Samples TimeTag="2024-12-27T03:41:28" DepthTag="4.472">1.181 17.947 44.082 0.000 55.775 17.947 </Samples>
		<Samples TimeTag="2024-12-27T03:41:32" DepthTag="4.578">1.583 18.100 44.004 0.000 54.973 18.100 </Samples>
		<Samples TimeTag="2024-12-27T03:41:35" DepthTag="4.687">2.041 18.192 45.241 0.000 55.419 18.192 </Samples>
		<Samples TimeTag="2024-12-27T03:41:38" DepthTag="4.787">2.205 18.238 45.273 0.000 52.912 18.238 </Samples>
		<Samples TimeTag="2024-12-27T03:41:42" DepthTag="4.893">1.840 18.238 45.033 0.000 54.593 18.238 </Samples>
		<Samples TimeTag="2024-12-27T03:41:44" DepthTag="4.994">2.174 18.146 45.001 0.000 52.160 18.146 </Samples>
		<Samples TimeTag="2024-12-27T03:41:49" DepthTag="5.096">1.454 18.039 45.029 0.000 53.416 18.039 </Samples>
		<Samples TimeTag="2024-12-27T03:41:52" DepthTag="5.203">2.008 18.054 43.785 0.000 44.514 18.054 </Samples>
		<Samples TimeTag="2024-12-27T03:41:55" DepthTag="5.304">1.804 18.023 44.935 0.000 48.027 18.023 </Samples>
		<Samples TimeTag="2024-12-27T03:41:59" DepthTag="5.405">1.509 18.023 45.821 0.000 54.868 18.023 </Samples>
		<Samples TimeTag="2024-12-27T03:42:04" DepthTag="5.506">1.306 18.023 44.377 0.000 51.463 18.023 </Samples>
		<Samples TimeTag="2024-12-27T03:42:07" DepthTag="5.610">1.979 18.253 44.668 0.000 48.759 18.253 </Samples>
		<Samples TimeTag="2024-12-27T03:42:14" DepthTag="5.711">0.842 17.733 45.657 0.000 58.458 17.733 </Samples>
		<Samples TimeTag="2024-12-27T03:42:18" DepthTag="5.811">1.498 17.840 43.926 0.000 51.437 17.840 </Samples>
		<Samples TimeTag="2024-12-27T03:42:22" DepthTag="5.912">1.460 18.023 45.216 0.000 57.652 18.023 </Samples>
		<Samples TimeTag="2024-12-27T03:42:26" DepthTag="6.016">1.809 18.161 45.116 0.000 53.042 18.161 </Samples>
		<Samples TimeTag="2024-12-27T03:42:30" DepthTag="6.120">1.555 18.069 45.869 0.000 43.985 18.069 </Samples>
		<Samples TimeTag="2024-12-27T03:42:33" DepthTag="6.226">2.132 18.100 45.170 0.000 37.118 18.100 </Samples>
		<Samples TimeTag="2024-12-27T03:42:35" DepthTag="6.326">2.675 18.314 44.614 0.000 41.253 18.314 </Samples>
		<Samples TimeTag="2024-12-27T03:42:39" DepthTag="6.430">1.557 18.161 45.339 0.000 58.430 18.161 </Samples>
		<Samples TimeTag="2024-12-27T03:42:44" DepthTag="6.531">1.218 18.131 44.986 0.000 58.892 18.131 </Samples>
		<Samples TimeTag="2024-12-27T03:42:48" DepthTag="6.635">1.496 18.161 45.718 0.000 56.283 18.161 </Samples>
		<Samples TimeTag="2024-12-27T03:42:53" DepthTag="6.735">1.192 18.391 44.231 0.000 61.090 18.391 </Samples>
		<Samples TimeTag="2024-12-27T03:42:59" DepthTag="6.836">1.095 18.482 43.940 0.000 60.480 18.482 </Samples>
		<Samples TimeTag="2024-12-27T03:43:03" DepthTag="6.936">1.499 18.528 43.517 0.000 54.576 18.528 </Samples>
		<Samples TimeTag="2024-12-27T03:43:05" DepthTag="7.043">2.417 18.620 44.256 0.000 42.683 18.620 </Samples>
		<Samples TimeTag="2024-12-27T03:43:08" DepthTag="7.144">2.043 18.666 45.239 0.000 42.013 18.666 </Samples>
		<Samples TimeTag="2024-12-27T03:43:11" DepthTag="7.244">2.496 18.666 44.566 0.000 50.734 18.666 </Samples>
		<Samples TimeTag="2024-12-27T03:43:13" DepthTag="7.344">2.993 18.681 44.725 0.000 41.753 18.681 </Samples>
		<Samples TimeTag="2024-12-27T03:43:15" DepthTag="7.455">3.079 19.201 44.806 0.000 31.039 19.201 </Samples>
		<Samples TimeTag="2024-12-27T03:43:17" DepthTag="7.562">2.853 19.569 40.959 0.000 33.468 19.569 </Samples>
		<Samples TimeTag="2024-12-27T03:43:20" DepthTag="7.672">2.339 19.324 39.173 0.000 38.478 19.324 </Samples>
	</CompactMWDdata>
	<IR:GenTrailer>
		<IR:FileCloseDate>2024-12-27T03:45:44</IR:FileCloseDate>
		<IR:ChkSum>1613178506</IR:ChkSum>
	</IR:GenTrailer>
</DRMWD>
