<?xml version="1.0" encoding="UTF-8"?>
<!-- Generated by the RCS System Epiroc Rock Drills AB -->
<DRMWD xmlns="http://www.iredes.org/xml/DrillRig" xmlns:IR="http://www.iredes.org/xml" xmlns:xsi="http://www.w3.org/2001/XMLSchema-instance" xsi:schemaLocation="http://www.iredes.org/xml/DrillRig C:\Iredes\IR_V1.2.3\xml\DR-DrillRig_V1.2\DrillRig.xsd" IRVersion="V 1.2AC" IRDownwCompat="V 1.2AC" DRMWDDownwCompat="V 1.2AC" DRMWDVersion="V 1.2AC">
	<IR:GenHead>
		<IR:FileCreateDate>2024-12-26T01:56:42</IR:FileCreateDate>
		<IR:IRversion DownwCompat="V 1.0">V 1.2AC</IR:IRversion>
		<IR:EquipmentInfo>
			<IR:EqpManufact>Epiroc</IR:EqpManufact>
			<IR:EqpType>SmartROC D65</IR:EqpType>
			<IR:EqpSerNo>8992013064</IR:EqpSerNo>
			<IR:EqpSysVer>6.28.1</IR:EqpSysVer>
			<IR:EqpInfo>DrillingMethod: DTH</IR:EqpInfo>
		</IR:EquipmentInfo>
	</IR:GenHead>
	<IR:ReportId>MWDRI260156</IR:ReportId>
	<IR:StartLogTime>2024-12-26T01:47:35</IR:StartLogTime>
	<IR:EndLogTime>2024-12-26T01:54:47</IR:EndLogTime>
	<IR:PlanIdRef>FRD03_11_0632_002_All</IR:PlanIdRef>
	<IR:PlanNameRef>FRD03_11_0632_002_All</IR:PlanNameRef>
	<MWDholeId>A8</MWDholeId>
	<QualityReportIdRef>DQRI252345</QualityReportIdRef>
	<SampleDistance>0.100</SampleDistance>
	<CompactMWDdata>
		<MWDparams>
			<Parameter Unit="m/min" Full="PenetrRate">PR</Parameter>
			<Parameter Unit="Bar" Full="PercPressure">PP</Parameter>
			<Parameter Unit="Bar" Full="FeedPressure">FP</Parameter>
			<Parameter Unit="Bar" Full="DampPressure">DP</Parameter>
			<Parameter Unit="Bar" Full="RotPressure">RP</Parameter>
			<Parameter Unit="Bar" Full="FlushPressure">FLP</Parameter>
		</MWDparams>
		<Samples TimeTag="2024-12-26T01:47:35" DepthTag="0.103">0.878 14.351 44.392 0.000 20.677 14.351 </Samples>
		<Samples TimeTag="2024-12-26T01:47:42" DepthTag="0.206">0.808 14.994 37.806 0.000 52.459 14.994 </Samples>
		<Samples TimeTag="2024-12-26T01:47:49" DepthTag="0.321">0.992 5.891 26.008 0.000 35.231 5.891 </Samples>
		<Samples TimeTag="2024-12-26T01:47:53" DepthTag="0.422">1.608 10.771 43.436 0.000 56.180 10.771 </Samples>
		<Samples TimeTag="2024-12-26T01:48:19" DepthTag="0.531">0.691 11.261 41.458 0.000 51.031 11.261 </Samples>
		<Samples TimeTag="2024-12-26T01:48:26" DepthTag="0.634">0.964 14.872 40.822 0.000 42.783 14.872 </Samples>
		<Samples TimeTag="2024-12-26T01:48:31" DepthTag="0.735">1.080 15.208 40.032 0.000 42.043 15.208 </Samples>
		<Samples TimeTag="2024-12-26T01:48:37" DepthTag="0.836">1.174 15.269 39.220 0.000 42.900 15.269 </Samples>
		<Samples TimeTag="2024-12-26T01:48:42" DepthTag="0.937">1.079 15.162 40.263 0.000 57.360 15.162 </Samples>
		<Samples TimeTag="2024-12-26T01:49:18" DepthTag="1.038">0.548 14.015 41.399 0.000 52.700 14.015 </Samples>
		<Samples TimeTag="2024-12-26T01:49:24" DepthTag="1.140">1.090 14.703 41.720 0.000 48.052 14.703 </Samples>
		<Samples TimeTag="2024-12-26T01:49:29" DepthTag="1.242">1.041 14.902 39.675 0.000 48.728 14.902 </Samples>
		<Samples TimeTag="2024-12-26T01:49:34" DepthTag="1.345">1.242 15.040 40.591 0.000 52.219 15.040 </Samples>
		<Samples TimeTag="2024-12-26T01:49:41" DepthTag="1.447">0.955 14.979 39.964 0.000 46.843 14.979 </Samples>
		<Samples TimeTag="2024-12-26T01:50:19" DepthTag="1.552">0.732 11.429 41.407 0.000 51.941 11.429 </Samples>
		<Samples TimeTag="2024-12-26T01:50:23" DepthTag="1.653">1.605 15.132 41.447 0.000 50.060 15.132 </Samples>
		<Samples TimeTag="2024-12-26T01:50:27" DepthTag="1.762">1.637 16.417 38.074 0.000 51.271 16.417 </Samples>
		<Samples TimeTag="2024-12-26T01:50:30" DepthTag="1.863">2.165 16.952 38.690 0.000 36.587 16.952 </Samples>
		<Samples TimeTag="2024-12-26T01:50:32" DepthTag="1.969">2.647 17.320 39.023 0.000 35.644 17.320 </Samples>
		<Samples TimeTag="2024-12-26T01:50:35" DepthTag="2.072">1.909 17.564 40.365 0.000 44.013 17.564 </Samples>
		<Samples TimeTag="2024-12-26T01:50:39" DepthTag="2.175">1.938 17.687 41.296 0.000 42.660 17.687 </Samples>
		<Samples TimeTag="2024-12-26T01:50:44" DepthTag="2.278">1.065 17.733 40.730 0.000 50.173 17.733 </Samples>
		<Samples TimeTag="2024-12-26T01:50:54" DepthTag="2.378">0.640 17.350 38.239 0.000 45.979 17.350 </Samples>
		<Samples TimeTag="2024-12-26T01:51:01" DepthTag="2.478">0.884 17.457 40.957 0.000 42.546 17.457 </Samples>
		<Samples TimeTag="2024-12-26T01:51:44" DepthTag="2.579">0.309 14.198 42.150 0.000 52.638 14.198 </Samples>
		<Samples TimeTag="2024-12-26T01:51:50" DepthTag="2.681">1.056 16.371 39.437 0.000 51.932 16.371 </Samples>
		<Samples TimeTag="2024-12-26T01:51:56" DepthTag="2.782">1.014 17.228 40.491 0.000 48.048 17.228 </Samples>
		<Samples TimeTag="2024-12-26T01:52:02" DepthTag="2.884">0.972 17.503 39.694 0.000 47.304 17.503 </Samples>
		<Samples TimeTag="2024-12-26T01:52:07" DepthTag="2.989">1.181 17.717 39.867 0.000 51.807 17.717 </Samples>
		<Samples TimeTag="2024-12-26T01:52:13" DepthTag="3.091">1.170 17.748 39.500 0.000 47.377 17.748 </Samples>
		<Samples TimeTag="2024-12-26T01:52:17" DepthTag="3.192">1.520 17.840 38.329 0.000 48.485 17.840 </Samples>
		<Samples TimeTag="2024-12-26T01:52:23" DepthTag="3.296">0.970 17.748 40.663 0.000 45.840 17.748 </Samples>
		<Samples TimeTag="2024-12-26T01:52:30" DepthTag="3.396">0.841 17.641 40.174 0.000 50.739 17.641 </Samples>
		<Samples TimeTag="2024-12-26T01:52:34" DepthTag="3.498">1.523 17.671 39.454 0.000 50.178 17.671 </Samples>
		<Samples TimeTag="2024-12-26T01:53:08" DepthTag="3.601">0.898 8.369 41.631 0.000 55.653 8.369 </Samples>
		<Samples TimeTag="2024-12-26T01:53:13" DepthTag="3.706">1.169 16.371 52.657 0.000 51.711 16.371 </Samples>
		<Samples TimeTag="2024-12-26T01:53:17" DepthTag="3.809">1.637 17.932 53.355 0.000 52.539 17.932 </Samples>
		<Samples TimeTag="2024-12-26T01:53:19" DepthTag="3.914">2.391 18.712 53.697 0.000 53.422 18.712 </Samples>
		<Samples TimeTag="2024-12-26T01:53:23" DepthTag="4.020">1.681 19.339 53.633 0.000 56.509 19.339 </Samples>
		<Samples TimeTag="2024-12-26T01:53:26" DepthTag="4.125">2.235 19.691 53.714 0.000 52.838 19.691 </Samples>
		<Samples TimeTag="2024-12-26T01:53:29" DepthTag="4.231">1.986 19.966 54.477 0.000 55.968 19.966 </Samples>
		<Samples TimeTag="2024-12-26T01:53:32" DepthTag="4.332">2.512 20.196 53.223 0.000 56.962 20.196 </Samples>
		<Samples TimeTag="2024-12-26T01:53:35" DepthTag="4.434">2.067 20.303 54.043 0.000 53.107 20.303 </Samples>
		<Samples TimeTag="2024-12-26T01:53:38" DepthTag="4.535">2.003 20.410 54.294 0.000 54.534 20.410 </Samples>
		<Samples TimeTag="2024-12-26T01:53:40" DepthTag="4.642">2.270 20.533 52.723 0.000 52.930 20.533 </Samples>
		<Samples TimeTag="2024-12-26T01:53:43" DepthTag="4.746">2.294 20.517 53.508 0.000 58.768 20.517 </Samples>
		<Samples TimeTag="2024-12-26T01:53:46" DepthTag="4.848">2.177 20.487 54.562 0.000 48.527 20.487 </Samples>
		<Samples TimeTag="2024-12-26T01:53:49" DepthTag="4.953">2.393 20.487 53.337 0.000 46.205 20.487 </Samples>
		<Samples TimeTag="2024-12-26T01:53:51" DepthTag="5.064">2.768 20.487 53.840 0.000 40.869 20.487 </Samples>
		<Samples TimeTag="2024-12-26T01:53:53" DepthTag="5.166">3.036 20.502 53.668 0.000 39.817 20.502 </Samples>
		<Samples TimeTag="2024-12-26T01:53:55" DepthTag="5.266">3.010 20.426 52.173 0.000 38.486 20.426 </Samples>
		<Samples TimeTag="2024-12-26T01:53:57" DepthTag="5.373">3.612 20.318 54.321 0.000 46.597 20.318 </Samples>
		<Samples TimeTag="2024-12-26T01:53:59" DepthTag="5.474">3.047 20.349 54.498 0.000 48.673 20.349 </Samples>
		<Samples TimeTag="2024-12-26T01:54:01" DepthTag="5.579">3.138 20.334 55.288 0.000 49.415 20.334 </Samples>
		<Samples TimeTag="2024-12-26T01:54:04" DepthTag="5.682">2.192 20.441 52.757 0.000 52.097 20.441 </Samples>
		<Samples TimeTag="2024-12-26T01:54:06" DepthTag="5.789">2.980 20.487 53.062 0.000 49.521 20.487 </Samples>
		<Samples TimeTag="2024-12-26T01:54:09" DepthTag="5.891">1.999 20.579 53.764 0.000 48.575 20.579 </Samples>
		<Samples TimeTag="2024-12-26T01:54:13" DepthTag="5.996">1.453 20.303 53.510 0.000 49.873 20.303 </Samples>
		<Samples TimeTag="2024-12-26T01:54:16" DepthTag="6.100">1.943 20.349 52.801 0.000 49.852 20.349 </Samples>
		<Samples TimeTag="2024-12-26T01:54:19" DepthTag="6.209">2.337 20.349 53.493 0.000 46.549 20.349 </Samples>
		<Samples TimeTag="2024-12-26T01:54:22" DepthTag="6.310">2.298 20.349 53.856 0.000 47.906 20.349 </Samples>
		<Samples TimeTag="2024-12-26T01:54:25" DepthTag="6.418">2.019 20.380 54.574 0.000 53.287 20.380 </Samples>
		<Samples TimeTag="2024-12-26T01:54:29" DepthTag="6.519">1.601 20.135 53.932 0.000 50.341 20.135 </Samples>
		<Samples TimeTag="2024-12-26T01:54:31" DepthTag="6.624">2.897 20.257 52.598 0.000 49.389 20.257 </Samples>
		<Samples TimeTag="2024-12-26T01:54:33" DepthTag="6.726">2.734 20.211 53.451 0.000 48.823 20.211 </Samples>
		<Samples TimeTag="2024-12-26T01:54:36" DepthTag="6.832">2.480 20.318 53.994 0.000 54.519 20.318 </Samples>
		<Samples TimeTag="2024-12-26T01:54:38" DepthTag="6.932">2.268 20.410 54.204 0.000 47.678 20.410 </Samples>
		<Samples TimeTag="2024-12-26T01:54:41" DepthTag="7.039">2.291 20.441 53.364 0.000 49.185 20.441 </Samples>
		<Samples TimeTag="2024-12-26T01:54:44" DepthTag="7.149">2.346 20.074 41.676 0.000 42.289 20.074 </Samples>
		<Samples TimeTag="2024-12-26T01:54:47" DepthTag="7.252">2.428 19.263 41.861 0.000 44.453 19.263 </Samples>
	</CompactMWDdata>
	<IR:GenTrailer>
		<IR:FileCloseDate>2024-12-26T01:56:42</IR:FileCloseDate>
		<IR:ChkSum>3311769459</IR:ChkSum>
	</IR:GenTrailer>
</DRMWD>
