<?xml version="1.0" encoding="UTF-8"?>
<!-- Generated by the RCS System Epiroc Rock Drills AB -->
<DRMWD xmlns="http://www.iredes.org/xml/DrillRig" xmlns:IR="http://www.iredes.org/xml" xmlns:xsi="http://www.w3.org/2001/XMLSchema-instance" xsi:schemaLocation="http://www.iredes.org/xml/DrillRig C:\Iredes\IR_V1.2.3\xml\DR-DrillRig_V1.2\DrillRig.xsd" IRVersion="V 1.2AC" IRDownwCompat="V 1.2AC" DRMWDDownwCompat="V 1.2AC" DRMWDVersion="V 1.2AC">
	<IR:GenHead>
		<IR:FileCreateDate>2024-12-25T10:57:52</IR:FileCreateDate>
		<IR:IRversion DownwCompat="V 1.0">V 1.2AC</IR:IRversion>
		<IR:EquipmentInfo>
			<IR:EqpManufact>Epiroc</IR:EqpManufact>
			<IR:EqpType>SmartROC D65</IR:EqpType>
			<IR:EqpSerNo>8992013064</IR:EqpSerNo>
			<IR:EqpSysVer>6.28.1</IR:EqpSysVer>
			<IR:EqpInfo>DrillingMethod: DTH</IR:EqpInfo>
		</IR:EquipmentInfo>
	</IR:GenHead>
	<IR:ReportId>MWDRI251057</IR:ReportId>
	<IR:StartLogTime>2024-12-25T10:48:01</IR:StartLogTime>
	<IR:EndLogTime>2024-12-25T10:55:26</IR:EndLogTime>
	<IR:PlanIdRef>FRD03_11_0632_003_All</IR:PlanIdRef>
	<IR:PlanNameRef>FRD03_11_0632_003_All</IR:PlanNameRef>
	<MWDholeId>B6</MWDholeId>
	<QualityReportIdRef>DQRI250804</QualityReportIdRef>
	<SampleDistance>0.100</SampleDistance>
	<CompactMWDdata>
		<MWDparams>
			<Parameter Unit="m/min" Full="PenetrRate">PR</Parameter>
			<Parameter Unit="Bar" Full="PercPressure">PP</Parameter>
			<Parameter Unit="Bar" Full="FeedPressure">FP</Parameter>
			<Parameter Unit="Bar" Full="DampPressure">DP</Parameter>
			<Parameter Unit="Bar" Full="RotPressure">RP</Parameter>
			<Parameter Unit="Bar" Full="FlushPressure">FLP</Parameter>
		</MWDparams>
		<Samples TimeTag="2024-12-25T10:48:01" DepthTag="0.105">1.029 13.984 42.021 0.000 20.972 13.984 </Samples>
		<Samples TimeTag="2024-12-25T10:48:04" DepthTag="0.211">2.140 14.566 42.760 0.000 20.972 14.566 </Samples>
		<Samples TimeTag="2024-12-25T10:48:09" DepthTag="0.319">1.241 14.918 38.401 0.000 43.882 14.918 </Samples>
		<Samples TimeTag="2024-12-25T10:48:13" DepthTag="0.424">1.964 14.994 39.362 0.000 43.438 14.994 </Samples>
		<Samples TimeTag="2024-12-25T10:48:15" DepthTag="0.524">2.507 13.739 21.423 0.000 34.254 13.739 </Samples>
		<Samples TimeTag="2024-12-25T10:48:33" DepthTag="0.624">1.089 4.468 47.145 0.000 41.257 4.468 </Samples>
		<Samples TimeTag="2024-12-25T10:48:37" DepthTag="0.725">1.414 9.517 42.079 0.000 44.800 9.517 </Samples>
		<Samples TimeTag="2024-12-25T10:48:42" DepthTag="0.826">1.291 13.433 42.693 0.000 42.918 13.433 </Samples>
		<Samples TimeTag="2024-12-25T10:48:46" DepthTag="0.927">1.363 14.550 39.271 0.000 51.799 14.550 </Samples>
		<Samples TimeTag="2024-12-25T10:49:13" DepthTag="1.030">0.671 5.936 46.551 0.000 56.950 5.936 </Samples>
		<Samples TimeTag="2024-12-25T10:49:20" DepthTag="1.131">0.795 13.540 39.839 0.000 56.957 13.540 </Samples>
		<Samples TimeTag="2024-12-25T10:49:25" DepthTag="1.238">1.506 14.504 38.753 0.000 51.040 14.504 </Samples>
		<Samples TimeTag="2024-12-25T10:49:29" DepthTag="1.338">1.540 14.810 40.318 0.000 49.666 14.810 </Samples>
		<Samples TimeTag="2024-12-25T10:49:33" DepthTag="1.441">1.450 15.009 39.788 0.000 50.364 15.009 </Samples>
		<Samples TimeTag="2024-12-25T10:50:03" DepthTag="1.560">0.919 5.080 30.138 0.000 32.797 5.080 </Samples>
		<Samples TimeTag="2024-12-25T10:50:08" DepthTag="1.666">1.127 14.627 42.436 0.000 52.255 14.627 </Samples>
		<Samples TimeTag="2024-12-25T10:50:12" DepthTag="1.767">1.551 16.279 40.424 0.000 51.927 16.279 </Samples>
		<Samples TimeTag="2024-12-25T10:50:17" DepthTag="1.868">1.261 17.212 40.315 0.000 48.618 17.212 </Samples>
		<Samples TimeTag="2024-12-25T10:50:21" DepthTag="1.971">1.444 17.687 39.773 0.000 46.341 17.687 </Samples>
		<Samples TimeTag="2024-12-25T10:50:26" DepthTag="2.081">1.584 17.901 39.049 0.000 51.181 17.901 </Samples>
		<Samples TimeTag="2024-12-25T10:50:29" DepthTag="2.184">2.090 18.039 40.116 0.000 49.372 18.039 </Samples>
		<Samples TimeTag="2024-12-25T10:50:33" DepthTag="2.286">1.385 18.192 40.155 0.000 44.678 18.192 </Samples>
		<Samples TimeTag="2024-12-25T10:50:37" DepthTag="2.388">1.440 18.222 39.691 0.000 44.858 18.222 </Samples>
		<Samples TimeTag="2024-12-25T10:50:40" DepthTag="2.491">2.252 18.222 39.356 0.000 41.137 18.222 </Samples>
		<Samples TimeTag="2024-12-25T10:51:10" DepthTag="2.593">0.827 6.747 48.146 0.000 55.830 6.747 </Samples>
		<Samples TimeTag="2024-12-25T10:51:16" DepthTag="2.696">0.998 15.040 41.273 0.000 50.636 15.040 </Samples>
		<Samples TimeTag="2024-12-25T10:51:21" DepthTag="2.798">1.171 16.539 41.853 0.000 44.364 16.539 </Samples>
		<Samples TimeTag="2024-12-25T10:51:28" DepthTag="2.901">0.917 17.335 38.912 0.000 46.666 17.335 </Samples>
		<Samples TimeTag="2024-12-25T10:51:36" DepthTag="3.004">0.808 17.656 40.011 0.000 49.857 17.656 </Samples>
		<Samples TimeTag="2024-12-25T10:51:42" DepthTag="3.105">0.945 17.870 39.598 0.000 46.168 17.870 </Samples>
		<Samples TimeTag="2024-12-25T10:51:47" DepthTag="3.207">1.181 17.825 39.615 0.000 41.795 17.825 </Samples>
		<Samples TimeTag="2024-12-25T10:51:52" DepthTag="3.308">1.250 17.886 38.798 0.000 44.651 17.886 </Samples>
		<Samples TimeTag="2024-12-25T10:51:57" DepthTag="3.409">1.227 17.978 39.670 0.000 46.219 17.978 </Samples>
		<Samples TimeTag="2024-12-25T10:52:39" DepthTag="3.545">0.432 5.034 21.523 0.000 24.847 5.034 </Samples>
		<Samples TimeTag="2024-12-25T10:52:45" DepthTag="3.649">1.009 15.790 41.393 0.000 40.984 15.790 </Samples>
		<Samples TimeTag="2024-12-25T10:52:49" DepthTag="3.753">1.854 17.151 40.225 0.000 43.279 17.151 </Samples>
		<Samples TimeTag="2024-12-25T10:52:52" DepthTag="3.854">2.149 17.855 40.420 0.000 43.865 17.855 </Samples>
		<Samples TimeTag="2024-12-25T10:52:54" DepthTag="3.961">2.873 18.345 38.741 0.000 43.204 18.345 </Samples>
		<Samples TimeTag="2024-12-25T10:53:01" DepthTag="4.063">0.826 18.605 40.107 0.000 44.209 18.605 </Samples>
		<Samples TimeTag="2024-12-25T10:53:06" DepthTag="4.166">1.355 18.941 38.239 0.000 41.053 18.941 </Samples>
		<Samples TimeTag="2024-12-25T10:53:09" DepthTag="4.270">1.738 19.217 37.179 0.000 40.224 19.217 </Samples>
		<Samples TimeTag="2024-12-25T10:53:12" DepthTag="4.375">2.051 19.400 38.271 0.000 36.194 19.400 </Samples>
		<Samples TimeTag="2024-12-25T10:53:19" DepthTag="4.477">0.992 19.400 42.426 0.000 42.842 19.400 </Samples>
		<Samples TimeTag="2024-12-25T10:54:07" DepthTag="4.578">0.330 15.361 53.829 0.000 67.673 15.361 </Samples>
		<Samples TimeTag="2024-12-25T10:54:11" DepthTag="4.681">1.479 17.396 53.127 0.000 44.065 17.396 </Samples>
		<Samples TimeTag="2024-12-25T10:54:14" DepthTag="4.787">2.401 18.329 53.277 0.000 50.471 18.329 </Samples>
		<Samples TimeTag="2024-12-25T10:54:21" DepthTag="4.889">0.783 19.171 54.554 0.000 48.528 19.171 </Samples>
		<Samples TimeTag="2024-12-25T10:54:25" DepthTag="4.989">1.498 19.569 53.340 0.000 49.358 19.569 </Samples>
		<Samples TimeTag="2024-12-25T10:54:31" DepthTag="5.094">1.123 19.645 53.029 0.000 47.974 19.645 </Samples>
		<Samples TimeTag="2024-12-25T10:54:36" DepthTag="5.197">1.294 19.722 54.975 0.000 48.162 19.722 </Samples>
		<Samples TimeTag="2024-12-25T10:54:40" DepthTag="5.305">1.715 19.951 52.279 0.000 44.620 19.951 </Samples>
		<Samples TimeTag="2024-12-25T10:54:43" DepthTag="5.405">1.785 20.119 54.258 0.000 47.318 20.119 </Samples>
		<Samples TimeTag="2024-12-25T10:54:47" DepthTag="5.507">1.689 20.150 52.833 0.000 48.706 20.150 </Samples>
		<Samples TimeTag="2024-12-25T10:54:49" DepthTag="5.608">2.505 20.288 53.089 0.000 42.237 20.288 </Samples>
		<Samples TimeTag="2024-12-25T10:54:51" DepthTag="5.716">2.902 20.395 54.011 0.000 49.437 20.395 </Samples>
		<Samples TimeTag="2024-12-25T10:54:53" DepthTag="5.822">2.932 20.456 53.834 0.000 46.532 20.456 </Samples>
		<Samples TimeTag="2024-12-25T10:54:56" DepthTag="5.925">2.852 20.487 53.737 0.000 41.830 20.487 </Samples>
		<Samples TimeTag="2024-12-25T10:54:58" DepthTag="6.030">2.611 20.624 54.598 0.000 54.626 20.624 </Samples>
		<Samples TimeTag="2024-12-25T10:55:01" DepthTag="6.132">1.788 20.777 54.456 0.000 60.091 20.777 </Samples>
		<Samples TimeTag="2024-12-25T10:55:05" DepthTag="6.235">1.834 20.869 53.901 0.000 51.430 20.869 </Samples>
		<Samples TimeTag="2024-12-25T10:55:08" DepthTag="6.342">2.288 20.823 53.193 0.000 48.169 20.823 </Samples>
		<Samples TimeTag="2024-12-25T10:55:10" DepthTag="6.445">2.740 20.885 53.425 0.000 41.936 20.885 </Samples>
		<Samples TimeTag="2024-12-25T10:55:12" DepthTag="6.545">2.588 20.946 53.001 0.000 38.830 20.946 </Samples>
		<Samples TimeTag="2024-12-25T10:55:15" DepthTag="6.652">2.670 20.930 53.828 0.000 36.535 20.930 </Samples>
		<Samples TimeTag="2024-12-25T10:55:16" DepthTag="6.752">3.236 21.129 53.195 0.000 37.436 21.129 </Samples>
		<Samples TimeTag="2024-12-25T10:55:19" DepthTag="6.858">2.152 21.160 54.764 0.000 50.320 21.160 </Samples>
		<Samples TimeTag="2024-12-25T10:55:23" DepthTag="6.961">1.533 20.410 42.709 0.000 43.015 20.410 </Samples>
		<Samples TimeTag="2024-12-25T10:55:26" DepthTag="7.064">2.198 19.737 38.392 0.000 43.836 19.737 </Samples>
	</CompactMWDdata>
	<IR:GenTrailer>
		<IR:FileCloseDate>2024-12-25T10:57:52</IR:FileCloseDate>
		<IR:ChkSum>1942055836</IR:ChkSum>
	</IR:GenTrailer>
</DRMWD>
