<?xml version="1.0" encoding="UTF-8"?>
<!-- Generated by the RCS System Epiroc Rock Drills AB -->
<DRMWD xmlns="http://www.iredes.org/xml/DrillRig" xmlns:IR="http://www.iredes.org/xml" xmlns:xsi="http://www.w3.org/2001/XMLSchema-instance" xsi:schemaLocation="http://www.iredes.org/xml/DrillRig C:\Iredes\IR_V1.2.3\xml\DR-DrillRig_V1.2\DrillRig.xsd" IRVersion="V 1.2AC" IRDownwCompat="V 1.2AC" DRMWDDownwCompat="V 1.2AC" DRMWDVersion="V 1.2AC">
	<IR:GenHead>
		<IR:FileCreateDate>2024-12-25T18:27:29</IR:FileCreateDate>
		<IR:IRversion DownwCompat="V 1.0">V 1.2AC</IR:IRversion>
		<IR:EquipmentInfo>
			<IR:EqpManufact>Epiroc</IR:EqpManufact>
			<IR:EqpType>SmartROC D65</IR:EqpType>
			<IR:EqpSerNo>8992013064</IR:EqpSerNo>
			<IR:EqpSysVer>6.28.1</IR:EqpSysVer>
			<IR:EqpInfo>DrillingMethod: DTH</IR:EqpInfo>
		</IR:EquipmentInfo>
	</IR:GenHead>
	<IR:ReportId>MWDRI251827</IR:ReportId>
	<IR:StartLogTime>2024-12-25T18:19:21</IR:StartLogTime>
	<IR:EndLogTime>2024-12-25T18:25:54</IR:EndLogTime>
	<IR:PlanIdRef>FRD03_11_0632_003_All</IR:PlanIdRef>
	<IR:PlanNameRef>FRD03_11_0632_003_All</IR:PlanNameRef>
	<MWDholeId>B16</MWDholeId>
	<QualityReportIdRef>DQRI250804</QualityReportIdRef>
	<SampleDistance>0.100</SampleDistance>
	<CompactMWDdata>
		<MWDparams>
			<Parameter Unit="m/min" Full="PenetrRate">PR</Parameter>
			<Parameter Unit="Bar" Full="PercPressure">PP</Parameter>
			<Parameter Unit="Bar" Full="FeedPressure">FP</Parameter>
			<Parameter Unit="Bar" Full="DampPressure">DP</Parameter>
			<Parameter Unit="Bar" Full="RotPressure">RP</Parameter>
			<Parameter Unit="Bar" Full="FlushPressure">FLP</Parameter>
		</MWDparams>
		<Samples TimeTag="2024-12-25T18:19:21" DepthTag="0.102">1.495 14.153 45.581 0.000 20.972 14.153 </Samples>
		<Samples TimeTag="2024-12-25T18:19:27" DepthTag="0.202">0.881 14.780 41.340 0.000 20.972 14.780 </Samples>
		<Samples TimeTag="2024-12-25T18:19:32" DepthTag="0.307">1.432 14.918 40.269 0.000 53.267 14.918 </Samples>
		<Samples TimeTag="2024-12-25T18:19:37" DepthTag="0.408">1.277 15.009 40.617 0.000 52.833 15.009 </Samples>
		<Samples TimeTag="2024-12-25T18:19:43" DepthTag="0.510">1.021 15.086 39.874 0.000 51.497 15.086 </Samples>
		<Samples TimeTag="2024-12-25T18:20:08" DepthTag="0.614">0.802 13.020 41.429 0.000 52.358 13.020 </Samples>
		<Samples TimeTag="2024-12-25T18:20:11" DepthTag="0.719">1.736 14.183 40.692 0.000 49.221 14.183 </Samples>
		<Samples TimeTag="2024-12-25T18:20:15" DepthTag="0.820">1.585 14.611 39.780 0.000 47.560 14.611 </Samples>
		<Samples TimeTag="2024-12-25T18:20:21" DepthTag="0.922">1.083 14.856 39.774 0.000 46.876 14.856 </Samples>
		<Samples TimeTag="2024-12-25T18:20:27" DepthTag="1.023">0.927 14.933 40.405 0.000 48.752 14.933 </Samples>
		<Samples TimeTag="2024-12-25T18:21:01" DepthTag="1.124">0.557 14.015 40.766 0.000 55.737 14.015 </Samples>
		<Samples TimeTag="2024-12-25T18:21:05" DepthTag="1.227">1.480 14.550 39.798 0.000 45.887 14.550 </Samples>
		<Samples TimeTag="2024-12-25T18:21:10" DepthTag="1.327">1.255 14.642 41.206 0.000 50.943 14.642 </Samples>
		<Samples TimeTag="2024-12-25T18:21:14" DepthTag="1.430">1.485 14.734 38.583 0.000 40.001 14.734 </Samples>
		<Samples TimeTag="2024-12-25T18:21:18" DepthTag="1.536">1.639 14.764 40.985 0.000 43.854 14.764 </Samples>
		<Samples TimeTag="2024-12-25T18:21:56" DepthTag="1.636">0.520 16.616 41.515 0.000 47.671 16.616 </Samples>
		<Samples TimeTag="2024-12-25T18:22:03" DepthTag="1.738">0.843 17.243 39.960 0.000 46.825 17.243 </Samples>
		<Samples TimeTag="2024-12-25T18:22:07" DepthTag="1.841">1.544 17.595 39.418 0.000 42.998 17.595 </Samples>
		<Samples TimeTag="2024-12-25T18:22:11" DepthTag="1.945">1.732 17.687 39.603 0.000 43.479 17.687 </Samples>
		<Samples TimeTag="2024-12-25T18:22:14" DepthTag="2.045">1.923 17.825 39.412 0.000 41.403 17.825 </Samples>
		<Samples TimeTag="2024-12-25T18:22:21" DepthTag="2.147">0.948 17.580 41.177 0.000 47.236 17.580 </Samples>
		<Samples TimeTag="2024-12-25T18:22:26" DepthTag="2.247">1.103 17.564 40.773 0.000 44.039 17.564 </Samples>
		<Samples TimeTag="2024-12-25T18:22:32" DepthTag="2.353">1.029 17.442 39.894 0.000 44.357 17.442 </Samples>
		<Samples TimeTag="2024-12-25T18:22:36" DepthTag="2.454">1.602 17.641 38.304 0.000 46.786 17.641 </Samples>
		<Samples TimeTag="2024-12-25T18:22:39" DepthTag="2.561">1.874 16.876 32.734 0.000 36.992 16.876 </Samples>
		<Samples TimeTag="2024-12-25T18:23:12" DepthTag="2.662">0.645 11.506 45.118 0.000 50.184 11.506 </Samples>
		<Samples TimeTag="2024-12-25T18:23:18" DepthTag="2.764">1.051 15.698 40.691 0.000 50.936 15.698 </Samples>
		<Samples TimeTag="2024-12-25T18:23:22" DepthTag="2.868">1.735 16.601 39.838 0.000 41.684 16.601 </Samples>
		<Samples TimeTag="2024-12-25T18:23:24" DepthTag="2.972">2.230 17.029 39.857 0.000 41.186 17.029 </Samples>
		<Samples TimeTag="2024-12-25T18:23:28" DepthTag="3.076">1.645 17.304 38.733 0.000 42.830 17.304 </Samples>
		<Samples TimeTag="2024-12-25T18:23:31" DepthTag="3.179">2.420 17.518 38.509 0.000 36.343 17.518 </Samples>
		<Samples TimeTag="2024-12-25T18:23:34" DepthTag="3.283">2.204 17.733 41.180 0.000 45.237 17.733 </Samples>
		<Samples TimeTag="2024-12-25T18:23:40" DepthTag="3.383">0.975 17.886 39.883 0.000 51.320 17.886 </Samples>
		<Samples TimeTag="2024-12-25T18:23:44" DepthTag="3.486">1.449 17.870 40.240 0.000 46.895 17.870 </Samples>
		<Samples TimeTag="2024-12-25T18:24:21" DepthTag="3.626">0.843 5.095 24.900 0.000 28.564 5.095 </Samples>
		<Samples TimeTag="2024-12-25T18:24:26" DepthTag="3.730">1.204 15.361 52.825 0.000 42.755 15.361 </Samples>
		<Samples TimeTag="2024-12-25T18:24:29" DepthTag="3.831">2.031 17.090 52.900 0.000 42.341 17.090 </Samples>
		<Samples TimeTag="2024-12-25T18:24:32" DepthTag="3.933">1.781 18.544 53.844 0.000 44.134 18.544 </Samples>
		<Samples TimeTag="2024-12-25T18:24:37" DepthTag="4.033">1.388 19.370 54.092 0.000 59.530 19.370 </Samples>
		<Samples TimeTag="2024-12-25T18:24:40" DepthTag="4.138">1.824 19.813 53.918 0.000 51.091 19.813 </Samples>
		<Samples TimeTag="2024-12-25T18:24:43" DepthTag="4.239">2.352 20.012 53.305 0.000 58.428 20.012 </Samples>
		<Samples TimeTag="2024-12-25T18:24:45" DepthTag="4.347">2.872 20.181 53.358 0.000 47.252 20.181 </Samples>
		<Samples TimeTag="2024-12-25T18:24:48" DepthTag="4.450">1.724 20.273 54.473 0.000 53.031 20.273 </Samples>
		<Samples TimeTag="2024-12-25T18:24:51" DepthTag="4.551">2.591 20.426 53.565 0.000 40.987 20.426 </Samples>
		<Samples TimeTag="2024-12-25T18:24:54" DepthTag="4.655">1.727 20.303 54.213 0.000 50.509 20.303 </Samples>
		<Samples TimeTag="2024-12-25T18:24:57" DepthTag="4.756">2.525 20.426 52.929 0.000 40.128 20.426 </Samples>
		<Samples TimeTag="2024-12-25T18:25:00" DepthTag="4.865">2.329 20.502 53.356 0.000 41.163 20.502 </Samples>
		<Samples TimeTag="2024-12-25T18:25:02" DepthTag="4.969">3.113 20.533 54.197 0.000 37.298 20.533 </Samples>
		<Samples TimeTag="2024-12-25T18:25:04" DepthTag="5.080">2.774 20.548 54.102 0.000 44.212 20.548 </Samples>
		<Samples TimeTag="2024-12-25T18:25:06" DepthTag="5.186">2.911 20.732 55.987 0.000 38.756 20.732 </Samples>
		<Samples TimeTag="2024-12-25T18:25:09" DepthTag="5.288">2.201 20.732 53.495 0.000 46.651 20.732 </Samples>
		<Samples TimeTag="2024-12-25T18:25:11" DepthTag="5.396">2.678 20.670 54.315 0.000 44.911 20.670 </Samples>
		<Samples TimeTag="2024-12-25T18:25:14" DepthTag="5.508">2.999 20.686 52.790 0.000 42.816 20.686 </Samples>
		<Samples TimeTag="2024-12-25T18:25:15" DepthTag="5.618">3.731 20.670 53.459 0.000 46.404 20.670 </Samples>
		<Samples TimeTag="2024-12-25T18:25:18" DepthTag="5.725">2.662 20.640 53.891 0.000 45.265 20.640 </Samples>
		<Samples TimeTag="2024-12-25T18:25:20" DepthTag="5.830">2.932 20.563 53.048 0.000 36.477 20.563 </Samples>
		<Samples TimeTag="2024-12-25T18:25:22" DepthTag="5.943">2.996 20.548 54.005 0.000 42.970 20.548 </Samples>
		<Samples TimeTag="2024-12-25T18:25:24" DepthTag="6.050">3.209 20.502 53.826 0.000 43.979 20.502 </Samples>
		<Samples TimeTag="2024-12-25T18:25:26" DepthTag="6.150">2.775 20.441 54.253 0.000 46.234 20.441 </Samples>
		<Samples TimeTag="2024-12-25T18:25:28" DepthTag="6.251">3.026 20.426 55.710 0.000 49.474 20.426 </Samples>
		<Samples TimeTag="2024-12-25T18:25:31" DepthTag="6.362">2.354 20.211 53.377 0.000 45.508 20.211 </Samples>
		<Samples TimeTag="2024-12-25T18:25:34" DepthTag="6.465">2.412 20.257 54.150 0.000 48.806 20.257 </Samples>
		<Samples TimeTag="2024-12-25T18:25:36" DepthTag="6.565">2.514 20.242 53.995 0.000 53.356 20.242 </Samples>
		<Samples TimeTag="2024-12-25T18:25:38" DepthTag="6.679">3.041 20.196 53.192 0.000 44.343 20.196 </Samples>
		<Samples TimeTag="2024-12-25T18:25:43" DepthTag="6.780">1.326 19.783 54.634 0.000 47.719 19.783 </Samples>
		<Samples TimeTag="2024-12-25T18:25:46" DepthTag="6.883">1.924 19.798 52.873 0.000 43.578 19.798 </Samples>
		<Samples TimeTag="2024-12-25T18:25:49" DepthTag="6.986">2.401 20.119 52.358 0.000 37.161 20.119 </Samples>
		<Samples TimeTag="2024-12-25T18:25:51" DepthTag="7.087">2.694 19.859 40.550 0.000 34.132 19.859 </Samples>
		<Samples TimeTag="2024-12-25T18:25:54" DepthTag="7.188">2.156 19.079 41.415 0.000 43.539 19.079 </Samples>
	</CompactMWDdata>
	<IR:GenTrailer>
		<IR:FileCloseDate>2024-12-25T18:27:29</IR:FileCloseDate>
		<IR:ChkSum>2030965320</IR:ChkSum>
	</IR:GenTrailer>
</DRMWD>
