<?xml version="1.0" encoding="UTF-8"?>
<!-- Generated by the RCS System Epiroc Rock Drills AB -->
<DRMWD xmlns="http://www.iredes.org/xml/DrillRig" xmlns:IR="http://www.iredes.org/xml" xmlns:xsi="http://www.w3.org/2001/XMLSchema-instance" xsi:schemaLocation="http://www.iredes.org/xml/DrillRig C:\Iredes\IR_V1.2.3\xml\DR-DrillRig_V1.2\DrillRig.xsd" IRVersion="V 1.2AC" IRDownwCompat="V 1.2AC" DRMWDDownwCompat="V 1.2AC" DRMWDVersion="V 1.2AC">
	<IR:GenHead>
		<IR:FileCreateDate>2024-12-25T04:31:25</IR:FileCreateDate>
		<IR:IRversion DownwCompat="V 1.0">V 1.2AC</IR:IRversion>
		<IR:EquipmentInfo>
			<IR:EqpManufact>Epiroc</IR:EqpManufact>
			<IR:EqpType>SmartROC D65</IR:EqpType>
			<IR:EqpSerNo>8992013064</IR:EqpSerNo>
			<IR:EqpSysVer>6.28.1</IR:EqpSysVer>
			<IR:EqpInfo>DrillingMethod: DTH</IR:EqpInfo>
		</IR:EquipmentInfo>
	</IR:GenHead>
	<IR:ReportId>MWDRI250431</IR:ReportId>
	<IR:StartLogTime>2024-12-25T04:22:55</IR:StartLogTime>
	<IR:EndLogTime>2024-12-25T04:28:48</IR:EndLogTime>
	<IR:PlanIdRef>FRD03_11_0626_001_All</IR:PlanIdRef>
	<IR:PlanNameRef>FRD03_11_0626_001_All</IR:PlanNameRef>
	<MWDholeId>A10</MWDholeId>
	<QualityReportIdRef>DQRI241930</QualityReportIdRef>
	<SampleDistance>0.100</SampleDistance>
	<CompactMWDdata>
		<MWDparams>
			<Parameter Unit="m/min" Full="PenetrRate">PR</Parameter>
			<Parameter Unit="Bar" Full="PercPressure">PP</Parameter>
			<Parameter Unit="Bar" Full="FeedPressure">FP</Parameter>
			<Parameter Unit="Bar" Full="DampPressure">DP</Parameter>
			<Parameter Unit="Bar" Full="RotPressure">RP</Parameter>
			<Parameter Unit="Bar" Full="FlushPressure">FLP</Parameter>
		</MWDparams>
		<Samples TimeTag="2024-12-25T04:22:55" DepthTag="0.111">1.043 11.888 37.406 0.000 21.399 11.888 </Samples>
		<Samples TimeTag="2024-12-25T04:22:58" DepthTag="0.212">2.163 14.902 43.759 0.000 21.353 14.902 </Samples>
		<Samples TimeTag="2024-12-25T04:23:00" DepthTag="0.313">2.527 15.881 42.569 0.000 21.396 15.881 </Samples>
		<Samples TimeTag="2024-12-25T04:23:03" DepthTag="0.415">2.052 16.677 40.696 0.000 45.201 16.677 </Samples>
		<Samples TimeTag="2024-12-25T04:23:05" DepthTag="0.519">3.397 15.591 34.465 0.000 58.691 15.591 </Samples>
		<Samples TimeTag="2024-12-25T04:23:22" DepthTag="0.638">1.748 5.477 21.417 0.000 44.932 5.477 </Samples>
		<Samples TimeTag="2024-12-25T04:23:23" DepthTag="0.745">4.455 8.155 43.573 0.000 58.329 8.155 </Samples>
		<Samples TimeTag="2024-12-25T04:23:26" DepthTag="0.848">1.926 13.847 44.211 0.000 65.757 13.847 </Samples>
		<Samples TimeTag="2024-12-25T04:23:31" DepthTag="0.955">1.453 17.304 41.354 0.000 56.900 17.304 </Samples>
		<Samples TimeTag="2024-12-25T04:24:11" DepthTag="1.056">0.753 11.429 45.213 0.000 60.396 11.429 </Samples>
		<Samples TimeTag="2024-12-25T04:24:15" DepthTag="1.158">1.386 15.759 42.600 0.000 61.317 15.759 </Samples>
		<Samples TimeTag="2024-12-25T04:24:19" DepthTag="1.261">1.647 16.952 41.932 0.000 60.683 16.952 </Samples>
		<Samples TimeTag="2024-12-25T04:24:23" DepthTag="1.364">1.321 17.825 39.917 0.000 61.403 17.825 </Samples>
		<Samples TimeTag="2024-12-25T04:24:28" DepthTag="1.469">1.379 18.284 38.879 0.000 58.848 18.284 </Samples>
		<Samples TimeTag="2024-12-25T04:24:59" DepthTag="1.575">0.881 13.357 41.313 0.000 65.688 13.357 </Samples>
		<Samples TimeTag="2024-12-25T04:25:02" DepthTag="1.676">2.232 16.019 41.766 0.000 63.980 16.019 </Samples>
		<Samples TimeTag="2024-12-25T04:25:05" DepthTag="1.784">1.871 17.534 40.742 0.000 63.010 17.534 </Samples>
		<Samples TimeTag="2024-12-25T04:25:09" DepthTag="1.889">1.753 18.437 41.561 0.000 61.327 18.437 </Samples>
		<Samples TimeTag="2024-12-25T04:25:12" DepthTag="1.990">1.793 19.018 40.453 0.000 64.737 19.018 </Samples>
		<Samples TimeTag="2024-12-25T04:25:16" DepthTag="2.091">1.759 19.400 40.412 0.000 64.894 19.400 </Samples>
		<Samples TimeTag="2024-12-25T04:25:19" DepthTag="2.196">1.676 19.676 40.994 0.000 61.392 19.676 </Samples>
		<Samples TimeTag="2024-12-25T04:25:22" DepthTag="2.303">2.162 19.813 36.152 0.000 57.721 19.813 </Samples>
		<Samples TimeTag="2024-12-25T04:25:24" DepthTag="2.409">3.461 19.890 36.899 0.000 51.408 19.890 </Samples>
		<Samples TimeTag="2024-12-25T04:25:26" DepthTag="2.517">3.223 18.911 32.253 0.000 47.674 18.911 </Samples>
		<Samples TimeTag="2024-12-25T04:25:58" DepthTag="2.620">0.736 12.026 45.666 0.000 70.560 12.026 </Samples>
		<Samples TimeTag="2024-12-25T04:26:01" DepthTag="2.723">1.916 15.835 41.563 0.000 59.051 15.835 </Samples>
		<Samples TimeTag="2024-12-25T04:26:05" DepthTag="2.831">1.935 17.396 38.846 0.000 61.437 17.396 </Samples>
		<Samples TimeTag="2024-12-25T04:26:10" DepthTag="2.934">1.287 18.452 39.442 0.000 61.680 18.452 </Samples>
		<Samples TimeTag="2024-12-25T04:26:12" DepthTag="3.035">2.361 18.957 39.834 0.000 54.500 18.957 </Samples>
		<Samples TimeTag="2024-12-25T04:26:16" DepthTag="3.138">1.797 19.416 40.729 0.000 56.557 19.416 </Samples>
		<Samples TimeTag="2024-12-25T04:26:18" DepthTag="3.239">2.359 19.676 39.011 0.000 52.450 19.676 </Samples>
		<Samples TimeTag="2024-12-25T04:26:21" DepthTag="3.339">2.494 19.844 38.585 0.000 51.976 19.844 </Samples>
		<Samples TimeTag="2024-12-25T04:26:25" DepthTag="3.440">1.323 19.921 40.581 0.000 62.784 19.921 </Samples>
		<Samples TimeTag="2024-12-25T04:27:05" DepthTag="3.545">0.450 5.783 32.112 0.000 55.665 5.783 </Samples>
		<Samples TimeTag="2024-12-25T04:27:11" DepthTag="3.650">1.114 16.034 51.554 0.000 59.673 16.034 </Samples>
		<Samples TimeTag="2024-12-25T04:27:15" DepthTag="3.752">1.627 17.916 53.747 0.000 59.313 17.916 </Samples>
		<Samples TimeTag="2024-12-25T04:27:18" DepthTag="3.854">2.077 18.773 52.589 0.000 65.434 18.773 </Samples>
		<Samples TimeTag="2024-12-25T04:27:22" DepthTag="3.960">1.643 19.462 50.777 0.000 69.876 19.462 </Samples>
		<Samples TimeTag="2024-12-25T04:27:26" DepthTag="4.060">1.504 19.890 54.140 0.000 67.568 19.890 </Samples>
		<Samples TimeTag="2024-12-25T04:27:30" DepthTag="4.164">1.543 20.211 53.389 0.000 65.506 20.211 </Samples>
		<Samples TimeTag="2024-12-25T04:27:34" DepthTag="4.264">1.390 20.288 53.288 0.000 64.804 20.288 </Samples>
		<Samples TimeTag="2024-12-25T04:27:37" DepthTag="4.372">2.125 20.380 52.241 0.000 59.157 20.380 </Samples>
		<Samples TimeTag="2024-12-25T04:27:39" DepthTag="4.478">2.662 20.533 54.011 0.000 56.308 20.533 </Samples>
		<Samples TimeTag="2024-12-25T04:27:42" DepthTag="4.582">2.584 20.609 54.000 0.000 64.133 20.609 </Samples>
		<Samples TimeTag="2024-12-25T04:27:45" DepthTag="4.688">2.253 20.609 50.997 0.000 66.488 20.609 </Samples>
		<Samples TimeTag="2024-12-25T04:27:47" DepthTag="4.796">2.998 20.655 54.601 0.000 69.492 20.655 </Samples>
		<Samples TimeTag="2024-12-25T04:27:50" DepthTag="4.899">1.829 20.533 54.537 0.000 62.600 20.533 </Samples>
		<Samples TimeTag="2024-12-25T04:27:53" DepthTag="5.003">1.955 20.640 52.095 0.000 62.421 20.640 </Samples>
		<Samples TimeTag="2024-12-25T04:27:57" DepthTag="5.107">1.804 20.655 52.969 0.000 69.400 20.655 </Samples>
		<Samples TimeTag="2024-12-25T04:28:04" DepthTag="5.208">0.845 20.211 52.401 0.000 67.030 20.211 </Samples>
		<Samples TimeTag="2024-12-25T04:28:09" DepthTag="5.309">1.304 20.303 54.454 0.000 64.269 20.303 </Samples>
		<Samples TimeTag="2024-12-25T04:28:13" DepthTag="5.409">1.319 20.288 53.827 0.000 66.588 20.288 </Samples>
		<Samples TimeTag="2024-12-25T04:28:16" DepthTag="5.511">1.902 20.502 53.652 0.000 59.073 20.502 </Samples>
		<Samples TimeTag="2024-12-25T04:28:19" DepthTag="5.615">2.218 20.624 52.531 0.000 58.953 20.624 </Samples>
		<Samples TimeTag="2024-12-25T04:28:22" DepthTag="5.725">2.746 20.701 54.281 0.000 53.624 20.701 </Samples>
		<Samples TimeTag="2024-12-25T04:28:24" DepthTag="5.827">2.191 20.762 55.139 0.000 65.711 20.762 </Samples>
		<Samples TimeTag="2024-12-25T04:28:28" DepthTag="5.928">1.598 20.686 53.768 0.000 64.174 20.686 </Samples>
		<Samples TimeTag="2024-12-25T04:28:31" DepthTag="6.034">2.099 20.839 52.968 0.000 63.713 20.839 </Samples>
		<Samples TimeTag="2024-12-25T04:28:34" DepthTag="6.134">1.923 20.839 51.873 0.000 66.509 20.839 </Samples>
		<Samples TimeTag="2024-12-25T04:28:39" DepthTag="6.235">1.419 20.777 51.704 0.000 68.017 20.777 </Samples>
		<Samples TimeTag="2024-12-25T04:28:42" DepthTag="6.341">1.884 20.900 51.798 0.000 66.309 20.900 </Samples>
		<Samples TimeTag="2024-12-25T04:28:46" DepthTag="6.442">1.428 20.273 40.767 0.000 61.818 20.273 </Samples>
		<Samples TimeTag="2024-12-25T04:28:48" DepthTag="6.551">3.249 20.058 37.380 0.000 52.055 20.058 </Samples>
	</CompactMWDdata>
	<IR:GenTrailer>
		<IR:FileCloseDate>2024-12-25T04:31:25</IR:FileCloseDate>
		<IR:ChkSum>1085196084</IR:ChkSum>
	</IR:GenTrailer>
</DRMWD>
