<?xml version="1.0" encoding="UTF-8"?>
<!-- Generated by the RCS System Epiroc Rock Drills AB -->
<DRMWD xmlns="http://www.iredes.org/xml/DrillRig" xmlns:IR="http://www.iredes.org/xml" xmlns:xsi="http://www.w3.org/2001/XMLSchema-instance" xsi:schemaLocation="http://www.iredes.org/xml/DrillRig C:\Iredes\IR_V1.2.3\xml\DR-DrillRig_V1.2\DrillRig.xsd" IRVersion="V 1.2AC" IRDownwCompat="V 1.2AC" DRMWDDownwCompat="V 1.2AC" DRMWDVersion="V 1.2AC">
	<IR:GenHead>
		<IR:FileCreateDate>2024-12-26T12:37:09</IR:FileCreateDate>
		<IR:IRversion DownwCompat="V 1.0">V 1.2AC</IR:IRversion>
		<IR:EquipmentInfo>
			<IR:EqpManufact>Epiroc</IR:EqpManufact>
			<IR:EqpType>SmartROC D65</IR:EqpType>
			<IR:EqpSerNo>8992013064</IR:EqpSerNo>
			<IR:EqpSysVer>6.28.1</IR:EqpSysVer>
			<IR:EqpInfo>DrillingMethod: DTH</IR:EqpInfo>
		</IR:EquipmentInfo>
	</IR:GenHead>
	<IR:ReportId>MWDRI261237</IR:ReportId>
	<IR:StartLogTime>2024-12-26T12:29:28</IR:StartLogTime>
	<IR:EndLogTime>2024-12-26T12:35:34</IR:EndLogTime>
	<IR:PlanIdRef>FRD03_11_0632_002_All</IR:PlanIdRef>
	<IR:PlanNameRef>FRD03_11_0632_002_All</IR:PlanNameRef>
	<MWDholeId>B6</MWDholeId>
	<QualityReportIdRef>DQRI252345</QualityReportIdRef>
	<SampleDistance>0.100</SampleDistance>
	<CompactMWDdata>
		<MWDparams>
			<Parameter Unit="m/min" Full="PenetrRate">PR</Parameter>
			<Parameter Unit="Bar" Full="PercPressure">PP</Parameter>
			<Parameter Unit="Bar" Full="FeedPressure">FP</Parameter>
			<Parameter Unit="Bar" Full="DampPressure">DP</Parameter>
			<Parameter Unit="Bar" Full="RotPressure">RP</Parameter>
			<Parameter Unit="Bar" Full="FlushPressure">FLP</Parameter>
		</MWDparams>
		<Samples TimeTag="2024-12-26T12:29:28" DepthTag="0.114">1.882 14.030 21.303 0.000 21.558 14.030 </Samples>
		<Samples TimeTag="2024-12-26T12:29:31" DepthTag="0.218">2.051 14.504 48.469 0.000 21.555 14.504 </Samples>
		<Samples TimeTag="2024-12-26T12:29:38" DepthTag="0.320">0.910 14.780 36.426 0.000 42.491 14.780 </Samples>
		<Samples TimeTag="2024-12-26T12:29:42" DepthTag="0.423">1.445 14.841 39.000 0.000 54.515 14.841 </Samples>
		<Samples TimeTag="2024-12-26T12:29:46" DepthTag="0.530">1.778 14.918 38.634 0.000 48.048 14.918 </Samples>
		<Samples TimeTag="2024-12-26T12:30:11" DepthTag="0.630">0.719 14.841 41.293 0.000 51.346 14.841 </Samples>
		<Samples TimeTag="2024-12-26T12:30:15" DepthTag="0.736">1.497 14.872 39.183 0.000 49.950 14.872 </Samples>
		<Samples TimeTag="2024-12-26T12:30:17" DepthTag="0.841">2.255 14.887 38.620 0.000 43.619 14.887 </Samples>
		<Samples TimeTag="2024-12-26T12:30:20" DepthTag="0.950">1.932 14.948 39.108 0.000 40.099 14.948 </Samples>
		<Samples TimeTag="2024-12-26T12:30:47" DepthTag="1.050">0.635 5.324 50.218 0.000 60.748 5.324 </Samples>
		<Samples TimeTag="2024-12-26T12:30:54" DepthTag="1.153">0.944 12.959 41.434 0.000 50.842 12.959 </Samples>
		<Samples TimeTag="2024-12-26T12:30:57" DepthTag="1.256">1.918 14.015 40.023 0.000 39.709 14.015 </Samples>
		<Samples TimeTag="2024-12-26T12:31:00" DepthTag="1.361">1.965 14.489 38.901 0.000 35.816 14.489 </Samples>
		<Samples TimeTag="2024-12-26T12:31:03" DepthTag="1.462">2.032 14.688 39.659 0.000 38.576 14.688 </Samples>
		<Samples TimeTag="2024-12-26T12:31:37" DepthTag="1.570">0.902 14.902 38.011 0.000 34.062 14.902 </Samples>
		<Samples TimeTag="2024-12-26T12:31:42" DepthTag="1.674">1.299 16.631 41.305 0.000 58.028 16.631 </Samples>
		<Samples TimeTag="2024-12-26T12:31:50" DepthTag="1.775">0.741 17.136 39.872 0.000 54.397 17.136 </Samples>
		<Samples TimeTag="2024-12-26T12:31:58" DepthTag="1.876">0.772 17.411 40.253 0.000 49.329 17.411 </Samples>
		<Samples TimeTag="2024-12-26T12:32:05" DepthTag="1.976">0.858 17.503 37.881 0.000 50.205 17.503 </Samples>
		<Samples TimeTag="2024-12-26T12:32:09" DepthTag="2.078">1.519 17.748 40.008 0.000 41.617 17.748 </Samples>
		<Samples TimeTag="2024-12-26T12:32:15" DepthTag="2.182">1.014 17.901 38.459 0.000 47.733 17.901 </Samples>
		<Samples TimeTag="2024-12-26T12:32:18" DepthTag="2.283">1.682 17.978 40.030 0.000 45.103 17.978 </Samples>
		<Samples TimeTag="2024-12-26T12:32:22" DepthTag="2.391">1.921 18.100 38.583 0.000 49.464 18.100 </Samples>
		<Samples TimeTag="2024-12-26T12:32:25" DepthTag="2.498">2.005 18.176 39.535 0.000 46.426 18.176 </Samples>
		<Samples TimeTag="2024-12-26T12:32:56" DepthTag="2.606">0.895 4.865 29.294 0.000 30.838 4.865 </Samples>
		<Samples TimeTag="2024-12-26T12:33:01" DepthTag="2.707">1.182 14.244 42.754 0.000 38.477 14.244 </Samples>
		<Samples TimeTag="2024-12-26T12:33:04" DepthTag="2.813">1.969 15.927 39.163 0.000 42.346 15.927 </Samples>
		<Samples TimeTag="2024-12-26T12:33:07" DepthTag="2.918">1.832 16.799 40.705 0.000 47.472 16.799 </Samples>
		<Samples TimeTag="2024-12-26T12:33:10" DepthTag="3.018">2.777 17.105 37.330 0.000 42.155 17.105 </Samples>
		<Samples TimeTag="2024-12-26T12:33:12" DepthTag="3.123">2.237 17.442 40.317 0.000 45.631 17.442 </Samples>
		<Samples TimeTag="2024-12-26T12:33:15" DepthTag="3.228">2.114 17.671 38.766 0.000 42.419 17.671 </Samples>
		<Samples TimeTag="2024-12-26T12:33:17" DepthTag="3.339">2.514 17.870 38.224 0.000 41.370 17.870 </Samples>
		<Samples TimeTag="2024-12-26T12:33:20" DepthTag="3.441">2.180 17.978 40.981 0.000 45.436 17.978 </Samples>
		<Samples TimeTag="2024-12-26T12:33:26" DepthTag="3.541">1.044 10.465 0.057 0.000 20.616 10.465 </Samples>
		<Samples TimeTag="2024-12-26T12:33:57" DepthTag="3.645">1.162 10.970 46.788 0.000 55.007 10.970 </Samples>
		<Samples TimeTag="2024-12-26T12:34:02" DepthTag="3.754">1.425 16.448 53.664 0.000 52.127 16.448 </Samples>
		<Samples TimeTag="2024-12-26T12:34:05" DepthTag="3.858">1.946 17.870 54.789 0.000 49.712 17.870 </Samples>
		<Samples TimeTag="2024-12-26T12:34:08" DepthTag="3.962">2.235 18.712 53.121 0.000 44.070 18.712 </Samples>
		<Samples TimeTag="2024-12-26T12:34:10" DepthTag="4.064">2.541 19.186 53.004 0.000 42.737 19.186 </Samples>
		<Samples TimeTag="2024-12-26T12:34:13" DepthTag="4.169">2.436 19.691 53.884 0.000 38.843 19.691 </Samples>
		<Samples TimeTag="2024-12-26T12:34:15" DepthTag="4.269">2.355 19.966 54.053 0.000 36.359 19.966 </Samples>
		<Samples TimeTag="2024-12-26T12:34:17" DepthTag="4.371">3.031 20.089 52.445 0.000 44.268 20.089 </Samples>
		<Samples TimeTag="2024-12-26T12:34:19" DepthTag="4.480">2.920 20.135 54.332 0.000 47.690 20.135 </Samples>
		<Samples TimeTag="2024-12-26T12:34:22" DepthTag="4.584">2.585 20.150 53.647 0.000 46.213 20.150 </Samples>
		<Samples TimeTag="2024-12-26T12:34:24" DepthTag="4.688">2.876 20.181 53.412 0.000 45.917 20.181 </Samples>
		<Samples TimeTag="2024-12-26T12:34:26" DepthTag="4.791">3.082 20.318 54.347 0.000 49.749 20.318 </Samples>
		<Samples TimeTag="2024-12-26T12:34:28" DepthTag="4.894">2.874 20.303 54.367 0.000 45.222 20.303 </Samples>
		<Samples TimeTag="2024-12-26T12:34:30" DepthTag="4.998">2.757 20.273 54.152 0.000 48.224 20.273 </Samples>
		<Samples TimeTag="2024-12-26T12:34:33" DepthTag="5.102">2.594 20.533 54.550 0.000 47.777 20.533 </Samples>
		<Samples TimeTag="2024-12-26T12:34:36" DepthTag="5.204">2.183 20.487 53.554 0.000 48.054 20.487 </Samples>
		<Samples TimeTag="2024-12-26T12:34:39" DepthTag="5.311">2.162 20.517 54.787 0.000 51.020 20.517 </Samples>
		<Samples TimeTag="2024-12-26T12:34:41" DepthTag="5.418">2.297 20.517 54.645 0.000 50.514 20.517 </Samples>
		<Samples TimeTag="2024-12-26T12:34:44" DepthTag="5.526">2.305 20.517 53.992 0.000 49.351 20.517 </Samples>
		<Samples TimeTag="2024-12-26T12:34:47" DepthTag="5.629">2.559 20.563 54.000 0.000 53.848 20.563 </Samples>
		<Samples TimeTag="2024-12-26T12:34:50" DepthTag="5.730">1.803 20.533 52.811 0.000 52.371 20.533 </Samples>
		<Samples TimeTag="2024-12-26T12:34:52" DepthTag="5.836">3.455 20.670 54.657 0.000 51.132 20.670 </Samples>
		<Samples TimeTag="2024-12-26T12:34:54" DepthTag="5.942">2.474 20.854 52.619 0.000 46.327 20.854 </Samples>
		<Samples TimeTag="2024-12-26T12:34:58" DepthTag="6.047">1.964 20.777 53.557 0.000 53.103 20.777 </Samples>
		<Samples TimeTag="2024-12-26T12:35:01" DepthTag="6.149">1.685 20.288 54.682 0.000 50.544 20.288 </Samples>
		<Samples TimeTag="2024-12-26T12:35:05" DepthTag="6.254">1.582 19.951 54.518 0.000 51.839 19.951 </Samples>
		<Samples TimeTag="2024-12-26T12:35:08" DepthTag="6.358">2.089 19.905 52.475 0.000 45.800 19.905 </Samples>
		<Samples TimeTag="2024-12-26T12:35:11" DepthTag="6.462">2.435 20.043 53.983 0.000 48.669 20.043 </Samples>
		<Samples TimeTag="2024-12-26T12:35:14" DepthTag="6.563">2.154 20.196 54.332 0.000 44.854 20.196 </Samples>
		<Samples TimeTag="2024-12-26T12:35:17" DepthTag="6.665">1.775 20.273 54.688 0.000 45.527 20.273 </Samples>
		<Samples TimeTag="2024-12-26T12:35:20" DepthTag="6.769">2.114 20.380 53.932 0.000 43.242 20.380 </Samples>
		<Samples TimeTag="2024-12-26T12:35:23" DepthTag="6.879">2.477 20.563 53.586 0.000 45.656 20.563 </Samples>
		<Samples TimeTag="2024-12-26T12:35:25" DepthTag="6.985">2.959 20.579 53.187 0.000 49.674 20.579 </Samples>
		<Samples TimeTag="2024-12-26T12:35:27" DepthTag="7.090">3.126 20.594 53.826 0.000 44.608 20.594 </Samples>
		<Samples TimeTag="2024-12-26T12:35:29" DepthTag="7.195">3.555 20.640 54.593 0.000 57.503 20.640 </Samples>
		<Samples TimeTag="2024-12-26T12:35:30" DepthTag="7.297">3.332 20.670 53.106 0.000 48.315 20.670 </Samples>
		<Samples TimeTag="2024-12-26T12:35:32" DepthTag="7.400">3.846 20.456 40.136 0.000 36.470 20.456 </Samples>
		<Samples TimeTag="2024-12-26T12:35:34" DepthTag="7.509">3.259 19.813 42.258 0.000 44.260 19.813 </Samples>
	</CompactMWDdata>
	<IR:GenTrailer>
		<IR:FileCloseDate>2024-12-26T12:37:09</IR:FileCloseDate>
		<IR:ChkSum>3253677657</IR:ChkSum>
	</IR:GenTrailer>
</DRMWD>
