<?xml version="1.0" encoding="UTF-8"?>
<!-- Generated by the RCS System Epiroc Rock Drills AB -->
<DRMWD xmlns="http://www.iredes.org/xml/DrillRig" xmlns:IR="http://www.iredes.org/xml" xmlns:xsi="http://www.w3.org/2001/XMLSchema-instance" xsi:schemaLocation="http://www.iredes.org/xml/DrillRig C:\Iredes\IR_V1.2.3\xml\DR-DrillRig_V1.2\DrillRig.xsd" IRVersion="V 1.2AC" IRDownwCompat="V 1.2AC" DRMWDDownwCompat="V 1.2AC" DRMWDVersion="V 1.2AC">
	<IR:GenHead>
		<IR:FileCreateDate>2024-12-27T03:34:33</IR:FileCreateDate>
		<IR:IRversion DownwCompat="V 1.0">V 1.2AC</IR:IRversion>
		<IR:EquipmentInfo>
			<IR:EqpManufact>Epiroc</IR:EqpManufact>
			<IR:EqpType>SmartROC D65</IR:EqpType>
			<IR:EqpSerNo>8992013064</IR:EqpSerNo>
			<IR:EqpSysVer>6.28.1</IR:EqpSysVer>
			<IR:EqpInfo>DrillingMethod: DTH</IR:EqpInfo>
		</IR:EquipmentInfo>
	</IR:GenHead>
	<IR:ReportId>MWDRI270334</IR:ReportId>
	<IR:StartLogTime>2024-12-27T03:25:41</IR:StartLogTime>
	<IR:EndLogTime>2024-12-27T03:33:43</IR:EndLogTime>
	<IR:PlanIdRef>FRD03_11_0626_001_All</IR:PlanIdRef>
	<IR:PlanNameRef>FRD03_11_0626_001_All</IR:PlanNameRef>
	<MWDholeId>E1</MWDholeId>
	<QualityReportIdRef>DQRI270314</QualityReportIdRef>
	<SampleDistance>0.100</SampleDistance>
	<CompactMWDdata>
		<MWDparams>
			<Parameter Unit="m/min" Full="PenetrRate">PR</Parameter>
			<Parameter Unit="Bar" Full="PercPressure">PP</Parameter>
			<Parameter Unit="Bar" Full="FeedPressure">FP</Parameter>
			<Parameter Unit="Bar" Full="DampPressure">DP</Parameter>
			<Parameter Unit="Bar" Full="RotPressure">RP</Parameter>
			<Parameter Unit="Bar" Full="FlushPressure">FLP</Parameter>
		</MWDparams>
		<Samples TimeTag="2024-12-27T03:25:41" DepthTag="0.104">1.156 13.785 23.167 0.000 20.966 13.785 </Samples>
		<Samples TimeTag="2024-12-27T03:25:43" DepthTag="0.207">2.576 14.443 41.813 0.000 20.774 14.443 </Samples>
		<Samples TimeTag="2024-12-27T03:25:45" DepthTag="0.314">3.492 14.550 42.134 0.000 20.558 14.550 </Samples>
		<Samples TimeTag="2024-12-27T03:25:47" DepthTag="0.415">2.789 14.749 41.141 0.000 20.544 14.749 </Samples>
		<Samples TimeTag="2024-12-27T03:25:49" DepthTag="0.520">3.125 14.887 39.025 0.000 34.715 14.887 </Samples>
		<Samples TimeTag="2024-12-27T03:26:06" DepthTag="0.623">1.401 5.707 38.461 0.000 32.904 5.707 </Samples>
		<Samples TimeTag="2024-12-27T03:26:09" DepthTag="0.729">1.988 10.664 43.868 0.000 44.354 10.664 </Samples>
		<Samples TimeTag="2024-12-27T03:26:13" DepthTag="0.832">1.405 13.984 40.237 0.000 35.013 13.984 </Samples>
		<Samples TimeTag="2024-12-27T03:26:16" DepthTag="0.938">2.460 14.550 39.866 0.000 32.243 14.550 </Samples>
		<Samples TimeTag="2024-12-27T03:26:42" DepthTag="1.038">0.791 8.216 46.724 0.000 59.472 8.216 </Samples>
		<Samples TimeTag="2024-12-27T03:26:47" DepthTag="1.142">1.300 12.929 42.140 0.000 56.863 12.929 </Samples>
		<Samples TimeTag="2024-12-27T03:26:51" DepthTag="1.242">1.314 14.336 40.568 0.000 53.816 14.336 </Samples>
		<Samples TimeTag="2024-12-27T03:26:55" DepthTag="1.342">1.499 14.734 39.718 0.000 50.517 14.734 </Samples>
		<Samples TimeTag="2024-12-27T03:26:59" DepthTag="1.447">1.572 14.963 39.981 0.000 51.537 14.963 </Samples>
		<Samples TimeTag="2024-12-27T03:27:35" DepthTag="1.559">0.881 10.251 36.907 0.000 46.874 10.251 </Samples>
		<Samples TimeTag="2024-12-27T03:27:41" DepthTag="1.661">1.091 15.530 40.599 0.000 55.409 15.530 </Samples>
		<Samples TimeTag="2024-12-27T03:27:45" DepthTag="1.762">1.451 16.646 40.103 0.000 54.636 16.646 </Samples>
		<Samples TimeTag="2024-12-27T03:27:49" DepthTag="1.862">1.594 17.228 39.854 0.000 50.398 17.228 </Samples>
		<Samples TimeTag="2024-12-27T03:27:53" DepthTag="1.965">1.534 17.610 39.768 0.000 51.066 17.610 </Samples>
		<Samples TimeTag="2024-12-27T03:27:57" DepthTag="2.067">1.526 17.840 39.289 0.000 49.154 17.840 </Samples>
		<Samples TimeTag="2024-12-27T03:28:00" DepthTag="2.170">1.932 17.993 40.397 0.000 48.374 17.993 </Samples>
		<Samples TimeTag="2024-12-27T03:28:03" DepthTag="2.271">1.879 18.115 38.238 0.000 46.739 18.115 </Samples>
		<Samples TimeTag="2024-12-27T03:28:06" DepthTag="2.372">2.162 18.146 38.673 0.000 48.712 18.146 </Samples>
		<Samples TimeTag="2024-12-27T03:28:09" DepthTag="2.472">1.882 18.222 41.454 0.000 55.012 18.222 </Samples>
		<Samples TimeTag="2024-12-27T03:28:42" DepthTag="2.576">0.677 4.728 28.214 0.000 41.653 4.728 </Samples>
		<Samples TimeTag="2024-12-27T03:28:50" DepthTag="2.676">0.748 15.943 41.652 0.000 57.342 15.943 </Samples>
		<Samples TimeTag="2024-12-27T03:28:55" DepthTag="2.779">1.218 17.243 38.951 0.000 49.649 17.243 </Samples>
		<Samples TimeTag="2024-12-27T03:29:00" DepthTag="2.880">1.334 17.763 38.139 0.000 46.906 17.763 </Samples>
		<Samples TimeTag="2024-12-27T03:29:02" DepthTag="2.991">2.351 18.039 39.018 0.000 47.258 18.039 </Samples>
		<Samples TimeTag="2024-12-27T03:29:05" DepthTag="3.096">2.258 18.192 38.676 0.000 47.518 18.192 </Samples>
		<Samples TimeTag="2024-12-27T03:29:08" DepthTag="3.197">2.033 18.192 40.857 0.000 54.558 18.192 </Samples>
		<Samples TimeTag="2024-12-27T03:29:11" DepthTag="3.300">2.029 18.131 40.961 0.000 49.653 18.131 </Samples>
		<Samples TimeTag="2024-12-27T03:29:13" DepthTag="3.401">2.824 18.238 40.020 0.000 48.372 18.238 </Samples>
		<Samples TimeTag="2024-12-27T03:29:17" DepthTag="3.503">1.891 18.299 41.013 0.000 44.718 18.299 </Samples>
		<Samples TimeTag="2024-12-27T03:30:09" DepthTag="3.604">0.460 15.545 41.665 0.000 49.499 15.545 </Samples>
		<Samples TimeTag="2024-12-27T03:30:12" DepthTag="3.704">2.143 16.417 45.104 0.000 40.687 16.417 </Samples>
		<Samples TimeTag="2024-12-27T03:30:15" DepthTag="3.809">1.822 16.983 45.051 0.000 42.080 16.983 </Samples>
		<Samples TimeTag="2024-12-27T03:30:18" DepthTag="3.913">1.988 17.411 44.637 0.000 40.648 17.411 </Samples>
		<Samples TimeTag="2024-12-27T03:30:21" DepthTag="4.014">2.160 17.733 44.695 0.000 41.995 17.733 </Samples>
		<Samples TimeTag="2024-12-27T03:30:26" DepthTag="4.115">1.199 17.901 44.786 0.000 52.789 17.901 </Samples>
		<Samples TimeTag="2024-12-27T03:30:34" DepthTag="4.216">0.782 17.534 45.344 0.000 48.214 17.534 </Samples>
		<Samples TimeTag="2024-12-27T03:30:38" DepthTag="4.316">1.664 17.717 43.923 0.000 43.643 17.717 </Samples>
		<Samples TimeTag="2024-12-27T03:30:41" DepthTag="4.417">1.796 17.870 44.351 0.000 48.331 17.870 </Samples>
		<Samples TimeTag="2024-12-27T03:30:44" DepthTag="4.518">1.989 17.993 45.285 0.000 44.124 17.993 </Samples>
		<Samples TimeTag="2024-12-27T03:30:51" DepthTag="4.618">0.815 17.779 45.069 0.000 53.807 17.779 </Samples>
		<Samples TimeTag="2024-12-27T03:30:57" DepthTag="4.719">1.049 17.962 44.828 0.000 58.966 17.962 </Samples>
		<Samples TimeTag="2024-12-27T03:31:01" DepthTag="4.825">1.639 18.039 44.799 0.000 52.645 18.039 </Samples>
		<Samples TimeTag="2024-12-27T03:31:05" DepthTag="4.925">1.701 17.916 43.796 0.000 49.712 17.916 </Samples>
		<Samples TimeTag="2024-12-27T03:31:07" DepthTag="5.028">2.587 17.947 43.945 0.000 41.862 17.947 </Samples>
		<Samples TimeTag="2024-12-27T03:31:11" DepthTag="5.140">1.745 17.794 44.137 0.000 50.895 17.794 </Samples>
		<Samples TimeTag="2024-12-27T03:31:14" DepthTag="5.244">2.207 17.671 45.382 0.000 45.132 17.671 </Samples>
		<Samples TimeTag="2024-12-27T03:31:16" DepthTag="5.349">2.250 17.809 45.428 0.000 50.457 17.809 </Samples>
		<Samples TimeTag="2024-12-27T03:31:24" DepthTag="5.450">0.783 17.488 45.111 0.000 58.983 17.488 </Samples>
		<Samples TimeTag="2024-12-27T03:31:29" DepthTag="5.551">1.325 17.595 45.030 0.000 52.215 17.595 </Samples>
		<Samples TimeTag="2024-12-27T03:31:32" DepthTag="5.654">1.704 17.717 45.457 0.000 51.408 17.717 </Samples>
		<Samples TimeTag="2024-12-27T03:31:38" DepthTag="5.754">1.002 17.580 44.606 0.000 56.140 17.580 </Samples>
		<Samples TimeTag="2024-12-27T03:31:43" DepthTag="5.860">1.320 17.733 44.271 0.000 53.894 17.733 </Samples>
		<Samples TimeTag="2024-12-27T03:31:47" DepthTag="5.961">1.448 17.886 45.113 0.000 52.881 17.886 </Samples>
		<Samples TimeTag="2024-12-27T03:31:53" DepthTag="6.061">1.003 17.733 44.787 0.000 49.268 17.733 </Samples>
		<Samples TimeTag="2024-12-27T03:31:57" DepthTag="6.162">1.508 17.825 44.331 0.000 41.589 17.825 </Samples>
		<Samples TimeTag="2024-12-27T03:32:01" DepthTag="6.269">1.988 17.978 44.344 0.000 43.978 17.978 </Samples>
		<Samples TimeTag="2024-12-27T03:32:03" DepthTag="6.371">2.243 17.916 44.235 0.000 42.669 17.916 </Samples>
		<Samples TimeTag="2024-12-27T03:32:07" DepthTag="6.473">1.700 17.932 45.969 0.000 60.001 17.932 </Samples>
		<Samples TimeTag="2024-12-27T03:32:13" DepthTag="6.575">1.049 17.717 44.792 0.000 61.831 17.717 </Samples>
		<Samples TimeTag="2024-12-27T03:32:16" DepthTag="6.679">1.732 17.932 44.805 0.000 52.436 17.932 </Samples>
		<Samples TimeTag="2024-12-27T03:32:20" DepthTag="6.780">1.533 18.131 45.203 0.000 53.963 18.131 </Samples>
		<Samples TimeTag="2024-12-27T03:32:27" DepthTag="6.880">0.967 18.176 45.157 0.000 56.495 18.176 </Samples>
		<Samples TimeTag="2024-12-27T03:32:31" DepthTag="6.983">1.542 18.314 44.651 0.000 52.616 18.314 </Samples>
		<Samples TimeTag="2024-12-27T03:32:34" DepthTag="7.086">2.065 18.391 44.337 0.000 55.333 18.391 </Samples>
		<Samples TimeTag="2024-12-27T03:32:36" DepthTag="7.191">2.622 18.605 44.315 0.000 41.576 18.605 </Samples>
		<Samples TimeTag="2024-12-27T03:32:39" DepthTag="7.291">2.287 18.681 44.616 0.000 43.829 18.681 </Samples>
		<Samples TimeTag="2024-12-27T03:32:41" DepthTag="7.398">2.947 18.788 43.206 0.000 40.418 18.788 </Samples>
		<Samples TimeTag="2024-12-27T03:32:43" DepthTag="7.502">2.884 18.788 40.908 0.000 33.192 18.788 </Samples>
		<Samples TimeTag="2024-12-27T03:33:43" DepthTag="7.610">0.918 16.157 16.734 0.000 20.991 16.157 </Samples>
	</CompactMWDdata>
	<IR:GenTrailer>
		<IR:FileCloseDate>2024-12-27T03:34:33</IR:FileCloseDate>
		<IR:ChkSum>0646496184</IR:ChkSum>
	</IR:GenTrailer>
</DRMWD>
