<?xml version="1.0" encoding="UTF-8"?>
<!-- Generated by the RCS System Epiroc Rock Drills AB -->
<DRMWD xmlns="http://www.iredes.org/xml/DrillRig" xmlns:IR="http://www.iredes.org/xml" xmlns:xsi="http://www.w3.org/2001/XMLSchema-instance" xsi:schemaLocation="http://www.iredes.org/xml/DrillRig C:\Iredes\IR_V1.2.3\xml\DR-DrillRig_V1.2\DrillRig.xsd" IRVersion="V 1.2AC" IRDownwCompat="V 1.2AC" DRMWDDownwCompat="V 1.2AC" DRMWDVersion="V 1.2AC">
	<IR:GenHead>
		<IR:FileCreateDate>2024-12-25T05:08:59</IR:FileCreateDate>
		<IR:IRversion DownwCompat="V 1.0">V 1.2AC</IR:IRversion>
		<IR:EquipmentInfo>
			<IR:EqpManufact>Epiroc</IR:EqpManufact>
			<IR:EqpType>SmartROC D65</IR:EqpType>
			<IR:EqpSerNo>8992013064</IR:EqpSerNo>
			<IR:EqpSysVer>6.28.1</IR:EqpSysVer>
			<IR:EqpInfo>DrillingMethod: DTH</IR:EqpInfo>
		</IR:EquipmentInfo>
	</IR:GenHead>
	<IR:ReportId>MWDRI250508</IR:ReportId>
	<IR:StartLogTime>2024-12-25T04:59:55</IR:StartLogTime>
	<IR:EndLogTime>2024-12-25T05:06:42</IR:EndLogTime>
	<IR:PlanIdRef>FRD03_11_0626_001_All</IR:PlanIdRef>
	<IR:PlanNameRef>FRD03_11_0626_001_All</IR:PlanNameRef>
	<MWDholeId>I5</MWDholeId>
	<QualityReportIdRef>DQRI241930</QualityReportIdRef>
	<SampleDistance>0.100</SampleDistance>
	<CompactMWDdata>
		<MWDparams>
			<Parameter Unit="m/min" Full="PenetrRate">PR</Parameter>
			<Parameter Unit="Bar" Full="PercPressure">PP</Parameter>
			<Parameter Unit="Bar" Full="FeedPressure">FP</Parameter>
			<Parameter Unit="Bar" Full="DampPressure">DP</Parameter>
			<Parameter Unit="Bar" Full="RotPressure">RP</Parameter>
			<Parameter Unit="Bar" Full="FlushPressure">FLP</Parameter>
		</MWDparams>
		<Samples TimeTag="2024-12-25T04:59:55" DepthTag="0.107">1.062 10.282 43.127 0.000 20.972 10.282 </Samples>
		<Samples TimeTag="2024-12-25T04:59:59" DepthTag="0.211">1.544 14.948 40.748 0.000 20.950 14.948 </Samples>
		<Samples TimeTag="2024-12-25T05:00:02" DepthTag="0.314">1.979 16.111 41.431 0.000 20.876 16.111 </Samples>
		<Samples TimeTag="2024-12-25T05:00:04" DepthTag="0.417">3.092 16.616 34.709 0.000 49.405 16.616 </Samples>
		<Samples TimeTag="2024-12-25T05:00:06" DepthTag="0.517">3.256 14.627 13.117 0.000 44.697 14.627 </Samples>
		<Samples TimeTag="2024-12-25T05:00:23" DepthTag="0.620">1.454 5.493 23.238 0.000 44.234 5.493 </Samples>
		<Samples TimeTag="2024-12-25T05:00:25" DepthTag="0.722">3.040 9.471 48.097 0.000 70.567 9.471 </Samples>
		<Samples TimeTag="2024-12-25T05:00:28" DepthTag="0.839">2.495 13.816 39.996 0.000 58.207 13.816 </Samples>
		<Samples TimeTag="2024-12-25T05:00:29" DepthTag="0.956">4.397 15.055 37.104 0.000 53.796 15.055 </Samples>
		<Samples TimeTag="2024-12-25T05:00:51" DepthTag="1.074">1.661 4.544 22.135 0.000 39.264 4.544 </Samples>
		<Samples TimeTag="2024-12-25T05:00:52" DepthTag="1.187">5.666 6.426 37.659 0.000 56.263 6.426 </Samples>
		<Samples TimeTag="2024-12-25T05:00:54" DepthTag="1.292">2.891 11.077 44.610 0.000 63.935 11.077 </Samples>
		<Samples TimeTag="2024-12-25T05:00:56" DepthTag="1.398">3.170 14.214 41.345 0.000 60.895 14.214 </Samples>
		<Samples TimeTag="2024-12-25T05:00:59" DepthTag="1.503">2.629 16.340 41.419 0.000 59.801 16.340 </Samples>
		<Samples TimeTag="2024-12-25T05:01:48" DepthTag="1.607">0.984 6.487 27.025 0.000 45.266 6.487 </Samples>
		<Samples TimeTag="2024-12-25T05:01:51" DepthTag="1.716">2.158 13.311 43.201 0.000 69.937 13.311 </Samples>
		<Samples TimeTag="2024-12-25T05:01:53" DepthTag="1.829">3.356 15.422 40.511 0.000 63.146 15.422 </Samples>
		<Samples TimeTag="2024-12-25T05:01:55" DepthTag="1.935">2.938 16.662 41.969 0.000 58.611 16.662 </Samples>
		<Samples TimeTag="2024-12-25T05:02:01" DepthTag="2.037">1.180 18.299 42.401 0.000 64.266 18.299 </Samples>
		<Samples TimeTag="2024-12-25T05:02:07" DepthTag="2.142">1.041 19.232 39.967 0.000 67.674 19.232 </Samples>
		<Samples TimeTag="2024-12-25T05:02:11" DepthTag="2.245">1.542 19.523 38.919 0.000 57.696 19.523 </Samples>
		<Samples TimeTag="2024-12-25T05:02:14" DepthTag="2.347">2.060 19.706 39.084 0.000 53.541 19.706 </Samples>
		<Samples TimeTag="2024-12-25T05:02:16" DepthTag="2.447">2.510 19.875 38.945 0.000 53.392 19.875 </Samples>
		<Samples TimeTag="2024-12-25T05:02:56" DepthTag="2.548">0.448 14.749 45.170 0.000 68.918 14.749 </Samples>
		<Samples TimeTag="2024-12-25T05:03:04" DepthTag="2.648">0.699 18.069 40.666 0.000 66.491 18.069 </Samples>
		<Samples TimeTag="2024-12-25T05:03:09" DepthTag="2.752">1.196 18.865 39.779 0.000 58.934 18.865 </Samples>
		<Samples TimeTag="2024-12-25T05:03:15" DepthTag="2.852">1.153 19.446 39.218 0.000 60.308 19.446 </Samples>
		<Samples TimeTag="2024-12-25T05:03:20" DepthTag="2.954">1.140 19.706 41.433 0.000 64.368 19.706 </Samples>
		<Samples TimeTag="2024-12-25T05:03:26" DepthTag="3.057">0.961 19.951 38.974 0.000 59.606 19.951 </Samples>
		<Samples TimeTag="2024-12-25T05:03:32" DepthTag="3.157">1.153 20.058 38.350 0.000 58.654 20.058 </Samples>
		<Samples TimeTag="2024-12-25T05:03:34" DepthTag="3.269">2.383 20.135 38.518 0.000 58.242 20.135 </Samples>
		<Samples TimeTag="2024-12-25T05:03:36" DepthTag="3.380">3.329 20.119 37.504 0.000 56.380 20.119 </Samples>
		<Samples TimeTag="2024-12-25T05:03:39" DepthTag="3.481">2.804 20.181 39.315 0.000 58.028 20.181 </Samples>
		<Samples TimeTag="2024-12-25T05:04:11" DepthTag="3.586">0.995 7.772 41.106 0.000 63.237 7.772 </Samples>
		<Samples TimeTag="2024-12-25T05:04:16" DepthTag="3.688">1.334 15.805 52.239 0.000 55.091 15.805 </Samples>
		<Samples TimeTag="2024-12-25T05:04:19" DepthTag="3.795">2.012 17.518 52.944 0.000 57.392 17.518 </Samples>
		<Samples TimeTag="2024-12-25T05:04:22" DepthTag="3.897">2.304 18.482 53.614 0.000 65.480 18.482 </Samples>
		<Samples TimeTag="2024-12-25T05:04:25" DepthTag="4.000">2.080 19.217 54.438 0.000 59.640 19.217 </Samples>
		<Samples TimeTag="2024-12-25T05:04:28" DepthTag="4.104">2.096 19.737 49.551 0.000 68.575 19.737 </Samples>
		<Samples TimeTag="2024-12-25T05:04:31" DepthTag="4.208">2.051 20.150 52.449 0.000 68.662 20.150 </Samples>
		<Samples TimeTag="2024-12-25T05:04:35" DepthTag="4.309">1.457 20.487 49.519 0.000 67.437 20.487 </Samples>
		<Samples TimeTag="2024-12-25T05:04:39" DepthTag="4.413">1.550 20.655 53.982 0.000 65.979 20.655 </Samples>
		<Samples TimeTag="2024-12-25T05:04:43" DepthTag="4.513">1.676 20.701 51.084 0.000 68.700 20.701 </Samples>
		<Samples TimeTag="2024-12-25T05:04:45" DepthTag="4.622">2.316 20.777 50.498 0.000 67.998 20.777 </Samples>
		<Samples TimeTag="2024-12-25T05:04:47" DepthTag="4.727">3.147 20.823 53.518 0.000 63.761 20.823 </Samples>
		<Samples TimeTag="2024-12-25T05:04:49" DepthTag="4.844">4.386 20.808 51.168 0.000 60.804 20.808 </Samples>
		<Samples TimeTag="2024-12-25T05:04:50" DepthTag="4.952">4.742 20.976 53.209 0.000 60.999 20.976 </Samples>
		<Samples TimeTag="2024-12-25T05:04:53" DepthTag="5.058">2.842 20.992 53.449 0.000 66.393 20.992 </Samples>
		<Samples TimeTag="2024-12-25T05:04:56" DepthTag="5.162">1.724 21.053 50.792 0.000 66.757 21.053 </Samples>
		<Samples TimeTag="2024-12-25T05:05:02" DepthTag="5.264">1.030 20.716 51.775 0.000 66.927 20.716 </Samples>
		<Samples TimeTag="2024-12-25T05:05:08" DepthTag="5.366">1.021 20.456 53.350 0.000 64.282 20.456 </Samples>
		<Samples TimeTag="2024-12-25T05:05:12" DepthTag="5.473">1.776 20.624 51.981 0.000 66.617 20.624 </Samples>
		<Samples TimeTag="2024-12-25T05:05:16" DepthTag="5.576">1.476 20.517 52.834 0.000 66.830 20.517 </Samples>
		<Samples TimeTag="2024-12-25T05:05:20" DepthTag="5.677">1.677 20.548 52.044 0.000 66.547 20.548 </Samples>
		<Samples TimeTag="2024-12-25T05:05:26" DepthTag="5.777">0.937 20.288 52.257 0.000 68.221 20.288 </Samples>
		<Samples TimeTag="2024-12-25T05:05:32" DepthTag="5.881">1.112 20.181 49.801 0.000 67.860 20.181 </Samples>
		<Samples TimeTag="2024-12-25T05:05:35" DepthTag="5.987">1.763 20.196 53.100 0.000 67.247 20.196 </Samples>
		<Samples TimeTag="2024-12-25T05:05:39" DepthTag="6.088">1.454 20.471 54.008 0.000 64.876 20.471 </Samples>
		<Samples TimeTag="2024-12-25T05:05:48" DepthTag="6.190">0.709 20.043 53.902 0.000 64.098 20.043 </Samples>
		<Samples TimeTag="2024-12-25T05:05:56" DepthTag="6.294">0.796 19.997 49.782 0.000 70.453 19.997 </Samples>
		<Samples TimeTag="2024-12-25T05:05:58" DepthTag="6.398">2.880 20.242 52.653 0.000 66.480 20.242 </Samples>
		<Samples TimeTag="2024-12-25T05:06:01" DepthTag="6.501">2.213 20.456 50.865 0.000 64.866 20.456 </Samples>
		<Samples TimeTag="2024-12-25T05:06:04" DepthTag="6.605">2.214 20.640 54.531 0.000 65.682 20.640 </Samples>
		<Samples TimeTag="2024-12-25T05:06:06" DepthTag="6.709">2.220 20.732 53.142 0.000 63.788 20.732 </Samples>
		<Samples TimeTag="2024-12-25T05:06:10" DepthTag="6.809">1.593 20.624 56.169 0.000 62.505 20.624 </Samples>
		<Samples TimeTag="2024-12-25T05:06:18" DepthTag="6.912">0.769 20.364 54.241 0.000 63.354 20.364 </Samples>
		<Samples TimeTag="2024-12-25T05:06:22" DepthTag="7.012">1.593 20.410 52.550 0.000 66.624 20.410 </Samples>
		<Samples TimeTag="2024-12-25T05:06:26" DepthTag="7.115">1.459 20.211 56.338 0.000 62.086 20.211 </Samples>
		<Samples TimeTag="2024-12-25T05:06:31" DepthTag="7.223">1.418 20.364 50.410 0.000 66.044 20.364 </Samples>
		<Samples TimeTag="2024-12-25T05:06:33" DepthTag="7.327">3.098 20.548 51.916 0.000 62.610 20.548 </Samples>
		<Samples TimeTag="2024-12-25T05:06:36" DepthTag="7.433">1.898 20.609 52.095 0.000 64.974 20.609 </Samples>
		<Samples TimeTag="2024-12-25T05:06:39" DepthTag="7.539">2.077 20.181 41.132 0.000 70.038 20.181 </Samples>
		<Samples TimeTag="2024-12-25T05:06:42" DepthTag="7.639">1.878 14.535 2.307 0.000 38.275 14.535 </Samples>
	</CompactMWDdata>
	<IR:GenTrailer>
		<IR:FileCloseDate>2024-12-25T05:08:59</IR:FileCloseDate>
		<IR:ChkSum>0687649862</IR:ChkSum>
	</IR:GenTrailer>
</DRMWD>
