<?xml version="1.0" encoding="UTF-8"?>
<!-- Generated by the RCS System Epiroc Rock Drills AB -->
<DRMWD xmlns="http://www.iredes.org/xml/DrillRig" xmlns:IR="http://www.iredes.org/xml" xmlns:xsi="http://www.w3.org/2001/XMLSchema-instance" xsi:schemaLocation="http://www.iredes.org/xml/DrillRig C:\Iredes\IR_V1.2.3\xml\DR-DrillRig_V1.2\DrillRig.xsd" IRVersion="V 1.2AC" IRDownwCompat="V 1.2AC" DRMWDDownwCompat="V 1.2AC" DRMWDVersion="V 1.2AC">
	<IR:GenHead>
		<IR:FileCreateDate>2024-12-27T01:31:04</IR:FileCreateDate>
		<IR:IRversion DownwCompat="V 1.0">V 1.2AC</IR:IRversion>
		<IR:EquipmentInfo>
			<IR:EqpManufact>Epiroc</IR:EqpManufact>
			<IR:EqpType>SmartROC D65</IR:EqpType>
			<IR:EqpSerNo>8992013064</IR:EqpSerNo>
			<IR:EqpSysVer>6.28.1</IR:EqpSysVer>
			<IR:EqpInfo>DrillingMethod: DTH</IR:EqpInfo>
		</IR:EquipmentInfo>
	</IR:GenHead>
	<IR:ReportId>MWDRI270131</IR:ReportId>
	<IR:StartLogTime>2024-12-27T01:22:46</IR:StartLogTime>
	<IR:EndLogTime>2024-12-27T01:29:26</IR:EndLogTime>
	<IR:PlanIdRef>FRD03_11_0626_001_All</IR:PlanIdRef>
	<IR:PlanNameRef>FRD03_11_0626_001_All</IR:PlanNameRef>
	<MWDholeId>J13</MWDholeId>
	<QualityReportIdRef>DQRI262053</QualityReportIdRef>
	<SampleDistance>0.100</SampleDistance>
	<CompactMWDdata>
		<MWDparams>
			<Parameter Unit="m/min" Full="PenetrRate">PR</Parameter>
			<Parameter Unit="Bar" Full="PercPressure">PP</Parameter>
			<Parameter Unit="Bar" Full="FeedPressure">FP</Parameter>
			<Parameter Unit="Bar" Full="DampPressure">DP</Parameter>
			<Parameter Unit="Bar" Full="RotPressure">RP</Parameter>
			<Parameter Unit="Bar" Full="FlushPressure">FLP</Parameter>
		</MWDparams>
		<Samples TimeTag="2024-12-27T01:22:46" DepthTag="0.105">1.112 13.862 40.703 0.000 21.403 13.862 </Samples>
		<Samples TimeTag="2024-12-27T01:22:51" DepthTag="0.208">1.347 14.688 42.269 0.000 21.400 14.688 </Samples>
		<Samples TimeTag="2024-12-27T01:22:54" DepthTag="0.312">2.060 14.810 40.613 0.000 19.003 14.810 </Samples>
		<Samples TimeTag="2024-12-27T01:22:57" DepthTag="0.416">2.093 14.918 42.046 0.000 51.076 14.918 </Samples>
		<Samples TimeTag="2024-12-27T01:22:59" DepthTag="0.516">2.144 14.963 37.151 0.000 45.989 14.963 </Samples>
		<Samples TimeTag="2024-12-27T01:23:22" DepthTag="0.618">0.868 14.933 41.754 0.000 43.014 14.933 </Samples>
		<Samples TimeTag="2024-12-27T01:23:25" DepthTag="0.721">2.396 15.009 40.699 0.000 40.353 15.009 </Samples>
		<Samples TimeTag="2024-12-27T01:23:27" DepthTag="0.824">2.211 15.025 39.168 0.000 45.704 15.025 </Samples>
		<Samples TimeTag="2024-12-27T01:23:30" DepthTag="0.925">2.155 15.025 41.050 0.000 42.989 15.025 </Samples>
		<Samples TimeTag="2024-12-27T01:23:56" DepthTag="1.033">0.757 3.825 32.687 0.000 38.554 3.825 </Samples>
		<Samples TimeTag="2024-12-27T01:24:04" DepthTag="1.135">0.763 13.204 41.829 0.000 58.852 13.204 </Samples>
		<Samples TimeTag="2024-12-27T01:24:10" DepthTag="1.237">1.119 14.520 39.423 0.000 52.618 14.520 </Samples>
		<Samples TimeTag="2024-12-27T01:24:15" DepthTag="1.341">1.261 14.810 39.581 0.000 51.241 14.810 </Samples>
		<Samples TimeTag="2024-12-27T01:24:18" DepthTag="1.442">1.607 14.948 39.953 0.000 53.658 14.948 </Samples>
		<Samples TimeTag="2024-12-27T01:24:49" DepthTag="1.548">0.816 4.284 23.639 0.000 34.890 4.284 </Samples>
		<Samples TimeTag="2024-12-27T01:24:52" DepthTag="1.650">1.695 11.261 45.404 0.000 50.772 11.261 </Samples>
		<Samples TimeTag="2024-12-27T01:24:57" DepthTag="1.752">1.227 15.652 40.914 0.000 44.641 15.652 </Samples>
		<Samples TimeTag="2024-12-27T01:25:02" DepthTag="1.853">1.304 16.769 38.021 0.000 46.686 16.769 </Samples>
		<Samples TimeTag="2024-12-27T01:25:06" DepthTag="1.954">1.605 17.320 41.122 0.000 45.904 17.320 </Samples>
		<Samples TimeTag="2024-12-27T01:25:09" DepthTag="2.054">1.885 17.610 41.409 0.000 48.112 17.610 </Samples>
		<Samples TimeTag="2024-12-27T01:25:15" DepthTag="2.160">1.023 17.534 37.183 0.000 45.352 17.534 </Samples>
		<Samples TimeTag="2024-12-27T01:25:18" DepthTag="2.265">2.080 17.962 40.230 0.000 36.837 17.962 </Samples>
		<Samples TimeTag="2024-12-27T01:25:22" DepthTag="2.373">1.786 18.207 39.085 0.000 42.374 18.207 </Samples>
		<Samples TimeTag="2024-12-27T01:25:26" DepthTag="2.473">1.361 18.039 41.127 0.000 46.596 18.039 </Samples>
		<Samples TimeTag="2024-12-27T01:26:08" DepthTag="2.575">0.321 13.923 43.199 0.000 55.801 13.923 </Samples>
		<Samples TimeTag="2024-12-27T01:26:16" DepthTag="2.676">0.768 16.646 40.386 0.000 45.371 16.646 </Samples>
		<Samples TimeTag="2024-12-27T01:26:20" DepthTag="2.784">1.515 17.182 38.618 0.000 37.977 17.182 </Samples>
		<Samples TimeTag="2024-12-27T01:26:24" DepthTag="2.885">1.799 17.396 39.966 0.000 40.422 17.396 </Samples>
		<Samples TimeTag="2024-12-27T01:26:27" DepthTag="2.988">1.930 17.457 40.197 0.000 37.552 17.457 </Samples>
		<Samples TimeTag="2024-12-27T01:26:30" DepthTag="3.092">1.944 17.687 40.950 0.000 46.866 17.687 </Samples>
		<Samples TimeTag="2024-12-27T01:26:34" DepthTag="3.194">1.620 17.717 40.743 0.000 48.747 17.717 </Samples>
		<Samples TimeTag="2024-12-27T01:26:39" DepthTag="3.295">1.160 17.580 39.923 0.000 47.694 17.580 </Samples>
		<Samples TimeTag="2024-12-27T01:26:44" DepthTag="3.395">1.299 17.641 40.570 0.000 47.626 17.641 </Samples>
		<Samples TimeTag="2024-12-27T01:26:49" DepthTag="3.497">1.136 17.748 38.391 0.000 46.432 17.748 </Samples>
		<Samples TimeTag="2024-12-27T01:27:31" DepthTag="3.597">0.406 11.016 43.526 0.000 59.909 11.016 </Samples>
		<Samples TimeTag="2024-12-27T01:27:40" DepthTag="3.699">0.712 16.386 44.405 0.000 56.375 16.386 </Samples>
		<Samples TimeTag="2024-12-27T01:27:44" DepthTag="3.804">1.311 17.044 43.962 0.000 52.378 17.044 </Samples>
		<Samples TimeTag="2024-12-27T01:27:49" DepthTag="3.906">1.335 17.549 44.830 0.000 55.938 17.549 </Samples>
		<Samples TimeTag="2024-12-27T01:27:54" DepthTag="4.006">1.250 17.932 45.417 0.000 55.689 17.932 </Samples>
		<Samples TimeTag="2024-12-27T01:27:57" DepthTag="4.108">1.698 18.100 44.729 0.000 46.380 18.100 </Samples>
		<Samples TimeTag="2024-12-27T01:28:00" DepthTag="4.217">2.328 18.222 43.557 0.000 34.102 18.222 </Samples>
		<Samples TimeTag="2024-12-27T01:28:02" DepthTag="4.320">3.507 18.391 44.145 0.000 31.083 18.391 </Samples>
		<Samples TimeTag="2024-12-27T01:28:04" DepthTag="4.424">3.092 18.452 45.095 0.000 33.421 18.452 </Samples>
		<Samples TimeTag="2024-12-27T01:28:07" DepthTag="4.533">2.050 18.421 44.642 0.000 40.899 18.421 </Samples>
		<Samples TimeTag="2024-12-27T01:28:10" DepthTag="4.636">2.565 18.651 45.989 0.000 46.383 18.651 </Samples>
		<Samples TimeTag="2024-12-27T01:28:13" DepthTag="4.742">1.760 18.528 45.360 0.000 49.646 18.528 </Samples>
		<Samples TimeTag="2024-12-27T01:28:16" DepthTag="4.850">2.307 18.544 44.785 0.000 52.768 18.544 </Samples>
		<Samples TimeTag="2024-12-27T01:28:18" DepthTag="4.956">2.719 18.528 44.594 0.000 50.984 18.528 </Samples>
		<Samples TimeTag="2024-12-27T01:28:21" DepthTag="5.058">2.187 18.421 45.041 0.000 54.865 18.421 </Samples>
		<Samples TimeTag="2024-12-27T01:28:25" DepthTag="5.161">1.712 18.467 45.768 0.000 54.511 18.467 </Samples>
		<Samples TimeTag="2024-12-27T01:28:29" DepthTag="5.262">1.309 18.482 45.210 0.000 53.962 18.482 </Samples>
		<Samples TimeTag="2024-12-27T01:28:33" DepthTag="5.363">1.876 18.452 43.959 0.000 49.097 18.452 </Samples>
		<Samples TimeTag="2024-12-27T01:28:36" DepthTag="5.466">1.983 18.437 45.334 0.000 47.838 18.437 </Samples>
		<Samples TimeTag="2024-12-27T01:28:39" DepthTag="5.573">1.769 18.452 43.930 0.000 51.159 18.452 </Samples>
		<Samples TimeTag="2024-12-27T01:28:42" DepthTag="5.675">2.327 18.421 44.869 0.000 51.595 18.421 </Samples>
		<Samples TimeTag="2024-12-27T01:28:45" DepthTag="5.779">2.435 18.406 44.684 0.000 52.581 18.406 </Samples>
		<Samples TimeTag="2024-12-27T01:28:47" DepthTag="5.890">2.968 18.467 45.092 0.000 49.531 18.467 </Samples>
		<Samples TimeTag="2024-12-27T01:28:49" DepthTag="5.995">2.704 18.528 45.154 0.000 41.588 18.528 </Samples>
		<Samples TimeTag="2024-12-27T01:28:53" DepthTag="6.099">1.800 19.247 45.132 0.000 44.098 19.247 </Samples>
		<Samples TimeTag="2024-12-27T01:28:55" DepthTag="6.207">2.320 19.049 44.689 0.000 49.764 19.049 </Samples>
		<Samples TimeTag="2024-12-27T01:28:58" DepthTag="6.312">2.444 18.926 45.218 0.000 48.817 18.926 </Samples>
		<Samples TimeTag="2024-12-27T01:29:00" DepthTag="6.412">2.512 18.804 44.414 0.000 49.016 18.804 </Samples>
		<Samples TimeTag="2024-12-27T01:29:03" DepthTag="6.514">2.719 18.727 44.358 0.000 43.163 18.727 </Samples>
		<Samples TimeTag="2024-12-27T01:29:05" DepthTag="6.620">2.646 18.697 45.150 0.000 47.592 18.697 </Samples>
		<Samples TimeTag="2024-12-27T01:29:08" DepthTag="6.723">2.409 18.605 45.127 0.000 50.022 18.605 </Samples>
		<Samples TimeTag="2024-12-27T01:29:10" DepthTag="6.826">2.201 18.605 44.595 0.000 49.311 18.605 </Samples>
		<Samples TimeTag="2024-12-27T01:29:13" DepthTag="6.926">2.494 18.467 44.692 0.000 49.162 18.467 </Samples>
		<Samples TimeTag="2024-12-27T01:29:15" DepthTag="7.033">2.652 18.467 45.191 0.000 53.436 18.467 </Samples>
		<Samples TimeTag="2024-12-27T01:29:18" DepthTag="7.141">2.696 18.207 44.859 0.000 39.433 18.207 </Samples>
		<Samples TimeTag="2024-12-27T01:29:20" DepthTag="7.255">3.435 18.085 43.613 0.000 41.472 18.085 </Samples>
		<Samples TimeTag="2024-12-27T01:29:21" DepthTag="7.362">3.627 18.146 45.848 0.000 41.156 18.146 </Samples>
		<Samples TimeTag="2024-12-27T01:29:24" DepthTag="7.466">2.586 18.161 40.937 0.000 35.504 18.161 </Samples>
		<Samples TimeTag="2024-12-27T01:29:26" DepthTag="7.575">2.724 18.176 41.019 0.000 37.138 18.176 </Samples>
	</CompactMWDdata>
	<IR:GenTrailer>
		<IR:FileCloseDate>2024-12-27T01:31:04</IR:FileCloseDate>
		<IR:ChkSum>0547722380</IR:ChkSum>
	</IR:GenTrailer>
</DRMWD>
