<?xml version="1.0" encoding="UTF-8"?>
<!-- Generated by the RCS System Epiroc Rock Drills AB -->
<DRMWD xmlns="http://www.iredes.org/xml/DrillRig" xmlns:IR="http://www.iredes.org/xml" xmlns:xsi="http://www.w3.org/2001/XMLSchema-instance" xsi:schemaLocation="http://www.iredes.org/xml/DrillRig C:\Iredes\IR_V1.2.3\xml\DR-DrillRig_V1.2\DrillRig.xsd" IRVersion="V 1.2AC" IRDownwCompat="V 1.2AC" DRMWDDownwCompat="V 1.2AC" DRMWDVersion="V 1.2AC">
	<IR:GenHead>
		<IR:FileCreateDate>2024-12-25T02:48:15</IR:FileCreateDate>
		<IR:IRversion DownwCompat="V 1.0">V 1.2AC</IR:IRversion>
		<IR:EquipmentInfo>
			<IR:EqpManufact>Epiroc</IR:EqpManufact>
			<IR:EqpType>SmartROC D65</IR:EqpType>
			<IR:EqpSerNo>8992013064</IR:EqpSerNo>
			<IR:EqpSysVer>6.28.1</IR:EqpSysVer>
			<IR:EqpInfo>DrillingMethod: DTH</IR:EqpInfo>
		</IR:EquipmentInfo>
	</IR:GenHead>
	<IR:ReportId>MWDRI250248</IR:ReportId>
	<IR:StartLogTime>2024-12-25T02:40:26</IR:StartLogTime>
	<IR:EndLogTime>2024-12-25T02:46:35</IR:EndLogTime>
	<IR:PlanIdRef>FRD03_11_0626_001_All</IR:PlanIdRef>
	<IR:PlanNameRef>FRD03_11_0626_001_All</IR:PlanNameRef>
	<MWDholeId>H3</MWDholeId>
	<QualityReportIdRef>DQRI241930</QualityReportIdRef>
	<SampleDistance>0.100</SampleDistance>
	<CompactMWDdata>
		<MWDparams>
			<Parameter Unit="m/min" Full="PenetrRate">PR</Parameter>
			<Parameter Unit="Bar" Full="PercPressure">PP</Parameter>
			<Parameter Unit="Bar" Full="FeedPressure">FP</Parameter>
			<Parameter Unit="Bar" Full="DampPressure">DP</Parameter>
			<Parameter Unit="Bar" Full="RotPressure">RP</Parameter>
			<Parameter Unit="Bar" Full="FlushPressure">FLP</Parameter>
		</MWDparams>
		<Samples TimeTag="2024-12-25T02:40:26" DepthTag="0.101">1.807 9.685 39.048 0.000 20.652 9.685 </Samples>
		<Samples TimeTag="2024-12-25T02:40:29" DepthTag="0.208">2.160 14.091 41.038 0.000 20.828 14.091 </Samples>
		<Samples TimeTag="2024-12-25T02:40:31" DepthTag="0.312">3.887 15.040 37.292 0.000 20.739 15.040 </Samples>
		<Samples TimeTag="2024-12-25T02:40:32" DepthTag="0.422">5.528 15.484 34.969 0.000 20.609 15.484 </Samples>
		<Samples TimeTag="2024-12-25T02:40:33" DepthTag="0.523">3.760 14.336 22.682 0.000 20.790 14.336 </Samples>
		<Samples TimeTag="2024-12-25T02:40:56" DepthTag="0.623">1.318 9.042 35.637 0.000 50.709 9.042 </Samples>
		<Samples TimeTag="2024-12-25T02:40:58" DepthTag="0.731">2.682 13.311 42.253 0.000 52.706 13.311 </Samples>
		<Samples TimeTag="2024-12-25T02:41:00" DepthTag="0.848">3.506 15.254 38.327 0.000 47.300 15.254 </Samples>
		<Samples TimeTag="2024-12-25T02:41:02" DepthTag="0.965">4.388 16.004 34.727 0.000 48.512 16.004 </Samples>
		<Samples TimeTag="2024-12-25T02:41:24" DepthTag="1.069">1.219 5.738 35.589 0.000 51.153 5.738 </Samples>
		<Samples TimeTag="2024-12-25T02:41:27" DepthTag="1.171">1.900 12.531 42.769 0.000 62.263 12.531 </Samples>
		<Samples TimeTag="2024-12-25T02:41:29" DepthTag="1.273">3.320 14.688 38.525 0.000 57.226 14.688 </Samples>
		<Samples TimeTag="2024-12-25T02:41:31" DepthTag="1.382">3.018 15.790 37.228 0.000 60.552 15.790 </Samples>
		<Samples TimeTag="2024-12-25T02:41:32" DepthTag="1.487">4.393 16.325 37.082 0.000 53.930 16.325 </Samples>
		<Samples TimeTag="2024-12-25T02:42:01" DepthTag="1.601">1.035 11.903 41.153 0.000 67.517 11.903 </Samples>
		<Samples TimeTag="2024-12-25T02:42:04" DepthTag="1.706">2.453 15.361 43.160 0.000 53.776 15.361 </Samples>
		<Samples TimeTag="2024-12-25T02:42:07" DepthTag="1.811">1.960 17.105 41.258 0.000 57.850 17.105 </Samples>
		<Samples TimeTag="2024-12-25T02:42:10" DepthTag="1.916">2.070 18.100 39.847 0.000 57.121 18.100 </Samples>
		<Samples TimeTag="2024-12-25T02:42:15" DepthTag="2.016">1.271 18.880 41.596 0.000 60.044 18.880 </Samples>
		<Samples TimeTag="2024-12-25T02:42:21" DepthTag="2.117">1.033 19.293 40.346 0.000 58.231 19.293 </Samples>
		<Samples TimeTag="2024-12-25T02:42:24" DepthTag="2.220">1.720 19.492 37.762 0.000 56.497 19.492 </Samples>
		<Samples TimeTag="2024-12-25T02:42:27" DepthTag="2.324">2.412 19.737 37.119 0.000 50.499 19.737 </Samples>
		<Samples TimeTag="2024-12-25T02:42:32" DepthTag="2.425">1.264 19.507 41.761 0.000 54.383 19.507 </Samples>
		<Samples TimeTag="2024-12-25T02:43:12" DepthTag="2.538">0.408 5.891 33.274 0.000 50.125 5.891 </Samples>
		<Samples TimeTag="2024-12-25T02:43:22" DepthTag="2.639">0.582 17.396 40.426 0.000 61.793 17.396 </Samples>
		<Samples TimeTag="2024-12-25T02:43:30" DepthTag="2.741">0.770 18.834 39.952 0.000 56.551 18.834 </Samples>
		<Samples TimeTag="2024-12-25T02:43:36" DepthTag="2.842">1.109 19.431 38.977 0.000 57.306 19.431 </Samples>
		<Samples TimeTag="2024-12-25T02:43:39" DepthTag="2.942">1.678 19.722 38.707 0.000 53.145 19.722 </Samples>
		<Samples TimeTag="2024-12-25T02:43:43" DepthTag="3.045">1.632 19.905 38.453 0.000 50.328 19.905 </Samples>
		<Samples TimeTag="2024-12-25T02:43:46" DepthTag="3.148">2.406 19.982 39.557 0.000 49.900 19.982 </Samples>
		<Samples TimeTag="2024-12-25T02:43:48" DepthTag="3.249">2.693 20.043 38.647 0.000 51.582 20.043 </Samples>
		<Samples TimeTag="2024-12-25T02:43:51" DepthTag="3.352">2.217 20.074 41.343 0.000 53.659 20.074 </Samples>
		<Samples TimeTag="2024-12-25T02:43:55" DepthTag="3.455">1.536 20.135 41.314 0.000 60.610 20.135 </Samples>
		<Samples TimeTag="2024-12-25T02:44:38" DepthTag="3.555">0.353 14.413 48.195 0.000 70.201 14.413 </Samples>
		<Samples TimeTag="2024-12-25T02:44:43" DepthTag="3.659">1.160 17.763 52.771 0.000 63.361 17.763 </Samples>
		<Samples TimeTag="2024-12-25T02:44:47" DepthTag="3.760">1.372 19.018 51.442 0.000 66.373 19.018 </Samples>
		<Samples TimeTag="2024-12-25T02:44:50" DepthTag="3.864">2.225 19.538 53.723 0.000 59.191 19.538 </Samples>
		<Samples TimeTag="2024-12-25T02:44:53" DepthTag="3.966">2.398 19.829 53.756 0.000 63.408 19.829 </Samples>
		<Samples TimeTag="2024-12-25T02:44:56" DepthTag="4.068">2.170 20.181 53.516 0.000 63.279 20.181 </Samples>
		<Samples TimeTag="2024-12-25T02:44:58" DepthTag="4.171">3.089 20.349 53.826 0.000 65.362 20.349 </Samples>
		<Samples TimeTag="2024-12-25T02:45:00" DepthTag="4.277">2.262 20.487 54.897 0.000 63.655 20.487 </Samples>
		<Samples TimeTag="2024-12-25T02:45:03" DepthTag="4.386">2.717 20.640 52.316 0.000 59.303 20.640 </Samples>
		<Samples TimeTag="2024-12-25T02:45:05" DepthTag="4.487">3.026 20.686 53.308 0.000 56.523 20.686 </Samples>
		<Samples TimeTag="2024-12-25T02:45:07" DepthTag="4.592">2.903 20.747 53.158 0.000 51.905 20.747 </Samples>
		<Samples TimeTag="2024-12-25T02:45:10" DepthTag="4.696">2.369 20.686 55.049 0.000 65.921 20.686 </Samples>
		<Samples TimeTag="2024-12-25T02:45:12" DepthTag="4.798">2.820 20.716 49.409 0.000 63.320 20.716 </Samples>
		<Samples TimeTag="2024-12-25T02:45:13" DepthTag="4.910">4.659 20.670 52.293 0.000 60.430 20.670 </Samples>
		<Samples TimeTag="2024-12-25T02:45:15" DepthTag="5.017">3.185 20.640 55.586 0.000 58.243 20.640 </Samples>
		<Samples TimeTag="2024-12-25T02:45:18" DepthTag="5.125">2.316 20.502 53.842 0.000 59.490 20.502 </Samples>
		<Samples TimeTag="2024-12-25T02:45:20" DepthTag="5.226">2.783 20.624 53.768 0.000 54.998 20.624 </Samples>
		<Samples TimeTag="2024-12-25T02:45:23" DepthTag="5.326">2.348 20.701 54.587 0.000 55.748 20.701 </Samples>
		<Samples TimeTag="2024-12-25T02:45:26" DepthTag="5.428">2.190 20.686 54.714 0.000 58.878 20.686 </Samples>
		<Samples TimeTag="2024-12-25T02:45:29" DepthTag="5.529">1.972 20.364 55.255 0.000 58.965 20.364 </Samples>
		<Samples TimeTag="2024-12-25T02:45:32" DepthTag="5.635">1.773 20.273 54.217 0.000 60.604 20.273 </Samples>
		<Samples TimeTag="2024-12-25T02:45:35" DepthTag="5.737">2.540 20.410 53.418 0.000 58.620 20.410 </Samples>
		<Samples TimeTag="2024-12-25T02:45:37" DepthTag="5.838">3.018 20.487 53.853 0.000 54.676 20.487 </Samples>
		<Samples TimeTag="2024-12-25T02:45:39" DepthTag="5.939">2.602 20.594 53.607 0.000 70.015 20.594 </Samples>
		<Samples TimeTag="2024-12-25T02:45:41" DepthTag="6.040">2.529 20.594 52.264 0.000 66.058 20.594 </Samples>
		<Samples TimeTag="2024-12-25T02:45:45" DepthTag="6.142">1.699 20.579 52.024 0.000 66.705 20.579 </Samples>
		<Samples TimeTag="2024-12-25T02:45:48" DepthTag="6.244">2.310 20.624 51.864 0.000 64.934 20.624 </Samples>
		<Samples TimeTag="2024-12-25T02:45:51" DepthTag="6.348">1.858 20.563 55.130 0.000 66.156 20.563 </Samples>
		<Samples TimeTag="2024-12-25T02:45:55" DepthTag="6.455">1.600 20.670 52.557 0.000 67.587 20.670 </Samples>
		<Samples TimeTag="2024-12-25T02:45:59" DepthTag="6.558">1.392 20.487 55.186 0.000 64.499 20.487 </Samples>
		<Samples TimeTag="2024-12-25T02:46:03" DepthTag="6.659">1.894 20.624 53.296 0.000 65.732 20.624 </Samples>
		<Samples TimeTag="2024-12-25T02:46:05" DepthTag="6.761">2.528 20.640 52.389 0.000 64.338 20.640 </Samples>
		<Samples TimeTag="2024-12-25T02:46:08" DepthTag="6.866">2.018 20.701 53.450 0.000 65.784 20.701 </Samples>
		<Samples TimeTag="2024-12-25T02:46:11" DepthTag="6.976">2.168 20.655 53.516 0.000 64.022 20.655 </Samples>
		<Samples TimeTag="2024-12-25T02:46:13" DepthTag="7.082">3.170 20.915 55.318 0.000 58.751 20.915 </Samples>
		<Samples TimeTag="2024-12-25T02:46:17" DepthTag="7.184">1.690 20.869 55.102 0.000 67.533 20.869 </Samples>
		<Samples TimeTag="2024-12-25T02:46:23" DepthTag="7.289">1.019 20.548 52.841 0.000 65.824 20.548 </Samples>
		<Samples TimeTag="2024-12-25T02:46:25" DepthTag="7.389">2.504 20.777 53.653 0.000 59.095 20.777 </Samples>
		<Samples TimeTag="2024-12-25T02:46:30" DepthTag="7.492">1.245 20.135 41.308 0.000 62.641 20.135 </Samples>
		<Samples TimeTag="2024-12-25T02:46:35" DepthTag="7.596">1.234 19.064 41.354 0.000 56.026 19.064 </Samples>
	</CompactMWDdata>
	<IR:GenTrailer>
		<IR:FileCloseDate>2024-12-25T02:48:15</IR:FileCloseDate>
		<IR:ChkSum>1213921748</IR:ChkSum>
	</IR:GenTrailer>
</DRMWD>
