<?xml version="1.0" encoding="UTF-8"?>
<!-- Generated by the RCS System Epiroc Rock Drills AB -->
<DRMWD xmlns="http://www.iredes.org/xml/DrillRig" xmlns:IR="http://www.iredes.org/xml" xmlns:xsi="http://www.w3.org/2001/XMLSchema-instance" xsi:schemaLocation="http://www.iredes.org/xml/DrillRig C:\Iredes\IR_V1.2.3\xml\DR-DrillRig_V1.2\DrillRig.xsd" IRVersion="V 1.2AC" IRDownwCompat="V 1.2AC" DRMWDDownwCompat="V 1.2AC" DRMWDVersion="V 1.2AC">
	<IR:GenHead>
		<IR:FileCreateDate>2024-12-26T16:13:48</IR:FileCreateDate>
		<IR:IRversion DownwCompat="V 1.0">V 1.2AC</IR:IRversion>
		<IR:EquipmentInfo>
			<IR:EqpManufact>Epiroc</IR:EqpManufact>
			<IR:EqpType>SmartROC D65</IR:EqpType>
			<IR:EqpSerNo>8992013064</IR:EqpSerNo>
			<IR:EqpSysVer>6.28.1</IR:EqpSysVer>
			<IR:EqpInfo>DrillingMethod: DTH</IR:EqpInfo>
		</IR:EquipmentInfo>
	</IR:GenHead>
	<IR:ReportId>MWDRI261613</IR:ReportId>
	<IR:StartLogTime>2024-12-26T16:06:25</IR:StartLogTime>
	<IR:EndLogTime>2024-12-26T16:12:15</IR:EndLogTime>
	<IR:PlanIdRef>FRD03_11_0626_001_All</IR:PlanIdRef>
	<IR:PlanNameRef>FRD03_11_0626_001_All</IR:PlanNameRef>
	<MWDholeId>A81</MWDholeId>
	<QualityReportIdRef>DQRI261457</QualityReportIdRef>
	<SampleDistance>0.100</SampleDistance>
	<CompactMWDdata>
		<MWDparams>
			<Parameter Unit="m/min" Full="PenetrRate">PR</Parameter>
			<Parameter Unit="Bar" Full="PercPressure">PP</Parameter>
			<Parameter Unit="Bar" Full="FeedPressure">FP</Parameter>
			<Parameter Unit="Bar" Full="DampPressure">DP</Parameter>
			<Parameter Unit="Bar" Full="RotPressure">RP</Parameter>
			<Parameter Unit="Bar" Full="FlushPressure">FLP</Parameter>
		</MWDparams>
		<Samples TimeTag="2024-12-26T16:06:25" DepthTag="0.102">1.842 10.113 45.841 0.000 20.392 10.113 </Samples>
		<Samples TimeTag="2024-12-26T16:06:31" DepthTag="0.207">1.085 13.602 38.029 0.000 20.476 13.602 </Samples>
		<Samples TimeTag="2024-12-26T16:06:33" DepthTag="0.323">3.102 14.000 35.219 0.000 29.657 14.000 </Samples>
		<Samples TimeTag="2024-12-26T16:06:35" DepthTag="0.430">3.220 14.214 40.429 0.000 34.930 14.214 </Samples>
		<Samples TimeTag="2024-12-26T16:06:55" DepthTag="0.533">0.772 6.931 48.104 0.000 44.166 6.931 </Samples>
		<Samples TimeTag="2024-12-26T16:06:59" DepthTag="0.636">1.404 12.010 42.426 0.000 38.294 12.010 </Samples>
		<Samples TimeTag="2024-12-26T16:07:03" DepthTag="0.736">1.599 14.000 40.180 0.000 32.475 14.000 </Samples>
		<Samples TimeTag="2024-12-26T16:07:06" DepthTag="0.841">1.963 14.596 39.599 0.000 34.427 14.596 </Samples>
		<Samples TimeTag="2024-12-26T16:07:10" DepthTag="0.943">1.901 14.933 41.092 0.000 36.990 14.933 </Samples>
		<Samples TimeTag="2024-12-26T16:07:41" DepthTag="1.045">0.710 7.038 40.156 0.000 29.056 7.038 </Samples>
		<Samples TimeTag="2024-12-26T16:07:45" DepthTag="1.146">1.407 11.169 39.028 0.000 50.635 11.169 </Samples>
		<Samples TimeTag="2024-12-26T16:07:49" DepthTag="1.246">1.665 13.357 40.479 0.000 46.750 13.357 </Samples>
		<Samples TimeTag="2024-12-26T16:07:52" DepthTag="1.347">1.885 14.076 38.325 0.000 45.869 14.076 </Samples>
		<Samples TimeTag="2024-12-26T16:07:55" DepthTag="1.454">2.661 14.428 39.313 0.000 39.014 14.428 </Samples>
		<Samples TimeTag="2024-12-26T16:08:22" DepthTag="1.567">1.033 5.829 32.546 0.000 26.162 5.829 </Samples>
		<Samples TimeTag="2024-12-26T16:08:27" DepthTag="1.670">1.475 13.250 41.988 0.000 53.850 13.250 </Samples>
		<Samples TimeTag="2024-12-26T16:08:29" DepthTag="1.772">2.387 15.269 41.544 0.000 37.685 15.269 </Samples>
		<Samples TimeTag="2024-12-26T16:08:33" DepthTag="1.872">1.569 16.463 42.416 0.000 48.351 16.463 </Samples>
		<Samples TimeTag="2024-12-26T16:08:37" DepthTag="1.974">1.458 17.059 40.778 0.000 49.639 17.059 </Samples>
		<Samples TimeTag="2024-12-26T16:08:40" DepthTag="2.074">1.877 17.365 39.905 0.000 40.847 17.365 </Samples>
		<Samples TimeTag="2024-12-26T16:08:43" DepthTag="2.180">2.263 17.702 39.977 0.000 35.492 17.702 </Samples>
		<Samples TimeTag="2024-12-26T16:08:46" DepthTag="2.288">2.309 17.947 39.549 0.000 33.565 17.947 </Samples>
		<Samples TimeTag="2024-12-26T16:08:50" DepthTag="2.388">1.498 17.947 40.894 0.000 45.370 17.947 </Samples>
		<Samples TimeTag="2024-12-26T16:08:54" DepthTag="2.492">1.494 17.947 41.466 0.000 42.893 17.947 </Samples>
		<Samples TimeTag="2024-12-26T16:09:23" DepthTag="2.596">0.873 5.370 35.944 0.000 29.030 5.370 </Samples>
		<Samples TimeTag="2024-12-26T16:09:30" DepthTag="2.698">0.901 15.315 41.531 0.000 49.838 15.315 </Samples>
		<Samples TimeTag="2024-12-26T16:09:38" DepthTag="2.801">0.806 17.090 40.007 0.000 43.295 17.090 </Samples>
		<Samples TimeTag="2024-12-26T16:09:43" DepthTag="2.901">1.210 17.534 38.917 0.000 42.920 17.534 </Samples>
		<Samples TimeTag="2024-12-26T16:09:47" DepthTag="3.005">1.417 17.763 39.663 0.000 45.627 17.763 </Samples>
		<Samples TimeTag="2024-12-26T16:09:52" DepthTag="3.112">1.453 17.886 38.636 0.000 44.155 17.886 </Samples>
		<Samples TimeTag="2024-12-26T16:09:56" DepthTag="3.214">1.462 18.008 39.624 0.000 42.663 18.008 </Samples>
		<Samples TimeTag="2024-12-26T16:10:01" DepthTag="3.318">1.202 18.023 41.377 0.000 46.133 18.023 </Samples>
		<Samples TimeTag="2024-12-26T16:10:07" DepthTag="3.420">1.089 18.069 40.870 0.000 46.873 18.069 </Samples>
		<Samples TimeTag="2024-12-26T16:10:47" DepthTag="3.560">0.641 4.055 25.835 0.000 27.048 4.055 </Samples>
		<Samples TimeTag="2024-12-26T16:10:51" DepthTag="3.661">1.306 13.143 42.124 0.000 53.782 13.143 </Samples>
		<Samples TimeTag="2024-12-26T16:10:55" DepthTag="3.762">1.451 15.713 40.594 0.000 42.407 15.713 </Samples>
		<Samples TimeTag="2024-12-26T16:10:59" DepthTag="3.864">1.694 16.585 40.168 0.000 51.166 16.585 </Samples>
		<Samples TimeTag="2024-12-26T16:11:03" DepthTag="3.965">1.672 17.105 39.751 0.000 37.774 17.105 </Samples>
		<Samples TimeTag="2024-12-26T16:11:06" DepthTag="4.068">2.081 17.534 40.125 0.000 38.863 17.534 </Samples>
		<Samples TimeTag="2024-12-26T16:11:09" DepthTag="4.173">2.079 17.901 39.696 0.000 36.385 17.901 </Samples>
		<Samples TimeTag="2024-12-26T16:11:11" DepthTag="4.278">2.443 18.008 38.025 0.000 34.752 18.008 </Samples>
		<Samples TimeTag="2024-12-26T16:11:15" DepthTag="4.385">1.785 18.008 39.770 0.000 44.679 18.008 </Samples>
		<Samples TimeTag="2024-12-26T16:11:17" DepthTag="4.488">2.406 18.039 39.085 0.000 45.964 18.039 </Samples>
		<Samples TimeTag="2024-12-26T16:11:20" DepthTag="4.598">2.500 18.023 38.416 0.000 40.495 18.023 </Samples>
		<Samples TimeTag="2024-12-26T16:11:23" DepthTag="4.701">2.196 18.039 40.179 0.000 52.872 18.039 </Samples>
		<Samples TimeTag="2024-12-26T16:11:26" DepthTag="4.809">2.007 18.054 41.171 0.000 47.379 18.054 </Samples>
		<Samples TimeTag="2024-12-26T16:11:29" DepthTag="4.910">2.368 17.993 41.416 0.000 39.965 17.993 </Samples>
		<Samples TimeTag="2024-12-26T16:11:32" DepthTag="5.014">1.736 17.855 41.386 0.000 44.772 17.855 </Samples>
		<Samples TimeTag="2024-12-26T16:11:34" DepthTag="5.116">2.810 17.962 40.463 0.000 41.925 17.962 </Samples>
		<Samples TimeTag="2024-12-26T16:11:37" DepthTag="5.220">2.222 17.840 37.662 0.000 31.293 17.840 </Samples>
		<Samples TimeTag="2024-12-26T16:11:40" DepthTag="5.321">2.163 17.717 40.682 0.000 42.299 17.717 </Samples>
		<Samples TimeTag="2024-12-26T16:11:43" DepthTag="5.426">1.819 17.518 38.720 0.000 33.589 17.518 </Samples>
		<Samples TimeTag="2024-12-26T16:11:46" DepthTag="5.533">2.509 17.549 39.471 0.000 34.021 17.549 </Samples>
		<Samples TimeTag="2024-12-26T16:11:49" DepthTag="5.641">2.186 17.442 39.843 0.000 30.248 17.442 </Samples>
		<Samples TimeTag="2024-12-26T16:11:52" DepthTag="5.742">2.292 17.427 40.060 0.000 30.568 17.427 </Samples>
		<Samples TimeTag="2024-12-26T16:11:55" DepthTag="5.843">2.047 17.518 40.392 0.000 35.165 17.518 </Samples>
		<Samples TimeTag="2024-12-26T16:11:59" DepthTag="5.950">1.499 17.411 39.585 0.000 43.825 17.411 </Samples>
		<Samples TimeTag="2024-12-26T16:12:01" DepthTag="6.055">2.708 17.427 40.409 0.000 45.698 17.427 </Samples>
		<Samples TimeTag="2024-12-26T16:12:04" DepthTag="6.160">2.399 17.488 39.237 0.000 35.416 17.488 </Samples>
		<Samples TimeTag="2024-12-26T16:12:06" DepthTag="6.263">2.841 17.564 39.479 0.000 35.910 17.564 </Samples>
		<Samples TimeTag="2024-12-26T16:12:09" DepthTag="6.366">2.035 17.534 40.316 0.000 38.576 17.534 </Samples>
		<Samples TimeTag="2024-12-26T16:12:12" DepthTag="6.471">2.445 17.702 36.920 0.000 38.907 17.702 </Samples>
		<Samples TimeTag="2024-12-26T16:12:15" DepthTag="6.574">2.079 17.733 38.352 0.000 42.623 17.733 </Samples>
	</CompactMWDdata>
	<IR:GenTrailer>
		<IR:FileCloseDate>2024-12-26T16:13:48</IR:FileCloseDate>
		<IR:ChkSum>0937275558</IR:ChkSum>
	</IR:GenTrailer>
</DRMWD>
