<?xml version="1.0" encoding="UTF-8"?>
<!-- Generated by the RCS System Epiroc Rock Drills AB -->
<DRMWD xmlns="http://www.iredes.org/xml/DrillRig" xmlns:IR="http://www.iredes.org/xml" xmlns:xsi="http://www.w3.org/2001/XMLSchema-instance" xsi:schemaLocation="http://www.iredes.org/xml/DrillRig C:\Iredes\IR_V1.2.3\xml\DR-DrillRig_V1.2\DrillRig.xsd" IRVersion="V 1.2AC" IRDownwCompat="V 1.2AC" DRMWDDownwCompat="V 1.2AC" DRMWDVersion="V 1.2AC">
	<IR:GenHead>
		<IR:FileCreateDate>2024-12-26T03:25:36</IR:FileCreateDate>
		<IR:IRversion DownwCompat="V 1.0">V 1.2AC</IR:IRversion>
		<IR:EquipmentInfo>
			<IR:EqpManufact>Epiroc</IR:EqpManufact>
			<IR:EqpType>SmartROC D65</IR:EqpType>
			<IR:EqpSerNo>8992013064</IR:EqpSerNo>
			<IR:EqpSysVer>6.28.1</IR:EqpSysVer>
			<IR:EqpInfo>DrillingMethod: DTH</IR:EqpInfo>
		</IR:EquipmentInfo>
	</IR:GenHead>
	<IR:ReportId>MWDRI260325</IR:ReportId>
	<IR:StartLogTime>2024-12-26T03:16:25</IR:StartLogTime>
	<IR:EndLogTime>2024-12-26T03:22:29</IR:EndLogTime>
	<IR:PlanIdRef>FRD03_11_0632_002_All</IR:PlanIdRef>
	<IR:PlanNameRef>FRD03_11_0632_002_All</IR:PlanNameRef>
	<MWDholeId>D5</MWDholeId>
	<QualityReportIdRef>DQRI252345</QualityReportIdRef>
	<SampleDistance>0.100</SampleDistance>
	<CompactMWDdata>
		<MWDparams>
			<Parameter Unit="m/min" Full="PenetrRate">PR</Parameter>
			<Parameter Unit="Bar" Full="PercPressure">PP</Parameter>
			<Parameter Unit="Bar" Full="FeedPressure">FP</Parameter>
			<Parameter Unit="Bar" Full="DampPressure">DP</Parameter>
			<Parameter Unit="Bar" Full="RotPressure">RP</Parameter>
			<Parameter Unit="Bar" Full="FlushPressure">FLP</Parameter>
		</MWDparams>
		<Samples TimeTag="2024-12-26T03:16:25" DepthTag="0.100">0.401 14.764 40.851 0.000 48.480 14.764 </Samples>
		<Samples TimeTag="2024-12-26T03:16:34" DepthTag="0.201">0.655 14.918 39.347 0.000 55.466 14.918 </Samples>
		<Samples TimeTag="2024-12-26T03:16:46" DepthTag="0.303">0.499 14.948 39.850 0.000 48.494 14.948 </Samples>
		<Samples TimeTag="2024-12-26T03:16:53" DepthTag="0.404">0.841 15.116 39.990 0.000 56.352 15.116 </Samples>
		<Samples TimeTag="2024-12-26T03:16:59" DepthTag="0.507">1.032 14.382 34.491 0.000 49.923 14.382 </Samples>
		<Samples TimeTag="2024-12-26T03:17:20" DepthTag="0.607">0.735 10.465 44.110 0.000 45.471 10.465 </Samples>
		<Samples TimeTag="2024-12-26T03:17:25" DepthTag="0.710">1.216 13.770 39.482 0.000 50.549 13.770 </Samples>
		<Samples TimeTag="2024-12-26T03:17:31" DepthTag="0.812">1.061 14.688 40.792 0.000 52.678 14.688 </Samples>
		<Samples TimeTag="2024-12-26T03:17:38" DepthTag="0.914">0.935 15.009 39.855 0.000 49.779 15.009 </Samples>
		<Samples TimeTag="2024-12-26T03:18:04" DepthTag="1.035">0.870 3.351 35.759 0.000 45.748 3.351 </Samples>
		<Samples TimeTag="2024-12-26T03:18:11" DepthTag="1.136">0.947 12.378 42.355 0.000 49.386 12.378 </Samples>
		<Samples TimeTag="2024-12-26T03:18:18" DepthTag="1.238">0.875 14.734 40.270 0.000 49.007 14.734 </Samples>
		<Samples TimeTag="2024-12-26T03:18:24" DepthTag="1.339">0.940 15.055 39.116 0.000 58.863 15.055 </Samples>
		<Samples TimeTag="2024-12-26T03:18:28" DepthTag="1.440">1.379 15.101 39.685 0.000 49.537 15.101 </Samples>
		<Samples TimeTag="2024-12-26T03:19:00" DepthTag="1.542">0.723 4.972 30.780 0.000 35.869 4.972 </Samples>
		<Samples TimeTag="2024-12-26T03:19:06" DepthTag="1.645">0.970 14.918 40.644 0.000 52.413 14.918 </Samples>
		<Samples TimeTag="2024-12-26T03:19:11" DepthTag="1.747">1.463 16.325 39.410 0.000 47.656 16.325 </Samples>
		<Samples TimeTag="2024-12-26T03:19:15" DepthTag="1.849">1.529 17.029 40.218 0.000 47.536 17.029 </Samples>
		<Samples TimeTag="2024-12-26T03:19:18" DepthTag="1.954">1.736 17.411 39.690 0.000 44.843 17.411 </Samples>
		<Samples TimeTag="2024-12-26T03:19:21" DepthTag="2.057">1.931 17.656 39.290 0.000 42.904 17.656 </Samples>
		<Samples TimeTag="2024-12-26T03:19:25" DepthTag="2.162">1.869 17.855 40.062 0.000 42.217 17.855 </Samples>
		<Samples TimeTag="2024-12-26T03:19:28" DepthTag="2.263">2.047 17.962 40.268 0.000 41.600 17.962 </Samples>
		<Samples TimeTag="2024-12-26T03:19:31" DepthTag="2.367">1.803 18.115 40.254 0.000 41.769 18.115 </Samples>
		<Samples TimeTag="2024-12-26T03:19:34" DepthTag="2.472">2.121 18.192 39.462 0.000 42.201 18.192 </Samples>
		<Samples TimeTag="2024-12-26T03:20:06" DepthTag="2.578">0.793 4.360 26.797 0.000 36.180 4.360 </Samples>
		<Samples TimeTag="2024-12-26T03:20:10" DepthTag="2.681">1.487 12.592 43.479 0.000 53.796 12.592 </Samples>
		<Samples TimeTag="2024-12-26T03:20:15" DepthTag="2.787">1.257 15.973 40.157 0.000 44.969 15.973 </Samples>
		<Samples TimeTag="2024-12-26T03:20:19" DepthTag="2.889">1.527 16.968 39.166 0.000 43.911 16.968 </Samples>
		<Samples TimeTag="2024-12-26T03:20:23" DepthTag="2.993">1.946 17.442 38.778 0.000 49.477 17.442 </Samples>
		<Samples TimeTag="2024-12-26T03:20:25" DepthTag="3.094">2.508 17.610 39.001 0.000 47.337 17.610 </Samples>
		<Samples TimeTag="2024-12-26T03:20:28" DepthTag="3.197">2.420 17.763 39.343 0.000 47.147 17.763 </Samples>
		<Samples TimeTag="2024-12-26T03:20:30" DepthTag="3.300">2.564 17.962 40.645 0.000 42.444 17.962 </Samples>
		<Samples TimeTag="2024-12-26T03:20:33" DepthTag="3.408">2.302 18.008 40.526 0.000 44.292 18.008 </Samples>
		<Samples TimeTag="2024-12-26T03:20:36" DepthTag="3.510">1.918 16.402 33.636 0.000 43.257 16.402 </Samples>
		<Samples TimeTag="2024-12-26T03:21:11" DepthTag="3.613">0.755 9.976 43.731 0.000 57.205 9.976 </Samples>
		<Samples TimeTag="2024-12-26T03:21:15" DepthTag="3.719">1.524 16.004 52.041 0.000 48.433 16.004 </Samples>
		<Samples TimeTag="2024-12-26T03:21:19" DepthTag="3.824">1.968 17.610 53.009 0.000 47.878 17.610 </Samples>
		<Samples TimeTag="2024-12-26T03:21:21" DepthTag="3.931">2.487 18.391 53.192 0.000 55.237 18.391 </Samples>
		<Samples TimeTag="2024-12-26T03:21:24" DepthTag="4.041">2.508 18.972 52.976 0.000 48.939 18.972 </Samples>
		<Samples TimeTag="2024-12-26T03:21:26" DepthTag="4.150">3.238 19.247 55.292 0.000 50.203 19.247 </Samples>
		<Samples TimeTag="2024-12-26T03:21:32" DepthTag="4.254">1.057 19.309 54.422 0.000 49.032 19.309 </Samples>
		<Samples TimeTag="2024-12-26T03:21:35" DepthTag="4.361">1.996 19.538 52.234 0.000 48.392 19.538 </Samples>
		<Samples TimeTag="2024-12-26T03:21:38" DepthTag="4.470">2.474 19.768 52.926 0.000 37.700 19.768 </Samples>
		<Samples TimeTag="2024-12-26T03:21:40" DepthTag="4.570">2.346 20.028 53.767 0.000 36.841 20.028 </Samples>
		<Samples TimeTag="2024-12-26T03:21:43" DepthTag="4.675">2.607 20.165 53.349 0.000 38.745 20.165 </Samples>
		<Samples TimeTag="2024-12-26T03:21:45" DepthTag="4.780">2.384 20.150 55.564 0.000 41.798 20.150 </Samples>
		<Samples TimeTag="2024-12-26T03:21:49" DepthTag="4.885">1.511 20.012 54.509 0.000 46.315 20.012 </Samples>
		<Samples TimeTag="2024-12-26T03:21:52" DepthTag="4.986">2.517 20.181 52.717 0.000 50.140 20.181 </Samples>
		<Samples TimeTag="2024-12-26T03:21:55" DepthTag="5.097">2.363 20.257 53.852 0.000 53.206 20.257 </Samples>
		<Samples TimeTag="2024-12-26T03:21:57" DepthTag="5.205">2.711 20.334 53.256 0.000 48.340 20.334 </Samples>
		<Samples TimeTag="2024-12-26T03:21:59" DepthTag="5.316">2.775 20.426 53.411 0.000 51.342 20.426 </Samples>
		<Samples TimeTag="2024-12-26T03:22:02" DepthTag="5.419">2.245 20.502 54.229 0.000 51.357 20.502 </Samples>
		<Samples TimeTag="2024-12-26T03:22:05" DepthTag="5.531">2.554 20.364 52.758 0.000 49.014 20.364 </Samples>
		<Samples TimeTag="2024-12-26T03:22:07" DepthTag="5.640">2.703 20.456 53.869 0.000 52.407 20.456 </Samples>
		<Samples TimeTag="2024-12-26T03:22:10" DepthTag="5.744">2.591 20.395 54.954 0.000 55.406 20.395 </Samples>
		<Samples TimeTag="2024-12-26T03:22:12" DepthTag="5.847">2.860 20.334 53.528 0.000 55.071 20.334 </Samples>
		<Samples TimeTag="2024-12-26T03:22:14" DepthTag="5.951">3.123 20.288 52.102 0.000 48.424 20.288 </Samples>
		<Samples TimeTag="2024-12-26T03:22:16" DepthTag="6.053">3.048 20.318 55.563 0.000 52.265 20.318 </Samples>
		<Samples TimeTag="2024-12-26T03:22:19" DepthTag="6.154">2.152 20.227 53.392 0.000 49.875 20.227 </Samples>
		<Samples TimeTag="2024-12-26T03:22:21" DepthTag="6.261">2.674 20.334 53.050 0.000 44.551 20.334 </Samples>
		<Samples TimeTag="2024-12-26T03:22:23" DepthTag="6.364">2.557 20.227 54.094 0.000 38.798 20.227 </Samples>
		<Samples TimeTag="2024-12-26T03:22:26" DepthTag="6.469">2.461 19.569 42.312 0.000 36.271 19.569 </Samples>
		<Samples TimeTag="2024-12-26T03:22:29" DepthTag="6.577">2.453 18.972 41.133 0.000 37.294 18.972 </Samples>
	</CompactMWDdata>
	<IR:GenTrailer>
		<IR:FileCloseDate>2024-12-26T03:25:36</IR:FileCloseDate>
		<IR:ChkSum>1909204647</IR:ChkSum>
	</IR:GenTrailer>
</DRMWD>
