<?xml version="1.0" encoding="UTF-8"?>
<!-- Generated by the RCS System Epiroc Rock Drills AB -->
<DRMWD xmlns="http://www.iredes.org/xml/DrillRig" xmlns:IR="http://www.iredes.org/xml" xmlns:xsi="http://www.w3.org/2001/XMLSchema-instance" xsi:schemaLocation="http://www.iredes.org/xml/DrillRig C:\Iredes\IR_V1.2.3\xml\DR-DrillRig_V1.2\DrillRig.xsd" IRVersion="V 1.2AC" IRDownwCompat="V 1.2AC" DRMWDDownwCompat="V 1.2AC" DRMWDVersion="V 1.2AC">
	<IR:GenHead>
		<IR:FileCreateDate>2024-12-25T22:44:23</IR:FileCreateDate>
		<IR:IRversion DownwCompat="V 1.0">V 1.2AC</IR:IRversion>
		<IR:EquipmentInfo>
			<IR:EqpManufact>Epiroc</IR:EqpManufact>
			<IR:EqpType>SmartROC D65</IR:EqpType>
			<IR:EqpSerNo>8992013064</IR:EqpSerNo>
			<IR:EqpSysVer>6.28.1</IR:EqpSysVer>
			<IR:EqpInfo>DrillingMethod: DTH</IR:EqpInfo>
		</IR:EquipmentInfo>
	</IR:GenHead>
	<IR:ReportId>MWDRI252244</IR:ReportId>
	<IR:StartLogTime>2024-12-25T22:37:14</IR:StartLogTime>
	<IR:EndLogTime>2024-12-25T22:43:36</IR:EndLogTime>
	<IR:PlanIdRef>FRD03_11_0632_003_All</IR:PlanIdRef>
	<IR:PlanNameRef>FRD03_11_0632_003_All</IR:PlanNameRef>
	<MWDholeId>A14</MWDholeId>
	<QualityReportIdRef>DQRI250804</QualityReportIdRef>
	<SampleDistance>0.100</SampleDistance>
	<CompactMWDdata>
		<MWDparams>
			<Parameter Unit="m/min" Full="PenetrRate">PR</Parameter>
			<Parameter Unit="Bar" Full="PercPressure">PP</Parameter>
			<Parameter Unit="Bar" Full="FeedPressure">FP</Parameter>
			<Parameter Unit="Bar" Full="DampPressure">DP</Parameter>
			<Parameter Unit="Bar" Full="RotPressure">RP</Parameter>
			<Parameter Unit="Bar" Full="FlushPressure">FLP</Parameter>
		</MWDparams>
		<Samples TimeTag="2024-12-25T22:37:14" DepthTag="0.109">0.467 8.446 34.822 0.000 45.567 8.446 </Samples>
		<Samples TimeTag="2024-12-25T22:37:18" DepthTag="0.212">1.487 12.515 41.037 0.000 60.604 12.515 </Samples>
		<Samples TimeTag="2024-12-25T22:37:21" DepthTag="0.313">2.168 13.801 39.364 0.000 38.951 13.801 </Samples>
		<Samples TimeTag="2024-12-25T22:37:24" DepthTag="0.415">1.584 14.550 41.854 0.000 50.137 14.550 </Samples>
		<Samples TimeTag="2024-12-25T22:37:28" DepthTag="0.518">1.571 14.841 38.728 0.000 48.975 14.841 </Samples>
		<Samples TimeTag="2024-12-25T22:37:53" DepthTag="0.620">0.787 11.276 42.489 0.000 49.948 11.276 </Samples>
		<Samples TimeTag="2024-12-25T22:37:57" DepthTag="0.723">1.602 13.678 41.109 0.000 53.500 13.678 </Samples>
		<Samples TimeTag="2024-12-25T22:38:01" DepthTag="0.824">1.608 14.535 37.995 0.000 50.554 14.535 </Samples>
		<Samples TimeTag="2024-12-25T22:38:04" DepthTag="0.928">1.724 14.902 41.598 0.000 47.732 14.902 </Samples>
		<Samples TimeTag="2024-12-25T22:38:08" DepthTag="1.028">1.448 15.116 40.163 0.000 48.851 15.116 </Samples>
		<Samples TimeTag="2024-12-25T22:38:39" DepthTag="1.130">0.691 11.582 42.351 0.000 56.425 11.582 </Samples>
		<Samples TimeTag="2024-12-25T22:38:43" DepthTag="1.234">1.562 13.862 40.855 0.000 49.481 13.862 </Samples>
		<Samples TimeTag="2024-12-25T22:38:48" DepthTag="1.336">1.340 14.657 41.235 0.000 55.404 14.657 </Samples>
		<Samples TimeTag="2024-12-25T22:38:54" DepthTag="1.439">0.953 14.994 39.336 0.000 52.894 14.994 </Samples>
		<Samples TimeTag="2024-12-25T22:38:59" DepthTag="1.541">1.277 15.101 39.128 0.000 54.323 15.101 </Samples>
		<Samples TimeTag="2024-12-25T22:39:34" DepthTag="1.643">0.684 13.066 44.955 0.000 48.468 13.066 </Samples>
		<Samples TimeTag="2024-12-25T22:39:38" DepthTag="1.747">1.554 15.728 39.675 0.000 46.093 15.728 </Samples>
		<Samples TimeTag="2024-12-25T22:39:44" DepthTag="1.849">0.897 17.075 39.870 0.000 48.566 17.075 </Samples>
		<Samples TimeTag="2024-12-25T22:39:49" DepthTag="1.950">1.369 17.580 40.918 0.000 48.975 17.580 </Samples>
		<Samples TimeTag="2024-12-25T22:39:53" DepthTag="2.057">1.457 17.794 37.709 0.000 48.662 17.794 </Samples>
		<Samples TimeTag="2024-12-25T22:39:57" DepthTag="2.158">1.677 17.932 38.023 0.000 46.750 17.932 </Samples>
		<Samples TimeTag="2024-12-25T22:39:59" DepthTag="2.266">2.786 17.916 38.172 0.000 33.320 17.916 </Samples>
		<Samples TimeTag="2024-12-25T22:40:01" DepthTag="2.369">2.759 17.978 39.493 0.000 38.119 17.978 </Samples>
		<Samples TimeTag="2024-12-25T22:40:04" DepthTag="2.470">2.048 17.932 41.008 0.000 39.747 17.932 </Samples>
		<Samples TimeTag="2024-12-25T22:40:07" DepthTag="2.576">2.090 18.008 38.744 0.000 44.614 18.008 </Samples>
		<Samples TimeTag="2024-12-25T22:40:37" DepthTag="2.679">0.965 7.956 48.277 0.000 55.525 7.956 </Samples>
		<Samples TimeTag="2024-12-25T22:40:43" DepthTag="2.782">1.177 14.719 42.517 0.000 50.201 14.719 </Samples>
		<Samples TimeTag="2024-12-25T22:40:46" DepthTag="2.885">2.078 15.927 39.032 0.000 38.081 15.927 </Samples>
		<Samples TimeTag="2024-12-25T22:40:51" DepthTag="2.986">1.223 16.922 41.636 0.000 48.176 16.922 </Samples>
		<Samples TimeTag="2024-12-25T22:40:56" DepthTag="3.089">1.058 17.427 39.179 0.000 47.912 17.427 </Samples>
		<Samples TimeTag="2024-12-25T22:41:01" DepthTag="3.192">1.275 17.702 40.572 0.000 49.712 17.702 </Samples>
		<Samples TimeTag="2024-12-25T22:41:08" DepthTag="3.293">0.849 17.457 40.922 0.000 48.691 17.457 </Samples>
		<Samples TimeTag="2024-12-25T22:41:12" DepthTag="3.397">1.729 17.656 37.486 0.000 41.116 17.656 </Samples>
		<Samples TimeTag="2024-12-25T22:41:15" DepthTag="3.501">2.062 17.825 39.708 0.000 37.951 17.825 </Samples>
		<Samples TimeTag="2024-12-25T22:41:50" DepthTag="3.654">1.099 5.600 23.370 0.000 25.655 5.600 </Samples>
		<Samples TimeTag="2024-12-25T22:41:55" DepthTag="3.755">1.152 15.621 53.615 0.000 61.159 15.621 </Samples>
		<Samples TimeTag="2024-12-25T22:42:02" DepthTag="3.856">0.987 18.085 52.525 0.000 59.272 18.085 </Samples>
		<Samples TimeTag="2024-12-25T22:42:04" DepthTag="3.958">2.187 18.727 53.754 0.000 50.106 18.727 </Samples>
		<Samples TimeTag="2024-12-25T22:42:07" DepthTag="4.066">2.301 19.186 53.819 0.000 51.559 19.186 </Samples>
		<Samples TimeTag="2024-12-25T22:42:10" DepthTag="4.167">2.293 19.538 54.535 0.000 51.905 19.538 </Samples>
		<Samples TimeTag="2024-12-25T22:42:14" DepthTag="4.276">1.423 19.829 53.046 0.000 55.788 19.829 </Samples>
		<Samples TimeTag="2024-12-25T22:42:17" DepthTag="4.379">2.569 20.058 54.124 0.000 46.029 20.058 </Samples>
		<Samples TimeTag="2024-12-25T22:42:20" DepthTag="4.487">2.026 20.104 53.349 0.000 52.383 20.104 </Samples>
		<Samples TimeTag="2024-12-25T22:42:22" DepthTag="4.588">3.431 20.211 53.093 0.000 44.244 20.211 </Samples>
		<Samples TimeTag="2024-12-25T22:42:24" DepthTag="4.690">3.311 20.318 53.578 0.000 34.213 20.318 </Samples>
		<Samples TimeTag="2024-12-25T22:42:26" DepthTag="4.797">3.227 20.364 53.880 0.000 34.149 20.364 </Samples>
		<Samples TimeTag="2024-12-25T22:42:28" DepthTag="4.902">3.138 20.410 53.585 0.000 43.819 20.410 </Samples>
		<Samples TimeTag="2024-12-25T22:42:29" DepthTag="5.005">3.837 20.487 53.054 0.000 35.554 20.487 </Samples>
		<Samples TimeTag="2024-12-25T22:42:32" DepthTag="5.112">2.762 20.548 54.508 0.000 47.442 20.548 </Samples>
		<Samples TimeTag="2024-12-25T22:42:34" DepthTag="5.218">2.415 20.594 54.220 0.000 45.144 20.594 </Samples>
		<Samples TimeTag="2024-12-25T22:42:37" DepthTag="5.326">2.504 20.624 53.738 0.000 49.798 20.624 </Samples>
		<Samples TimeTag="2024-12-25T22:42:39" DepthTag="5.439">3.678 20.655 52.748 0.000 45.321 20.655 </Samples>
		<Samples TimeTag="2024-12-25T22:42:41" DepthTag="5.549">3.290 20.624 53.766 0.000 49.024 20.624 </Samples>
		<Samples TimeTag="2024-12-25T22:42:43" DepthTag="5.655">2.645 20.655 53.426 0.000 51.286 20.655 </Samples>
		<Samples TimeTag="2024-12-25T22:42:45" DepthTag="5.758">3.229 20.624 53.522 0.000 39.891 20.624 </Samples>
		<Samples TimeTag="2024-12-25T22:42:47" DepthTag="5.860">2.715 20.716 53.685 0.000 46.719 20.716 </Samples>
		<Samples TimeTag="2024-12-25T22:42:49" DepthTag="5.966">3.598 20.732 54.222 0.000 48.214 20.732 </Samples>
		<Samples TimeTag="2024-12-25T22:42:51" DepthTag="6.068">3.056 20.670 46.094 0.000 41.418 20.670 </Samples>
		<Samples TimeTag="2024-12-25T22:42:53" DepthTag="6.176">2.890 19.859 42.175 0.000 43.490 19.859 </Samples>
		<Samples TimeTag="2024-12-25T22:43:36" DepthTag="6.279">1.038 5.202 16.240 0.000 29.470 5.202 </Samples>
	</CompactMWDdata>
	<IR:GenTrailer>
		<IR:FileCloseDate>2024-12-25T22:44:23</IR:FileCloseDate>
		<IR:ChkSum>3483373937</IR:ChkSum>
	</IR:GenTrailer>
</DRMWD>
