<?xml version="1.0" encoding="UTF-8"?>
<!-- Generated by the RCS System Epiroc Rock Drills AB -->
<DRMWD xmlns="http://www.iredes.org/xml/DrillRig" xmlns:IR="http://www.iredes.org/xml" xmlns:xsi="http://www.w3.org/2001/XMLSchema-instance" xsi:schemaLocation="http://www.iredes.org/xml/DrillRig C:\Iredes\IR_V1.2.3\xml\DR-DrillRig_V1.2\DrillRig.xsd" IRVersion="V 1.2AC" IRDownwCompat="V 1.2AC" DRMWDDownwCompat="V 1.2AC" DRMWDVersion="V 1.2AC">
	<IR:GenHead>
		<IR:FileCreateDate>2024-12-25T08:55:56</IR:FileCreateDate>
		<IR:IRversion DownwCompat="V 1.0">V 1.2AC</IR:IRversion>
		<IR:EquipmentInfo>
			<IR:EqpManufact>Epiroc</IR:EqpManufact>
			<IR:EqpType>SmartROC D65</IR:EqpType>
			<IR:EqpSerNo>8992013064</IR:EqpSerNo>
			<IR:EqpSysVer>6.28.1</IR:EqpSysVer>
			<IR:EqpInfo>DrillingMethod: DTH</IR:EqpInfo>
		</IR:EquipmentInfo>
	</IR:GenHead>
	<IR:ReportId>MWDRI250855</IR:ReportId>
	<IR:StartLogTime>2024-12-25T08:45:23</IR:StartLogTime>
	<IR:EndLogTime>2024-12-25T08:51:49</IR:EndLogTime>
	<IR:PlanIdRef>FRD03_11_0632_003_All</IR:PlanIdRef>
	<IR:PlanNameRef>FRD03_11_0632_003_All</IR:PlanNameRef>
	<MWDholeId>B2</MWDholeId>
	<QualityReportIdRef>DQRI250804</QualityReportIdRef>
	<SampleDistance>0.100</SampleDistance>
	<CompactMWDdata>
		<MWDparams>
			<Parameter Unit="m/min" Full="PenetrRate">PR</Parameter>
			<Parameter Unit="Bar" Full="PercPressure">PP</Parameter>
			<Parameter Unit="Bar" Full="FeedPressure">FP</Parameter>
			<Parameter Unit="Bar" Full="DampPressure">DP</Parameter>
			<Parameter Unit="Bar" Full="RotPressure">RP</Parameter>
			<Parameter Unit="Bar" Full="FlushPressure">FLP</Parameter>
		</MWDparams>
		<Samples TimeTag="2024-12-25T08:45:23" DepthTag="0.104">1.340 14.443 23.157 0.000 20.544 14.443 </Samples>
		<Samples TimeTag="2024-12-25T08:45:27" DepthTag="0.206">1.385 16.218 45.101 0.000 20.601 16.218 </Samples>
		<Samples TimeTag="2024-12-25T08:45:31" DepthTag="0.320">1.546 17.197 33.653 0.000 35.554 17.197 </Samples>
		<Samples TimeTag="2024-12-25T08:45:34" DepthTag="0.423">2.852 17.365 39.649 0.000 38.172 17.365 </Samples>
		<Samples TimeTag="2024-12-25T08:45:56" DepthTag="0.525">0.763 8.308 47.220 0.000 54.074 8.308 </Samples>
		<Samples TimeTag="2024-12-25T08:46:01" DepthTag="0.627">1.237 14.688 43.261 0.000 44.129 14.688 </Samples>
		<Samples TimeTag="2024-12-25T08:46:05" DepthTag="0.728">1.257 16.310 41.089 0.000 49.207 16.310 </Samples>
		<Samples TimeTag="2024-12-25T08:46:09" DepthTag="0.832">1.651 16.922 39.945 0.000 47.217 16.922 </Samples>
		<Samples TimeTag="2024-12-25T08:46:14" DepthTag="0.938">1.330 17.381 38.800 0.000 49.336 17.381 </Samples>
		<Samples TimeTag="2024-12-25T08:46:46" DepthTag="1.039">0.646 14.933 41.428 0.000 50.102 14.933 </Samples>
		<Samples TimeTag="2024-12-25T08:46:51" DepthTag="1.139">1.118 16.463 39.911 0.000 44.672 16.463 </Samples>
		<Samples TimeTag="2024-12-25T08:46:54" DepthTag="1.240">1.886 16.937 40.511 0.000 43.091 16.937 </Samples>
		<Samples TimeTag="2024-12-25T08:46:57" DepthTag="1.344">2.224 17.274 39.121 0.000 48.663 17.274 </Samples>
		<Samples TimeTag="2024-12-25T08:47:02" DepthTag="1.447">1.225 17.610 39.843 0.000 51.699 17.610 </Samples>
		<Samples TimeTag="2024-12-25T08:47:35" DepthTag="1.550">0.630 10.679 46.487 0.000 57.404 10.679 </Samples>
		<Samples TimeTag="2024-12-25T08:47:40" DepthTag="1.655">1.226 16.478 41.114 0.000 49.221 16.478 </Samples>
		<Samples TimeTag="2024-12-25T08:47:43" DepthTag="1.760">2.071 17.641 39.046 0.000 45.753 17.641 </Samples>
		<Samples TimeTag="2024-12-25T08:47:46" DepthTag="1.862">1.822 18.452 40.049 0.000 45.310 18.452 </Samples>
		<Samples TimeTag="2024-12-25T08:47:50" DepthTag="1.964">1.765 19.018 40.971 0.000 49.370 19.018 </Samples>
		<Samples TimeTag="2024-12-25T08:47:55" DepthTag="2.068">1.299 19.507 40.504 0.000 45.010 19.507 </Samples>
		<Samples TimeTag="2024-12-25T08:47:58" DepthTag="2.172">1.664 19.722 39.745 0.000 43.493 19.722 </Samples>
		<Samples TimeTag="2024-12-25T08:48:01" DepthTag="2.274">2.170 19.844 39.000 0.000 42.733 19.844 </Samples>
		<Samples TimeTag="2024-12-25T08:48:05" DepthTag="2.382">1.620 19.890 39.106 0.000 46.987 19.890 </Samples>
		<Samples TimeTag="2024-12-25T08:48:09" DepthTag="2.486">1.560 19.783 39.402 0.000 46.234 19.783 </Samples>
		<Samples TimeTag="2024-12-25T08:48:47" DepthTag="2.587">0.436 9.027 48.161 0.000 57.220 9.027 </Samples>
		<Samples TimeTag="2024-12-25T08:48:54" DepthTag="2.691">0.867 16.937 41.479 0.000 52.928 16.937 </Samples>
		<Samples TimeTag="2024-12-25T08:48:58" DepthTag="2.798">1.609 18.115 39.234 0.000 44.098 18.115 </Samples>
		<Samples TimeTag="2024-12-25T08:49:02" DepthTag="2.899">1.372 18.865 39.785 0.000 44.120 18.865 </Samples>
		<Samples TimeTag="2024-12-25T08:49:06" DepthTag="3.001">1.624 19.156 40.324 0.000 45.949 19.156 </Samples>
		<Samples TimeTag="2024-12-25T08:49:10" DepthTag="3.103">1.463 19.492 40.553 0.000 46.952 19.492 </Samples>
		<Samples TimeTag="2024-12-25T08:49:14" DepthTag="3.204">1.513 19.630 40.046 0.000 47.272 19.630 </Samples>
		<Samples TimeTag="2024-12-25T08:49:19" DepthTag="3.306">1.175 19.768 40.243 0.000 49.132 19.768 </Samples>
		<Samples TimeTag="2024-12-25T08:49:25" DepthTag="3.408">1.017 19.492 38.671 0.000 44.457 19.492 </Samples>
		<Samples TimeTag="2024-12-25T08:49:31" DepthTag="3.509">1.076 13.082 0.453 0.000 19.298 13.082 </Samples>
		<Samples TimeTag="2024-12-25T08:50:03" DepthTag="3.610">1.082 12.118 44.555 0.000 51.288 12.118 </Samples>
		<Samples TimeTag="2024-12-25T08:50:08" DepthTag="3.715">1.207 16.906 52.979 0.000 59.442 16.906 </Samples>
		<Samples TimeTag="2024-12-25T08:50:12" DepthTag="3.817">1.466 18.375 54.225 0.000 55.389 18.375 </Samples>
		<Samples TimeTag="2024-12-25T08:50:18" DepthTag="3.917">1.002 19.186 54.602 0.000 52.929 19.186 </Samples>
		<Samples TimeTag="2024-12-25T08:50:21" DepthTag="4.021">1.845 19.615 53.910 0.000 48.172 19.615 </Samples>
		<Samples TimeTag="2024-12-25T08:50:25" DepthTag="4.122">1.889 19.813 53.036 0.000 49.512 19.813 </Samples>
		<Samples TimeTag="2024-12-25T08:50:27" DepthTag="4.222">2.784 19.982 53.014 0.000 35.617 19.982 </Samples>
		<Samples TimeTag="2024-12-25T08:50:29" DepthTag="4.328">2.635 20.104 54.046 0.000 37.321 20.104 </Samples>
		<Samples TimeTag="2024-12-25T08:50:32" DepthTag="4.435">2.657 20.288 54.133 0.000 40.836 20.288 </Samples>
		<Samples TimeTag="2024-12-25T08:50:37" DepthTag="4.537">1.177 20.150 54.241 0.000 50.951 20.150 </Samples>
		<Samples TimeTag="2024-12-25T08:50:42" DepthTag="4.638">1.113 20.150 53.440 0.000 56.943 20.150 </Samples>
		<Samples TimeTag="2024-12-25T08:50:45" DepthTag="4.741">1.982 20.303 53.029 0.000 49.083 20.303 </Samples>
		<Samples TimeTag="2024-12-25T08:50:48" DepthTag="4.843">2.176 20.426 53.826 0.000 52.758 20.426 </Samples>
		<Samples TimeTag="2024-12-25T08:50:53" DepthTag="4.943">1.256 20.318 53.977 0.000 48.292 20.318 </Samples>
		<Samples TimeTag="2024-12-25T08:50:57" DepthTag="5.045">1.513 20.364 53.072 0.000 51.273 20.364 </Samples>
		<Samples TimeTag="2024-12-25T08:51:01" DepthTag="5.150">1.571 20.395 53.538 0.000 56.433 20.395 </Samples>
		<Samples TimeTag="2024-12-25T08:51:05" DepthTag="5.258">1.804 20.410 53.991 0.000 52.159 20.410 </Samples>
		<Samples TimeTag="2024-12-25T08:51:08" DepthTag="5.359">1.676 20.410 53.313 0.000 51.210 20.410 </Samples>
		<Samples TimeTag="2024-12-25T08:51:10" DepthTag="5.462">3.072 20.502 53.378 0.000 37.348 20.502 </Samples>
		<Samples TimeTag="2024-12-25T08:51:12" DepthTag="5.564">3.079 20.579 53.282 0.000 37.547 20.579 </Samples>
		<Samples TimeTag="2024-12-25T08:51:15" DepthTag="5.671">2.666 20.517 54.023 0.000 46.794 20.517 </Samples>
		<Samples TimeTag="2024-12-25T08:51:17" DepthTag="5.779">3.232 20.624 54.011 0.000 44.539 20.624 </Samples>
		<Samples TimeTag="2024-12-25T08:51:19" DepthTag="5.880">2.363 20.609 54.006 0.000 49.369 20.609 </Samples>
		<Samples TimeTag="2024-12-25T08:51:21" DepthTag="5.985">2.896 20.609 54.524 0.000 49.698 20.609 </Samples>
		<Samples TimeTag="2024-12-25T08:51:24" DepthTag="6.086">2.167 20.716 54.066 0.000 50.622 20.716 </Samples>
		<Samples TimeTag="2024-12-25T08:51:27" DepthTag="6.188">2.316 20.869 53.987 0.000 44.923 20.869 </Samples>
		<Samples TimeTag="2024-12-25T08:51:32" DepthTag="6.293">1.118 20.915 53.540 0.000 56.798 20.915 </Samples>
		<Samples TimeTag="2024-12-25T08:51:36" DepthTag="6.395">1.628 20.930 53.891 0.000 54.929 20.930 </Samples>
		<Samples TimeTag="2024-12-25T08:51:39" DepthTag="6.496">2.512 21.022 53.448 0.000 51.223 21.022 </Samples>
		<Samples TimeTag="2024-12-25T08:51:41" DepthTag="6.597">2.516 21.007 53.295 0.000 48.757 21.007 </Samples>
		<Samples TimeTag="2024-12-25T08:51:44" DepthTag="6.700">2.202 20.946 54.753 0.000 50.367 20.946 </Samples>
		<Samples TimeTag="2024-12-25T08:51:47" DepthTag="6.806">2.273 20.456 42.358 0.000 41.081 20.456 </Samples>
		<Samples TimeTag="2024-12-25T08:51:49" DepthTag="6.907">2.515 19.875 42.005 0.000 41.499 19.875 </Samples>
	</CompactMWDdata>
	<IR:GenTrailer>
		<IR:FileCloseDate>2024-12-25T08:55:56</IR:FileCloseDate>
		<IR:ChkSum>3187503391</IR:ChkSum>
	</IR:GenTrailer>
</DRMWD>
