<?xml version="1.0" encoding="UTF-8"?>
<!-- Generated by the RCS System Epiroc Rock Drills AB -->
<DRMWD xmlns="http://www.iredes.org/xml/DrillRig" xmlns:IR="http://www.iredes.org/xml" xmlns:xsi="http://www.w3.org/2001/XMLSchema-instance" xsi:schemaLocation="http://www.iredes.org/xml/DrillRig C:\Iredes\IR_V1.2.3\xml\DR-DrillRig_V1.2\DrillRig.xsd" IRVersion="V 1.2AC" IRDownwCompat="V 1.2AC" DRMWDDownwCompat="V 1.2AC" DRMWDVersion="V 1.2AC">
	<IR:GenHead>
		<IR:FileCreateDate>2024-12-26T11:24:15</IR:FileCreateDate>
		<IR:IRversion DownwCompat="V 1.0">V 1.2AC</IR:IRversion>
		<IR:EquipmentInfo>
			<IR:EqpManufact>Epiroc</IR:EqpManufact>
			<IR:EqpType>SmartROC D65</IR:EqpType>
			<IR:EqpSerNo>8992013064</IR:EqpSerNo>
			<IR:EqpSysVer>6.28.1</IR:EqpSysVer>
			<IR:EqpInfo>DrillingMethod: DTH</IR:EqpInfo>
		</IR:EquipmentInfo>
	</IR:GenHead>
	<IR:ReportId>MWDRI261124</IR:ReportId>
	<IR:StartLogTime>2024-12-26T11:16:14</IR:StartLogTime>
	<IR:EndLogTime>2024-12-26T11:22:39</IR:EndLogTime>
	<IR:PlanIdRef>FRD03_11_0632_002_All</IR:PlanIdRef>
	<IR:PlanNameRef>FRD03_11_0632_002_All</IR:PlanNameRef>
	<MWDholeId>C3</MWDholeId>
	<QualityReportIdRef>DQRI252345</QualityReportIdRef>
	<SampleDistance>0.100</SampleDistance>
	<CompactMWDdata>
		<MWDparams>
			<Parameter Unit="m/min" Full="PenetrRate">PR</Parameter>
			<Parameter Unit="Bar" Full="PercPressure">PP</Parameter>
			<Parameter Unit="Bar" Full="FeedPressure">FP</Parameter>
			<Parameter Unit="Bar" Full="DampPressure">DP</Parameter>
			<Parameter Unit="Bar" Full="RotPressure">RP</Parameter>
			<Parameter Unit="Bar" Full="FlushPressure">FLP</Parameter>
		</MWDparams>
		<Samples TimeTag="2024-12-26T11:16:14" DepthTag="0.105">1.675 9.853 38.635 0.000 21.609 9.853 </Samples>
		<Samples TimeTag="2024-12-26T11:16:17" DepthTag="0.207">2.173 12.515 42.719 0.000 21.405 12.515 </Samples>
		<Samples TimeTag="2024-12-26T11:16:19" DepthTag="0.307">3.742 13.326 38.774 0.000 21.592 13.326 </Samples>
		<Samples TimeTag="2024-12-26T11:16:22" DepthTag="0.410">2.402 14.183 43.135 0.000 21.420 14.183 </Samples>
		<Samples TimeTag="2024-12-26T11:16:24" DepthTag="0.513">2.207 14.734 43.032 0.000 37.263 14.734 </Samples>
		<Samples TimeTag="2024-12-26T11:16:50" DepthTag="0.613">0.626 13.586 42.781 0.000 48.546 13.586 </Samples>
		<Samples TimeTag="2024-12-26T11:16:58" DepthTag="0.717">0.759 14.657 39.944 0.000 52.861 14.657 </Samples>
		<Samples TimeTag="2024-12-26T11:17:05" DepthTag="0.818">0.949 14.918 40.860 0.000 52.203 14.918 </Samples>
		<Samples TimeTag="2024-12-26T11:17:14" DepthTag="0.919">0.674 15.009 38.456 0.000 50.894 15.009 </Samples>
		<Samples TimeTag="2024-12-26T11:17:18" DepthTag="1.021">1.388 15.009 37.021 0.000 49.849 15.009 </Samples>
		<Samples TimeTag="2024-12-26T11:17:47" DepthTag="1.127">0.704 10.985 44.836 0.000 65.481 10.985 </Samples>
		<Samples TimeTag="2024-12-26T11:17:53" DepthTag="1.230">0.985 14.107 41.396 0.000 48.936 14.107 </Samples>
		<Samples TimeTag="2024-12-26T11:17:59" DepthTag="1.335">1.092 14.688 38.435 0.000 51.231 14.688 </Samples>
		<Samples TimeTag="2024-12-26T11:18:04" DepthTag="1.437">1.270 14.933 39.321 0.000 55.073 14.933 </Samples>
		<Samples TimeTag="2024-12-26T11:18:08" DepthTag="1.539">1.746 14.979 37.469 0.000 44.363 14.979 </Samples>
		<Samples TimeTag="2024-12-26T11:18:41" DepthTag="1.641">0.799 14.474 43.075 0.000 48.708 14.474 </Samples>
		<Samples TimeTag="2024-12-26T11:18:44" DepthTag="1.749">1.879 15.973 39.979 0.000 43.379 15.973 </Samples>
		<Samples TimeTag="2024-12-26T11:18:47" DepthTag="1.851">1.819 16.753 40.929 0.000 45.345 16.753 </Samples>
		<Samples TimeTag="2024-12-26T11:18:51" DepthTag="1.952">1.806 17.228 39.743 0.000 41.536 17.228 </Samples>
		<Samples TimeTag="2024-12-26T11:18:54" DepthTag="2.052">1.747 17.503 41.157 0.000 41.223 17.503 </Samples>
		<Samples TimeTag="2024-12-26T11:18:57" DepthTag="2.153">1.885 17.702 38.485 0.000 43.879 17.702 </Samples>
		<Samples TimeTag="2024-12-26T11:19:00" DepthTag="2.257">2.092 17.886 38.774 0.000 46.814 17.886 </Samples>
		<Samples TimeTag="2024-12-26T11:19:03" DepthTag="2.360">2.207 17.993 38.998 0.000 44.389 17.993 </Samples>
		<Samples TimeTag="2024-12-26T11:19:05" DepthTag="2.461">2.709 17.932 38.997 0.000 40.976 17.932 </Samples>
		<Samples TimeTag="2024-12-26T11:19:08" DepthTag="2.563">2.233 18.085 39.227 0.000 37.064 18.085 </Samples>
		<Samples TimeTag="2024-12-26T11:19:38" DepthTag="2.663">1.076 7.298 46.557 0.000 39.911 7.298 </Samples>
		<Samples TimeTag="2024-12-26T11:19:44" DepthTag="2.765">1.085 14.948 41.852 0.000 32.811 14.948 </Samples>
		<Samples TimeTag="2024-12-26T11:19:48" DepthTag="2.873">1.468 16.555 39.707 0.000 34.049 16.555 </Samples>
		<Samples TimeTag="2024-12-26T11:19:52" DepthTag="2.977">1.854 17.090 38.921 0.000 38.890 17.090 </Samples>
		<Samples TimeTag="2024-12-26T11:19:54" DepthTag="3.079">2.179 17.304 37.192 0.000 42.955 17.304 </Samples>
		<Samples TimeTag="2024-12-26T11:19:57" DepthTag="3.180">2.524 17.381 39.122 0.000 40.711 17.381 </Samples>
		<Samples TimeTag="2024-12-26T11:19:59" DepthTag="3.284">2.420 17.534 41.597 0.000 43.779 17.534 </Samples>
		<Samples TimeTag="2024-12-26T11:20:03" DepthTag="3.386">1.774 17.748 41.642 0.000 43.283 17.748 </Samples>
		<Samples TimeTag="2024-12-26T11:20:05" DepthTag="3.486">2.354 17.671 39.116 0.000 37.390 17.671 </Samples>
		<Samples TimeTag="2024-12-26T11:20:38" DepthTag="3.631">1.152 4.881 25.726 0.000 30.348 4.881 </Samples>
		<Samples TimeTag="2024-12-26T11:20:43" DepthTag="3.732">1.160 15.285 53.854 0.000 54.193 15.285 </Samples>
		<Samples TimeTag="2024-12-26T11:20:47" DepthTag="3.837">1.636 17.503 53.800 0.000 45.888 17.503 </Samples>
		<Samples TimeTag="2024-12-26T11:20:51" DepthTag="3.940">1.545 18.666 52.952 0.000 44.011 18.666 </Samples>
		<Samples TimeTag="2024-12-26T11:20:54" DepthTag="4.040">1.780 19.477 52.983 0.000 42.119 19.477 </Samples>
		<Samples TimeTag="2024-12-26T11:20:57" DepthTag="4.144">2.102 19.813 52.247 0.000 50.903 19.813 </Samples>
		<Samples TimeTag="2024-12-26T11:21:00" DepthTag="4.250">2.083 20.028 55.242 0.000 45.040 20.028 </Samples>
		<Samples TimeTag="2024-12-26T11:21:03" DepthTag="4.351">2.041 20.150 54.040 0.000 43.834 20.150 </Samples>
		<Samples TimeTag="2024-12-26T11:21:06" DepthTag="4.460">2.149 20.349 54.422 0.000 46.550 20.349 </Samples>
		<Samples TimeTag="2024-12-26T11:21:09" DepthTag="4.567">2.171 20.395 54.515 0.000 48.521 20.395 </Samples>
		<Samples TimeTag="2024-12-26T11:21:12" DepthTag="4.670">2.183 20.441 54.680 0.000 45.479 20.441 </Samples>
		<Samples TimeTag="2024-12-26T11:21:16" DepthTag="4.773">2.097 20.502 53.924 0.000 46.609 20.502 </Samples>
		<Samples TimeTag="2024-12-26T11:21:19" DepthTag="4.882">2.130 20.548 53.214 0.000 54.454 20.548 </Samples>
		<Samples TimeTag="2024-12-26T11:21:22" DepthTag="4.985">2.413 20.609 54.145 0.000 47.282 20.609 </Samples>
		<Samples TimeTag="2024-12-26T11:21:24" DepthTag="5.088">2.090 20.456 55.357 0.000 47.410 20.456 </Samples>
		<Samples TimeTag="2024-12-26T11:21:27" DepthTag="5.190">2.309 20.533 53.961 0.000 51.347 20.533 </Samples>
		<Samples TimeTag="2024-12-26T11:21:31" DepthTag="5.292">1.695 20.410 53.669 0.000 50.954 20.410 </Samples>
		<Samples TimeTag="2024-12-26T11:21:35" DepthTag="5.396">1.353 20.181 53.683 0.000 51.854 20.181 </Samples>
		<Samples TimeTag="2024-12-26T11:21:39" DepthTag="5.504">1.624 20.119 52.525 0.000 47.627 20.119 </Samples>
		<Samples TimeTag="2024-12-26T11:21:42" DepthTag="5.607">2.574 20.165 53.190 0.000 41.169 20.165 </Samples>
		<Samples TimeTag="2024-12-26T11:21:44" DepthTag="5.715">2.692 20.318 53.450 0.000 41.303 20.318 </Samples>
		<Samples TimeTag="2024-12-26T11:21:47" DepthTag="5.819">2.592 20.380 54.506 0.000 42.725 20.380 </Samples>
		<Samples TimeTag="2024-12-26T11:21:49" DepthTag="5.926">2.509 20.456 54.556 0.000 48.823 20.456 </Samples>
		<Samples TimeTag="2024-12-26T11:21:53" DepthTag="6.028">1.683 20.426 54.357 0.000 55.157 20.426 </Samples>
		<Samples TimeTag="2024-12-26T11:21:56" DepthTag="6.133">2.123 20.533 53.941 0.000 50.026 20.533 </Samples>
		<Samples TimeTag="2024-12-26T11:21:58" DepthTag="6.240">2.439 20.456 53.022 0.000 47.618 20.456 </Samples>
		<Samples TimeTag="2024-12-26T11:22:01" DepthTag="6.347">2.657 20.487 54.555 0.000 57.128 20.487 </Samples>
		<Samples TimeTag="2024-12-26T11:22:03" DepthTag="6.449">3.065 20.594 53.276 0.000 50.771 20.594 </Samples>
		<Samples TimeTag="2024-12-26T11:22:05" DepthTag="6.553">2.871 20.579 54.350 0.000 50.063 20.579 </Samples>
		<Samples TimeTag="2024-12-26T11:22:09" DepthTag="6.657">1.737 20.640 54.302 0.000 56.603 20.640 </Samples>
		<Samples TimeTag="2024-12-26T11:22:13" DepthTag="6.761">1.288 20.533 54.339 0.000 59.040 20.533 </Samples>
		<Samples TimeTag="2024-12-26T11:22:15" DepthTag="6.863">2.560 20.609 53.051 0.000 56.203 20.609 </Samples>
		<Samples TimeTag="2024-12-26T11:22:17" DepthTag="6.974">2.591 20.640 54.537 0.000 52.137 20.640 </Samples>
		<Samples TimeTag="2024-12-26T11:22:21" DepthTag="7.076">1.900 20.579 55.805 0.000 54.926 20.579 </Samples>
		<Samples TimeTag="2024-12-26T11:22:26" DepthTag="7.179">1.098 20.410 53.653 0.000 60.451 20.410 </Samples>
		<Samples TimeTag="2024-12-26T11:22:32" DepthTag="7.282">1.007 19.844 53.772 0.000 51.763 19.844 </Samples>
		<Samples TimeTag="2024-12-26T11:22:35" DepthTag="7.383">2.035 19.385 40.687 0.000 39.608 19.385 </Samples>
		<Samples TimeTag="2024-12-26T11:22:39" DepthTag="7.491">1.883 18.834 40.578 0.000 37.512 18.834 </Samples>
	</CompactMWDdata>
	<IR:GenTrailer>
		<IR:FileCloseDate>2024-12-26T11:24:15</IR:FileCloseDate>
		<IR:ChkSum>1014135357</IR:ChkSum>
	</IR:GenTrailer>
</DRMWD>
