<?xml version="1.0" encoding="UTF-8"?>
<!-- Generated by the RCS System Epiroc Rock Drills AB -->
<DRMWD xmlns="http://www.iredes.org/xml/DrillRig" xmlns:IR="http://www.iredes.org/xml" xmlns:xsi="http://www.w3.org/2001/XMLSchema-instance" xsi:schemaLocation="http://www.iredes.org/xml/DrillRig C:\Iredes\IR_V1.2.3\xml\DR-DrillRig_V1.2\DrillRig.xsd" IRVersion="V 1.2AC" IRDownwCompat="V 1.2AC" DRMWDDownwCompat="V 1.2AC" DRMWDVersion="V 1.2AC">
	<IR:GenHead>
		<IR:FileCreateDate>2024-12-25T05:18:14</IR:FileCreateDate>
		<IR:IRversion DownwCompat="V 1.0">V 1.2AC</IR:IRversion>
		<IR:EquipmentInfo>
			<IR:EqpManufact>Epiroc</IR:EqpManufact>
			<IR:EqpType>SmartROC D65</IR:EqpType>
			<IR:EqpSerNo>8992013064</IR:EqpSerNo>
			<IR:EqpSysVer>6.28.1</IR:EqpSysVer>
			<IR:EqpInfo>DrillingMethod: DTH</IR:EqpInfo>
		</IR:EquipmentInfo>
	</IR:GenHead>
	<IR:ReportId>MWDRI250518</IR:ReportId>
	<IR:StartLogTime>2024-12-25T05:10:59</IR:StartLogTime>
	<IR:EndLogTime>2024-12-25T05:16:36</IR:EndLogTime>
	<IR:PlanIdRef>FRD03_11_0626_001_All</IR:PlanIdRef>
	<IR:PlanNameRef>FRD03_11_0626_001_All</IR:PlanNameRef>
	<MWDholeId>J6</MWDholeId>
	<QualityReportIdRef>DQRI241930</QualityReportIdRef>
	<SampleDistance>0.100</SampleDistance>
	<CompactMWDdata>
		<MWDparams>
			<Parameter Unit="m/min" Full="PenetrRate">PR</Parameter>
			<Parameter Unit="Bar" Full="PercPressure">PP</Parameter>
			<Parameter Unit="Bar" Full="FeedPressure">FP</Parameter>
			<Parameter Unit="Bar" Full="DampPressure">DP</Parameter>
			<Parameter Unit="Bar" Full="RotPressure">RP</Parameter>
			<Parameter Unit="Bar" Full="FlushPressure">FLP</Parameter>
		</MWDparams>
		<Samples TimeTag="2024-12-25T05:10:59" DepthTag="0.118">1.167 14.581 22.360 0.000 20.972 14.581 </Samples>
		<Samples TimeTag="2024-12-25T05:11:01" DepthTag="0.223">2.824 15.790 43.207 0.000 20.972 15.790 </Samples>
		<Samples TimeTag="2024-12-25T05:11:03" DepthTag="0.325">3.472 16.279 39.441 0.000 20.972 16.279 </Samples>
		<Samples TimeTag="2024-12-25T05:11:05" DepthTag="0.432">3.453 16.677 38.667 0.000 20.972 16.677 </Samples>
		<Samples TimeTag="2024-12-25T05:11:26" DepthTag="0.536">0.714 5.753 22.685 0.000 41.752 5.753 </Samples>
		<Samples TimeTag="2024-12-25T05:11:27" DepthTag="0.638">3.328 9.440 49.624 0.000 68.773 9.440 </Samples>
		<Samples TimeTag="2024-12-25T05:11:30" DepthTag="0.741">2.398 13.556 40.130 0.000 63.176 13.556 </Samples>
		<Samples TimeTag="2024-12-25T05:11:32" DepthTag="0.842">3.285 15.147 40.254 0.000 59.221 15.147 </Samples>
		<Samples TimeTag="2024-12-25T05:11:34" DepthTag="0.956">3.424 16.080 39.771 0.000 61.640 16.080 </Samples>
		<Samples TimeTag="2024-12-25T05:11:56" DepthTag="1.057">1.145 4.575 22.399 0.000 44.403 4.575 </Samples>
		<Samples TimeTag="2024-12-25T05:11:59" DepthTag="1.160">2.327 10.557 47.061 0.000 61.939 10.557 </Samples>
		<Samples TimeTag="2024-12-25T05:12:04" DepthTag="1.262">1.336 15.637 42.144 0.000 55.316 15.637 </Samples>
		<Samples TimeTag="2024-12-25T05:12:10" DepthTag="1.364">1.019 17.427 39.727 0.000 62.381 17.427 </Samples>
		<Samples TimeTag="2024-12-25T05:12:16" DepthTag="1.464">0.915 18.222 41.044 0.000 59.164 18.222 </Samples>
		<Samples TimeTag="2024-12-25T05:12:50" DepthTag="1.577">0.650 14.061 38.988 0.000 52.016 14.061 </Samples>
		<Samples TimeTag="2024-12-25T05:12:56" DepthTag="1.678">1.033 17.488 40.753 0.000 52.102 17.488 </Samples>
		<Samples TimeTag="2024-12-25T05:12:59" DepthTag="1.783">1.873 18.421 39.370 0.000 49.710 18.421 </Samples>
		<Samples TimeTag="2024-12-25T05:13:04" DepthTag="1.883">1.246 19.263 41.413 0.000 49.611 19.263 </Samples>
		<Samples TimeTag="2024-12-25T05:13:09" DepthTag="1.983">1.247 19.706 38.767 0.000 47.467 19.706 </Samples>
		<Samples TimeTag="2024-12-25T05:13:11" DepthTag="2.085">2.531 19.890 38.207 0.000 40.773 19.890 </Samples>
		<Samples TimeTag="2024-12-25T05:13:14" DepthTag="2.189">2.108 20.028 39.932 0.000 44.720 20.028 </Samples>
		<Samples TimeTag="2024-12-25T05:13:18" DepthTag="2.290">1.618 20.119 39.441 0.000 47.787 20.119 </Samples>
		<Samples TimeTag="2024-12-25T05:13:21" DepthTag="2.391">1.986 20.181 39.885 0.000 46.189 20.181 </Samples>
		<Samples TimeTag="2024-12-25T05:13:23" DepthTag="2.492">2.356 20.211 40.002 0.000 43.361 20.211 </Samples>
		<Samples TimeTag="2024-12-25T05:13:53" DepthTag="2.595">1.102 6.793 34.780 0.000 36.988 6.793 </Samples>
		<Samples TimeTag="2024-12-25T05:13:58" DepthTag="2.696">1.203 15.774 42.007 0.000 47.213 15.774 </Samples>
		<Samples TimeTag="2024-12-25T05:14:01" DepthTag="2.798">2.064 17.335 39.203 0.000 38.265 17.335 </Samples>
		<Samples TimeTag="2024-12-25T05:14:05" DepthTag="2.901">1.540 18.498 41.079 0.000 47.898 18.498 </Samples>
		<Samples TimeTag="2024-12-25T05:14:09" DepthTag="3.006">1.508 19.232 40.355 0.000 50.918 19.232 </Samples>
		<Samples TimeTag="2024-12-25T05:14:14" DepthTag="3.107">1.199 19.752 38.948 0.000 51.692 19.752 </Samples>
		<Samples TimeTag="2024-12-25T05:14:17" DepthTag="3.207">2.501 19.905 38.243 0.000 51.125 19.905 </Samples>
		<Samples TimeTag="2024-12-25T05:14:19" DepthTag="3.311">2.665 20.043 38.691 0.000 43.471 20.043 </Samples>
		<Samples TimeTag="2024-12-25T05:14:21" DepthTag="3.412">3.026 20.089 39.956 0.000 48.772 20.089 </Samples>
		<Samples TimeTag="2024-12-25T05:14:24" DepthTag="3.513">2.003 18.605 23.741 0.000 39.207 18.605 </Samples>
		<Samples TimeTag="2024-12-25T05:14:58" DepthTag="3.615">0.798 11.995 45.538 0.000 59.725 11.995 </Samples>
		<Samples TimeTag="2024-12-25T05:15:03" DepthTag="3.717">1.215 17.197 53.465 0.000 59.257 17.197 </Samples>
		<Samples TimeTag="2024-12-25T05:15:07" DepthTag="3.821">1.769 18.513 52.451 0.000 57.473 18.513 </Samples>
		<Samples TimeTag="2024-12-25T05:15:10" DepthTag="3.927">2.265 19.293 53.472 0.000 53.912 19.293 </Samples>
		<Samples TimeTag="2024-12-25T05:15:13" DepthTag="4.033">1.658 19.905 53.880 0.000 55.159 19.905 </Samples>
		<Samples TimeTag="2024-12-25T05:15:17" DepthTag="4.136">1.929 20.242 54.449 0.000 58.281 20.242 </Samples>
		<Samples TimeTag="2024-12-25T05:15:19" DepthTag="4.239">2.547 20.471 51.387 0.000 49.610 20.471 </Samples>
		<Samples TimeTag="2024-12-25T05:15:22" DepthTag="4.340">2.378 20.594 54.487 0.000 48.316 20.594 </Samples>
		<Samples TimeTag="2024-12-25T05:15:24" DepthTag="4.443">2.843 20.701 52.063 0.000 50.714 20.701 </Samples>
		<Samples TimeTag="2024-12-25T05:15:28" DepthTag="4.545">1.519 20.777 53.172 0.000 50.184 20.777 </Samples>
		<Samples TimeTag="2024-12-25T05:15:30" DepthTag="4.653">3.511 20.823 51.182 0.000 47.532 20.823 </Samples>
		<Samples TimeTag="2024-12-25T05:15:32" DepthTag="4.761">2.708 20.839 54.647 0.000 55.619 20.839 </Samples>
		<Samples TimeTag="2024-12-25T05:15:35" DepthTag="4.873">2.251 20.900 53.477 0.000 52.877 20.900 </Samples>
		<Samples TimeTag="2024-12-25T05:15:38" DepthTag="4.979">2.483 20.946 54.070 0.000 56.575 20.946 </Samples>
		<Samples TimeTag="2024-12-25T05:15:40" DepthTag="5.095">3.096 20.930 52.857 0.000 47.682 20.930 </Samples>
		<Samples TimeTag="2024-12-25T05:15:42" DepthTag="5.195">2.773 20.961 53.446 0.000 51.908 20.961 </Samples>
		<Samples TimeTag="2024-12-25T05:15:44" DepthTag="5.303">2.884 20.976 55.026 0.000 52.250 20.976 </Samples>
		<Samples TimeTag="2024-12-25T05:15:47" DepthTag="5.409">2.641 20.961 53.503 0.000 53.384 20.961 </Samples>
		<Samples TimeTag="2024-12-25T05:15:48" DepthTag="5.509">3.746 21.022 53.997 0.000 50.613 21.022 </Samples>
		<Samples TimeTag="2024-12-25T05:15:50" DepthTag="5.617">3.006 21.007 53.895 0.000 56.723 21.007 </Samples>
		<Samples TimeTag="2024-12-25T05:15:52" DepthTag="5.727">3.730 21.022 53.005 0.000 52.824 21.022 </Samples>
		<Samples TimeTag="2024-12-25T05:15:54" DepthTag="5.829">2.734 21.038 54.523 0.000 51.186 21.038 </Samples>
		<Samples TimeTag="2024-12-25T05:15:57" DepthTag="5.935">2.648 21.053 54.311 0.000 51.277 21.053 </Samples>
		<Samples TimeTag="2024-12-25T05:15:59" DepthTag="6.045">2.724 21.022 54.956 0.000 57.395 21.022 </Samples>
		<Samples TimeTag="2024-12-25T05:16:02" DepthTag="6.146">2.041 20.976 54.603 0.000 61.734 20.976 </Samples>
		<Samples TimeTag="2024-12-25T05:16:05" DepthTag="6.250">2.047 20.992 54.379 0.000 53.934 20.992 </Samples>
		<Samples TimeTag="2024-12-25T05:16:09" DepthTag="6.353">1.849 21.068 54.700 0.000 55.714 21.068 </Samples>
		<Samples TimeTag="2024-12-25T05:16:13" DepthTag="6.456">1.399 21.099 52.353 0.000 55.920 21.099 </Samples>
		<Samples TimeTag="2024-12-25T05:16:15" DepthTag="6.566">2.739 21.129 52.705 0.000 53.851 21.129 </Samples>
		<Samples TimeTag="2024-12-25T05:16:18" DepthTag="6.668">2.816 21.099 53.580 0.000 52.395 21.099 </Samples>
		<Samples TimeTag="2024-12-25T05:16:20" DepthTag="6.775">2.435 21.114 53.024 0.000 55.347 21.114 </Samples>
		<Samples TimeTag="2024-12-25T05:16:23" DepthTag="6.886">2.773 21.175 53.532 0.000 54.383 21.175 </Samples>
		<Samples TimeTag="2024-12-25T05:16:25" DepthTag="6.997">3.056 21.206 53.182 0.000 50.947 21.206 </Samples>
		<Samples TimeTag="2024-12-25T05:16:27" DepthTag="7.102">3.159 21.221 54.565 0.000 53.465 21.221 </Samples>
		<Samples TimeTag="2024-12-25T05:16:29" DepthTag="7.210">3.668 21.221 54.745 0.000 47.126 21.221 </Samples>
		<Samples TimeTag="2024-12-25T05:16:30" DepthTag="7.310">3.750 21.282 54.117 0.000 45.522 21.282 </Samples>
		<Samples TimeTag="2024-12-25T05:16:32" DepthTag="7.415">3.921 21.267 53.533 0.000 51.599 21.267 </Samples>
		<Samples TimeTag="2024-12-25T05:16:33" DepthTag="7.515">3.751 21.298 54.448 0.000 58.220 21.298 </Samples>
		<Samples TimeTag="2024-12-25T05:16:35" DepthTag="7.629">4.231 21.129 41.111 0.000 44.809 21.129 </Samples>
		<Samples TimeTag="2024-12-25T05:16:36" DepthTag="7.737">4.503 18.926 32.083 0.000 40.638 18.926 </Samples>
	</CompactMWDdata>
	<IR:GenTrailer>
		<IR:FileCloseDate>2024-12-25T05:18:14</IR:FileCloseDate>
		<IR:ChkSum>0090810409</IR:ChkSum>
	</IR:GenTrailer>
</DRMWD>
