<?xml version="1.0" encoding="UTF-8"?>
<!-- Generated by the RCS System Epiroc Rock Drills AB -->
<DRMWD xmlns="http://www.iredes.org/xml/DrillRig" xmlns:IR="http://www.iredes.org/xml" xmlns:xsi="http://www.w3.org/2001/XMLSchema-instance" xsi:schemaLocation="http://www.iredes.org/xml/DrillRig C:\Iredes\IR_V1.2.3\xml\DR-DrillRig_V1.2\DrillRig.xsd" IRVersion="V 1.2AC" IRDownwCompat="V 1.2AC" DRMWDDownwCompat="V 1.2AC" DRMWDVersion="V 1.2AC">
	<IR:GenHead>
		<IR:FileCreateDate>2024-12-25T20:58:46</IR:FileCreateDate>
		<IR:IRversion DownwCompat="V 1.0">V 1.2AC</IR:IRversion>
		<IR:EquipmentInfo>
			<IR:EqpManufact>Epiroc</IR:EqpManufact>
			<IR:EqpType>SmartROC D65</IR:EqpType>
			<IR:EqpSerNo>8992013064</IR:EqpSerNo>
			<IR:EqpSysVer>6.28.1</IR:EqpSysVer>
			<IR:EqpInfo>DrillingMethod: DTH</IR:EqpInfo>
		</IR:EquipmentInfo>
	</IR:GenHead>
	<IR:ReportId>MWDRI252058</IR:ReportId>
	<IR:StartLogTime>2024-12-25T20:47:26</IR:StartLogTime>
	<IR:EndLogTime>2024-12-25T20:56:59</IR:EndLogTime>
	<IR:PlanIdRef>FRD03_11_0632_003_All</IR:PlanIdRef>
	<IR:PlanNameRef>FRD03_11_0632_003_All</IR:PlanNameRef>
	<MWDholeId>A4</MWDholeId>
	<QualityReportIdRef>DQRI250804</QualityReportIdRef>
	<SampleDistance>0.100</SampleDistance>
	<CompactMWDdata>
		<MWDparams>
			<Parameter Unit="m/min" Full="PenetrRate">PR</Parameter>
			<Parameter Unit="Bar" Full="PercPressure">PP</Parameter>
			<Parameter Unit="Bar" Full="FeedPressure">FP</Parameter>
			<Parameter Unit="Bar" Full="DampPressure">DP</Parameter>
			<Parameter Unit="Bar" Full="RotPressure">RP</Parameter>
			<Parameter Unit="Bar" Full="FlushPressure">FLP</Parameter>
		</MWDparams>
		<Samples TimeTag="2024-12-25T20:47:26" DepthTag="0.105">0.805 13.908 27.005 0.000 20.972 13.908 </Samples>
		<Samples TimeTag="2024-12-25T20:47:30" DepthTag="0.209">1.467 14.856 43.016 0.000 21.007 14.856 </Samples>
		<Samples TimeTag="2024-12-25T20:47:34" DepthTag="0.311">1.633 15.208 39.700 0.000 17.788 15.208 </Samples>
		<Samples TimeTag="2024-12-25T20:47:36" DepthTag="0.419">4.019 15.116 34.322 0.000 36.116 15.116 </Samples>
		<Samples TimeTag="2024-12-25T20:47:37" DepthTag="0.523">4.575 15.101 34.979 0.000 37.444 15.101 </Samples>
		<Samples TimeTag="2024-12-25T20:47:54" DepthTag="0.639">1.641 4.575 30.244 0.000 34.933 4.575 </Samples>
		<Samples TimeTag="2024-12-25T20:47:57" DepthTag="0.744">2.240 9.425 42.520 0.000 54.556 9.425 </Samples>
		<Samples TimeTag="2024-12-25T20:48:00" DepthTag="0.846">1.915 9.379 39.012 0.000 48.729 9.379 </Samples>
		<Samples TimeTag="2024-12-25T20:48:03" DepthTag="0.955">2.323 11.903 41.727 0.000 60.082 11.903 </Samples>
		<Samples TimeTag="2024-12-25T20:51:25" DepthTag="1.074">0.624 11.245 33.160 0.000 34.594 11.245 </Samples>
		<Samples TimeTag="2024-12-25T20:51:31" DepthTag="1.178">1.143 14.045 41.024 0.000 48.244 14.045 </Samples>
		<Samples TimeTag="2024-12-25T20:51:37" DepthTag="1.279">0.921 14.780 40.153 0.000 51.809 14.780 </Samples>
		<Samples TimeTag="2024-12-25T20:51:43" DepthTag="1.384">1.168 14.856 39.211 0.000 50.209 14.856 </Samples>
		<Samples TimeTag="2024-12-25T20:51:47" DepthTag="1.485">1.522 15.040 40.755 0.000 55.774 15.040 </Samples>
		<Samples TimeTag="2024-12-25T20:52:26" DepthTag="1.588">0.591 16.493 41.537 0.000 52.722 16.493 </Samples>
		<Samples TimeTag="2024-12-25T20:52:32" DepthTag="1.691">0.993 17.381 41.337 0.000 51.704 17.381 </Samples>
		<Samples TimeTag="2024-12-25T20:52:37" DepthTag="1.793">1.227 17.580 41.254 0.000 50.499 17.580 </Samples>
		<Samples TimeTag="2024-12-25T20:52:41" DepthTag="1.893">1.362 17.779 40.149 0.000 48.028 17.779 </Samples>
		<Samples TimeTag="2024-12-25T20:52:46" DepthTag="1.995">1.238 17.870 40.485 0.000 49.109 17.870 </Samples>
		<Samples TimeTag="2024-12-25T20:52:53" DepthTag="2.099">0.938 17.901 40.050 0.000 48.371 17.901 </Samples>
		<Samples TimeTag="2024-12-25T20:52:58" DepthTag="2.202">1.117 17.978 40.223 0.000 49.153 17.978 </Samples>
		<Samples TimeTag="2024-12-25T20:53:03" DepthTag="2.303">1.371 18.039 39.511 0.000 47.279 18.039 </Samples>
		<Samples TimeTag="2024-12-25T20:53:07" DepthTag="2.407">1.551 18.131 39.503 0.000 48.286 18.131 </Samples>
		<Samples TimeTag="2024-12-25T20:53:11" DepthTag="2.511">1.348 18.176 40.541 0.000 46.444 18.176 </Samples>
		<Samples TimeTag="2024-12-25T20:53:57" DepthTag="2.612">0.376 16.555 41.989 0.000 47.685 16.555 </Samples>
		<Samples TimeTag="2024-12-25T20:54:04" DepthTag="2.715">0.910 17.228 37.955 0.000 46.547 17.228 </Samples>
		<Samples TimeTag="2024-12-25T20:54:10" DepthTag="2.817">1.057 17.457 40.911 0.000 46.064 17.457 </Samples>
		<Samples TimeTag="2024-12-25T20:54:15" DepthTag="2.917">1.211 17.610 36.352 0.000 52.240 17.610 </Samples>
		<Samples TimeTag="2024-12-25T20:54:18" DepthTag="3.023">1.832 17.733 40.251 0.000 47.482 17.733 </Samples>
		<Samples TimeTag="2024-12-25T20:54:23" DepthTag="3.128">1.437 17.733 38.065 0.000 48.247 17.733 </Samples>
		<Samples TimeTag="2024-12-25T20:54:26" DepthTag="3.235">1.785 17.932 38.329 0.000 49.567 17.932 </Samples>
		<Samples TimeTag="2024-12-25T20:54:32" DepthTag="3.339">1.073 17.901 41.869 0.000 48.894 17.901 </Samples>
		<Samples TimeTag="2024-12-25T20:54:37" DepthTag="3.445">1.226 17.825 37.629 0.000 50.925 17.825 </Samples>
		<Samples TimeTag="2024-12-25T20:55:18" DepthTag="3.553">0.996 14.229 35.952 0.000 34.920 14.229 </Samples>
		<Samples TimeTag="2024-12-25T20:55:22" DepthTag="3.653">1.500 14.489 51.677 0.000 50.419 14.489 </Samples>
		<Samples TimeTag="2024-12-25T20:55:27" DepthTag="3.757">1.193 17.580 54.267 0.000 56.226 17.580 </Samples>
		<Samples TimeTag="2024-12-25T20:55:32" DepthTag="3.859">1.229 18.773 53.278 0.000 49.437 18.773 </Samples>
		<Samples TimeTag="2024-12-25T20:55:36" DepthTag="3.959">1.416 19.354 52.675 0.000 50.253 19.354 </Samples>
		<Samples TimeTag="2024-12-25T20:55:39" DepthTag="4.059">1.873 19.645 54.901 0.000 52.769 19.645 </Samples>
		<Samples TimeTag="2024-12-25T20:55:42" DepthTag="4.162">2.199 19.951 53.072 0.000 50.911 19.951 </Samples>
		<Samples TimeTag="2024-12-25T20:55:46" DepthTag="4.265">1.830 20.012 54.056 0.000 47.685 20.012 </Samples>
		<Samples TimeTag="2024-12-25T20:55:50" DepthTag="4.368">1.482 19.997 52.914 0.000 56.009 19.997 </Samples>
		<Samples TimeTag="2024-12-25T20:55:53" DepthTag="4.469">2.156 20.181 54.997 0.000 50.110 20.181 </Samples>
		<Samples TimeTag="2024-12-25T20:55:57" DepthTag="4.577">1.534 20.104 53.362 0.000 51.071 20.104 </Samples>
		<Samples TimeTag="2024-12-25T20:56:01" DepthTag="4.681">1.578 20.058 54.828 0.000 53.164 20.058 </Samples>
		<Samples TimeTag="2024-12-25T20:56:05" DepthTag="4.784">1.540 20.089 54.134 0.000 53.539 20.089 </Samples>
		<Samples TimeTag="2024-12-25T20:56:11" DepthTag="4.886">1.054 20.012 53.728 0.000 59.461 20.012 </Samples>
		<Samples TimeTag="2024-12-25T20:56:14" DepthTag="4.988">1.815 20.104 51.655 0.000 44.571 20.104 </Samples>
		<Samples TimeTag="2024-12-25T20:56:17" DepthTag="5.092">2.097 20.196 52.682 0.000 41.227 20.196 </Samples>
		<Samples TimeTag="2024-12-25T20:56:20" DepthTag="5.193">1.883 20.043 54.370 0.000 47.446 20.043 </Samples>
		<Samples TimeTag="2024-12-25T20:56:23" DepthTag="5.297">2.609 20.242 52.688 0.000 45.780 20.242 </Samples>
		<Samples TimeTag="2024-12-25T20:56:25" DepthTag="5.398">2.279 20.441 55.004 0.000 55.844 20.441 </Samples>
		<Samples TimeTag="2024-12-25T20:56:29" DepthTag="5.498">1.788 20.380 54.734 0.000 49.076 20.380 </Samples>
		<Samples TimeTag="2024-12-25T20:56:32" DepthTag="5.598">1.974 20.471 53.320 0.000 47.563 20.471 </Samples>
		<Samples TimeTag="2024-12-25T20:56:37" DepthTag="5.699">1.123 20.441 55.599 0.000 54.985 20.441 </Samples>
		<Samples TimeTag="2024-12-25T20:56:45" DepthTag="5.800">0.740 20.089 53.854 0.000 47.369 20.089 </Samples>
		<Samples TimeTag="2024-12-25T20:56:50" DepthTag="5.905">1.437 20.181 51.304 0.000 50.430 20.181 </Samples>
		<Samples TimeTag="2024-12-25T20:56:52" DepthTag="6.006">2.350 20.349 51.914 0.000 51.215 20.349 </Samples>
		<Samples TimeTag="2024-12-25T20:56:56" DepthTag="6.106">1.667 19.630 43.803 0.000 40.070 19.630 </Samples>
		<Samples TimeTag="2024-12-25T20:56:59" DepthTag="6.209">1.790 18.926 39.284 0.000 43.533 18.926 </Samples>
	</CompactMWDdata>
	<IR:GenTrailer>
		<IR:FileCloseDate>2024-12-25T20:58:46</IR:FileCloseDate>
		<IR:ChkSum>3686773643</IR:ChkSum>
	</IR:GenTrailer>
</DRMWD>
