<?xml version="1.0" encoding="UTF-8"?>
<!-- Generated by the RCS System Epiroc Rock Drills AB -->
<DRMWD xmlns="http://www.iredes.org/xml/DrillRig" xmlns:IR="http://www.iredes.org/xml" xmlns:xsi="http://www.w3.org/2001/XMLSchema-instance" xsi:schemaLocation="http://www.iredes.org/xml/DrillRig C:\Iredes\IR_V1.2.3\xml\DR-DrillRig_V1.2\DrillRig.xsd" IRVersion="V 1.2AC" IRDownwCompat="V 1.2AC" DRMWDDownwCompat="V 1.2AC" DRMWDVersion="V 1.2AC">
	<IR:GenHead>
		<IR:FileCreateDate>2024-12-26T22:58:10</IR:FileCreateDate>
		<IR:IRversion DownwCompat="V 1.0">V 1.2AC</IR:IRversion>
		<IR:EquipmentInfo>
			<IR:EqpManufact>Epiroc</IR:EqpManufact>
			<IR:EqpType>SmartROC D65</IR:EqpType>
			<IR:EqpSerNo>8992013064</IR:EqpSerNo>
			<IR:EqpSysVer>6.28.1</IR:EqpSysVer>
			<IR:EqpInfo>DrillingMethod: DTH</IR:EqpInfo>
		</IR:EquipmentInfo>
	</IR:GenHead>
	<IR:ReportId>MWDRI262258</IR:ReportId>
	<IR:StartLogTime>2024-12-26T22:49:43</IR:StartLogTime>
	<IR:EndLogTime>2024-12-26T22:56:31</IR:EndLogTime>
	<IR:PlanIdRef>FRD03_11_0626_001_All</IR:PlanIdRef>
	<IR:PlanNameRef>FRD03_11_0626_001_All</IR:PlanNameRef>
	<MWDholeId>I11</MWDholeId>
	<QualityReportIdRef>DQRI262053</QualityReportIdRef>
	<SampleDistance>0.100</SampleDistance>
	<CompactMWDdata>
		<MWDparams>
			<Parameter Unit="m/min" Full="PenetrRate">PR</Parameter>
			<Parameter Unit="Bar" Full="PercPressure">PP</Parameter>
			<Parameter Unit="Bar" Full="FeedPressure">FP</Parameter>
			<Parameter Unit="Bar" Full="DampPressure">DP</Parameter>
			<Parameter Unit="Bar" Full="RotPressure">RP</Parameter>
			<Parameter Unit="Bar" Full="FlushPressure">FLP</Parameter>
		</MWDparams>
		<Samples TimeTag="2024-12-26T22:49:43" DepthTag="0.107">0.936 14.183 42.852 0.000 21.400 14.183 </Samples>
		<Samples TimeTag="2024-12-26T22:49:49" DepthTag="0.213">1.074 14.979 39.449 0.000 21.340 14.979 </Samples>
		<Samples TimeTag="2024-12-26T22:49:52" DepthTag="0.315">1.897 14.994 40.524 0.000 45.260 14.994 </Samples>
		<Samples TimeTag="2024-12-26T22:49:54" DepthTag="0.422">2.433 15.025 40.512 0.000 43.971 15.025 </Samples>
		<Samples TimeTag="2024-12-26T22:49:56" DepthTag="0.524">3.036 15.055 39.261 0.000 42.948 15.055 </Samples>
		<Samples TimeTag="2024-12-26T22:50:18" DepthTag="0.625">0.852 14.902 42.654 0.000 49.501 14.902 </Samples>
		<Samples TimeTag="2024-12-26T22:50:20" DepthTag="0.725">2.142 15.025 42.842 0.000 41.086 15.025 </Samples>
		<Samples TimeTag="2024-12-26T22:50:24" DepthTag="0.829">1.647 15.147 40.708 0.000 47.641 15.147 </Samples>
		<Samples TimeTag="2024-12-26T22:50:27" DepthTag="0.933">2.600 15.162 40.189 0.000 47.036 15.162 </Samples>
		<Samples TimeTag="2024-12-26T22:50:29" DepthTag="1.035">2.815 15.239 34.648 0.000 38.198 15.239 </Samples>
		<Samples TimeTag="2024-12-26T22:50:50" DepthTag="1.140">1.358 3.320 22.118 0.000 32.756 3.320 </Samples>
		<Samples TimeTag="2024-12-26T22:50:54" DepthTag="1.240">1.595 10.144 45.114 0.000 38.598 10.144 </Samples>
		<Samples TimeTag="2024-12-26T22:51:00" DepthTag="1.342">0.988 14.764 40.937 0.000 35.574 14.764 </Samples>
		<Samples TimeTag="2024-12-26T22:51:05" DepthTag="1.444">1.268 15.652 39.669 0.000 41.752 15.652 </Samples>
		<Samples TimeTag="2024-12-26T22:51:40" DepthTag="1.544">0.558 13.066 44.803 0.000 52.852 13.066 </Samples>
		<Samples TimeTag="2024-12-26T22:51:45" DepthTag="1.647">1.110 16.142 41.307 0.000 57.210 16.142 </Samples>
		<Samples TimeTag="2024-12-26T22:51:49" DepthTag="1.749">1.600 16.891 39.386 0.000 44.691 16.891 </Samples>
		<Samples TimeTag="2024-12-26T22:51:54" DepthTag="1.851">1.386 17.411 39.609 0.000 51.112 17.411 </Samples>
		<Samples TimeTag="2024-12-26T22:51:58" DepthTag="1.952">1.444 17.748 40.787 0.000 50.479 17.748 </Samples>
		<Samples TimeTag="2024-12-26T22:52:05" DepthTag="2.054">0.852 17.901 39.252 0.000 49.785 17.901 </Samples>
		<Samples TimeTag="2024-12-26T22:52:09" DepthTag="2.157">1.538 18.054 39.219 0.000 47.784 18.054 </Samples>
		<Samples TimeTag="2024-12-26T22:52:13" DepthTag="2.258">1.396 18.146 39.316 0.000 45.358 18.146 </Samples>
		<Samples TimeTag="2024-12-26T22:52:17" DepthTag="2.364">1.854 18.222 38.674 0.000 48.103 18.222 </Samples>
		<Samples TimeTag="2024-12-26T22:52:20" DepthTag="2.470">1.972 18.268 40.521 0.000 43.037 18.268 </Samples>
		<Samples TimeTag="2024-12-26T22:52:50" DepthTag="2.581">0.877 4.391 20.780 0.000 27.331 4.391 </Samples>
		<Samples TimeTag="2024-12-26T22:52:54" DepthTag="2.684">1.398 13.158 43.597 0.000 48.674 13.158 </Samples>
		<Samples TimeTag="2024-12-26T22:52:58" DepthTag="2.785">1.802 15.453 41.696 0.000 39.538 15.453 </Samples>
		<Samples TimeTag="2024-12-26T22:53:02" DepthTag="2.887">1.334 16.601 41.506 0.000 48.622 16.601 </Samples>
		<Samples TimeTag="2024-12-26T22:53:06" DepthTag="2.987">1.876 17.105 40.309 0.000 42.111 17.105 </Samples>
		<Samples TimeTag="2024-12-26T22:53:09" DepthTag="3.087">1.739 17.335 39.537 0.000 46.210 17.335 </Samples>
		<Samples TimeTag="2024-12-26T22:53:12" DepthTag="3.188">1.892 17.656 39.356 0.000 52.995 17.656 </Samples>
		<Samples TimeTag="2024-12-26T22:53:16" DepthTag="3.294">1.519 17.779 38.933 0.000 52.917 17.779 </Samples>
		<Samples TimeTag="2024-12-26T22:53:21" DepthTag="3.395">1.377 17.870 41.323 0.000 49.941 17.870 </Samples>
		<Samples TimeTag="2024-12-26T22:53:26" DepthTag="3.497">1.092 18.069 41.468 0.000 43.994 18.069 </Samples>
		<Samples TimeTag="2024-12-26T22:54:13" DepthTag="3.597">0.307 14.994 45.265 0.000 55.586 14.994 </Samples>
		<Samples TimeTag="2024-12-26T22:54:20" DepthTag="3.701">0.896 16.677 44.375 0.000 46.829 16.677 </Samples>
		<Samples TimeTag="2024-12-26T22:54:23" DepthTag="3.809">1.796 17.090 43.906 0.000 39.129 17.090 </Samples>
		<Samples TimeTag="2024-12-26T22:54:26" DepthTag="3.910">1.888 17.381 44.741 0.000 38.168 17.381 </Samples>
		<Samples TimeTag="2024-12-26T22:54:29" DepthTag="4.014">2.104 17.671 44.811 0.000 41.742 17.671 </Samples>
		<Samples TimeTag="2024-12-26T22:54:33" DepthTag="4.118">1.648 17.809 45.401 0.000 52.271 17.809 </Samples>
		<Samples TimeTag="2024-12-26T22:54:39" DepthTag="4.223">1.076 17.733 43.949 0.000 54.215 17.733 </Samples>
		<Samples TimeTag="2024-12-26T22:54:43" DepthTag="4.328">1.751 17.855 44.790 0.000 49.379 17.855 </Samples>
		<Samples TimeTag="2024-12-26T22:54:47" DepthTag="4.434">1.522 17.840 44.757 0.000 51.775 17.840 </Samples>
		<Samples TimeTag="2024-12-26T22:54:51" DepthTag="4.537">1.474 17.993 45.445 0.000 55.603 17.993 </Samples>
		<Samples TimeTag="2024-12-26T22:54:56" DepthTag="4.638">1.199 17.870 44.708 0.000 55.048 17.870 </Samples>
		<Samples TimeTag="2024-12-26T22:55:01" DepthTag="4.743">1.171 17.947 45.391 0.000 53.864 17.947 </Samples>
		<Samples TimeTag="2024-12-26T22:55:06" DepthTag="4.845">1.231 18.008 43.926 0.000 51.470 18.008 </Samples>
		<Samples TimeTag="2024-12-26T22:55:10" DepthTag="4.947">1.710 18.176 45.969 0.000 53.985 18.176 </Samples>
		<Samples TimeTag="2024-12-26T22:55:16" DepthTag="5.050">0.959 18.299 44.692 0.000 61.199 18.299 </Samples>
		<Samples TimeTag="2024-12-26T22:55:21" DepthTag="5.151">1.330 18.345 44.599 0.000 52.230 18.345 </Samples>
		<Samples TimeTag="2024-12-26T22:55:24" DepthTag="5.253">2.173 18.360 43.999 0.000 35.786 18.360 </Samples>
		<Samples TimeTag="2024-12-26T22:55:26" DepthTag="5.353">3.001 18.421 44.838 0.000 33.146 18.421 </Samples>
		<Samples TimeTag="2024-12-26T22:55:28" DepthTag="5.459">2.651 18.437 44.797 0.000 36.351 18.437 </Samples>
		<Samples TimeTag="2024-12-26T22:55:31" DepthTag="5.566">2.271 18.391 45.078 0.000 44.777 18.391 </Samples>
		<Samples TimeTag="2024-12-26T22:55:34" DepthTag="5.672">2.268 18.712 45.827 0.000 38.251 18.712 </Samples>
		<Samples TimeTag="2024-12-26T22:55:38" DepthTag="5.773">1.608 18.651 44.676 0.000 56.824 18.651 </Samples>
		<Samples TimeTag="2024-12-26T22:55:40" DepthTag="5.878">2.261 18.590 45.199 0.000 56.550 18.590 </Samples>
		<Samples TimeTag="2024-12-26T22:55:43" DepthTag="5.982">2.046 18.574 45.067 0.000 54.947 18.574 </Samples>
		<Samples TimeTag="2024-12-26T22:55:46" DepthTag="6.092">2.336 18.574 45.501 0.000 49.115 18.574 </Samples>
		<Samples TimeTag="2024-12-26T22:55:49" DepthTag="6.194">2.234 18.590 45.306 0.000 54.318 18.590 </Samples>
		<Samples TimeTag="2024-12-26T22:55:52" DepthTag="6.299">2.082 18.574 45.151 0.000 57.817 18.574 </Samples>
		<Samples TimeTag="2024-12-26T22:55:56" DepthTag="6.403">1.545 18.498 44.999 0.000 57.773 18.498 </Samples>
		<Samples TimeTag="2024-12-26T22:56:00" DepthTag="6.507">1.651 18.467 45.221 0.000 55.534 18.467 </Samples>
		<Samples TimeTag="2024-12-26T22:56:03" DepthTag="6.613">1.982 18.391 44.922 0.000 52.014 18.391 </Samples>
		<Samples TimeTag="2024-12-26T22:56:06" DepthTag="6.713">2.353 18.360 45.057 0.000 47.665 18.360 </Samples>
		<Samples TimeTag="2024-12-26T22:56:08" DepthTag="6.819">2.409 18.375 45.439 0.000 53.540 18.375 </Samples>
		<Samples TimeTag="2024-12-26T22:56:11" DepthTag="6.920">1.892 18.345 45.512 0.000 52.410 18.345 </Samples>
		<Samples TimeTag="2024-12-26T22:56:14" DepthTag="7.024">2.085 18.299 45.795 0.000 41.041 18.299 </Samples>
		<Samples TimeTag="2024-12-26T22:56:17" DepthTag="7.130">2.285 18.360 44.692 0.000 51.410 18.360 </Samples>
		<Samples TimeTag="2024-12-26T22:56:20" DepthTag="7.237">2.282 18.391 45.292 0.000 50.968 18.391 </Samples>
		<Samples TimeTag="2024-12-26T22:56:23" DepthTag="7.342">2.241 18.360 45.468 0.000 47.180 18.360 </Samples>
		<Samples TimeTag="2024-12-26T22:56:26" DepthTag="7.444">2.172 18.345 44.444 0.000 50.373 18.345 </Samples>
		<Samples TimeTag="2024-12-26T22:56:28" DepthTag="7.544">2.358 18.284 40.843 0.000 47.333 18.284 </Samples>
		<Samples TimeTag="2024-12-26T22:56:31" DepthTag="7.648">2.044 18.207 40.555 0.000 53.142 18.207 </Samples>
	</CompactMWDdata>
	<IR:GenTrailer>
		<IR:FileCloseDate>2024-12-26T22:58:10</IR:FileCloseDate>
		<IR:ChkSum>1150176101</IR:ChkSum>
	</IR:GenTrailer>
</DRMWD>
