<?xml version="1.0" encoding="UTF-8"?>
<!-- Generated by the RCS System Epiroc Rock Drills AB -->
<DRMWD xmlns="http://www.iredes.org/xml/DrillRig" xmlns:IR="http://www.iredes.org/xml" xmlns:xsi="http://www.w3.org/2001/XMLSchema-instance" xsi:schemaLocation="http://www.iredes.org/xml/DrillRig C:\Iredes\IR_V1.2.3\xml\DR-DrillRig_V1.2\DrillRig.xsd" IRVersion="V 1.2AC" IRDownwCompat="V 1.2AC" DRMWDDownwCompat="V 1.2AC" DRMWDVersion="V 1.2AC">
	<IR:GenHead>
		<IR:FileCreateDate>2024-12-27T05:36:03</IR:FileCreateDate>
		<IR:IRversion DownwCompat="V 1.0">V 1.2AC</IR:IRversion>
		<IR:EquipmentInfo>
			<IR:EqpManufact>Epiroc</IR:EqpManufact>
			<IR:EqpType>SmartROC D65</IR:EqpType>
			<IR:EqpSerNo>8992013064</IR:EqpSerNo>
			<IR:EqpSysVer>6.28.1</IR:EqpSysVer>
			<IR:EqpInfo>DrillingMethod: DTH</IR:EqpInfo>
		</IR:EquipmentInfo>
	</IR:GenHead>
	<IR:ReportId>MWDRI270536</IR:ReportId>
	<IR:StartLogTime>2024-12-27T05:25:10</IR:StartLogTime>
	<IR:EndLogTime>2024-12-27T05:32:54</IR:EndLogTime>
	<IR:PlanIdRef>FRD03_11_0626_001_All</IR:PlanIdRef>
	<IR:PlanNameRef>FRD03_11_0626_001_All</IR:PlanNameRef>
	<MWDholeId>G12</MWDholeId>
	<QualityReportIdRef>DQRI270314</QualityReportIdRef>
	<SampleDistance>0.100</SampleDistance>
	<CompactMWDdata>
		<MWDparams>
			<Parameter Unit="m/min" Full="PenetrRate">PR</Parameter>
			<Parameter Unit="Bar" Full="PercPressure">PP</Parameter>
			<Parameter Unit="Bar" Full="FeedPressure">FP</Parameter>
			<Parameter Unit="Bar" Full="DampPressure">DP</Parameter>
			<Parameter Unit="Bar" Full="RotPressure">RP</Parameter>
			<Parameter Unit="Bar" Full="FlushPressure">FLP</Parameter>
		</MWDparams>
		<Samples TimeTag="2024-12-27T05:25:10" DepthTag="0.109">1.257 14.076 35.540 0.000 21.399 14.076 </Samples>
		<Samples TimeTag="2024-12-27T05:25:14" DepthTag="0.210">1.803 14.902 44.994 0.000 21.400 14.902 </Samples>
		<Samples TimeTag="2024-12-27T05:25:18" DepthTag="0.312">1.521 15.331 41.922 0.000 21.400 15.331 </Samples>
		<Samples TimeTag="2024-12-27T05:25:21" DepthTag="0.416">1.730 15.453 39.805 0.000 41.382 15.453 </Samples>
		<Samples TimeTag="2024-12-27T05:25:24" DepthTag="0.520">2.442 15.392 35.845 0.000 40.769 15.392 </Samples>
		<Samples TimeTag="2024-12-27T05:25:42" DepthTag="0.632">1.330 4.330 21.421 0.000 30.403 4.330 </Samples>
		<Samples TimeTag="2024-12-27T05:25:44" DepthTag="0.735">2.331 9.134 45.718 0.000 62.017 9.134 </Samples>
		<Samples TimeTag="2024-12-27T05:25:47" DepthTag="0.839">2.282 12.041 43.170 0.000 50.358 12.041 </Samples>
		<Samples TimeTag="2024-12-27T05:25:50" DepthTag="0.940">2.291 13.403 40.535 0.000 51.521 13.403 </Samples>
		<Samples TimeTag="2024-12-27T05:26:13" DepthTag="1.068">1.384 4.162 21.763 0.000 27.594 4.162 </Samples>
		<Samples TimeTag="2024-12-27T05:26:16" DepthTag="1.173">1.825 9.960 43.557 0.000 51.939 9.960 </Samples>
		<Samples TimeTag="2024-12-27T05:26:21" DepthTag="1.275">1.231 13.785 42.221 0.000 44.087 13.785 </Samples>
		<Samples TimeTag="2024-12-27T05:26:27" DepthTag="1.379">1.037 14.841 40.408 0.000 58.308 14.841 </Samples>
		<Samples TimeTag="2024-12-27T05:26:32" DepthTag="1.482">1.359 14.963 38.925 0.000 55.628 14.963 </Samples>
		<Samples TimeTag="2024-12-27T05:27:04" DepthTag="1.584">0.664 12.684 44.196 0.000 57.629 12.684 </Samples>
		<Samples TimeTag="2024-12-27T05:27:08" DepthTag="1.691">1.531 15.713 40.438 0.000 52.526 15.713 </Samples>
		<Samples TimeTag="2024-12-27T05:27:13" DepthTag="1.793">1.347 16.830 40.751 0.000 53.398 16.830 </Samples>
		<Samples TimeTag="2024-12-27T05:27:16" DepthTag="1.895">1.689 17.335 39.955 0.000 53.927 17.335 </Samples>
		<Samples TimeTag="2024-12-27T05:27:20" DepthTag="2.001">1.979 17.641 38.606 0.000 52.828 17.641 </Samples>
		<Samples TimeTag="2024-12-27T05:27:24" DepthTag="2.101">1.369 17.855 40.945 0.000 52.291 17.855 </Samples>
		<Samples TimeTag="2024-12-27T05:27:28" DepthTag="2.207">1.579 17.978 40.591 0.000 53.609 17.978 </Samples>
		<Samples TimeTag="2024-12-27T05:27:33" DepthTag="2.311">1.157 18.131 40.644 0.000 54.096 18.131 </Samples>
		<Samples TimeTag="2024-12-27T05:27:37" DepthTag="2.414">1.722 18.192 40.706 0.000 51.418 18.192 </Samples>
		<Samples TimeTag="2024-12-27T05:28:19" DepthTag="2.546">0.409 5.018 34.223 0.000 42.706 5.018 </Samples>
		<Samples TimeTag="2024-12-27T05:28:24" DepthTag="2.650">1.298 13.877 43.110 0.000 57.217 13.877 </Samples>
		<Samples TimeTag="2024-12-27T05:28:28" DepthTag="2.754">1.798 15.851 41.079 0.000 43.523 15.851 </Samples>
		<Samples TimeTag="2024-12-27T05:28:32" DepthTag="2.854">1.314 16.891 41.367 0.000 53.327 16.891 </Samples>
		<Samples TimeTag="2024-12-27T05:28:36" DepthTag="2.954">1.504 17.427 38.764 0.000 48.544 17.427 </Samples>
		<Samples TimeTag="2024-12-27T05:28:39" DepthTag="3.061">2.499 17.687 38.102 0.000 47.143 17.687 </Samples>
		<Samples TimeTag="2024-12-27T05:28:41" DepthTag="3.164">2.324 17.794 40.274 0.000 49.197 17.794 </Samples>
		<Samples TimeTag="2024-12-27T05:28:44" DepthTag="3.265">2.367 17.870 39.737 0.000 41.104 17.870 </Samples>
		<Samples TimeTag="2024-12-27T05:28:47" DepthTag="3.370">1.820 17.886 40.962 0.000 41.233 17.886 </Samples>
		<Samples TimeTag="2024-12-27T05:28:51" DepthTag="3.473">1.836 17.916 39.591 0.000 40.490 17.916 </Samples>
		<Samples TimeTag="2024-12-27T05:29:31" DepthTag="3.575">0.477 7.436 44.515 0.000 48.563 7.436 </Samples>
		<Samples TimeTag="2024-12-27T05:29:38" DepthTag="3.678">0.805 15.637 45.306 0.000 53.956 15.637 </Samples>
		<Samples TimeTag="2024-12-27T05:29:45" DepthTag="3.778">0.914 16.891 44.468 0.000 56.523 16.891 </Samples>
		<Samples TimeTag="2024-12-27T05:29:48" DepthTag="3.888">2.054 17.350 43.136 0.000 50.519 17.350 </Samples>
		<Samples TimeTag="2024-12-27T05:29:52" DepthTag="3.992">1.738 17.626 44.041 0.000 46.876 17.626 </Samples>
		<Samples TimeTag="2024-12-27T05:29:56" DepthTag="4.097">1.504 17.809 44.846 0.000 52.785 17.809 </Samples>
		<Samples TimeTag="2024-12-27T05:29:59" DepthTag="4.198">1.995 17.916 44.979 0.000 52.424 17.916 </Samples>
		<Samples TimeTag="2024-12-27T05:30:01" DepthTag="4.301">2.412 17.978 44.854 0.000 49.133 17.978 </Samples>
		<Samples TimeTag="2024-12-27T05:30:04" DepthTag="4.405">2.424 18.039 45.114 0.000 48.793 18.039 </Samples>
		<Samples TimeTag="2024-12-27T05:30:07" DepthTag="4.506">1.892 17.916 45.639 0.000 53.075 17.916 </Samples>
		<Samples TimeTag="2024-12-27T05:30:10" DepthTag="4.609">2.329 17.978 45.469 0.000 38.322 17.978 </Samples>
		<Samples TimeTag="2024-12-27T05:30:14" DepthTag="4.712">1.487 17.886 45.520 0.000 43.608 17.886 </Samples>
		<Samples TimeTag="2024-12-27T05:30:18" DepthTag="4.813">1.668 17.825 45.582 0.000 51.810 17.825 </Samples>
		<Samples TimeTag="2024-12-27T05:30:21" DepthTag="4.915">1.638 17.916 45.580 0.000 50.305 17.916 </Samples>
		<Samples TimeTag="2024-12-27T05:30:26" DepthTag="5.017">1.433 17.901 45.761 0.000 49.799 17.901 </Samples>
		<Samples TimeTag="2024-12-27T05:30:32" DepthTag="5.118">1.018 17.717 43.829 0.000 51.594 17.717 </Samples>
		<Samples TimeTag="2024-12-27T05:30:35" DepthTag="5.220">1.695 17.947 41.738 0.000 53.106 17.947 </Samples>
		<Samples TimeTag="2024-12-27T05:30:40" DepthTag="5.322">1.315 18.054 45.554 0.000 54.686 18.054 </Samples>
		<Samples TimeTag="2024-12-27T05:30:47" DepthTag="5.422">0.892 17.901 44.706 0.000 56.817 17.901 </Samples>
		<Samples TimeTag="2024-12-27T05:30:52" DepthTag="5.523">1.157 17.855 44.674 0.000 55.789 17.855 </Samples>
		<Samples TimeTag="2024-12-27T05:30:55" DepthTag="5.623">1.678 17.962 44.418 0.000 48.249 17.962 </Samples>
		<Samples TimeTag="2024-12-27T05:31:00" DepthTag="5.725">1.455 18.085 45.087 0.000 52.387 18.085 </Samples>
		<Samples TimeTag="2024-12-27T05:31:04" DepthTag="5.826">1.427 18.253 44.539 0.000 53.127 18.253 </Samples>
		<Samples TimeTag="2024-12-27T05:31:07" DepthTag="5.929">1.939 18.268 44.572 0.000 52.159 18.268 </Samples>
		<Samples TimeTag="2024-12-27T05:31:11" DepthTag="6.031">1.518 18.360 44.971 0.000 63.971 18.360 </Samples>
		<Samples TimeTag="2024-12-27T05:31:15" DepthTag="6.131">1.536 18.467 44.622 0.000 54.235 18.467 </Samples>
		<Samples TimeTag="2024-12-27T05:31:20" DepthTag="6.233">1.173 18.482 45.528 0.000 63.374 18.482 </Samples>
		<Samples TimeTag="2024-12-27T05:31:25" DepthTag="6.334">1.197 18.544 45.359 0.000 58.448 18.544 </Samples>
		<Samples TimeTag="2024-12-27T05:31:30" DepthTag="6.438">1.362 18.574 44.735 0.000 51.929 18.574 </Samples>
		<Samples TimeTag="2024-12-27T05:31:33" DepthTag="6.544">1.757 18.590 44.699 0.000 50.366 18.590 </Samples>
		<Samples TimeTag="2024-12-27T05:31:36" DepthTag="6.646">2.390 18.544 44.745 0.000 49.406 18.544 </Samples>
		<Samples TimeTag="2024-12-27T05:31:38" DepthTag="6.749">2.565 18.559 45.904 0.000 48.431 18.559 </Samples>
		<Samples TimeTag="2024-12-27T05:31:41" DepthTag="6.850">2.174 18.544 45.222 0.000 46.850 18.544 </Samples>
		<Samples TimeTag="2024-12-27T05:31:44" DepthTag="6.955">2.366 18.727 45.389 0.000 39.439 18.727 </Samples>
		<Samples TimeTag="2024-12-27T05:31:46" DepthTag="7.061">2.495 18.850 44.853 0.000 33.611 18.850 </Samples>
		<Samples TimeTag="2024-12-27T05:31:49" DepthTag="7.166">2.235 18.957 44.578 0.000 38.491 18.957 </Samples>
		<Samples TimeTag="2024-12-27T05:31:53" DepthTag="7.267">1.792 18.865 45.179 0.000 46.204 18.865 </Samples>
		<Samples TimeTag="2024-12-27T05:31:55" DepthTag="7.372">2.382 18.957 44.896 0.000 35.794 18.957 </Samples>
		<Samples TimeTag="2024-12-27T05:31:58" DepthTag="7.481">2.037 18.896 44.439 0.000 52.712 18.896 </Samples>
		<Samples TimeTag="2024-12-27T05:32:01" DepthTag="7.592">2.372 18.758 39.068 0.000 49.003 18.758 </Samples>
		<Samples TimeTag="2024-12-27T05:32:54" DepthTag="7.709">1.170 5.431 12.031 0.000 24.963 5.431 </Samples>
	</CompactMWDdata>
	<IR:GenTrailer>
		<IR:FileCloseDate>2024-12-27T05:36:03</IR:FileCloseDate>
		<IR:ChkSum>0384051965</IR:ChkSum>
	</IR:GenTrailer>
</DRMWD>
