<?xml version="1.0" encoding="UTF-8"?>
<!-- Generated by the RCS System Epiroc Rock Drills AB -->
<DRMWD xmlns="http://www.iredes.org/xml/DrillRig" xmlns:IR="http://www.iredes.org/xml" xmlns:xsi="http://www.w3.org/2001/XMLSchema-instance" xsi:schemaLocation="http://www.iredes.org/xml/DrillRig C:\Iredes\IR_V1.2.3\xml\DR-DrillRig_V1.2\DrillRig.xsd" IRVersion="V 1.2AC" IRDownwCompat="V 1.2AC" DRMWDDownwCompat="V 1.2AC" DRMWDVersion="V 1.2AC">
	<IR:GenHead>
		<IR:FileCreateDate>2024-12-26T22:47:46</IR:FileCreateDate>
		<IR:IRversion DownwCompat="V 1.0">V 1.2AC</IR:IRversion>
		<IR:EquipmentInfo>
			<IR:EqpManufact>Epiroc</IR:EqpManufact>
			<IR:EqpType>SmartROC D65</IR:EqpType>
			<IR:EqpSerNo>8992013064</IR:EqpSerNo>
			<IR:EqpSysVer>6.28.1</IR:EqpSysVer>
			<IR:EqpInfo>DrillingMethod: DTH</IR:EqpInfo>
		</IR:EquipmentInfo>
	</IR:GenHead>
	<IR:ReportId>MWDRI262247</IR:ReportId>
	<IR:StartLogTime>2024-12-26T22:39:03</IR:StartLogTime>
	<IR:EndLogTime>2024-12-26T22:46:06</IR:EndLogTime>
	<IR:PlanIdRef>FRD03_11_0626_001_All</IR:PlanIdRef>
	<IR:PlanNameRef>FRD03_11_0626_001_All</IR:PlanNameRef>
	<MWDholeId>H10</MWDholeId>
	<QualityReportIdRef>DQRI262053</QualityReportIdRef>
	<SampleDistance>0.100</SampleDistance>
	<CompactMWDdata>
		<MWDparams>
			<Parameter Unit="m/min" Full="PenetrRate">PR</Parameter>
			<Parameter Unit="Bar" Full="PercPressure">PP</Parameter>
			<Parameter Unit="Bar" Full="FeedPressure">FP</Parameter>
			<Parameter Unit="Bar" Full="DampPressure">DP</Parameter>
			<Parameter Unit="Bar" Full="RotPressure">RP</Parameter>
			<Parameter Unit="Bar" Full="FlushPressure">FLP</Parameter>
		</MWDparams>
		<Samples TimeTag="2024-12-26T22:39:03" DepthTag="0.102">1.111 11.169 40.957 0.000 21.828 11.169 </Samples>
		<Samples TimeTag="2024-12-26T22:39:08" DepthTag="0.204">1.212 13.984 41.875 0.000 21.720 13.984 </Samples>
		<Samples TimeTag="2024-12-26T22:39:13" DepthTag="0.315">1.596 14.657 40.589 0.000 51.937 14.657 </Samples>
		<Samples TimeTag="2024-12-26T22:39:17" DepthTag="0.417">1.387 14.979 41.736 0.000 55.597 14.979 </Samples>
		<Samples TimeTag="2024-12-26T22:39:21" DepthTag="0.519">1.528 15.147 40.009 0.000 53.743 15.147 </Samples>
		<Samples TimeTag="2024-12-26T22:39:45" DepthTag="0.628">0.781 15.116 40.594 0.000 52.675 15.116 </Samples>
		<Samples TimeTag="2024-12-26T22:39:48" DepthTag="0.730">1.818 15.162 40.627 0.000 53.885 15.162 </Samples>
		<Samples TimeTag="2024-12-26T22:39:53" DepthTag="0.835">1.474 15.239 39.916 0.000 52.293 15.239 </Samples>
		<Samples TimeTag="2024-12-26T22:39:56" DepthTag="0.937">1.627 15.269 39.644 0.000 52.903 15.269 </Samples>
		<Samples TimeTag="2024-12-26T22:40:23" DepthTag="1.037">0.664 7.252 48.571 0.000 56.059 7.252 </Samples>
		<Samples TimeTag="2024-12-26T22:40:28" DepthTag="1.144">1.223 12.791 41.129 0.000 56.838 12.791 </Samples>
		<Samples TimeTag="2024-12-26T22:40:33" DepthTag="1.246">1.412 14.244 40.313 0.000 52.349 14.244 </Samples>
		<Samples TimeTag="2024-12-26T22:40:37" DepthTag="1.351">1.571 14.795 39.346 0.000 53.733 14.795 </Samples>
		<Samples TimeTag="2024-12-26T22:40:40" DepthTag="1.462">2.199 14.856 39.244 0.000 48.674 14.856 </Samples>
		<Samples TimeTag="2024-12-26T22:41:08" DepthTag="1.585">1.081 5.034 31.013 0.000 36.260 5.034 </Samples>
		<Samples TimeTag="2024-12-26T22:41:12" DepthTag="1.689">1.555 13.082 43.908 0.000 42.757 13.082 </Samples>
		<Samples TimeTag="2024-12-26T22:41:16" DepthTag="1.792">1.485 15.912 40.771 0.000 51.969 15.912 </Samples>
		<Samples TimeTag="2024-12-26T22:41:20" DepthTag="1.898">1.761 16.799 39.809 0.000 43.834 16.799 </Samples>
		<Samples TimeTag="2024-12-26T22:41:23" DepthTag="2.001">2.197 17.258 39.547 0.000 46.219 17.258 </Samples>
		<Samples TimeTag="2024-12-26T22:41:26" DepthTag="2.104">1.918 17.549 40.925 0.000 52.459 17.549 </Samples>
		<Samples TimeTag="2024-12-26T22:41:31" DepthTag="2.207">1.194 17.932 39.991 0.000 44.386 17.932 </Samples>
		<Samples TimeTag="2024-12-26T22:41:34" DepthTag="2.310">1.963 18.069 41.408 0.000 41.999 18.069 </Samples>
		<Samples TimeTag="2024-12-26T22:41:38" DepthTag="2.417">1.859 18.253 39.439 0.000 36.140 18.253 </Samples>
		<Samples TimeTag="2024-12-26T22:41:41" DepthTag="2.518">1.893 18.452 39.416 0.000 35.487 18.452 </Samples>
		<Samples TimeTag="2024-12-26T22:42:10" DepthTag="2.618">1.071 6.579 34.921 0.000 40.389 6.579 </Samples>
		<Samples TimeTag="2024-12-26T22:42:15" DepthTag="2.723">1.155 14.887 42.419 0.000 46.609 14.887 </Samples>
		<Samples TimeTag="2024-12-26T22:42:25" DepthTag="2.825">0.601 17.212 40.016 0.000 45.428 17.212 </Samples>
		<Samples TimeTag="2024-12-26T22:42:32" DepthTag="2.928">0.882 17.304 37.304 0.000 46.643 17.304 </Samples>
		<Samples TimeTag="2024-12-26T22:42:35" DepthTag="3.029">2.176 17.549 39.133 0.000 39.908 17.549 </Samples>
		<Samples TimeTag="2024-12-26T22:42:38" DepthTag="3.133">1.934 17.870 40.172 0.000 41.648 17.870 </Samples>
		<Samples TimeTag="2024-12-26T22:42:43" DepthTag="3.236">1.400 18.054 40.625 0.000 49.836 18.054 </Samples>
		<Samples TimeTag="2024-12-26T22:42:47" DepthTag="3.340">1.652 18.192 38.921 0.000 45.066 18.192 </Samples>
		<Samples TimeTag="2024-12-26T22:42:51" DepthTag="3.446">1.532 18.222 39.196 0.000 49.585 18.222 </Samples>
		<Samples TimeTag="2024-12-26T22:43:25" DepthTag="3.589">1.149 4.116 23.674 0.000 30.374 4.116 </Samples>
		<Samples TimeTag="2024-12-26T22:43:29" DepthTag="3.691">1.389 12.730 45.872 0.000 55.470 12.730 </Samples>
		<Samples TimeTag="2024-12-26T22:43:33" DepthTag="3.795">1.759 15.239 45.040 0.000 45.238 15.239 </Samples>
		<Samples TimeTag="2024-12-26T22:43:37" DepthTag="3.899">1.554 16.340 44.604 0.000 54.425 16.340 </Samples>
		<Samples TimeTag="2024-12-26T22:43:40" DepthTag="3.999">1.881 16.769 44.916 0.000 53.858 16.769 </Samples>
		<Samples TimeTag="2024-12-26T22:43:47" DepthTag="4.103">0.911 17.059 44.888 0.000 54.103 17.059 </Samples>
		<Samples TimeTag="2024-12-26T22:43:51" DepthTag="4.209">1.322 17.304 43.647 0.000 52.343 17.304 </Samples>
		<Samples TimeTag="2024-12-26T22:43:56" DepthTag="4.309">1.253 17.534 44.703 0.000 48.228 17.534 </Samples>
		<Samples TimeTag="2024-12-26T22:44:06" DepthTag="4.410">0.630 17.518 45.388 0.000 48.487 17.518 </Samples>
		<Samples TimeTag="2024-12-26T22:44:14" DepthTag="4.511">0.743 17.748 45.248 0.000 51.927 17.748 </Samples>
		<Samples TimeTag="2024-12-26T22:44:23" DepthTag="4.613">0.694 17.564 44.561 0.000 50.121 17.564 </Samples>
		<Samples TimeTag="2024-12-26T22:44:26" DepthTag="4.716">1.784 17.656 44.096 0.000 40.635 17.656 </Samples>
		<Samples TimeTag="2024-12-26T22:44:29" DepthTag="4.816">2.022 17.641 44.817 0.000 37.362 17.641 </Samples>
		<Samples TimeTag="2024-12-26T22:44:32" DepthTag="4.920">2.227 17.855 44.092 0.000 35.756 17.855 </Samples>
		<Samples TimeTag="2024-12-26T22:44:35" DepthTag="5.026">1.987 17.932 44.762 0.000 45.410 17.932 </Samples>
		<Samples TimeTag="2024-12-26T22:44:39" DepthTag="5.127">1.678 17.763 46.623 0.000 46.912 17.763 </Samples>
		<Samples TimeTag="2024-12-26T22:44:44" DepthTag="5.229">1.098 17.549 44.534 0.000 53.309 17.549 </Samples>
		<Samples TimeTag="2024-12-26T22:44:48" DepthTag="5.329">1.510 17.748 44.957 0.000 57.570 17.748 </Samples>
		<Samples TimeTag="2024-12-26T22:44:53" DepthTag="5.433">1.235 17.947 44.552 0.000 59.125 17.947 </Samples>
		<Samples TimeTag="2024-12-26T22:44:59" DepthTag="5.536">1.112 17.932 44.652 0.000 52.894 17.932 </Samples>
		<Samples TimeTag="2024-12-26T22:45:06" DepthTag="5.637">0.861 18.100 45.123 0.000 50.068 18.100 </Samples>
		<Samples TimeTag="2024-12-26T22:45:12" DepthTag="5.738">1.008 17.962 43.332 0.000 50.440 17.962 </Samples>
		<Samples TimeTag="2024-12-26T22:45:15" DepthTag="5.842">2.090 17.993 44.969 0.000 51.339 17.993 </Samples>
		<Samples TimeTag="2024-12-26T22:45:18" DepthTag="5.944">1.906 18.131 44.297 0.000 53.397 18.131 </Samples>
		<Samples TimeTag="2024-12-26T22:45:21" DepthTag="6.045">2.518 18.253 44.455 0.000 42.979 18.253 </Samples>
		<Samples TimeTag="2024-12-26T22:45:23" DepthTag="6.150">2.910 18.635 45.189 0.000 32.374 18.635 </Samples>
		<Samples TimeTag="2024-12-26T22:45:26" DepthTag="6.257">2.115 18.743 45.570 0.000 45.033 18.743 </Samples>
		<Samples TimeTag="2024-12-26T22:45:28" DepthTag="6.359">2.376 19.140 45.486 0.000 36.282 19.140 </Samples>
		<Samples TimeTag="2024-12-26T22:45:32" DepthTag="6.462">1.928 19.324 45.143 0.000 41.427 19.324 </Samples>
		<Samples TimeTag="2024-12-26T22:45:34" DepthTag="6.565">2.412 19.156 44.683 0.000 51.276 19.156 </Samples>
		<Samples TimeTag="2024-12-26T22:45:36" DepthTag="6.672">2.848 19.033 44.746 0.000 48.523 19.033 </Samples>
		<Samples TimeTag="2024-12-26T22:45:39" DepthTag="6.775">2.267 18.880 45.384 0.000 53.011 18.880 </Samples>
		<Samples TimeTag="2024-12-26T22:45:42" DepthTag="6.878">2.549 18.834 44.542 0.000 52.073 18.834 </Samples>
		<Samples TimeTag="2024-12-26T22:45:44" DepthTag="6.983">2.814 18.758 44.938 0.000 52.940 18.758 </Samples>
		<Samples TimeTag="2024-12-26T22:45:46" DepthTag="7.084">2.362 18.743 45.628 0.000 56.981 18.743 </Samples>
		<Samples TimeTag="2024-12-26T22:45:49" DepthTag="7.185">2.524 18.666 43.028 0.000 46.397 18.666 </Samples>
		<Samples TimeTag="2024-12-26T22:45:51" DepthTag="7.290">2.384 18.712 45.796 0.000 49.662 18.712 </Samples>
		<Samples TimeTag="2024-12-26T22:45:54" DepthTag="7.401">2.233 18.727 46.038 0.000 48.173 18.727 </Samples>
		<Samples TimeTag="2024-12-26T22:45:58" DepthTag="7.508">1.910 18.620 45.072 0.000 52.488 18.620 </Samples>
		<Samples TimeTag="2024-12-26T22:46:01" DepthTag="7.610">2.178 18.498 44.880 0.000 49.605 18.498 </Samples>
		<Samples TimeTag="2024-12-26T22:46:03" DepthTag="7.714">2.233 18.727 38.892 0.000 41.217 18.727 </Samples>
		<Samples TimeTag="2024-12-26T22:46:06" DepthTag="7.822">2.171 18.467 34.738 0.000 44.140 18.467 </Samples>
	</CompactMWDdata>
	<IR:GenTrailer>
		<IR:FileCloseDate>2024-12-26T22:47:46</IR:FileCloseDate>
		<IR:ChkSum>1648813000</IR:ChkSum>
	</IR:GenTrailer>
</DRMWD>
