<?xml version="1.0" encoding="UTF-8"?>
<!-- Generated by the RCS System Epiroc Rock Drills AB -->
<DRMWD xmlns="http://www.iredes.org/xml/DrillRig" xmlns:IR="http://www.iredes.org/xml" xmlns:xsi="http://www.w3.org/2001/XMLSchema-instance" xsi:schemaLocation="http://www.iredes.org/xml/DrillRig C:\Iredes\IR_V1.2.3\xml\DR-DrillRig_V1.2\DrillRig.xsd" IRVersion="V 1.2AC" IRDownwCompat="V 1.2AC" DRMWDDownwCompat="V 1.2AC" DRMWDVersion="V 1.2AC">
	<IR:GenHead>
		<IR:FileCreateDate>2024-12-25T20:27:06</IR:FileCreateDate>
		<IR:IRversion DownwCompat="V 1.0">V 1.2AC</IR:IRversion>
		<IR:EquipmentInfo>
			<IR:EqpManufact>Epiroc</IR:EqpManufact>
			<IR:EqpType>SmartROC D65</IR:EqpType>
			<IR:EqpSerNo>8992013064</IR:EqpSerNo>
			<IR:EqpSysVer>6.28.1</IR:EqpSysVer>
			<IR:EqpInfo>DrillingMethod: DTH</IR:EqpInfo>
		</IR:EquipmentInfo>
	</IR:GenHead>
	<IR:ReportId>MWDRI252027</IR:ReportId>
	<IR:StartLogTime>2024-12-25T20:19:41</IR:StartLogTime>
	<IR:EndLogTime>2024-12-25T20:25:36</IR:EndLogTime>
	<IR:PlanIdRef>FRD03_11_0632_003_All</IR:PlanIdRef>
	<IR:PlanNameRef>FRD03_11_0632_003_All</IR:PlanNameRef>
	<MWDholeId>A1</MWDholeId>
	<QualityReportIdRef>DQRI250804</QualityReportIdRef>
	<SampleDistance>0.100</SampleDistance>
	<CompactMWDdata>
		<MWDparams>
			<Parameter Unit="m/min" Full="PenetrRate">PR</Parameter>
			<Parameter Unit="Bar" Full="PercPressure">PP</Parameter>
			<Parameter Unit="Bar" Full="FeedPressure">FP</Parameter>
			<Parameter Unit="Bar" Full="DampPressure">DP</Parameter>
			<Parameter Unit="Bar" Full="RotPressure">RP</Parameter>
			<Parameter Unit="Bar" Full="FlushPressure">FLP</Parameter>
		</MWDparams>
		<Samples TimeTag="2024-12-25T20:19:41" DepthTag="0.119">1.183 13.770 26.475 0.000 20.667 13.770 </Samples>
		<Samples TimeTag="2024-12-25T20:19:46" DepthTag="0.219">1.444 14.382 40.956 0.000 20.794 14.382 </Samples>
		<Samples TimeTag="2024-12-25T20:19:51" DepthTag="0.322">1.186 14.642 42.377 0.000 56.495 14.642 </Samples>
		<Samples TimeTag="2024-12-25T20:19:55" DepthTag="0.424">1.587 14.918 41.068 0.000 50.920 14.918 </Samples>
		<Samples TimeTag="2024-12-25T20:20:01" DepthTag="0.526">0.969 15.040 39.134 0.000 52.641 15.040 </Samples>
		<Samples TimeTag="2024-12-25T20:20:24" DepthTag="0.639">0.846 3.993 31.274 0.000 42.410 3.993 </Samples>
		<Samples TimeTag="2024-12-25T20:20:31" DepthTag="0.742">0.886 12.684 41.920 0.000 53.173 12.684 </Samples>
		<Samples TimeTag="2024-12-25T20:20:37" DepthTag="0.845">1.021 14.458 39.771 0.000 50.157 14.458 </Samples>
		<Samples TimeTag="2024-12-25T20:20:44" DepthTag="0.945">0.800 14.780 40.989 0.000 56.367 14.780 </Samples>
		<Samples TimeTag="2024-12-25T20:20:49" DepthTag="1.050">1.306 14.918 36.382 0.000 48.016 14.918 </Samples>
		<Samples TimeTag="2024-12-25T20:21:19" DepthTag="1.151">0.647 9.593 45.334 0.000 60.949 9.593 </Samples>
		<Samples TimeTag="2024-12-25T20:21:25" DepthTag="1.253">0.915 13.770 41.363 0.000 51.858 13.770 </Samples>
		<Samples TimeTag="2024-12-25T20:21:31" DepthTag="1.354">1.174 14.535 37.728 0.000 51.217 14.535 </Samples>
		<Samples TimeTag="2024-12-25T20:21:34" DepthTag="1.455">1.793 14.749 39.699 0.000 50.359 14.749 </Samples>
		<Samples TimeTag="2024-12-25T20:21:38" DepthTag="1.562">1.449 14.902 40.220 0.000 50.962 14.902 </Samples>
		<Samples TimeTag="2024-12-25T20:22:13" DepthTag="1.663">0.706 9.685 46.641 0.000 62.212 9.685 </Samples>
		<Samples TimeTag="2024-12-25T20:22:19" DepthTag="1.768">0.946 15.851 39.623 0.000 55.172 15.851 </Samples>
		<Samples TimeTag="2024-12-25T20:22:23" DepthTag="1.872">1.864 16.692 40.181 0.000 50.198 16.692 </Samples>
		<Samples TimeTag="2024-12-25T20:22:26" DepthTag="1.972">1.743 17.182 40.032 0.000 48.891 17.182 </Samples>
		<Samples TimeTag="2024-12-25T20:22:30" DepthTag="2.079">1.701 17.488 40.067 0.000 49.765 17.488 </Samples>
		<Samples TimeTag="2024-12-25T20:22:33" DepthTag="2.181">2.065 17.687 39.109 0.000 46.951 17.687 </Samples>
		<Samples TimeTag="2024-12-25T20:22:35" DepthTag="2.286">2.377 17.794 39.740 0.000 48.668 17.794 </Samples>
		<Samples TimeTag="2024-12-25T20:22:38" DepthTag="2.389">2.087 17.870 39.105 0.000 47.987 17.870 </Samples>
		<Samples TimeTag="2024-12-25T20:22:42" DepthTag="2.492">1.708 17.932 40.629 0.000 50.399 17.932 </Samples>
		<Samples TimeTag="2024-12-25T20:22:45" DepthTag="2.593">1.895 17.993 38.369 0.000 48.197 17.993 </Samples>
		<Samples TimeTag="2024-12-25T20:23:19" DepthTag="2.694">0.715 8.583 46.784 0.000 54.725 8.583 </Samples>
		<Samples TimeTag="2024-12-25T20:23:24" DepthTag="2.794">1.041 15.392 40.753 0.000 53.232 15.392 </Samples>
		<Samples TimeTag="2024-12-25T20:23:28" DepthTag="2.897">1.833 16.448 41.138 0.000 50.266 16.448 </Samples>
		<Samples TimeTag="2024-12-25T20:23:31" DepthTag="2.998">1.900 17.014 39.316 0.000 51.349 17.014 </Samples>
		<Samples TimeTag="2024-12-25T20:23:33" DepthTag="3.099">2.522 17.320 37.834 0.000 40.526 17.320 </Samples>
		<Samples TimeTag="2024-12-25T20:23:37" DepthTag="3.200">1.601 17.503 41.542 0.000 50.444 17.503 </Samples>
		<Samples TimeTag="2024-12-25T20:23:40" DepthTag="3.307">2.421 17.687 36.617 0.000 42.663 17.687 </Samples>
		<Samples TimeTag="2024-12-25T20:23:42" DepthTag="3.414">2.681 17.779 38.866 0.000 43.143 17.779 </Samples>
		<Samples TimeTag="2024-12-25T20:23:47" DepthTag="3.515">1.254 17.809 41.796 0.000 48.136 17.809 </Samples>
		<Samples TimeTag="2024-12-25T20:24:21" DepthTag="3.655">1.179 4.988 23.153 0.000 31.590 4.988 </Samples>
		<Samples TimeTag="2024-12-25T20:24:26" DepthTag="3.757">1.235 15.193 51.206 0.000 53.643 15.193 </Samples>
		<Samples TimeTag="2024-12-25T20:24:29" DepthTag="3.863">1.844 17.136 52.372 0.000 45.325 17.136 </Samples>
		<Samples TimeTag="2024-12-25T20:24:32" DepthTag="3.966">2.071 18.161 53.081 0.000 47.836 18.161 </Samples>
		<Samples TimeTag="2024-12-25T20:24:35" DepthTag="4.076">2.491 18.819 52.645 0.000 45.340 18.819 </Samples>
		<Samples TimeTag="2024-12-25T20:24:40" DepthTag="4.179">1.248 19.507 54.654 0.000 58.077 19.507 </Samples>
		<Samples TimeTag="2024-12-25T20:24:43" DepthTag="4.281">1.804 19.859 53.053 0.000 53.716 19.859 </Samples>
		<Samples TimeTag="2024-12-25T20:24:46" DepthTag="4.386">2.382 20.058 54.147 0.000 49.650 20.058 </Samples>
		<Samples TimeTag="2024-12-25T20:24:48" DepthTag="4.493">2.492 20.119 53.276 0.000 48.210 20.119 </Samples>
		<Samples TimeTag="2024-12-25T20:24:52" DepthTag="4.593">1.875 20.150 55.749 0.000 52.752 20.150 </Samples>
		<Samples TimeTag="2024-12-25T20:24:56" DepthTag="4.695">1.340 20.165 52.534 0.000 60.012 20.165 </Samples>
		<Samples TimeTag="2024-12-25T20:24:59" DepthTag="4.797">2.173 20.303 53.984 0.000 58.016 20.303 </Samples>
		<Samples TimeTag="2024-12-25T20:25:03" DepthTag="4.899">1.526 20.349 54.138 0.000 58.009 20.349 </Samples>
		<Samples TimeTag="2024-12-25T20:25:06" DepthTag="5.005">2.268 20.303 51.698 0.000 52.271 20.303 </Samples>
		<Samples TimeTag="2024-12-25T20:25:08" DepthTag="5.109">3.110 20.257 53.998 0.000 40.381 20.257 </Samples>
		<Samples TimeTag="2024-12-25T20:25:10" DepthTag="5.212">2.573 20.242 54.195 0.000 48.230 20.242 </Samples>
		<Samples TimeTag="2024-12-25T20:25:12" DepthTag="5.319">3.221 20.334 53.404 0.000 43.469 20.334 </Samples>
		<Samples TimeTag="2024-12-25T20:25:15" DepthTag="5.426">2.491 20.426 53.818 0.000 54.558 20.426 </Samples>
		<Samples TimeTag="2024-12-25T20:25:18" DepthTag="5.527">1.982 20.318 54.296 0.000 51.982 20.318 </Samples>
		<Samples TimeTag="2024-12-25T20:25:20" DepthTag="5.628">2.818 20.334 53.418 0.000 43.997 20.334 </Samples>
		<Samples TimeTag="2024-12-25T20:25:23" DepthTag="5.729">2.040 20.441 54.502 0.000 56.420 20.441 </Samples>
		<Samples TimeTag="2024-12-25T20:25:27" DepthTag="5.831">1.584 20.471 54.414 0.000 54.812 20.471 </Samples>
		<Samples TimeTag="2024-12-25T20:25:32" DepthTag="5.933">1.144 20.012 42.309 0.000 48.057 20.012 </Samples>
		<Samples TimeTag="2024-12-25T20:25:36" DepthTag="6.039">1.645 18.865 41.327 0.000 50.178 18.865 </Samples>
	</CompactMWDdata>
	<IR:GenTrailer>
		<IR:FileCloseDate>2024-12-25T20:27:06</IR:FileCloseDate>
		<IR:ChkSum>0499040842</IR:ChkSum>
	</IR:GenTrailer>
</DRMWD>
