<?xml version="1.0" encoding="UTF-8"?>
<!-- Generated by the RCS System Epiroc Rock Drills AB -->
<DRMWD xmlns="http://www.iredes.org/xml/DrillRig" xmlns:IR="http://www.iredes.org/xml" xmlns:xsi="http://www.w3.org/2001/XMLSchema-instance" xsi:schemaLocation="http://www.iredes.org/xml/DrillRig C:\Iredes\IR_V1.2.3\xml\DR-DrillRig_V1.2\DrillRig.xsd" IRVersion="V 1.2AC" IRDownwCompat="V 1.2AC" DRMWDDownwCompat="V 1.2AC" DRMWDVersion="V 1.2AC">
	<IR:GenHead>
		<IR:FileCreateDate>2024-12-25T20:45:26</IR:FileCreateDate>
		<IR:IRversion DownwCompat="V 1.0">V 1.2AC</IR:IRversion>
		<IR:EquipmentInfo>
			<IR:EqpManufact>Epiroc</IR:EqpManufact>
			<IR:EqpType>SmartROC D65</IR:EqpType>
			<IR:EqpSerNo>8992013064</IR:EqpSerNo>
			<IR:EqpSysVer>6.28.1</IR:EqpSysVer>
			<IR:EqpInfo>DrillingMethod: DTH</IR:EqpInfo>
		</IR:EquipmentInfo>
	</IR:GenHead>
	<IR:ReportId>MWDRI252045</IR:ReportId>
	<IR:StartLogTime>2024-12-25T20:38:33</IR:StartLogTime>
	<IR:EndLogTime>2024-12-25T20:43:52</IR:EndLogTime>
	<IR:PlanIdRef>FRD03_11_0632_003_All</IR:PlanIdRef>
	<IR:PlanNameRef>FRD03_11_0632_003_All</IR:PlanNameRef>
	<MWDholeId>A3</MWDholeId>
	<QualityReportIdRef>DQRI250804</QualityReportIdRef>
	<SampleDistance>0.100</SampleDistance>
	<CompactMWDdata>
		<MWDparams>
			<Parameter Unit="m/min" Full="PenetrRate">PR</Parameter>
			<Parameter Unit="Bar" Full="PercPressure">PP</Parameter>
			<Parameter Unit="Bar" Full="FeedPressure">FP</Parameter>
			<Parameter Unit="Bar" Full="DampPressure">DP</Parameter>
			<Parameter Unit="Bar" Full="RotPressure">RP</Parameter>
			<Parameter Unit="Bar" Full="FlushPressure">FLP</Parameter>
		</MWDparams>
		<Samples TimeTag="2024-12-25T20:38:33" DepthTag="0.111">1.842 9.318 23.686 0.000 20.750 9.318 </Samples>
		<Samples TimeTag="2024-12-25T20:38:37" DepthTag="0.215">1.559 13.280 43.127 0.000 20.972 13.280 </Samples>
		<Samples TimeTag="2024-12-25T20:38:41" DepthTag="0.316">1.516 14.520 43.266 0.000 37.125 14.520 </Samples>
		<Samples TimeTag="2024-12-25T20:38:44" DepthTag="0.421">1.957 14.841 41.381 0.000 43.308 14.841 </Samples>
		<Samples TimeTag="2024-12-25T20:39:06" DepthTag="0.528">0.714 9.333 45.690 0.000 53.676 9.333 </Samples>
		<Samples TimeTag="2024-12-25T20:39:11" DepthTag="0.629">1.162 13.357 42.705 0.000 55.741 13.357 </Samples>
		<Samples TimeTag="2024-12-25T20:39:16" DepthTag="0.730">1.329 14.489 40.983 0.000 50.676 14.489 </Samples>
		<Samples TimeTag="2024-12-25T20:39:21" DepthTag="0.836">1.367 14.826 40.685 0.000 51.987 14.826 </Samples>
		<Samples TimeTag="2024-12-25T20:39:26" DepthTag="0.937">1.050 15.071 39.612 0.000 49.500 15.071 </Samples>
		<Samples TimeTag="2024-12-25T20:39:58" DepthTag="1.039">0.622 12.577 42.497 0.000 53.108 12.577 </Samples>
		<Samples TimeTag="2024-12-25T20:40:04" DepthTag="1.141">1.093 14.428 40.874 0.000 54.805 14.428 </Samples>
		<Samples TimeTag="2024-12-25T20:40:08" DepthTag="1.245">1.367 14.810 41.561 0.000 53.728 14.810 </Samples>
		<Samples TimeTag="2024-12-25T20:40:13" DepthTag="1.349">1.251 14.948 38.559 0.000 51.613 14.948 </Samples>
		<Samples TimeTag="2024-12-25T20:40:17" DepthTag="1.456">1.673 15.009 38.213 0.000 51.620 15.009 </Samples>
		<Samples TimeTag="2024-12-25T20:40:49" DepthTag="1.558">0.948 13.342 39.859 0.000 46.879 13.342 </Samples>
		<Samples TimeTag="2024-12-25T20:40:51" DepthTag="1.659">2.524 15.224 41.770 0.000 51.759 15.224 </Samples>
		<Samples TimeTag="2024-12-25T20:40:54" DepthTag="1.763">2.105 16.203 40.297 0.000 57.132 16.203 </Samples>
		<Samples TimeTag="2024-12-25T20:40:57" DepthTag="1.872">2.324 16.815 40.438 0.000 47.927 16.815 </Samples>
		<Samples TimeTag="2024-12-25T20:40:59" DepthTag="1.975">3.529 17.029 35.973 0.000 35.772 17.029 </Samples>
		<Samples TimeTag="2024-12-25T20:41:00" DepthTag="2.084">4.527 17.258 38.568 0.000 37.103 17.258 </Samples>
		<Samples TimeTag="2024-12-25T20:41:02" DepthTag="2.193">3.693 17.427 39.638 0.000 30.901 17.427 </Samples>
		<Samples TimeTag="2024-12-25T20:41:03" DepthTag="2.299">3.971 17.564 38.610 0.000 32.835 17.564 </Samples>
		<Samples TimeTag="2024-12-25T20:41:05" DepthTag="2.407">4.032 17.671 39.072 0.000 42.498 17.671 </Samples>
		<Samples TimeTag="2024-12-25T20:41:06" DepthTag="2.511">4.316 17.748 41.227 0.000 45.817 17.748 </Samples>
		<Samples TimeTag="2024-12-25T20:41:35" DepthTag="2.626">1.459 4.345 20.880 0.000 26.651 4.345 </Samples>
		<Samples TimeTag="2024-12-25T20:41:36" DepthTag="2.742">6.680 4.728 34.108 0.000 44.801 4.728 </Samples>
		<Samples TimeTag="2024-12-25T20:41:39" DepthTag="2.847">2.120 11.429 43.738 0.000 44.850 11.429 </Samples>
		<Samples TimeTag="2024-12-25T20:41:42" DepthTag="2.948">2.526 14.443 39.074 0.000 44.174 14.443 </Samples>
		<Samples TimeTag="2024-12-25T20:41:43" DepthTag="3.052">4.597 15.224 38.013 0.000 39.561 15.224 </Samples>
		<Samples TimeTag="2024-12-25T20:41:45" DepthTag="3.163">3.610 15.912 40.611 0.000 42.856 15.912 </Samples>
		<Samples TimeTag="2024-12-25T20:41:47" DepthTag="3.267">3.878 16.356 40.335 0.000 44.417 16.356 </Samples>
		<Samples TimeTag="2024-12-25T20:41:49" DepthTag="3.372">2.892 16.784 43.059 0.000 52.347 16.784 </Samples>
		<Samples TimeTag="2024-12-25T20:41:53" DepthTag="3.474">1.323 17.381 42.086 0.000 54.378 17.381 </Samples>
		<Samples TimeTag="2024-12-25T20:42:36" DepthTag="3.576">0.380 14.091 47.427 0.000 57.112 14.091 </Samples>
		<Samples TimeTag="2024-12-25T20:42:41" DepthTag="3.677">1.331 17.167 54.351 0.000 58.734 17.167 </Samples>
		<Samples TimeTag="2024-12-25T20:42:44" DepthTag="3.785">2.122 18.146 52.207 0.000 39.563 18.146 </Samples>
		<Samples TimeTag="2024-12-25T20:42:47" DepthTag="3.894">2.548 18.773 53.379 0.000 42.757 18.773 </Samples>
		<Samples TimeTag="2024-12-25T20:42:49" DepthTag="3.999">2.254 19.278 54.239 0.000 58.714 19.278 </Samples>
		<Samples TimeTag="2024-12-25T20:42:51" DepthTag="4.101">3.037 19.538 54.134 0.000 47.484 19.538 </Samples>
		<Samples TimeTag="2024-12-25T20:42:56" DepthTag="4.204">1.402 19.507 54.015 0.000 51.867 19.507 </Samples>
		<Samples TimeTag="2024-12-25T20:42:59" DepthTag="4.313">2.320 19.706 53.672 0.000 45.489 19.706 </Samples>
		<Samples TimeTag="2024-12-25T20:43:01" DepthTag="4.413">2.352 19.844 55.224 0.000 50.778 19.844 </Samples>
		<Samples TimeTag="2024-12-25T20:43:05" DepthTag="4.517">1.844 19.997 53.755 0.000 52.352 19.997 </Samples>
		<Samples TimeTag="2024-12-25T20:43:08" DepthTag="4.621">1.624 19.951 54.181 0.000 58.764 19.951 </Samples>
		<Samples TimeTag="2024-12-25T20:43:12" DepthTag="4.726">1.746 20.074 54.389 0.000 56.093 20.074 </Samples>
		<Samples TimeTag="2024-12-25T20:43:15" DepthTag="4.828">1.825 20.119 53.564 0.000 54.256 20.119 </Samples>
		<Samples TimeTag="2024-12-25T20:43:18" DepthTag="4.929">2.502 20.181 49.972 0.000 39.854 20.181 </Samples>
		<Samples TimeTag="2024-12-25T20:43:20" DepthTag="5.039">3.313 20.165 52.707 0.000 37.540 20.165 </Samples>
		<Samples TimeTag="2024-12-25T20:43:22" DepthTag="5.148">2.698 20.211 54.073 0.000 48.739 20.211 </Samples>
		<Samples TimeTag="2024-12-25T20:43:25" DepthTag="5.255">2.683 20.303 54.130 0.000 47.675 20.303 </Samples>
		<Samples TimeTag="2024-12-25T20:43:27" DepthTag="5.361">2.257 20.426 54.561 0.000 54.785 20.426 </Samples>
		<Samples TimeTag="2024-12-25T20:43:30" DepthTag="5.467">2.489 20.364 53.878 0.000 46.040 20.364 </Samples>
		<Samples TimeTag="2024-12-25T20:43:33" DepthTag="5.569">2.016 20.410 54.612 0.000 58.944 20.410 </Samples>
		<Samples TimeTag="2024-12-25T20:43:37" DepthTag="5.672">1.561 20.318 55.607 0.000 54.967 20.318 </Samples>
		<Samples TimeTag="2024-12-25T20:43:41" DepthTag="5.778">1.657 20.334 52.318 0.000 54.269 20.334 </Samples>
		<Samples TimeTag="2024-12-25T20:43:44" DepthTag="5.883">2.122 20.426 53.745 0.000 58.858 20.426 </Samples>
		<Samples TimeTag="2024-12-25T20:43:46" DepthTag="5.988">2.620 20.426 53.722 0.000 46.938 20.426 </Samples>
		<Samples TimeTag="2024-12-25T20:43:49" DepthTag="6.099">2.187 19.584 39.838 0.000 45.861 19.584 </Samples>
		<Samples TimeTag="2024-12-25T20:43:52" DepthTag="6.200">2.593 19.110 38.047 0.000 38.092 19.110 </Samples>
	</CompactMWDdata>
	<IR:GenTrailer>
		<IR:FileCloseDate>2024-12-25T20:45:26</IR:FileCloseDate>
		<IR:ChkSum>2097410156</IR:ChkSum>
	</IR:GenTrailer>
</DRMWD>
