<?xml version="1.0" encoding="UTF-8"?>
<!-- Generated by the RCS System Epiroc Rock Drills AB -->
<DRMWD xmlns="http://www.iredes.org/xml/DrillRig" xmlns:IR="http://www.iredes.org/xml" xmlns:xsi="http://www.w3.org/2001/XMLSchema-instance" xsi:schemaLocation="http://www.iredes.org/xml/DrillRig C:\Iredes\IR_V1.2.3\xml\DR-DrillRig_V1.2\DrillRig.xsd" IRVersion="V 1.2AC" IRDownwCompat="V 1.2AC" DRMWDDownwCompat="V 1.2AC" DRMWDVersion="V 1.2AC">
	<IR:GenHead>
		<IR:FileCreateDate>2024-12-26T22:36:59</IR:FileCreateDate>
		<IR:IRversion DownwCompat="V 1.0">V 1.2AC</IR:IRversion>
		<IR:EquipmentInfo>
			<IR:EqpManufact>Epiroc</IR:EqpManufact>
			<IR:EqpType>SmartROC D65</IR:EqpType>
			<IR:EqpSerNo>8992013064</IR:EqpSerNo>
			<IR:EqpSysVer>6.28.1</IR:EqpSysVer>
			<IR:EqpInfo>DrillingMethod: DTH</IR:EqpInfo>
		</IR:EquipmentInfo>
	</IR:GenHead>
	<IR:ReportId>MWDRI262236</IR:ReportId>
	<IR:StartLogTime>2024-12-26T22:28:17</IR:StartLogTime>
	<IR:EndLogTime>2024-12-26T22:35:19</IR:EndLogTime>
	<IR:PlanIdRef>FRD03_11_0626_001_All</IR:PlanIdRef>
	<IR:PlanNameRef>FRD03_11_0626_001_All</IR:PlanNameRef>
	<MWDholeId>G8</MWDholeId>
	<QualityReportIdRef>DQRI262053</QualityReportIdRef>
	<SampleDistance>0.100</SampleDistance>
	<CompactMWDdata>
		<MWDparams>
			<Parameter Unit="m/min" Full="PenetrRate">PR</Parameter>
			<Parameter Unit="Bar" Full="PercPressure">PP</Parameter>
			<Parameter Unit="Bar" Full="FeedPressure">FP</Parameter>
			<Parameter Unit="Bar" Full="DampPressure">DP</Parameter>
			<Parameter Unit="Bar" Full="RotPressure">RP</Parameter>
			<Parameter Unit="Bar" Full="FlushPressure">FLP</Parameter>
		</MWDparams>
		<Samples TimeTag="2024-12-26T22:28:17" DepthTag="0.104">1.102 11.475 44.115 0.000 20.571 11.475 </Samples>
		<Samples TimeTag="2024-12-26T22:28:20" DepthTag="0.210">1.847 13.403 41.752 0.000 20.547 13.403 </Samples>
		<Samples TimeTag="2024-12-26T22:28:28" DepthTag="0.315">0.880 14.611 40.599 0.000 54.066 14.611 </Samples>
		<Samples TimeTag="2024-12-26T22:28:32" DepthTag="0.416">1.262 14.826 40.752 0.000 55.708 14.826 </Samples>
		<Samples TimeTag="2024-12-26T22:28:57" DepthTag="0.523">0.705 14.841 42.648 0.000 48.410 14.841 </Samples>
		<Samples TimeTag="2024-12-26T22:29:00" DepthTag="0.625">1.633 14.994 41.346 0.000 63.675 14.994 </Samples>
		<Samples TimeTag="2024-12-26T22:29:04" DepthTag="0.728">1.538 14.948 40.357 0.000 49.808 14.948 </Samples>
		<Samples TimeTag="2024-12-26T22:29:09" DepthTag="0.830">1.342 14.963 39.658 0.000 56.366 14.963 </Samples>
		<Samples TimeTag="2024-12-26T22:29:14" DepthTag="0.932">1.311 15.009 41.006 0.000 54.484 15.009 </Samples>
		<Samples TimeTag="2024-12-26T22:29:39" DepthTag="1.032">0.651 4.192 40.682 0.000 41.782 4.192 </Samples>
		<Samples TimeTag="2024-12-26T22:29:47" DepthTag="1.136">0.799 12.959 40.652 0.000 56.420 12.959 </Samples>
		<Samples TimeTag="2024-12-26T22:29:52" DepthTag="1.240">1.199 14.275 40.011 0.000 60.757 14.275 </Samples>
		<Samples TimeTag="2024-12-26T22:29:57" DepthTag="1.343">1.359 14.719 39.904 0.000 52.887 14.719 </Samples>
		<Samples TimeTag="2024-12-26T22:30:01" DepthTag="1.444">1.575 14.826 40.172 0.000 54.596 14.826 </Samples>
		<Samples TimeTag="2024-12-26T22:30:30" DepthTag="1.549">0.849 4.376 40.891 0.000 48.237 4.376 </Samples>
		<Samples TimeTag="2024-12-26T22:30:34" DepthTag="1.651">1.319 12.485 43.859 0.000 60.391 12.485 </Samples>
		<Samples TimeTag="2024-12-26T22:30:38" DepthTag="1.753">1.472 15.606 40.881 0.000 55.748 15.606 </Samples>
		<Samples TimeTag="2024-12-26T22:30:42" DepthTag="1.858">1.961 16.417 38.161 0.000 47.991 16.417 </Samples>
		<Samples TimeTag="2024-12-26T22:30:45" DepthTag="1.960">2.048 16.952 38.996 0.000 49.084 16.952 </Samples>
		<Samples TimeTag="2024-12-26T22:30:47" DepthTag="2.063">2.582 17.258 39.319 0.000 45.258 17.258 </Samples>
		<Samples TimeTag="2024-12-26T22:30:50" DepthTag="2.167">2.043 17.595 39.498 0.000 38.454 17.595 </Samples>
		<Samples TimeTag="2024-12-26T22:30:54" DepthTag="2.269">1.617 17.610 41.469 0.000 47.141 17.610 </Samples>
		<Samples TimeTag="2024-12-26T22:30:58" DepthTag="2.369">1.445 17.580 39.369 0.000 46.636 17.580 </Samples>
		<Samples TimeTag="2024-12-26T22:31:02" DepthTag="2.472">1.609 17.610 39.523 0.000 47.986 17.610 </Samples>
		<Samples TimeTag="2024-12-26T22:31:32" DepthTag="2.575">0.793 4.360 22.826 0.000 31.628 4.360 </Samples>
		<Samples TimeTag="2024-12-26T22:31:37" DepthTag="2.676">1.324 13.082 43.575 0.000 46.754 13.082 </Samples>
		<Samples TimeTag="2024-12-26T22:31:41" DepthTag="2.778">1.339 15.667 40.934 0.000 38.697 15.667 </Samples>
		<Samples TimeTag="2024-12-26T22:31:46" DepthTag="2.885">1.508 16.478 40.003 0.000 39.110 16.478 </Samples>
		<Samples TimeTag="2024-12-26T22:31:49" DepthTag="2.991">1.985 16.876 38.999 0.000 37.509 16.876 </Samples>
		<Samples TimeTag="2024-12-26T22:31:53" DepthTag="3.092">1.395 17.197 42.159 0.000 41.410 17.197 </Samples>
		<Samples TimeTag="2024-12-26T22:31:59" DepthTag="3.195">1.060 17.304 38.105 0.000 49.366 17.304 </Samples>
		<Samples TimeTag="2024-12-26T22:32:03" DepthTag="3.299">1.728 17.350 37.737 0.000 44.190 17.350 </Samples>
		<Samples TimeTag="2024-12-26T22:32:06" DepthTag="3.401">2.070 17.564 41.104 0.000 42.535 17.564 </Samples>
		<Samples TimeTag="2024-12-26T22:32:09" DepthTag="3.506">1.828 17.748 40.353 0.000 40.908 17.748 </Samples>
		<Samples TimeTag="2024-12-26T22:32:53" DepthTag="3.608">0.344 14.703 45.404 0.000 52.599 14.703 </Samples>
		<Samples TimeTag="2024-12-26T22:32:58" DepthTag="3.712">1.143 16.524 44.261 0.000 52.422 16.524 </Samples>
		<Samples TimeTag="2024-12-26T22:33:03" DepthTag="3.816">1.437 17.212 43.870 0.000 48.017 17.212 </Samples>
		<Samples TimeTag="2024-12-26T22:33:05" DepthTag="3.923">2.443 17.365 44.556 0.000 44.202 17.365 </Samples>
		<Samples TimeTag="2024-12-26T22:33:08" DepthTag="4.024">2.350 17.488 44.845 0.000 47.162 17.488 </Samples>
		<Samples TimeTag="2024-12-26T22:33:10" DepthTag="4.129">2.822 17.626 45.312 0.000 38.540 17.626 </Samples>
		<Samples TimeTag="2024-12-26T22:33:13" DepthTag="4.237">2.292 17.442 45.467 0.000 46.690 17.442 </Samples>
		<Samples TimeTag="2024-12-26T22:33:16" DepthTag="4.346">2.334 17.457 44.640 0.000 48.114 17.457 </Samples>
		<Samples TimeTag="2024-12-26T22:33:18" DepthTag="4.447">2.373 17.442 44.870 0.000 45.851 17.442 </Samples>
		<Samples TimeTag="2024-12-26T22:33:24" DepthTag="4.549">1.134 17.274 44.852 0.000 53.640 17.274 </Samples>
		<Samples TimeTag="2024-12-26T22:33:28" DepthTag="4.653">1.469 17.243 43.982 0.000 61.913 17.243 </Samples>
		<Samples TimeTag="2024-12-26T22:33:31" DepthTag="4.755">1.818 17.350 45.803 0.000 46.883 17.350 </Samples>
		<Samples TimeTag="2024-12-26T22:33:40" DepthTag="4.856">0.735 17.228 44.562 0.000 52.894 17.228 </Samples>
		<Samples TimeTag="2024-12-26T22:33:48" DepthTag="4.956">0.716 17.274 45.635 0.000 53.177 17.274 </Samples>
		<Samples TimeTag="2024-12-26T22:33:56" DepthTag="5.060">0.778 17.212 45.493 0.000 48.623 17.212 </Samples>
		<Samples TimeTag="2024-12-26T22:34:01" DepthTag="5.161">1.327 17.274 43.473 0.000 46.730 17.274 </Samples>
		<Samples TimeTag="2024-12-26T22:34:04" DepthTag="5.263">1.905 17.411 43.602 0.000 41.990 17.411 </Samples>
		<Samples TimeTag="2024-12-26T22:34:07" DepthTag="5.365">1.692 17.595 44.962 0.000 49.407 17.595 </Samples>
		<Samples TimeTag="2024-12-26T22:34:11" DepthTag="5.466">1.686 17.518 45.033 0.000 53.139 17.518 </Samples>
		<Samples TimeTag="2024-12-26T22:34:16" DepthTag="5.569">1.246 17.518 45.312 0.000 51.634 17.518 </Samples>
		<Samples TimeTag="2024-12-26T22:34:20" DepthTag="5.676">1.781 17.595 45.628 0.000 49.753 17.595 </Samples>
		<Samples TimeTag="2024-12-26T22:34:24" DepthTag="5.782">1.581 17.626 44.769 0.000 51.054 17.626 </Samples>
		<Samples TimeTag="2024-12-26T22:34:28" DepthTag="5.883">1.451 17.733 44.670 0.000 53.802 17.733 </Samples>
		<Samples TimeTag="2024-12-26T22:34:34" DepthTag="5.987">0.976 17.717 44.667 0.000 57.057 17.717 </Samples>
		<Samples TimeTag="2024-12-26T22:34:39" DepthTag="6.089">1.376 17.702 44.461 0.000 49.917 17.702 </Samples>
		<Samples TimeTag="2024-12-26T22:34:42" DepthTag="6.193">1.956 17.855 44.311 0.000 49.203 17.855 </Samples>
		<Samples TimeTag="2024-12-26T22:34:45" DepthTag="6.296">2.188 17.978 44.645 0.000 53.958 17.978 </Samples>
		<Samples TimeTag="2024-12-26T22:34:47" DepthTag="6.398">2.387 18.176 44.319 0.000 40.210 18.176 </Samples>
		<Samples TimeTag="2024-12-26T22:34:49" DepthTag="6.498">3.409 18.437 44.761 0.000 32.380 18.437 </Samples>
		<Samples TimeTag="2024-12-26T22:34:51" DepthTag="6.603">2.624 18.819 45.162 0.000 37.461 18.819 </Samples>
		<Samples TimeTag="2024-12-26T22:34:55" DepthTag="6.711">2.016 18.957 45.081 0.000 45.548 18.957 </Samples>
		<Samples TimeTag="2024-12-26T22:34:58" DepthTag="6.813">2.012 19.018 44.834 0.000 50.033 19.018 </Samples>
		<Samples TimeTag="2024-12-26T22:35:01" DepthTag="6.914">2.034 18.972 45.373 0.000 47.598 18.972 </Samples>
		<Samples TimeTag="2024-12-26T22:35:03" DepthTag="7.020">2.260 18.896 44.860 0.000 49.421 18.896 </Samples>
		<Samples TimeTag="2024-12-26T22:35:06" DepthTag="7.126">2.288 18.804 45.545 0.000 48.038 18.804 </Samples>
		<Samples TimeTag="2024-12-26T22:35:09" DepthTag="7.228">2.056 18.788 44.134 0.000 53.240 18.788 </Samples>
		<Samples TimeTag="2024-12-26T22:35:11" DepthTag="7.340">2.979 18.743 43.977 0.000 46.302 18.743 </Samples>
		<Samples TimeTag="2024-12-26T22:35:14" DepthTag="7.450">2.362 18.727 44.688 0.000 56.745 18.727 </Samples>
		<Samples TimeTag="2024-12-26T22:35:17" DepthTag="7.557">2.670 18.605 38.362 0.000 46.395 18.605 </Samples>
		<Samples TimeTag="2024-12-26T22:35:19" DepthTag="7.665">2.524 18.513 40.199 0.000 50.042 18.513 </Samples>
	</CompactMWDdata>
	<IR:GenTrailer>
		<IR:FileCloseDate>2024-12-26T22:36:59</IR:FileCloseDate>
		<IR:ChkSum>1557742188</IR:ChkSum>
	</IR:GenTrailer>
</DRMWD>
