<?xml version="1.0" encoding="UTF-8"?>
<!-- Generated by the RCS System Epiroc Rock Drills AB -->
<DRMWD xmlns="http://www.iredes.org/xml/DrillRig" xmlns:IR="http://www.iredes.org/xml" xmlns:xsi="http://www.w3.org/2001/XMLSchema-instance" xsi:schemaLocation="http://www.iredes.org/xml/DrillRig C:\Iredes\IR_V1.2.3\xml\DR-DrillRig_V1.2\DrillRig.xsd" IRVersion="V 1.2AC" IRDownwCompat="V 1.2AC" DRMWDDownwCompat="V 1.2AC" DRMWDVersion="V 1.2AC">
	<IR:GenHead>
		<IR:FileCreateDate>2024-12-26T00:49:23</IR:FileCreateDate>
		<IR:IRversion DownwCompat="V 1.0">V 1.2AC</IR:IRversion>
		<IR:EquipmentInfo>
			<IR:EqpManufact>Epiroc</IR:EqpManufact>
			<IR:EqpType>SmartROC D65</IR:EqpType>
			<IR:EqpSerNo>8992013064</IR:EqpSerNo>
			<IR:EqpSysVer>6.28.1</IR:EqpSysVer>
			<IR:EqpInfo>DrillingMethod: DTH</IR:EqpInfo>
		</IR:EquipmentInfo>
	</IR:GenHead>
	<IR:ReportId>MWDRI260049</IR:ReportId>
	<IR:StartLogTime>2024-12-26T00:41:53</IR:StartLogTime>
	<IR:EndLogTime>2024-12-26T00:48:09</IR:EndLogTime>
	<IR:PlanIdRef>FRD03_11_0632_002_All</IR:PlanIdRef>
	<IR:PlanNameRef>FRD03_11_0632_002_All</IR:PlanNameRef>
	<MWDholeId>A3</MWDholeId>
	<QualityReportIdRef>DQRI252345</QualityReportIdRef>
	<SampleDistance>0.100</SampleDistance>
	<CompactMWDdata>
		<MWDparams>
			<Parameter Unit="m/min" Full="PenetrRate">PR</Parameter>
			<Parameter Unit="Bar" Full="PercPressure">PP</Parameter>
			<Parameter Unit="Bar" Full="FeedPressure">FP</Parameter>
			<Parameter Unit="Bar" Full="DampPressure">DP</Parameter>
			<Parameter Unit="Bar" Full="RotPressure">RP</Parameter>
			<Parameter Unit="Bar" Full="FlushPressure">FLP</Parameter>
		</MWDparams>
		<Samples TimeTag="2024-12-26T00:41:53" DepthTag="0.122">2.226 10.435 19.950 0.000 20.972 10.435 </Samples>
		<Samples TimeTag="2024-12-26T00:41:54" DepthTag="0.226">6.503 11.552 20.786 0.000 20.979 11.552 </Samples>
		<Samples TimeTag="2024-12-26T00:41:56" DepthTag="0.330">3.117 12.913 46.233 0.000 21.105 12.913 </Samples>
		<Samples TimeTag="2024-12-26T00:42:00" DepthTag="0.432">1.521 14.091 43.299 0.000 21.116 14.091 </Samples>
		<Samples TimeTag="2024-12-26T00:42:22" DepthTag="0.539">0.762 15.071 43.414 0.000 37.273 15.071 </Samples>
		<Samples TimeTag="2024-12-26T00:42:26" DepthTag="0.640">1.676 15.116 43.628 0.000 46.525 15.116 </Samples>
		<Samples TimeTag="2024-12-26T00:42:30" DepthTag="0.742">1.701 15.086 39.712 0.000 37.963 15.086 </Samples>
		<Samples TimeTag="2024-12-26T00:42:33" DepthTag="0.844">1.810 15.025 41.096 0.000 39.027 15.025 </Samples>
		<Samples TimeTag="2024-12-26T00:42:38" DepthTag="0.945">1.220 14.994 40.235 0.000 49.692 14.994 </Samples>
		<Samples TimeTag="2024-12-26T00:43:11" DepthTag="1.047">0.548 15.361 41.439 0.000 53.506 15.361 </Samples>
		<Samples TimeTag="2024-12-26T00:43:17" DepthTag="1.149">1.088 15.116 39.712 0.000 49.902 15.116 </Samples>
		<Samples TimeTag="2024-12-26T00:43:23" DepthTag="1.250">1.095 14.841 39.741 0.000 47.196 14.841 </Samples>
		<Samples TimeTag="2024-12-26T00:43:26" DepthTag="1.354">1.622 14.810 37.738 0.000 40.493 14.810 </Samples>
		<Samples TimeTag="2024-12-26T00:43:30" DepthTag="1.456">1.810 14.764 40.220 0.000 34.402 14.764 </Samples>
		<Samples TimeTag="2024-12-26T00:44:00" DepthTag="1.567">0.940 9.012 33.884 0.000 40.009 9.012 </Samples>
		<Samples TimeTag="2024-12-26T00:44:05" DepthTag="1.671">1.299 14.810 42.033 0.000 51.449 14.810 </Samples>
		<Samples TimeTag="2024-12-26T00:44:09" DepthTag="1.775">1.654 16.157 40.678 0.000 49.410 16.157 </Samples>
		<Samples TimeTag="2024-12-26T00:44:12" DepthTag="1.875">1.884 16.799 39.570 0.000 44.807 16.799 </Samples>
		<Samples TimeTag="2024-12-26T00:44:15" DepthTag="1.979">1.932 17.212 40.274 0.000 46.856 17.212 </Samples>
		<Samples TimeTag="2024-12-26T00:44:19" DepthTag="2.082">1.643 17.549 40.652 0.000 48.146 17.549 </Samples>
		<Samples TimeTag="2024-12-26T00:44:22" DepthTag="2.189">2.106 17.733 38.600 0.000 38.193 17.733 </Samples>
		<Samples TimeTag="2024-12-26T00:44:25" DepthTag="2.294">1.957 17.809 39.254 0.000 42.247 17.809 </Samples>
		<Samples TimeTag="2024-12-26T00:44:28" DepthTag="2.404">2.583 17.947 39.457 0.000 38.095 17.947 </Samples>
		<Samples TimeTag="2024-12-26T00:44:29" DepthTag="2.505">3.423 17.993 38.625 0.000 31.684 17.993 </Samples>
		<Samples TimeTag="2024-12-26T00:44:59" DepthTag="2.608">1.293 6.319 30.703 0.000 29.936 6.319 </Samples>
		<Samples TimeTag="2024-12-26T00:45:04" DepthTag="2.712">1.360 13.908 41.865 0.000 38.832 13.908 </Samples>
		<Samples TimeTag="2024-12-26T00:45:08" DepthTag="2.812">1.504 15.943 41.320 0.000 49.232 15.943 </Samples>
		<Samples TimeTag="2024-12-26T00:45:12" DepthTag="2.920">1.385 16.861 37.987 0.000 48.195 16.861 </Samples>
		<Samples TimeTag="2024-12-26T00:45:15" DepthTag="3.021">2.169 17.212 39.230 0.000 48.676 17.212 </Samples>
		<Samples TimeTag="2024-12-26T00:45:19" DepthTag="3.125">1.840 17.457 40.570 0.000 51.442 17.457 </Samples>
		<Samples TimeTag="2024-12-26T00:45:22" DepthTag="3.229">1.960 17.656 40.702 0.000 46.014 17.656 </Samples>
		<Samples TimeTag="2024-12-26T00:45:26" DepthTag="3.333">1.652 17.840 40.041 0.000 50.251 17.840 </Samples>
		<Samples TimeTag="2024-12-26T00:45:29" DepthTag="3.434">1.759 17.916 40.116 0.000 53.704 17.916 </Samples>
		<Samples TimeTag="2024-12-26T00:46:03" DepthTag="3.572">1.084 4.865 26.580 0.000 33.663 4.865 </Samples>
		<Samples TimeTag="2024-12-26T00:46:08" DepthTag="3.676">1.362 14.673 52.174 0.000 49.028 14.673 </Samples>
		<Samples TimeTag="2024-12-26T00:46:11" DepthTag="3.783">2.010 16.769 53.309 0.000 44.268 16.769 </Samples>
		<Samples TimeTag="2024-12-26T00:46:13" DepthTag="3.887">2.428 17.763 53.071 0.000 47.435 17.763 </Samples>
		<Samples TimeTag="2024-12-26T00:46:16" DepthTag="3.988">2.167 18.437 53.289 0.000 46.574 18.437 </Samples>
		<Samples TimeTag="2024-12-26T00:46:19" DepthTag="4.089">2.519 18.926 53.602 0.000 45.078 18.926 </Samples>
		<Samples TimeTag="2024-12-26T00:46:22" DepthTag="4.192">1.922 19.217 53.672 0.000 47.189 19.217 </Samples>
		<Samples TimeTag="2024-12-26T00:46:25" DepthTag="4.298">1.986 19.538 54.098 0.000 47.434 19.538 </Samples>
		<Samples TimeTag="2024-12-26T00:46:28" DepthTag="4.400">2.374 19.722 53.037 0.000 42.147 19.722 </Samples>
		<Samples TimeTag="2024-12-26T00:46:30" DepthTag="4.500">2.672 19.997 54.094 0.000 36.177 19.997 </Samples>
		<Samples TimeTag="2024-12-26T00:46:32" DepthTag="4.600">2.345 20.181 53.576 0.000 36.063 20.181 </Samples>
		<Samples TimeTag="2024-12-26T00:46:35" DepthTag="4.709">2.711 20.288 53.931 0.000 33.394 20.288 </Samples>
		<Samples TimeTag="2024-12-26T00:46:36" DepthTag="4.819">4.578 20.288 51.037 0.000 37.429 20.288 </Samples>
		<Samples TimeTag="2024-12-26T00:46:38" DepthTag="4.931">4.411 20.273 52.903 0.000 45.320 20.273 </Samples>
		<Samples TimeTag="2024-12-26T00:46:39" DepthTag="5.032">4.999 20.303 53.155 0.000 41.959 20.303 </Samples>
		<Samples TimeTag="2024-12-26T00:46:41" DepthTag="5.142">4.124 20.273 54.240 0.000 45.055 20.273 </Samples>
		<Samples TimeTag="2024-12-26T00:46:42" DepthTag="5.243">3.286 20.257 55.001 0.000 46.454 20.257 </Samples>
		<Samples TimeTag="2024-12-26T00:46:44" DepthTag="5.346">3.091 20.181 54.746 0.000 43.723 20.181 </Samples>
		<Samples TimeTag="2024-12-26T00:46:46" DepthTag="5.446">3.751 20.119 52.673 0.000 42.096 20.119 </Samples>
		<Samples TimeTag="2024-12-26T00:46:48" DepthTag="5.547">3.016 20.089 55.514 0.000 48.373 20.089 </Samples>
		<Samples TimeTag="2024-12-26T00:46:51" DepthTag="5.654">2.285 20.058 53.799 0.000 53.629 20.058 </Samples>
		<Samples TimeTag="2024-12-26T00:46:53" DepthTag="5.764">2.741 20.074 54.780 0.000 40.404 20.074 </Samples>
		<Samples TimeTag="2024-12-26T00:46:56" DepthTag="5.866">2.399 19.997 53.530 0.000 44.089 19.997 </Samples>
		<Samples TimeTag="2024-12-26T00:46:58" DepthTag="5.970">2.425 19.982 54.117 0.000 50.694 19.982 </Samples>
		<Samples TimeTag="2024-12-26T00:47:01" DepthTag="6.072">2.736 19.951 53.043 0.000 50.153 19.951 </Samples>
		<Samples TimeTag="2024-12-26T00:47:03" DepthTag="6.180">2.967 19.982 54.327 0.000 49.104 19.982 </Samples>
		<Samples TimeTag="2024-12-26T00:47:05" DepthTag="6.282">3.067 19.951 53.990 0.000 45.083 19.951 </Samples>
		<Samples TimeTag="2024-12-26T00:47:07" DepthTag="6.393">2.959 19.875 53.530 0.000 43.672 19.875 </Samples>
		<Samples TimeTag="2024-12-26T00:47:09" DepthTag="6.502">3.256 19.905 53.860 0.000 50.030 19.905 </Samples>
		<Samples TimeTag="2024-12-26T00:47:12" DepthTag="6.605">1.973 19.844 54.204 0.000 50.197 19.844 </Samples>
		<Samples TimeTag="2024-12-26T00:47:15" DepthTag="6.707">2.567 19.951 52.899 0.000 49.691 19.951 </Samples>
		<Samples TimeTag="2024-12-26T00:47:16" DepthTag="6.817">3.573 20.028 53.067 0.000 51.710 20.028 </Samples>
		<Samples TimeTag="2024-12-26T00:47:18" DepthTag="6.925">3.212 19.966 47.699 0.000 44.426 19.966 </Samples>
		<Samples TimeTag="2024-12-26T00:47:21" DepthTag="7.026">2.818 19.339 42.899 0.000 48.534 19.339 </Samples>
		<Samples TimeTag="2024-12-26T00:48:09" DepthTag="7.141">0.886 6.135 12.191 0.000 24.936 6.135 </Samples>
	</CompactMWDdata>
	<IR:GenTrailer>
		<IR:FileCloseDate>2024-12-26T00:49:23</IR:FileCloseDate>
		<IR:ChkSum>3618229298</IR:ChkSum>
	</IR:GenTrailer>
</DRMWD>
