<?xml version="1.0" encoding="UTF-8"?>
<!-- Generated by the RCS System Epiroc Rock Drills AB -->
<DRMWD xmlns="http://www.iredes.org/xml/DrillRig" xmlns:IR="http://www.iredes.org/xml" xmlns:xsi="http://www.w3.org/2001/XMLSchema-instance" xsi:schemaLocation="http://www.iredes.org/xml/DrillRig C:\Iredes\IR_V1.2.3\xml\DR-DrillRig_V1.2\DrillRig.xsd" IRVersion="V 1.2AC" IRDownwCompat="V 1.2AC" DRMWDDownwCompat="V 1.2AC" DRMWDVersion="V 1.2AC">
	<IR:GenHead>
		<IR:FileCreateDate>2024-12-25T20:36:34</IR:FileCreateDate>
		<IR:IRversion DownwCompat="V 1.0">V 1.2AC</IR:IRversion>
		<IR:EquipmentInfo>
			<IR:EqpManufact>Epiroc</IR:EqpManufact>
			<IR:EqpType>SmartROC D65</IR:EqpType>
			<IR:EqpSerNo>8992013064</IR:EqpSerNo>
			<IR:EqpSysVer>6.28.1</IR:EqpSysVer>
			<IR:EqpInfo>DrillingMethod: DTH</IR:EqpInfo>
		</IR:EquipmentInfo>
	</IR:GenHead>
	<IR:ReportId>MWDRI252036</IR:ReportId>
	<IR:StartLogTime>2024-12-25T20:29:18</IR:StartLogTime>
	<IR:EndLogTime>2024-12-25T20:35:46</IR:EndLogTime>
	<IR:PlanIdRef>FRD03_11_0632_003_All</IR:PlanIdRef>
	<IR:PlanNameRef>FRD03_11_0632_003_All</IR:PlanNameRef>
	<MWDholeId>A2</MWDholeId>
	<QualityReportIdRef>DQRI250804</QualityReportIdRef>
	<SampleDistance>0.100</SampleDistance>
	<CompactMWDdata>
		<MWDparams>
			<Parameter Unit="m/min" Full="PenetrRate">PR</Parameter>
			<Parameter Unit="Bar" Full="PercPressure">PP</Parameter>
			<Parameter Unit="Bar" Full="FeedPressure">FP</Parameter>
			<Parameter Unit="Bar" Full="DampPressure">DP</Parameter>
			<Parameter Unit="Bar" Full="RotPressure">RP</Parameter>
			<Parameter Unit="Bar" Full="FlushPressure">FLP</Parameter>
		</MWDparams>
		<Samples TimeTag="2024-12-25T20:29:18" DepthTag="0.110">1.201 11.842 21.537 0.000 20.673 11.842 </Samples>
		<Samples TimeTag="2024-12-25T20:29:21" DepthTag="0.210">2.023 13.770 44.500 0.000 20.923 13.770 </Samples>
		<Samples TimeTag="2024-12-25T20:29:27" DepthTag="0.315">1.003 15.453 41.045 0.000 45.532 15.453 </Samples>
		<Samples TimeTag="2024-12-25T20:29:32" DepthTag="0.415">1.274 15.300 40.737 0.000 52.880 15.300 </Samples>
		<Samples TimeTag="2024-12-25T20:29:55" DepthTag="0.547">0.759 5.126 27.771 0.000 33.287 5.126 </Samples>
		<Samples TimeTag="2024-12-25T20:30:01" DepthTag="0.647">1.069 12.408 42.113 0.000 55.855 12.408 </Samples>
		<Samples TimeTag="2024-12-25T20:30:05" DepthTag="0.750">1.391 14.107 40.607 0.000 54.171 14.107 </Samples>
		<Samples TimeTag="2024-12-25T20:30:11" DepthTag="0.853">1.150 14.734 40.322 0.000 56.065 14.734 </Samples>
		<Samples TimeTag="2024-12-25T20:30:16" DepthTag="0.956">1.245 14.933 39.784 0.000 61.924 14.933 </Samples>
		<Samples TimeTag="2024-12-25T20:30:42" DepthTag="1.059">0.816 3.901 36.600 0.000 42.694 3.901 </Samples>
		<Samples TimeTag="2024-12-25T20:30:48" DepthTag="1.164">1.076 12.102 41.368 0.000 54.359 12.102 </Samples>
		<Samples TimeTag="2024-12-25T20:30:51" DepthTag="1.271">1.904 13.770 40.056 0.000 50.615 13.770 </Samples>
		<Samples TimeTag="2024-12-25T20:30:54" DepthTag="1.373">1.903 14.458 40.495 0.000 46.341 14.458 </Samples>
		<Samples TimeTag="2024-12-25T20:30:58" DepthTag="1.476">1.545 14.810 38.412 0.000 49.704 14.810 </Samples>
		<Samples TimeTag="2024-12-25T20:31:28" DepthTag="1.590">1.104 4.422 24.195 0.000 31.692 4.422 </Samples>
		<Samples TimeTag="2024-12-25T20:31:34" DepthTag="1.690">1.041 14.520 42.220 0.000 54.968 14.520 </Samples>
		<Samples TimeTag="2024-12-25T20:31:38" DepthTag="1.793">1.548 16.157 38.654 0.000 49.105 16.157 </Samples>
		<Samples TimeTag="2024-12-25T20:31:42" DepthTag="1.898">1.735 16.876 40.923 0.000 53.865 16.876 </Samples>
		<Samples TimeTag="2024-12-25T20:31:44" DepthTag="1.999">2.518 17.212 37.546 0.000 43.286 17.212 </Samples>
		<Samples TimeTag="2024-12-25T20:31:47" DepthTag="2.105">2.482 17.457 39.311 0.000 44.042 17.457 </Samples>
		<Samples TimeTag="2024-12-25T20:31:49" DepthTag="2.209">2.587 17.595 40.456 0.000 42.763 17.595 </Samples>
		<Samples TimeTag="2024-12-25T20:31:52" DepthTag="2.309">2.353 17.717 40.981 0.000 44.254 17.717 </Samples>
		<Samples TimeTag="2024-12-25T20:31:54" DepthTag="2.411">2.161 17.809 39.831 0.000 46.017 17.809 </Samples>
		<Samples TimeTag="2024-12-25T20:31:57" DepthTag="2.512">2.162 17.870 37.596 0.000 47.780 17.870 </Samples>
		<Samples TimeTag="2024-12-25T20:32:30" DepthTag="2.613">0.716 9.058 45.543 0.000 64.887 9.058 </Samples>
		<Samples TimeTag="2024-12-25T20:32:35" DepthTag="2.718">1.208 14.948 41.017 0.000 51.185 14.948 </Samples>
		<Samples TimeTag="2024-12-25T20:32:43" DepthTag="2.818">0.773 16.478 41.036 0.000 46.403 16.478 </Samples>
		<Samples TimeTag="2024-12-25T20:32:47" DepthTag="2.919">1.601 16.968 36.627 0.000 39.808 16.968 </Samples>
		<Samples TimeTag="2024-12-25T20:32:49" DepthTag="3.022">2.573 17.121 36.745 0.000 38.807 17.121 </Samples>
		<Samples TimeTag="2024-12-25T20:32:54" DepthTag="3.129">1.273 17.212 37.268 0.000 45.441 17.212 </Samples>
		<Samples TimeTag="2024-12-25T20:32:57" DepthTag="3.232">1.973 17.442 38.638 0.000 49.042 17.442 </Samples>
		<Samples TimeTag="2024-12-25T20:33:02" DepthTag="3.334">1.214 17.503 41.166 0.000 49.124 17.503 </Samples>
		<Samples TimeTag="2024-12-25T20:33:07" DepthTag="3.438">1.189 17.365 39.578 0.000 43.205 17.365 </Samples>
		<Samples TimeTag="2024-12-25T20:33:42" DepthTag="3.578">1.177 5.707 22.242 0.000 22.798 5.707 </Samples>
		<Samples TimeTag="2024-12-25T20:33:47" DepthTag="3.678">1.042 15.805 53.179 0.000 47.351 15.805 </Samples>
		<Samples TimeTag="2024-12-25T20:33:51" DepthTag="3.788">1.923 17.457 52.268 0.000 37.637 17.457 </Samples>
		<Samples TimeTag="2024-12-25T20:33:54" DepthTag="3.889">2.036 18.421 54.786 0.000 48.227 18.421 </Samples>
		<Samples TimeTag="2024-12-25T20:33:59" DepthTag="3.990">1.116 18.987 54.407 0.000 49.657 18.987 </Samples>
		<Samples TimeTag="2024-12-25T20:34:04" DepthTag="4.092">1.290 19.385 53.327 0.000 57.871 19.385 </Samples>
		<Samples TimeTag="2024-12-25T20:34:07" DepthTag="4.196">1.943 19.768 53.714 0.000 45.688 19.768 </Samples>
		<Samples TimeTag="2024-12-25T20:34:10" DepthTag="4.299">1.918 19.936 53.580 0.000 51.945 19.936 </Samples>
		<Samples TimeTag="2024-12-25T20:34:13" DepthTag="4.399">2.151 19.966 55.138 0.000 50.030 19.966 </Samples>
		<Samples TimeTag="2024-12-25T20:34:16" DepthTag="4.507">2.021 20.028 52.974 0.000 50.082 20.028 </Samples>
		<Samples TimeTag="2024-12-25T20:34:19" DepthTag="4.607">2.135 20.104 53.921 0.000 53.193 20.104 </Samples>
		<Samples TimeTag="2024-12-25T20:34:23" DepthTag="4.708">1.594 20.012 55.260 0.000 48.383 20.012 </Samples>
		<Samples TimeTag="2024-12-25T20:34:26" DepthTag="4.815">1.865 20.074 51.697 0.000 49.106 20.074 </Samples>
		<Samples TimeTag="2024-12-25T20:34:29" DepthTag="4.917">2.646 20.165 53.191 0.000 43.708 20.165 </Samples>
		<Samples TimeTag="2024-12-25T20:34:31" DepthTag="5.020">2.549 20.181 54.320 0.000 49.523 20.181 </Samples>
		<Samples TimeTag="2024-12-25T20:34:34" DepthTag="5.120">2.149 20.288 53.269 0.000 50.464 20.288 </Samples>
		<Samples TimeTag="2024-12-25T20:34:36" DepthTag="5.221">2.513 20.395 53.190 0.000 47.266 20.395 </Samples>
		<Samples TimeTag="2024-12-25T20:34:40" DepthTag="5.323">1.912 20.334 55.244 0.000 51.034 20.334 </Samples>
		<Samples TimeTag="2024-12-25T20:34:43" DepthTag="5.424">1.989 20.257 53.060 0.000 45.531 20.257 </Samples>
		<Samples TimeTag="2024-12-25T20:34:45" DepthTag="5.528">2.280 20.334 54.827 0.000 47.871 20.334 </Samples>
		<Samples TimeTag="2024-12-25T20:34:49" DepthTag="5.629">1.686 20.364 55.764 0.000 52.747 20.364 </Samples>
		<Samples TimeTag="2024-12-25T20:34:55" DepthTag="5.735">1.018 20.150 53.188 0.000 59.442 20.150 </Samples>
		<Samples TimeTag="2024-12-25T20:34:59" DepthTag="5.836">1.679 19.982 43.023 0.000 48.735 19.982 </Samples>
		<Samples TimeTag="2024-12-25T20:35:02" DepthTag="5.938">2.242 19.263 40.876 0.000 41.335 19.263 </Samples>
		<Samples TimeTag="2024-12-25T20:35:46" DepthTag="6.039">0.773 5.233 13.763 0.000 27.803 5.233 </Samples>
	</CompactMWDdata>
	<IR:GenTrailer>
		<IR:FileCloseDate>2024-12-25T20:36:34</IR:FileCloseDate>
		<IR:ChkSum>1178785099</IR:ChkSum>
	</IR:GenTrailer>
</DRMWD>
