<?xml version="1.0" encoding="UTF-8"?>
<!-- Generated by the RCS System Epiroc Rock Drills AB -->
<DRMWD xmlns="http://www.iredes.org/xml/DrillRig" xmlns:IR="http://www.iredes.org/xml" xmlns:xsi="http://www.w3.org/2001/XMLSchema-instance" xsi:schemaLocation="http://www.iredes.org/xml/DrillRig C:\Iredes\IR_V1.2.3\xml\DR-DrillRig_V1.2\DrillRig.xsd" IRVersion="V 1.2AC" IRDownwCompat="V 1.2AC" DRMWDDownwCompat="V 1.2AC" DRMWDVersion="V 1.2AC">
	<IR:GenHead>
		<IR:FileCreateDate>2024-12-25T03:30:24</IR:FileCreateDate>
		<IR:IRversion DownwCompat="V 1.0">V 1.2AC</IR:IRversion>
		<IR:EquipmentInfo>
			<IR:EqpManufact>Epiroc</IR:EqpManufact>
			<IR:EqpType>SmartROC D65</IR:EqpType>
			<IR:EqpSerNo>8992013064</IR:EqpSerNo>
			<IR:EqpSysVer>6.28.1</IR:EqpSysVer>
			<IR:EqpInfo>DrillingMethod: DTH</IR:EqpInfo>
		</IR:EquipmentInfo>
	</IR:GenHead>
	<IR:ReportId>MWDRI250330</IR:ReportId>
	<IR:StartLogTime>2024-12-25T03:23:33</IR:StartLogTime>
	<IR:EndLogTime>2024-12-25T03:26:32</IR:EndLogTime>
	<IR:PlanIdRef>FRD03_11_0626_001_All</IR:PlanIdRef>
	<IR:PlanNameRef>FRD03_11_0626_001_All</IR:PlanNameRef>
	<MWDholeId>A5</MWDholeId>
	<QualityReportIdRef>DQRI241930</QualityReportIdRef>
	<SampleDistance>0.100</SampleDistance>
	<CompactMWDdata>
		<MWDparams>
			<Parameter Unit="m/min" Full="PenetrRate">PR</Parameter>
			<Parameter Unit="Bar" Full="PercPressure">PP</Parameter>
			<Parameter Unit="Bar" Full="FeedPressure">FP</Parameter>
			<Parameter Unit="Bar" Full="DampPressure">DP</Parameter>
			<Parameter Unit="Bar" Full="RotPressure">RP</Parameter>
			<Parameter Unit="Bar" Full="FlushPressure">FLP</Parameter>
		</MWDparams>
		<Samples TimeTag="2024-12-25T03:23:33" DepthTag="0.110">4.130 4.942 18.307 0.000 35.460 4.942 </Samples>
		<Samples TimeTag="2024-12-25T03:23:34" DepthTag="0.231">6.988 4.437 21.445 0.000 44.126 4.437 </Samples>
		<Samples TimeTag="2024-12-25T03:23:35" DepthTag="0.333">6.304 5.401 31.535 0.000 47.218 5.401 </Samples>
		<Samples TimeTag="2024-12-25T03:23:38" DepthTag="0.437">2.611 11.429 49.455 0.000 70.173 11.429 </Samples>
		<Samples TimeTag="2024-12-25T03:23:40" DepthTag="0.539">2.527 15.162 52.303 0.000 65.910 15.162 </Samples>
		<Samples TimeTag="2024-12-25T03:23:42" DepthTag="0.653">2.849 16.708 50.014 0.000 64.554 16.708 </Samples>
		<Samples TimeTag="2024-12-25T03:23:44" DepthTag="0.754">3.012 17.549 52.961 0.000 71.834 17.549 </Samples>
		<Samples TimeTag="2024-12-25T03:23:46" DepthTag="0.858">3.124 18.222 50.814 0.000 63.470 18.222 </Samples>
		<Samples TimeTag="2024-12-25T03:23:49" DepthTag="0.968">3.054 18.773 49.120 0.000 68.349 18.773 </Samples>
		<Samples TimeTag="2024-12-25T03:23:51" DepthTag="1.073">2.803 19.201 50.834 0.000 70.977 19.201 </Samples>
		<Samples TimeTag="2024-12-25T03:23:53" DepthTag="1.175">2.382 19.630 51.330 0.000 69.760 19.630 </Samples>
		<Samples TimeTag="2024-12-25T03:23:56" DepthTag="1.277">2.317 19.890 51.037 0.000 65.976 19.890 </Samples>
		<Samples TimeTag="2024-12-25T03:23:58" DepthTag="1.391">3.398 20.089 52.989 0.000 66.791 20.089 </Samples>
		<Samples TimeTag="2024-12-25T03:24:00" DepthTag="1.497">2.738 20.242 49.489 0.000 66.612 20.242 </Samples>
		<Samples TimeTag="2024-12-25T03:24:02" DepthTag="1.599">3.814 20.349 53.066 0.000 60.102 20.349 </Samples>
		<Samples TimeTag="2024-12-25T03:24:04" DepthTag="1.700">2.533 20.487 47.606 0.000 69.130 20.487 </Samples>
		<Samples TimeTag="2024-12-25T03:24:07" DepthTag="1.805">2.605 20.548 47.496 0.000 63.914 20.548 </Samples>
		<Samples TimeTag="2024-12-25T03:24:09" DepthTag="1.917">3.010 20.579 52.888 0.000 65.161 20.579 </Samples>
		<Samples TimeTag="2024-12-25T03:24:11" DepthTag="2.023">3.172 20.655 54.769 0.000 66.120 20.655 </Samples>
		<Samples TimeTag="2024-12-25T03:24:13" DepthTag="2.130">3.633 20.701 53.244 0.000 60.053 20.701 </Samples>
		<Samples TimeTag="2024-12-25T03:24:15" DepthTag="2.240">2.928 20.762 55.332 0.000 59.055 20.762 </Samples>
		<Samples TimeTag="2024-12-25T03:24:18" DepthTag="2.343">2.090 20.808 54.973 0.000 59.452 20.808 </Samples>
		<Samples TimeTag="2024-12-25T03:24:21" DepthTag="2.447">1.953 20.823 53.546 0.000 60.567 20.823 </Samples>
		<Samples TimeTag="2024-12-25T03:24:24" DepthTag="2.552">2.602 20.808 53.344 0.000 62.609 20.808 </Samples>
		<Samples TimeTag="2024-12-25T03:24:26" DepthTag="2.653">2.173 20.839 55.443 0.000 66.233 20.839 </Samples>
		<Samples TimeTag="2024-12-25T03:24:33" DepthTag="2.757">0.895 20.487 54.670 0.000 63.404 20.487 </Samples>
		<Samples TimeTag="2024-12-25T03:24:37" DepthTag="2.865">1.717 20.410 52.555 0.000 63.558 20.410 </Samples>
		<Samples TimeTag="2024-12-25T03:24:40" DepthTag="2.967">2.311 20.517 53.833 0.000 60.335 20.517 </Samples>
		<Samples TimeTag="2024-12-25T03:24:43" DepthTag="3.070">1.915 20.640 54.226 0.000 62.742 20.640 </Samples>
		<Samples TimeTag="2024-12-25T03:24:47" DepthTag="3.172">1.528 20.548 54.294 0.000 66.108 20.548 </Samples>
		<Samples TimeTag="2024-12-25T03:24:51" DepthTag="3.274">1.565 20.670 51.356 0.000 67.742 20.670 </Samples>
		<Samples TimeTag="2024-12-25T03:24:53" DepthTag="3.376">2.542 20.655 53.996 0.000 64.791 20.655 </Samples>
		<Samples TimeTag="2024-12-25T03:24:56" DepthTag="3.478">2.182 20.701 53.979 0.000 66.409 20.701 </Samples>
		<Samples TimeTag="2024-12-25T03:24:59" DepthTag="3.583">2.238 20.747 53.433 0.000 67.213 20.747 </Samples>
		<Samples TimeTag="2024-12-25T03:25:02" DepthTag="3.687">2.059 20.732 53.360 0.000 62.601 20.732 </Samples>
		<Samples TimeTag="2024-12-25T03:25:04" DepthTag="3.790">3.074 20.747 53.420 0.000 56.925 20.747 </Samples>
		<Samples TimeTag="2024-12-25T03:25:07" DepthTag="3.895">2.444 20.762 54.328 0.000 66.427 20.762 </Samples>
		<Samples TimeTag="2024-12-25T03:25:09" DepthTag="3.995">2.496 20.762 54.284 0.000 62.348 20.762 </Samples>
		<Samples TimeTag="2024-12-25T03:25:13" DepthTag="4.095">1.601 20.563 53.873 0.000 67.062 20.563 </Samples>
		<Samples TimeTag="2024-12-25T03:25:16" DepthTag="4.203">1.798 20.548 51.410 0.000 64.422 20.548 </Samples>
		<Samples TimeTag="2024-12-25T03:25:19" DepthTag="4.306">2.742 20.579 53.426 0.000 62.008 20.579 </Samples>
		<Samples TimeTag="2024-12-25T03:25:23" DepthTag="4.410">1.435 20.456 54.393 0.000 63.372 20.456 </Samples>
		<Samples TimeTag="2024-12-25T03:25:28" DepthTag="4.513">1.227 20.395 53.667 0.000 66.956 20.395 </Samples>
		<Samples TimeTag="2024-12-25T03:25:35" DepthTag="4.614">0.827 20.028 53.771 0.000 67.042 20.028 </Samples>
		<Samples TimeTag="2024-12-25T03:25:40" DepthTag="4.717">1.234 20.211 52.285 0.000 62.593 20.211 </Samples>
		<Samples TimeTag="2024-12-25T03:25:43" DepthTag="4.825">2.138 20.426 52.472 0.000 58.779 20.426 </Samples>
		<Samples TimeTag="2024-12-25T03:25:46" DepthTag="4.926">2.508 20.502 52.480 0.000 54.858 20.502 </Samples>
		<Samples TimeTag="2024-12-25T03:25:48" DepthTag="5.029">2.843 20.533 54.232 0.000 64.527 20.533 </Samples>
		<Samples TimeTag="2024-12-25T03:25:52" DepthTag="5.129">1.562 20.441 54.189 0.000 67.444 20.441 </Samples>
		<Samples TimeTag="2024-12-25T03:25:56" DepthTag="5.232">1.641 20.441 49.689 0.000 61.811 20.441 </Samples>
		<Samples TimeTag="2024-12-25T03:25:58" DepthTag="5.335">2.194 20.517 50.765 0.000 67.263 20.517 </Samples>
		<Samples TimeTag="2024-12-25T03:26:01" DepthTag="5.439">2.892 20.579 53.039 0.000 66.616 20.579 </Samples>
		<Samples TimeTag="2024-12-25T03:26:04" DepthTag="5.543">1.626 20.624 48.131 0.000 72.312 20.624 </Samples>
		<Samples TimeTag="2024-12-25T03:26:08" DepthTag="5.647">1.716 20.548 53.664 0.000 65.752 20.548 </Samples>
		<Samples TimeTag="2024-12-25T03:26:11" DepthTag="5.751">2.442 20.624 51.650 0.000 58.502 20.624 </Samples>
		<Samples TimeTag="2024-12-25T03:26:13" DepthTag="5.860">2.927 20.701 52.524 0.000 66.399 20.701 </Samples>
		<Samples TimeTag="2024-12-25T03:26:15" DepthTag="5.962">3.157 20.655 52.090 0.000 69.196 20.655 </Samples>
		<Samples TimeTag="2024-12-25T03:26:17" DepthTag="6.068">3.174 20.640 54.059 0.000 62.534 20.640 </Samples>
		<Samples TimeTag="2024-12-25T03:26:19" DepthTag="6.170">2.719 20.747 54.469 0.000 56.715 20.747 </Samples>
		<Samples TimeTag="2024-12-25T03:26:21" DepthTag="6.278">2.704 20.915 53.547 0.000 53.714 20.915 </Samples>
		<Samples TimeTag="2024-12-25T03:26:24" DepthTag="6.378">2.777 20.992 54.553 0.000 58.915 20.992 </Samples>
		<Samples TimeTag="2024-12-25T03:26:26" DepthTag="6.488">3.283 21.022 52.322 0.000 56.983 21.022 </Samples>
		<Samples TimeTag="2024-12-25T03:26:28" DepthTag="6.595">2.874 21.114 53.537 0.000 57.467 21.114 </Samples>
		<Samples TimeTag="2024-12-25T03:26:30" DepthTag="6.703">2.967 21.038 44.873 0.000 59.575 21.038 </Samples>
		<Samples TimeTag="2024-12-25T03:26:32" DepthTag="6.805">2.841 20.487 41.734 0.000 61.731 20.487 </Samples>
	</CompactMWDdata>
	<IR:GenTrailer>
		<IR:FileCloseDate>2024-12-25T03:30:24</IR:FileCloseDate>
		<IR:ChkSum>0607592565</IR:ChkSum>
	</IR:GenTrailer>
</DRMWD>
