<?xml version="1.0" encoding="UTF-8"?>
<!-- Generated by the RCS System Epiroc Rock Drills AB -->
<DRMWD xmlns="http://www.iredes.org/xml/DrillRig" xmlns:IR="http://www.iredes.org/xml" xmlns:xsi="http://www.w3.org/2001/XMLSchema-instance" xsi:schemaLocation="http://www.iredes.org/xml/DrillRig C:\Iredes\IR_V1.2.3\xml\DR-DrillRig_V1.2\DrillRig.xsd" IRVersion="V 1.2AC" IRDownwCompat="V 1.2AC" DRMWDDownwCompat="V 1.2AC" DRMWDVersion="V 1.2AC">
	<IR:GenHead>
		<IR:FileCreateDate>2024-12-26T21:58:03</IR:FileCreateDate>
		<IR:IRversion DownwCompat="V 1.0">V 1.2AC</IR:IRversion>
		<IR:EquipmentInfo>
			<IR:EqpManufact>Epiroc</IR:EqpManufact>
			<IR:EqpType>SmartROC D65</IR:EqpType>
			<IR:EqpSerNo>8992013064</IR:EqpSerNo>
			<IR:EqpSysVer>6.28.1</IR:EqpSysVer>
			<IR:EqpInfo>DrillingMethod: DTH</IR:EqpInfo>
		</IR:EquipmentInfo>
	</IR:GenHead>
	<IR:ReportId>MWDRI262158</IR:ReportId>
	<IR:StartLogTime>2024-12-26T21:48:35</IR:StartLogTime>
	<IR:EndLogTime>2024-12-26T21:57:13</IR:EndLogTime>
	<IR:PlanIdRef>FRD03_11_0626_001_All</IR:PlanIdRef>
	<IR:PlanNameRef>FRD03_11_0626_001_All</IR:PlanNameRef>
	<MWDholeId>H9</MWDholeId>
	<QualityReportIdRef>DQRI262053</QualityReportIdRef>
	<SampleDistance>0.100</SampleDistance>
	<CompactMWDdata>
		<MWDparams>
			<Parameter Unit="m/min" Full="PenetrRate">PR</Parameter>
			<Parameter Unit="Bar" Full="PercPressure">PP</Parameter>
			<Parameter Unit="Bar" Full="FeedPressure">FP</Parameter>
			<Parameter Unit="Bar" Full="DampPressure">DP</Parameter>
			<Parameter Unit="Bar" Full="RotPressure">RP</Parameter>
			<Parameter Unit="Bar" Full="FlushPressure">FLP</Parameter>
		</MWDparams>
		<Samples TimeTag="2024-12-26T21:48:35" DepthTag="0.101">0.910 14.076 47.491 0.000 21.374 14.076 </Samples>
		<Samples TimeTag="2024-12-26T21:48:44" DepthTag="0.203">0.686 14.596 40.363 0.000 47.579 14.596 </Samples>
		<Samples TimeTag="2024-12-26T21:48:48" DepthTag="0.304">1.369 14.734 40.410 0.000 51.250 14.734 </Samples>
		<Samples TimeTag="2024-12-26T21:48:55" DepthTag="0.407">0.959 14.887 39.916 0.000 54.822 14.887 </Samples>
		<Samples TimeTag="2024-12-26T21:49:19" DepthTag="0.526">0.628 5.447 39.686 0.000 45.818 5.447 </Samples>
		<Samples TimeTag="2024-12-26T21:49:28" DepthTag="0.627">0.660 13.571 41.008 0.000 53.870 13.571 </Samples>
		<Samples TimeTag="2024-12-26T21:49:36" DepthTag="0.727">0.773 14.550 40.363 0.000 55.391 14.550 </Samples>
		<Samples TimeTag="2024-12-26T21:49:43" DepthTag="0.829">0.804 14.627 39.303 0.000 48.507 14.627 </Samples>
		<Samples TimeTag="2024-12-26T21:49:49" DepthTag="0.934">1.048 14.764 40.098 0.000 53.214 14.764 </Samples>
		<Samples TimeTag="2024-12-26T21:50:16" DepthTag="1.034">0.657 5.936 48.063 0.000 54.964 5.936 </Samples>
		<Samples TimeTag="2024-12-26T21:50:28" DepthTag="1.137">0.507 14.275 39.675 0.000 53.877 14.275 </Samples>
		<Samples TimeTag="2024-12-26T21:50:34" DepthTag="1.238">1.103 14.688 40.235 0.000 51.643 14.688 </Samples>
		<Samples TimeTag="2024-12-26T21:50:39" DepthTag="1.338">1.049 14.872 39.225 0.000 53.118 14.872 </Samples>
		<Samples TimeTag="2024-12-26T21:50:43" DepthTag="1.440">1.810 14.933 39.467 0.000 55.817 14.933 </Samples>
		<Samples TimeTag="2024-12-26T21:51:13" DepthTag="1.544">0.777 5.646 21.227 0.000 29.788 5.646 </Samples>
		<Samples TimeTag="2024-12-26T21:51:17" DepthTag="1.655">1.427 13.984 41.959 0.000 54.671 13.984 </Samples>
		<Samples TimeTag="2024-12-26T21:51:21" DepthTag="1.759">1.857 15.866 41.212 0.000 50.451 15.866 </Samples>
		<Samples TimeTag="2024-12-26T21:51:25" DepthTag="1.861">1.524 16.830 39.352 0.000 45.282 16.830 </Samples>
		<Samples TimeTag="2024-12-26T21:51:29" DepthTag="1.961">1.601 17.381 40.703 0.000 50.406 17.381 </Samples>
		<Samples TimeTag="2024-12-26T21:51:34" DepthTag="2.064">1.220 17.779 39.745 0.000 48.924 17.779 </Samples>
		<Samples TimeTag="2024-12-26T21:51:39" DepthTag="2.171">1.142 17.978 39.586 0.000 50.571 17.978 </Samples>
		<Samples TimeTag="2024-12-26T21:51:42" DepthTag="2.277">2.136 18.100 39.607 0.000 40.917 18.100 </Samples>
		<Samples TimeTag="2024-12-26T21:51:46" DepthTag="2.380">1.723 18.100 40.118 0.000 40.800 18.100 </Samples>
		<Samples TimeTag="2024-12-26T21:51:49" DepthTag="2.486">2.147 18.100 39.561 0.000 42.407 18.100 </Samples>
		<Samples TimeTag="2024-12-26T21:52:19" DepthTag="2.587">0.866 6.028 35.530 0.000 36.536 6.028 </Samples>
		<Samples TimeTag="2024-12-26T21:52:25" DepthTag="2.688">1.033 14.673 41.829 0.000 44.089 14.673 </Samples>
		<Samples TimeTag="2024-12-26T21:52:35" DepthTag="2.789">0.596 16.753 40.436 0.000 49.224 16.753 </Samples>
		<Samples TimeTag="2024-12-26T21:52:46" DepthTag="2.890">0.550 17.136 39.455 0.000 47.903 17.136 </Samples>
		<Samples TimeTag="2024-12-26T21:52:51" DepthTag="2.994">1.298 17.411 38.761 0.000 43.335 17.411 </Samples>
		<Samples TimeTag="2024-12-26T21:52:54" DepthTag="3.099">1.679 17.687 39.940 0.000 45.487 17.687 </Samples>
		<Samples TimeTag="2024-12-26T21:52:58" DepthTag="3.202">1.604 17.870 40.119 0.000 51.144 17.870 </Samples>
		<Samples TimeTag="2024-12-26T21:53:04" DepthTag="3.306">1.154 17.932 40.084 0.000 48.440 17.932 </Samples>
		<Samples TimeTag="2024-12-26T21:53:09" DepthTag="3.406">1.211 18.008 38.696 0.000 49.088 18.008 </Samples>
		<Samples TimeTag="2024-12-26T21:53:12" DepthTag="3.507">1.753 16.585 25.483 0.000 39.439 16.585 </Samples>
		<Samples TimeTag="2024-12-26T21:53:49" DepthTag="3.608">0.648 8.140 44.681 0.000 49.808 8.140 </Samples>
		<Samples TimeTag="2024-12-26T21:53:54" DepthTag="3.709">1.081 14.780 44.461 0.000 52.857 14.780 </Samples>
		<Samples TimeTag="2024-12-26T21:53:58" DepthTag="3.812">1.535 15.958 44.420 0.000 52.494 15.958 </Samples>
		<Samples TimeTag="2024-12-26T21:54:01" DepthTag="3.914">2.065 16.463 44.451 0.000 50.039 16.463 </Samples>
		<Samples TimeTag="2024-12-26T21:54:06" DepthTag="4.018">1.236 16.692 44.410 0.000 52.665 16.692 </Samples>
		<Samples TimeTag="2024-12-26T21:54:10" DepthTag="4.119">1.544 17.029 44.589 0.000 40.784 17.029 </Samples>
		<Samples TimeTag="2024-12-26T21:54:14" DepthTag="4.221">1.698 17.381 44.111 0.000 46.680 17.381 </Samples>
		<Samples TimeTag="2024-12-26T21:54:20" DepthTag="4.322">0.947 17.274 45.217 0.000 56.416 17.274 </Samples>
		<Samples TimeTag="2024-12-26T21:54:30" DepthTag="4.423">0.615 17.182 45.322 0.000 54.899 17.182 </Samples>
		<Samples TimeTag="2024-12-26T21:54:37" DepthTag="4.526">0.828 17.151 44.579 0.000 51.943 17.151 </Samples>
		<Samples TimeTag="2024-12-26T21:54:41" DepthTag="4.626">1.922 17.304 44.138 0.000 44.008 17.304 </Samples>
		<Samples TimeTag="2024-12-26T21:54:44" DepthTag="4.728">1.585 17.427 44.743 0.000 42.516 17.427 </Samples>
		<Samples TimeTag="2024-12-26T21:54:47" DepthTag="4.831">2.088 17.549 44.623 0.000 38.824 17.549 </Samples>
		<Samples TimeTag="2024-12-26T21:54:50" DepthTag="4.934">2.208 17.702 44.817 0.000 49.318 17.702 </Samples>
		<Samples TimeTag="2024-12-26T21:54:54" DepthTag="5.038">1.462 17.549 45.116 0.000 57.734 17.549 </Samples>
		<Samples TimeTag="2024-12-26T21:55:00" DepthTag="5.143">1.176 17.488 44.892 0.000 54.392 17.488 </Samples>
		<Samples TimeTag="2024-12-26T21:55:04" DepthTag="5.245">1.617 17.549 45.983 0.000 56.760 17.549 </Samples>
		<Samples TimeTag="2024-12-26T21:55:09" DepthTag="5.349">1.110 17.626 44.688 0.000 57.542 17.626 </Samples>
		<Samples TimeTag="2024-12-26T21:55:16" DepthTag="5.453">0.920 17.717 44.431 0.000 58.879 17.717 </Samples>
		<Samples TimeTag="2024-12-26T21:55:24" DepthTag="5.555">0.762 17.641 44.928 0.000 58.512 17.641 </Samples>
		<Samples TimeTag="2024-12-26T21:55:27" DepthTag="5.656">1.791 17.855 45.093 0.000 53.634 17.855 </Samples>
		<Samples TimeTag="2024-12-26T21:55:31" DepthTag="5.756">1.595 17.932 44.592 0.000 57.169 17.932 </Samples>
		<Samples TimeTag="2024-12-26T21:55:34" DepthTag="5.859">2.341 18.008 44.864 0.000 52.108 18.008 </Samples>
		<Samples TimeTag="2024-12-26T21:55:36" DepthTag="5.968">3.248 18.207 44.167 0.000 33.902 18.207 </Samples>
		<Samples TimeTag="2024-12-26T21:55:38" DepthTag="6.069">2.611 18.467 44.393 0.000 36.660 18.467 </Samples>
		<Samples TimeTag="2024-12-26T21:55:41" DepthTag="6.174">2.375 18.651 45.308 0.000 37.308 18.651 </Samples>
		<Samples TimeTag="2024-12-26T21:55:44" DepthTag="6.277">2.092 18.590 44.736 0.000 52.766 18.590 </Samples>
		<Samples TimeTag="2024-12-26T21:55:46" DepthTag="6.382">2.614 18.911 44.910 0.000 40.571 18.911 </Samples>
		<Samples TimeTag="2024-12-26T21:55:49" DepthTag="6.483">1.993 18.743 45.287 0.000 55.914 18.743 </Samples>
		<Samples TimeTag="2024-12-26T21:55:52" DepthTag="6.590">2.279 18.697 45.256 0.000 58.182 18.697 </Samples>
		<Samples TimeTag="2024-12-26T21:55:55" DepthTag="6.694">1.985 18.559 45.056 0.000 52.561 18.559 </Samples>
		<Samples TimeTag="2024-12-26T21:55:58" DepthTag="6.799">2.380 18.544 44.255 0.000 51.464 18.544 </Samples>
		<Samples TimeTag="2024-12-26T21:56:00" DepthTag="6.903">3.538 18.513 43.272 0.000 47.449 18.513 </Samples>
		<Samples TimeTag="2024-12-26T21:56:01" DepthTag="7.004">3.282 18.452 44.810 0.000 45.043 18.452 </Samples>
		<Samples TimeTag="2024-12-26T21:56:04" DepthTag="7.116">2.394 18.437 44.851 0.000 54.406 18.437 </Samples>
		<Samples TimeTag="2024-12-26T21:56:06" DepthTag="7.218">3.063 18.421 45.413 0.000 46.796 18.421 </Samples>
		<Samples TimeTag="2024-12-26T21:56:09" DepthTag="7.322">2.591 18.406 44.898 0.000 49.605 18.406 </Samples>
		<Samples TimeTag="2024-12-26T21:56:11" DepthTag="7.423">2.221 18.375 44.543 0.000 50.103 18.375 </Samples>
		<Samples TimeTag="2024-12-26T21:56:15" DepthTag="7.533">1.926 18.268 45.606 0.000 53.957 18.268 </Samples>
		<Samples TimeTag="2024-12-26T21:56:18" DepthTag="7.634">2.024 18.437 42.967 0.000 40.663 18.437 </Samples>
		<Samples TimeTag="2024-12-26T21:56:21" DepthTag="7.740">2.271 18.284 38.954 0.000 47.490 18.284 </Samples>
		<Samples TimeTag="2024-12-26T21:57:13" DepthTag="7.845">1.021 4.360 16.699 0.000 29.056 4.360 </Samples>
	</CompactMWDdata>
	<IR:GenTrailer>
		<IR:FileCloseDate>2024-12-26T21:58:03</IR:FileCloseDate>
		<IR:ChkSum>2892390548</IR:ChkSum>
	</IR:GenTrailer>
</DRMWD>
