<?xml version="1.0" encoding="UTF-8"?>
<!-- Generated by the RCS System Epiroc Rock Drills AB -->
<DRMWD xmlns="http://www.iredes.org/xml/DrillRig" xmlns:IR="http://www.iredes.org/xml" xmlns:xsi="http://www.w3.org/2001/XMLSchema-instance" xsi:schemaLocation="http://www.iredes.org/xml/DrillRig C:\Iredes\IR_V1.2.3\xml\DR-DrillRig_V1.2\DrillRig.xsd" IRVersion="V 1.2AC" IRDownwCompat="V 1.2AC" DRMWDDownwCompat="V 1.2AC" DRMWDVersion="V 1.2AC">
	<IR:GenHead>
		<IR:FileCreateDate>2024-12-25T04:08:06</IR:FileCreateDate>
		<IR:IRversion DownwCompat="V 1.0">V 1.2AC</IR:IRversion>
		<IR:EquipmentInfo>
			<IR:EqpManufact>Epiroc</IR:EqpManufact>
			<IR:EqpType>SmartROC D65</IR:EqpType>
			<IR:EqpSerNo>8992013064</IR:EqpSerNo>
			<IR:EqpSysVer>6.28.1</IR:EqpSysVer>
			<IR:EqpInfo>DrillingMethod: DTH</IR:EqpInfo>
		</IR:EquipmentInfo>
	</IR:GenHead>
	<IR:ReportId>MWDRI250408</IR:ReportId>
	<IR:StartLogTime>2024-12-25T03:55:23</IR:StartLogTime>
	<IR:EndLogTime>2024-12-25T04:05:12</IR:EndLogTime>
	<IR:PlanIdRef>FRD03_11_0626_001_All</IR:PlanIdRef>
	<IR:PlanNameRef>FRD03_11_0626_001_All</IR:PlanNameRef>
	<MWDholeId>A8</MWDholeId>
	<QualityReportIdRef>DQRI241930</QualityReportIdRef>
	<SampleDistance>0.100</SampleDistance>
	<CompactMWDdata>
		<MWDparams>
			<Parameter Unit="m/min" Full="PenetrRate">PR</Parameter>
			<Parameter Unit="Bar" Full="PercPressure">PP</Parameter>
			<Parameter Unit="Bar" Full="FeedPressure">FP</Parameter>
			<Parameter Unit="Bar" Full="DampPressure">DP</Parameter>
			<Parameter Unit="Bar" Full="RotPressure">RP</Parameter>
			<Parameter Unit="Bar" Full="FlushPressure">FLP</Parameter>
		</MWDparams>
		<Samples TimeTag="2024-12-25T03:55:23" DepthTag="0.114">2.085 11.567 30.075 0.000 21.128 11.567 </Samples>
		<Samples TimeTag="2024-12-25T03:55:24" DepthTag="0.215">3.439 13.908 40.617 0.000 20.980 13.908 </Samples>
		<Samples TimeTag="2024-12-25T03:55:26" DepthTag="0.326">3.608 15.208 37.155 0.000 21.359 15.208 </Samples>
		<Samples TimeTag="2024-12-25T03:55:27" DepthTag="0.440">5.683 15.652 34.953 0.000 21.102 15.652 </Samples>
		<Samples TimeTag="2024-12-25T03:55:50" DepthTag="0.572">1.681 5.217 22.330 0.000 41.168 5.217 </Samples>
		<Samples TimeTag="2024-12-25T03:55:51" DepthTag="0.674">5.869 6.594 36.281 0.000 49.515 6.594 </Samples>
		<Samples TimeTag="2024-12-25T03:55:54" DepthTag="0.783">2.718 11.643 44.373 0.000 66.546 11.643 </Samples>
		<Samples TimeTag="2024-12-25T03:55:56" DepthTag="0.892">2.542 14.856 40.205 0.000 66.151 14.856 </Samples>
		<Samples TimeTag="2024-12-25T03:55:59" DepthTag="0.993">2.297 16.325 42.248 0.000 60.818 16.325 </Samples>
		<Samples TimeTag="2024-12-25T03:58:40" DepthTag="1.103">0.827 14.902 30.725 0.000 53.894 14.902 </Samples>
		<Samples TimeTag="2024-12-25T03:58:42" DepthTag="1.206">3.075 16.126 40.074 0.000 65.484 16.126 </Samples>
		<Samples TimeTag="2024-12-25T03:58:45" DepthTag="1.309">1.794 14.382 41.324 0.000 63.294 14.382 </Samples>
		<Samples TimeTag="2024-12-25T03:58:50" DepthTag="1.409">1.271 13.051 38.761 0.000 70.457 13.051 </Samples>
		<Samples TimeTag="2024-12-25T04:01:02" DepthTag="1.539">1.045 14.810 25.153 0.000 46.062 14.810 </Samples>
		<Samples TimeTag="2024-12-25T04:01:31" DepthTag="1.643">1.419 15.422 38.014 0.000 63.038 15.422 </Samples>
		<Samples TimeTag="2024-12-25T04:01:32" DepthTag="1.754">4.154 16.432 40.092 0.000 57.202 16.432 </Samples>
		<Samples TimeTag="2024-12-25T04:01:34" DepthTag="1.858">2.879 17.381 42.984 0.000 59.818 17.381 </Samples>
		<Samples TimeTag="2024-12-25T04:01:36" DepthTag="1.959">3.016 18.039 41.206 0.000 53.294 18.039 </Samples>
		<Samples TimeTag="2024-12-25T04:01:39" DepthTag="2.061">2.318 18.651 41.375 0.000 61.200 18.651 </Samples>
		<Samples TimeTag="2024-12-25T04:01:41" DepthTag="2.163">2.824 19.018 40.217 0.000 57.749 19.018 </Samples>
		<Samples TimeTag="2024-12-25T04:01:44" DepthTag="2.278">2.612 19.385 37.825 0.000 57.215 19.385 </Samples>
		<Samples TimeTag="2024-12-25T04:01:46" DepthTag="2.380">3.181 19.599 38.851 0.000 56.186 19.599 </Samples>
		<Samples TimeTag="2024-12-25T04:01:49" DepthTag="2.485">2.246 19.798 41.824 0.000 56.632 19.798 </Samples>
		<Samples TimeTag="2024-12-25T04:02:22" DepthTag="2.588">0.754 14.367 42.875 0.000 62.867 14.367 </Samples>
		<Samples TimeTag="2024-12-25T04:02:26" DepthTag="2.689">1.764 16.922 41.919 0.000 54.928 16.922 </Samples>
		<Samples TimeTag="2024-12-25T04:02:30" DepthTag="2.795">1.438 18.360 40.226 0.000 53.087 18.360 </Samples>
		<Samples TimeTag="2024-12-25T04:02:34" DepthTag="2.899">1.768 19.079 38.353 0.000 56.169 19.079 </Samples>
		<Samples TimeTag="2024-12-25T04:02:37" DepthTag="3.001">1.904 19.492 40.442 0.000 54.786 19.492 </Samples>
		<Samples TimeTag="2024-12-25T04:02:42" DepthTag="3.102">1.261 19.875 39.724 0.000 62.323 19.875 </Samples>
		<Samples TimeTag="2024-12-25T04:02:45" DepthTag="3.210">1.889 19.982 37.975 0.000 56.773 19.982 </Samples>
		<Samples TimeTag="2024-12-25T04:02:48" DepthTag="3.312">2.535 20.119 40.029 0.000 51.239 20.119 </Samples>
		<Samples TimeTag="2024-12-25T04:02:51" DepthTag="3.415">1.971 20.242 39.566 0.000 54.300 20.242 </Samples>
		<Samples TimeTag="2024-12-25T04:03:38" DepthTag="3.532">0.481 15.606 39.324 0.000 51.934 15.606 </Samples>
		<Samples TimeTag="2024-12-25T04:03:41" DepthTag="3.635">1.790 16.402 47.909 0.000 66.809 16.402 </Samples>
		<Samples TimeTag="2024-12-25T04:03:45" DepthTag="3.737">1.911 17.962 51.252 0.000 66.718 17.962 </Samples>
		<Samples TimeTag="2024-12-25T04:03:48" DepthTag="3.839">1.694 19.018 53.081 0.000 62.879 19.018 </Samples>
		<Samples TimeTag="2024-12-25T04:03:51" DepthTag="3.939">2.352 19.492 53.314 0.000 62.513 19.492 </Samples>
		<Samples TimeTag="2024-12-25T04:03:53" DepthTag="4.047">2.883 19.890 52.925 0.000 56.894 19.890 </Samples>
		<Samples TimeTag="2024-12-25T04:03:55" DepthTag="4.151">3.117 20.104 53.930 0.000 56.249 20.104 </Samples>
		<Samples TimeTag="2024-12-25T04:03:58" DepthTag="4.252">2.037 20.318 54.611 0.000 66.703 20.318 </Samples>
		<Samples TimeTag="2024-12-25T04:04:01" DepthTag="4.358">2.134 20.533 53.664 0.000 67.281 20.533 </Samples>
		<Samples TimeTag="2024-12-25T04:04:04" DepthTag="4.458">1.872 20.533 52.471 0.000 63.209 20.533 </Samples>
		<Samples TimeTag="2024-12-25T04:04:09" DepthTag="4.560">1.389 20.410 51.743 0.000 64.100 20.410 </Samples>
		<Samples TimeTag="2024-12-25T04:04:11" DepthTag="4.661">2.535 20.594 52.308 0.000 54.226 20.594 </Samples>
		<Samples TimeTag="2024-12-25T04:04:15" DepthTag="4.763">1.805 20.670 55.117 0.000 64.275 20.670 </Samples>
		<Samples TimeTag="2024-12-25T04:04:21" DepthTag="4.865">0.925 20.502 53.675 0.000 65.991 20.502 </Samples>
		<Samples TimeTag="2024-12-25T04:04:30" DepthTag="4.966">0.703 20.318 52.579 0.000 64.578 20.318 </Samples>
		<Samples TimeTag="2024-12-25T04:04:37" DepthTag="5.072">0.936 20.150 51.783 0.000 65.694 20.150 </Samples>
		<Samples TimeTag="2024-12-25T04:04:39" DepthTag="5.177">2.247 20.471 53.172 0.000 56.263 20.471 </Samples>
		<Samples TimeTag="2024-12-25T04:04:42" DepthTag="5.283">2.134 20.640 53.899 0.000 54.746 20.640 </Samples>
		<Samples TimeTag="2024-12-25T04:04:45" DepthTag="5.383">2.499 20.732 53.668 0.000 58.279 20.732 </Samples>
		<Samples TimeTag="2024-12-25T04:04:48" DepthTag="5.484">2.160 20.854 54.594 0.000 64.501 20.854 </Samples>
		<Samples TimeTag="2024-12-25T04:04:51" DepthTag="5.589">2.129 20.915 51.771 0.000 63.988 20.915 </Samples>
		<Samples TimeTag="2024-12-25T04:04:54" DepthTag="5.695">2.083 20.930 53.224 0.000 66.842 20.930 </Samples>
		<Samples TimeTag="2024-12-25T04:04:56" DepthTag="5.797">2.828 21.022 53.833 0.000 64.086 21.022 </Samples>
		<Samples TimeTag="2024-12-25T04:04:58" DepthTag="5.900">2.728 21.099 52.751 0.000 64.590 21.099 </Samples>
		<Samples TimeTag="2024-12-25T04:05:01" DepthTag="6.001">2.226 21.129 52.508 0.000 66.315 21.129 </Samples>
		<Samples TimeTag="2024-12-25T04:05:03" DepthTag="6.106">2.807 21.236 52.511 0.000 57.217 21.236 </Samples>
		<Samples TimeTag="2024-12-25T04:05:05" DepthTag="6.210">3.111 21.267 52.149 0.000 60.153 21.267 </Samples>
		<Samples TimeTag="2024-12-25T04:05:07" DepthTag="6.318">3.662 21.313 52.556 0.000 61.544 21.313 </Samples>
		<Samples TimeTag="2024-12-25T04:05:09" DepthTag="6.434">3.800 21.451 53.683 0.000 50.550 21.451 </Samples>
		<Samples TimeTag="2024-12-25T04:05:10" DepthTag="6.539">3.547 21.695 46.922 0.000 47.376 21.695 </Samples>
		<Samples TimeTag="2024-12-25T04:05:12" DepthTag="6.645">3.180 21.191 40.377 0.000 48.143 21.191 </Samples>
	</CompactMWDdata>
	<IR:GenTrailer>
		<IR:FileCloseDate>2024-12-25T04:08:06</IR:FileCloseDate>
		<IR:ChkSum>1956832939</IR:ChkSum>
	</IR:GenTrailer>
</DRMWD>
