<?xml version="1.0" encoding="UTF-8"?>
<!-- Generated by the RCS System Epiroc Rock Drills AB -->
<DRMWD xmlns="http://www.iredes.org/xml/DrillRig" xmlns:IR="http://www.iredes.org/xml" xmlns:xsi="http://www.w3.org/2001/XMLSchema-instance" xsi:schemaLocation="http://www.iredes.org/xml/DrillRig C:\Iredes\IR_V1.2.3\xml\DR-DrillRig_V1.2\DrillRig.xsd" IRVersion="V 1.2AC" IRDownwCompat="V 1.2AC" DRMWDDownwCompat="V 1.2AC" DRMWDVersion="V 1.2AC">
	<IR:GenHead>
		<IR:FileCreateDate>2024-12-27T13:05:17</IR:FileCreateDate>
		<IR:IRversion DownwCompat="V 1.0">V 1.2AC</IR:IRversion>
		<IR:EquipmentInfo>
			<IR:EqpManufact>Epiroc</IR:EqpManufact>
			<IR:EqpType>SmartROC D65</IR:EqpType>
			<IR:EqpSerNo>8992013064</IR:EqpSerNo>
			<IR:EqpSysVer>6.28.1</IR:EqpSysVer>
			<IR:EqpInfo>DrillingMethod: DTH</IR:EqpInfo>
		</IR:EquipmentInfo>
	</IR:GenHead>
	<IR:ReportId>MWDRI271305</IR:ReportId>
	<IR:StartLogTime>2024-12-27T12:50:43</IR:StartLogTime>
	<IR:EndLogTime>2024-12-27T12:57:23</IR:EndLogTime>
	<IR:PlanIdRef>FRD03_11_0626_001_All</IR:PlanIdRef>
	<IR:PlanNameRef>FRD03_11_0626_001_All</IR:PlanNameRef>
	<MWDholeId>A67</MWDholeId>
	<QualityReportIdRef>DQRI270314</QualityReportIdRef>
	<SampleDistance>0.100</SampleDistance>
	<CompactMWDdata>
		<MWDparams>
			<Parameter Unit="m/min" Full="PenetrRate">PR</Parameter>
			<Parameter Unit="Bar" Full="PercPressure">PP</Parameter>
			<Parameter Unit="Bar" Full="FeedPressure">FP</Parameter>
			<Parameter Unit="Bar" Full="DampPressure">DP</Parameter>
			<Parameter Unit="Bar" Full="RotPressure">RP</Parameter>
			<Parameter Unit="Bar" Full="FlushPressure">FLP</Parameter>
		</MWDparams>
		<Samples TimeTag="2024-12-27T12:50:43" DepthTag="0.103">1.571 14.076 45.607 0.000 20.933 14.076 </Samples>
		<Samples TimeTag="2024-12-27T12:50:46" DepthTag="0.203">1.605 14.504 39.963 0.000 20.592 14.504 </Samples>
		<Samples TimeTag="2024-12-27T12:50:50" DepthTag="0.305">1.692 14.795 42.390 0.000 26.806 14.795 </Samples>
		<Samples TimeTag="2024-12-27T12:50:52" DepthTag="0.409">2.440 14.734 40.282 0.000 44.575 14.734 </Samples>
		<Samples TimeTag="2024-12-27T12:50:55" DepthTag="0.512">2.555 14.734 39.158 0.000 45.147 14.734 </Samples>
		<Samples TimeTag="2024-12-27T12:51:15" DepthTag="0.614">0.768 10.175 45.114 0.000 59.246 10.175 </Samples>
		<Samples TimeTag="2024-12-27T12:51:20" DepthTag="0.715">1.373 13.189 40.650 0.000 54.546 13.189 </Samples>
		<Samples TimeTag="2024-12-27T12:51:24" DepthTag="0.817">1.627 14.137 40.264 0.000 52.018 14.137 </Samples>
		<Samples TimeTag="2024-12-27T12:51:26" DepthTag="0.920">2.190 14.397 37.826 0.000 40.752 14.397 </Samples>
		<Samples TimeTag="2024-12-27T12:51:29" DepthTag="1.025">2.631 14.535 32.916 0.000 40.351 14.535 </Samples>
		<Samples TimeTag="2024-12-27T12:51:53" DepthTag="1.127">0.920 6.701 48.411 0.000 44.889 6.701 </Samples>
		<Samples TimeTag="2024-12-27T12:51:57" DepthTag="1.232">1.453 12.056 41.445 0.000 38.865 12.056 </Samples>
		<Samples TimeTag="2024-12-27T12:52:00" DepthTag="1.337">2.250 13.495 37.866 0.000 36.863 13.495 </Samples>
		<Samples TimeTag="2024-12-27T12:52:02" DepthTag="1.442">3.419 14.000 36.910 0.000 37.351 14.000 </Samples>
		<Samples TimeTag="2024-12-27T12:52:30" DepthTag="1.565">1.277 4.253 20.596 0.000 21.522 4.253 </Samples>
		<Samples TimeTag="2024-12-27T12:52:32" DepthTag="1.671">2.810 9.501 47.180 0.000 45.046 9.501 </Samples>
		<Samples TimeTag="2024-12-27T12:52:38" DepthTag="1.772">0.988 15.897 39.994 0.000 45.085 15.897 </Samples>
		<Samples TimeTag="2024-12-27T12:52:42" DepthTag="1.874">1.809 16.585 40.259 0.000 45.477 16.585 </Samples>
		<Samples TimeTag="2024-12-27T12:52:45" DepthTag="1.979">1.744 17.044 40.157 0.000 37.570 17.044 </Samples>
		<Samples TimeTag="2024-12-27T12:52:49" DepthTag="2.081">1.703 17.335 39.369 0.000 48.124 17.335 </Samples>
		<Samples TimeTag="2024-12-27T12:52:53" DepthTag="2.182">1.423 17.488 41.423 0.000 48.488 17.488 </Samples>
		<Samples TimeTag="2024-12-27T12:52:58" DepthTag="2.284">1.345 17.656 39.634 0.000 46.761 17.656 </Samples>
		<Samples TimeTag="2024-12-27T12:53:04" DepthTag="2.388">1.107 17.779 40.790 0.000 44.659 17.779 </Samples>
		<Samples TimeTag="2024-12-27T12:53:08" DepthTag="2.494">1.326 17.855 36.887 0.000 46.293 17.855 </Samples>
		<Samples TimeTag="2024-12-27T12:53:40" DepthTag="2.597">0.761 6.196 45.795 0.000 49.302 6.196 </Samples>
		<Samples TimeTag="2024-12-27T12:53:46" DepthTag="2.699">1.020 14.780 41.131 0.000 50.247 14.780 </Samples>
		<Samples TimeTag="2024-12-27T12:53:50" DepthTag="2.802">1.544 15.958 39.868 0.000 39.298 15.958 </Samples>
		<Samples TimeTag="2024-12-27T12:53:53" DepthTag="2.903">1.671 16.692 38.138 0.000 44.914 16.692 </Samples>
		<Samples TimeTag="2024-12-27T12:53:57" DepthTag="3.003">1.704 17.105 41.919 0.000 41.222 17.105 </Samples>
		<Samples TimeTag="2024-12-27T12:54:02" DepthTag="3.107">1.293 17.350 39.644 0.000 50.465 17.350 </Samples>
		<Samples TimeTag="2024-12-27T12:54:05" DepthTag="3.210">2.022 17.411 38.819 0.000 42.300 17.411 </Samples>
		<Samples TimeTag="2024-12-27T12:54:08" DepthTag="3.310">2.154 17.503 40.015 0.000 44.643 17.503 </Samples>
		<Samples TimeTag="2024-12-27T12:54:13" DepthTag="3.411">1.121 17.610 40.481 0.000 51.456 17.610 </Samples>
		<Samples TimeTag="2024-12-27T12:54:17" DepthTag="3.513">1.341 16.187 23.313 0.000 43.854 16.187 </Samples>
		<Samples TimeTag="2024-12-27T12:54:53" DepthTag="3.617">0.673 11.291 44.631 0.000 46.012 11.291 </Samples>
		<Samples TimeTag="2024-12-27T12:54:59" DepthTag="3.721">1.039 15.545 45.184 0.000 47.204 15.545 </Samples>
		<Samples TimeTag="2024-12-27T12:55:05" DepthTag="3.826">1.175 16.539 44.811 0.000 49.587 16.539 </Samples>
		<Samples TimeTag="2024-12-27T12:55:08" DepthTag="3.928">1.911 16.906 45.108 0.000 37.739 16.906 </Samples>
		<Samples TimeTag="2024-12-27T12:55:12" DepthTag="4.030">1.685 17.289 45.139 0.000 48.040 17.289 </Samples>
		<Samples TimeTag="2024-12-27T12:55:17" DepthTag="4.132">1.194 17.320 44.876 0.000 59.668 17.320 </Samples>
		<Samples TimeTag="2024-12-27T12:55:22" DepthTag="4.235">1.231 17.411 44.840 0.000 49.160 17.411 </Samples>
		<Samples TimeTag="2024-12-27T12:55:28" DepthTag="4.337">1.018 17.488 44.576 0.000 57.685 17.488 </Samples>
		<Samples TimeTag="2024-12-27T12:55:36" DepthTag="4.439">0.787 17.626 45.398 0.000 60.770 17.626 </Samples>
		<Samples TimeTag="2024-12-27T12:55:43" DepthTag="4.542">0.849 17.610 44.513 0.000 61.451 17.610 </Samples>
		<Samples TimeTag="2024-12-27T12:55:46" DepthTag="4.647">2.248 17.626 44.390 0.000 45.814 17.626 </Samples>
		<Samples TimeTag="2024-12-27T12:55:49" DepthTag="4.751">1.856 17.564 44.464 0.000 45.487 17.564 </Samples>
		<Samples TimeTag="2024-12-27T12:55:53" DepthTag="4.855">1.561 17.457 44.482 0.000 46.821 17.457 </Samples>
		<Samples TimeTag="2024-12-27T12:55:56" DepthTag="4.958">2.074 17.580 45.090 0.000 49.233 17.580 </Samples>
		<Samples TimeTag="2024-12-27T12:55:59" DepthTag="5.069">2.182 17.518 43.886 0.000 40.128 17.518 </Samples>
		<Samples TimeTag="2024-12-27T12:56:01" DepthTag="5.169">2.506 17.748 45.498 0.000 35.414 17.748 </Samples>
		<Samples TimeTag="2024-12-27T12:56:04" DepthTag="5.271">1.955 17.916 46.107 0.000 38.201 17.916 </Samples>
		<Samples TimeTag="2024-12-27T12:56:10" DepthTag="5.373">1.122 17.549 45.330 0.000 43.808 17.549 </Samples>
		<Samples TimeTag="2024-12-27T12:56:13" DepthTag="5.475">1.896 17.442 45.279 0.000 41.843 17.442 </Samples>
		<Samples TimeTag="2024-12-27T12:56:16" DepthTag="5.578">2.405 17.457 44.308 0.000 46.540 17.457 </Samples>
		<Samples TimeTag="2024-12-27T12:56:18" DepthTag="5.684">2.287 17.916 45.067 0.000 34.142 17.916 </Samples>
		<Samples TimeTag="2024-12-27T12:56:23" DepthTag="5.786">1.520 18.100 44.817 0.000 54.980 18.100 </Samples>
		<Samples TimeTag="2024-12-27T12:56:25" DepthTag="5.892">3.171 18.115 44.307 0.000 48.915 18.115 </Samples>
		<Samples TimeTag="2024-12-27T12:56:28" DepthTag="6.001">1.818 18.176 44.999 0.000 48.718 18.176 </Samples>
		<Samples TimeTag="2024-12-27T12:56:31" DepthTag="6.104">2.396 18.100 45.371 0.000 53.390 18.100 </Samples>
		<Samples TimeTag="2024-12-27T12:56:33" DepthTag="6.214">2.750 18.131 44.853 0.000 46.521 18.131 </Samples>
		<Samples TimeTag="2024-12-27T12:56:36" DepthTag="6.318">2.435 18.008 41.113 0.000 45.001 18.008 </Samples>
		<Samples TimeTag="2024-12-27T12:56:38" DepthTag="6.420">3.028 18.023 40.091 0.000 42.757 18.023 </Samples>
		<Samples TimeTag="2024-12-27T12:57:23" DepthTag="6.535">1.082 4.299 20.063 0.000 26.920 4.299 </Samples>
	</CompactMWDdata>
	<IR:GenTrailer>
		<IR:FileCloseDate>2024-12-27T13:05:17</IR:FileCloseDate>
		<IR:ChkSum>3548751376</IR:ChkSum>
	</IR:GenTrailer>
</DRMWD>
