<?xml version="1.0" encoding="UTF-8"?>
<!-- Generated by the RCS System Epiroc Rock Drills AB -->
<DRMWD xmlns="http://www.iredes.org/xml/DrillRig" xmlns:IR="http://www.iredes.org/xml" xmlns:xsi="http://www.w3.org/2001/XMLSchema-instance" xsi:schemaLocation="http://www.iredes.org/xml/DrillRig C:\Iredes\IR_V1.2.3\xml\DR-DrillRig_V1.2\DrillRig.xsd" IRVersion="V 1.2AC" IRDownwCompat="V 1.2AC" DRMWDDownwCompat="V 1.2AC" DRMWDVersion="V 1.2AC">
	<IR:GenHead>
		<IR:FileCreateDate>2024-12-26T16:04:20</IR:FileCreateDate>
		<IR:IRversion DownwCompat="V 1.0">V 1.2AC</IR:IRversion>
		<IR:EquipmentInfo>
			<IR:EqpManufact>Epiroc</IR:EqpManufact>
			<IR:EqpType>SmartROC D65</IR:EqpType>
			<IR:EqpSerNo>8992013064</IR:EqpSerNo>
			<IR:EqpSysVer>6.28.1</IR:EqpSysVer>
			<IR:EqpInfo>DrillingMethod: DTH</IR:EqpInfo>
		</IR:EquipmentInfo>
	</IR:GenHead>
	<IR:ReportId>MWDRI261604</IR:ReportId>
	<IR:StartLogTime>2024-12-26T15:47:40</IR:StartLogTime>
	<IR:EndLogTime>2024-12-26T15:56:06</IR:EndLogTime>
	<IR:PlanIdRef>FRD03_11_0626_001_All</IR:PlanIdRef>
	<IR:PlanNameRef>FRD03_11_0626_001_All</IR:PlanNameRef>
	<MWDholeId>J8</MWDholeId>
	<QualityReportIdRef>DQRI261457</QualityReportIdRef>
	<SampleDistance>0.100</SampleDistance>
	<CompactMWDdata>
		<MWDparams>
			<Parameter Unit="m/min" Full="PenetrRate">PR</Parameter>
			<Parameter Unit="Bar" Full="PercPressure">PP</Parameter>
			<Parameter Unit="Bar" Full="FeedPressure">FP</Parameter>
			<Parameter Unit="Bar" Full="DampPressure">DP</Parameter>
			<Parameter Unit="Bar" Full="RotPressure">RP</Parameter>
			<Parameter Unit="Bar" Full="FlushPressure">FLP</Parameter>
		</MWDparams>
		<Samples TimeTag="2024-12-26T15:47:40" DepthTag="0.104">1.864 13.908 41.296 0.000 20.969 13.908 </Samples>
		<Samples TimeTag="2024-12-26T15:47:44" DepthTag="0.215">1.730 14.566 40.260 0.000 20.972 14.566 </Samples>
		<Samples TimeTag="2024-12-26T15:47:46" DepthTag="0.328">3.372 14.566 36.700 0.000 20.963 14.566 </Samples>
		<Samples TimeTag="2024-12-26T15:47:48" DepthTag="0.435">2.513 14.673 41.330 0.000 32.305 14.673 </Samples>
		<Samples TimeTag="2024-12-26T15:48:07" DepthTag="0.536">0.939 4.927 42.101 0.000 32.126 4.927 </Samples>
		<Samples TimeTag="2024-12-26T15:48:12" DepthTag="0.636">1.313 10.021 44.789 0.000 46.435 10.021 </Samples>
		<Samples TimeTag="2024-12-26T15:48:16" DepthTag="0.740">1.263 13.372 39.240 0.000 54.808 13.372 </Samples>
		<Samples TimeTag="2024-12-26T15:48:20" DepthTag="0.846">1.570 14.183 40.124 0.000 48.152 14.183 </Samples>
		<Samples TimeTag="2024-12-26T15:48:23" DepthTag="0.947">1.759 14.474 40.202 0.000 47.303 14.474 </Samples>
		<Samples TimeTag="2024-12-26T15:48:50" DepthTag="1.049">0.698 9.027 46.451 0.000 54.669 9.027 </Samples>
		<Samples TimeTag="2024-12-26T15:48:55" DepthTag="1.150">1.214 13.112 40.256 0.000 47.279 13.112 </Samples>
		<Samples TimeTag="2024-12-26T15:48:58" DepthTag="1.250">1.872 14.076 38.668 0.000 35.602 14.076 </Samples>
		<Samples TimeTag="2024-12-26T15:49:01" DepthTag="1.366">2.892 14.428 36.593 0.000 46.862 14.428 </Samples>
		<Samples TimeTag="2024-12-26T15:49:03" DepthTag="1.482">3.480 14.520 36.653 0.000 36.631 14.520 </Samples>
		<Samples TimeTag="2024-12-26T15:49:35" DepthTag="1.591">1.350 14.918 38.679 0.000 41.524 14.918 </Samples>
		<Samples TimeTag="2024-12-26T15:49:37" DepthTag="1.695">2.910 15.713 38.855 0.000 40.122 15.713 </Samples>
		<Samples TimeTag="2024-12-26T15:49:40" DepthTag="1.803">2.433 16.524 41.961 0.000 35.226 16.524 </Samples>
		<Samples TimeTag="2024-12-26T15:49:44" DepthTag="1.906">1.481 17.243 42.348 0.000 40.392 17.243 </Samples>
		<Samples TimeTag="2024-12-26T15:49:48" DepthTag="2.009">1.642 17.503 39.782 0.000 45.147 17.503 </Samples>
		<Samples TimeTag="2024-12-26T15:49:52" DepthTag="2.111">1.529 17.595 41.359 0.000 40.771 17.595 </Samples>
		<Samples TimeTag="2024-12-26T15:49:58" DepthTag="2.213">0.895 17.580 39.907 0.000 46.888 17.580 </Samples>
		<Samples TimeTag="2024-12-26T15:50:07" DepthTag="2.314">0.704 17.289 39.862 0.000 45.461 17.289 </Samples>
		<Samples TimeTag="2024-12-26T15:50:12" DepthTag="2.416">1.269 17.488 39.718 0.000 43.319 17.488 </Samples>
		<Samples TimeTag="2024-12-26T15:50:52" DepthTag="2.527">0.404 4.360 39.778 0.000 48.330 4.360 </Samples>
		<Samples TimeTag="2024-12-26T15:50:59" DepthTag="2.629">0.903 14.795 42.276 0.000 49.753 14.795 </Samples>
		<Samples TimeTag="2024-12-26T15:51:06" DepthTag="2.730">0.859 16.677 40.991 0.000 40.906 16.677 </Samples>
		<Samples TimeTag="2024-12-26T15:51:12" DepthTag="2.837">1.043 17.151 37.039 0.000 38.752 17.151 </Samples>
		<Samples TimeTag="2024-12-26T15:51:17" DepthTag="2.937">1.248 17.503 39.736 0.000 43.863 17.503 </Samples>
		<Samples TimeTag="2024-12-26T15:51:22" DepthTag="3.042">1.259 17.702 37.723 0.000 44.726 17.702 </Samples>
		<Samples TimeTag="2024-12-26T15:51:25" DepthTag="3.148">2.086 17.763 39.091 0.000 27.657 17.763 </Samples>
		<Samples TimeTag="2024-12-26T15:51:28" DepthTag="3.255">2.169 17.733 39.910 0.000 28.695 17.733 </Samples>
		<Samples TimeTag="2024-12-26T15:51:31" DepthTag="3.355">1.870 17.763 41.547 0.000 39.469 17.763 </Samples>
		<Samples TimeTag="2024-12-26T15:51:34" DepthTag="3.460">1.972 17.855 39.227 0.000 32.435 17.855 </Samples>
		<Samples TimeTag="2024-12-26T15:52:12" DepthTag="3.561">0.583 12.010 42.938 0.000 66.731 12.010 </Samples>
		<Samples TimeTag="2024-12-26T15:52:19" DepthTag="3.664">0.991 15.958 40.370 0.000 48.720 15.958 </Samples>
		<Samples TimeTag="2024-12-26T15:52:23" DepthTag="3.765">1.394 16.753 39.591 0.000 46.925 16.753 </Samples>
		<Samples TimeTag="2024-12-26T15:52:27" DepthTag="3.866">1.379 17.212 39.593 0.000 49.520 17.212 </Samples>
		<Samples TimeTag="2024-12-26T15:52:31" DepthTag="3.971">1.569 17.457 39.762 0.000 48.342 17.457 </Samples>
		<Samples TimeTag="2024-12-26T15:52:36" DepthTag="4.073">1.340 17.656 40.900 0.000 47.546 17.656 </Samples>
		<Samples TimeTag="2024-12-26T15:52:42" DepthTag="4.176">0.984 17.840 40.039 0.000 50.221 17.840 </Samples>
		<Samples TimeTag="2024-12-26T15:52:48" DepthTag="4.277">1.129 17.840 39.759 0.000 48.809 17.840 </Samples>
		<Samples TimeTag="2024-12-26T15:52:52" DepthTag="4.380">1.276 17.916 39.973 0.000 45.415 17.916 </Samples>
		<Samples TimeTag="2024-12-26T15:52:56" DepthTag="4.481">1.615 17.947 40.068 0.000 42.896 17.947 </Samples>
		<Samples TimeTag="2024-12-26T15:52:59" DepthTag="4.583">2.002 17.947 38.833 0.000 46.266 17.947 </Samples>
		<Samples TimeTag="2024-12-26T15:53:03" DepthTag="4.687">1.853 18.008 40.092 0.000 45.889 18.008 </Samples>
		<Samples TimeTag="2024-12-26T15:53:06" DepthTag="4.789">1.690 18.039 40.381 0.000 51.622 18.039 </Samples>
		<Samples TimeTag="2024-12-26T15:53:10" DepthTag="4.896">1.614 17.993 39.632 0.000 41.171 17.993 </Samples>
		<Samples TimeTag="2024-12-26T15:53:13" DepthTag="5.002">1.966 17.978 39.852 0.000 48.234 17.978 </Samples>
		<Samples TimeTag="2024-12-26T15:53:17" DepthTag="5.108">1.889 18.023 39.925 0.000 41.691 18.023 </Samples>
		<Samples TimeTag="2024-12-26T15:53:20" DepthTag="5.212">1.953 18.085 39.893 0.000 48.283 18.085 </Samples>
		<Samples TimeTag="2024-12-26T15:53:22" DepthTag="5.314">2.540 18.054 39.915 0.000 41.470 18.054 </Samples>
		<Samples TimeTag="2024-12-26T15:53:25" DepthTag="5.421">2.290 18.054 40.366 0.000 46.221 18.054 </Samples>
		<Samples TimeTag="2024-12-26T15:53:28" DepthTag="5.529">2.685 18.115 40.733 0.000 43.160 18.115 </Samples>
		<Samples TimeTag="2024-12-26T15:53:31" DepthTag="5.637">2.012 18.069 39.858 0.000 47.985 18.069 </Samples>
		<Samples TimeTag="2024-12-26T15:53:33" DepthTag="5.739">2.399 18.115 39.823 0.000 42.209 18.115 </Samples>
		<Samples TimeTag="2024-12-26T15:53:36" DepthTag="5.843">2.427 18.085 40.659 0.000 49.631 18.085 </Samples>
		<Samples TimeTag="2024-12-26T15:53:39" DepthTag="5.952">2.465 18.100 39.183 0.000 42.685 18.100 </Samples>
		<Samples TimeTag="2024-12-26T15:53:41" DepthTag="6.052">2.494 18.100 39.759 0.000 41.950 18.100 </Samples>
		<Samples TimeTag="2024-12-26T15:53:43" DepthTag="6.153">2.522 18.069 40.081 0.000 46.139 18.069 </Samples>
		<Samples TimeTag="2024-12-26T15:53:46" DepthTag="6.256">2.401 18.085 38.693 0.000 43.663 18.085 </Samples>
		<Samples TimeTag="2024-12-26T15:53:49" DepthTag="6.365">2.338 18.085 39.113 0.000 45.900 18.085 </Samples>
		<Samples TimeTag="2024-12-26T15:53:51" DepthTag="6.470">2.910 18.054 37.028 0.000 37.242 18.054 </Samples>
		<Samples TimeTag="2024-12-26T15:53:53" DepthTag="6.576">3.157 18.069 40.345 0.000 42.564 18.069 </Samples>
		<Samples TimeTag="2024-12-26T15:53:56" DepthTag="6.680">2.354 18.146 40.549 0.000 41.691 18.146 </Samples>
		<Samples TimeTag="2024-12-26T15:53:58" DepthTag="6.782">2.181 18.115 39.263 0.000 39.325 18.115 </Samples>
		<Samples TimeTag="2024-12-26T15:54:01" DepthTag="6.889">2.976 18.100 38.736 0.000 42.022 18.100 </Samples>
		<Samples TimeTag="2024-12-26T15:54:03" DepthTag="6.996">2.665 18.131 39.212 0.000 38.787 18.131 </Samples>
		<Samples TimeTag="2024-12-26T15:54:05" DepthTag="7.103">2.660 18.085 41.257 0.000 43.773 18.085 </Samples>
		<Samples TimeTag="2024-12-26T15:54:07" DepthTag="7.205">3.060 18.100 38.206 0.000 36.274 18.100 </Samples>
		<Samples TimeTag="2024-12-26T15:54:10" DepthTag="7.311">2.650 18.238 41.761 0.000 40.118 18.238 </Samples>
		<Samples TimeTag="2024-12-26T15:54:13" DepthTag="7.416">2.239 18.222 40.683 0.000 43.784 18.222 </Samples>
		<Samples TimeTag="2024-12-26T15:54:15" DepthTag="7.520">2.230 18.176 40.584 0.000 47.010 18.176 </Samples>
		<Samples TimeTag="2024-12-26T15:54:17" DepthTag="7.625">2.687 18.100 40.651 0.000 43.654 18.100 </Samples>
		<Samples TimeTag="2024-12-26T15:54:20" DepthTag="7.727">1.905 17.840 40.121 0.000 43.534 17.840 </Samples>
		<Samples TimeTag="2024-12-26T15:56:06" DepthTag="7.839">0.775 4.406 21.085 0.000 16.564 4.406 </Samples>
	</CompactMWDdata>
	<IR:GenTrailer>
		<IR:FileCloseDate>2024-12-26T16:04:20</IR:FileCloseDate>
		<IR:ChkSum>3436131814</IR:ChkSum>
	</IR:GenTrailer>
</DRMWD>
