<?xml version="1.0" encoding="UTF-8"?>
<!-- Generated by the RCS System Epiroc Rock Drills AB -->
<DRMWD xmlns="http://www.iredes.org/xml/DrillRig" xmlns:IR="http://www.iredes.org/xml" xmlns:xsi="http://www.w3.org/2001/XMLSchema-instance" xsi:schemaLocation="http://www.iredes.org/xml/DrillRig C:\Iredes\IR_V1.2.3\xml\DR-DrillRig_V1.2\DrillRig.xsd" IRVersion="V 1.2AC" IRDownwCompat="V 1.2AC" DRMWDDownwCompat="V 1.2AC" DRMWDVersion="V 1.2AC">
	<IR:GenHead>
		<IR:FileCreateDate>2024-12-25T09:45:26</IR:FileCreateDate>
		<IR:IRversion DownwCompat="V 1.0">V 1.2AC</IR:IRversion>
		<IR:EquipmentInfo>
			<IR:EqpManufact>Epiroc</IR:EqpManufact>
			<IR:EqpType>SmartROC D65</IR:EqpType>
			<IR:EqpSerNo>8992013064</IR:EqpSerNo>
			<IR:EqpSysVer>6.28.1</IR:EqpSysVer>
			<IR:EqpInfo>DrillingMethod: DTH</IR:EqpInfo>
		</IR:EquipmentInfo>
	</IR:GenHead>
	<IR:ReportId>MWDRI250945</IR:ReportId>
	<IR:StartLogTime>2024-12-25T09:35:57</IR:StartLogTime>
	<IR:EndLogTime>2024-12-25T09:43:42</IR:EndLogTime>
	<IR:PlanIdRef>FRD03_11_0632_003_All</IR:PlanIdRef>
	<IR:PlanNameRef>FRD03_11_0632_003_All</IR:PlanNameRef>
	<MWDholeId>C2</MWDholeId>
	<QualityReportIdRef>DQRI250804</QualityReportIdRef>
	<SampleDistance>0.100</SampleDistance>
	<CompactMWDdata>
		<MWDparams>
			<Parameter Unit="m/min" Full="PenetrRate">PR</Parameter>
			<Parameter Unit="Bar" Full="PercPressure">PP</Parameter>
			<Parameter Unit="Bar" Full="FeedPressure">FP</Parameter>
			<Parameter Unit="Bar" Full="DampPressure">DP</Parameter>
			<Parameter Unit="Bar" Full="RotPressure">RP</Parameter>
			<Parameter Unit="Bar" Full="FlushPressure">FLP</Parameter>
		</MWDparams>
		<Samples TimeTag="2024-12-25T09:35:57" DepthTag="0.100">0.652 6.365 36.422 0.000 20.544 6.365 </Samples>
		<Samples TimeTag="2024-12-25T09:35:59" DepthTag="0.202">2.162 10.175 41.405 0.000 48.500 10.175 </Samples>
		<Samples TimeTag="2024-12-25T09:36:03" DepthTag="0.304">1.536 13.005 40.984 0.000 47.252 13.005 </Samples>
		<Samples TimeTag="2024-12-25T09:36:08" DepthTag="0.406">1.265 14.367 39.217 0.000 51.433 14.367 </Samples>
		<Samples TimeTag="2024-12-25T09:36:12" DepthTag="0.506">1.498 14.719 39.324 0.000 50.122 14.719 </Samples>
		<Samples TimeTag="2024-12-25T09:36:32" DepthTag="0.609">0.699 13.556 45.083 0.000 53.990 13.556 </Samples>
		<Samples TimeTag="2024-12-25T09:36:37" DepthTag="0.709">1.366 14.367 41.558 0.000 48.418 14.367 </Samples>
		<Samples TimeTag="2024-12-25T09:36:40" DepthTag="0.811">1.815 14.719 41.686 0.000 51.758 14.719 </Samples>
		<Samples TimeTag="2024-12-25T09:36:46" DepthTag="0.912">1.007 14.902 38.714 0.000 58.749 14.902 </Samples>
		<Samples TimeTag="2024-12-25T09:37:11" DepthTag="1.043">0.855 3.488 28.513 0.000 31.279 3.488 </Samples>
		<Samples TimeTag="2024-12-25T09:37:16" DepthTag="1.147">1.123 11.567 42.695 0.000 42.283 11.567 </Samples>
		<Samples TimeTag="2024-12-25T09:37:21" DepthTag="1.249">1.276 13.892 40.642 0.000 40.296 13.892 </Samples>
		<Samples TimeTag="2024-12-25T09:37:24" DepthTag="1.349">1.873 14.367 39.065 0.000 37.257 14.367 </Samples>
		<Samples TimeTag="2024-12-25T09:37:28" DepthTag="1.450">1.746 14.688 41.967 0.000 42.742 14.688 </Samples>
		<Samples TimeTag="2024-12-25T09:38:02" DepthTag="1.552">0.446 13.510 42.879 0.000 61.096 13.510 </Samples>
		<Samples TimeTag="2024-12-25T09:38:10" DepthTag="1.653">0.736 16.509 40.203 0.000 54.919 16.509 </Samples>
		<Samples TimeTag="2024-12-25T09:38:15" DepthTag="1.754">1.397 17.212 38.840 0.000 48.617 17.212 </Samples>
		<Samples TimeTag="2024-12-25T09:38:20" DepthTag="1.855">1.081 17.549 39.554 0.000 47.669 17.549 </Samples>
		<Samples TimeTag="2024-12-25T09:38:29" DepthTag="1.957">0.692 17.564 40.429 0.000 51.731 17.564 </Samples>
		<Samples TimeTag="2024-12-25T09:38:35" DepthTag="2.060">1.104 17.962 39.869 0.000 48.446 17.962 </Samples>
		<Samples TimeTag="2024-12-25T09:38:43" DepthTag="2.162">0.758 17.840 40.143 0.000 46.646 17.840 </Samples>
		<Samples TimeTag="2024-12-25T09:38:46" DepthTag="2.265">1.754 17.978 36.945 0.000 43.334 17.978 </Samples>
		<Samples TimeTag="2024-12-25T09:38:50" DepthTag="2.367">1.904 18.100 38.303 0.000 45.283 18.100 </Samples>
		<Samples TimeTag="2024-12-25T09:38:53" DepthTag="2.472">1.843 18.161 38.918 0.000 47.296 18.161 </Samples>
		<Samples TimeTag="2024-12-25T09:39:24" DepthTag="2.573">0.791 4.360 23.505 0.000 30.956 4.360 </Samples>
		<Samples TimeTag="2024-12-25T09:39:28" DepthTag="2.677">1.476 13.020 43.700 0.000 53.876 13.020 </Samples>
		<Samples TimeTag="2024-12-25T09:39:33" DepthTag="2.777">1.117 16.203 41.510 0.000 50.914 16.203 </Samples>
		<Samples TimeTag="2024-12-25T09:39:39" DepthTag="2.881">1.002 17.365 39.042 0.000 49.581 17.365 </Samples>
		<Samples TimeTag="2024-12-25T09:39:44" DepthTag="2.982">1.434 17.717 39.540 0.000 45.638 17.717 </Samples>
		<Samples TimeTag="2024-12-25T09:39:48" DepthTag="3.083">1.447 17.794 39.174 0.000 43.786 17.794 </Samples>
		<Samples TimeTag="2024-12-25T09:39:53" DepthTag="3.187">1.303 17.901 39.929 0.000 48.694 17.901 </Samples>
		<Samples TimeTag="2024-12-25T09:39:56" DepthTag="3.292">1.734 18.054 38.922 0.000 44.338 18.054 </Samples>
		<Samples TimeTag="2024-12-25T09:40:01" DepthTag="3.392">1.367 18.115 40.141 0.000 47.811 18.115 </Samples>
		<Samples TimeTag="2024-12-25T09:40:04" DepthTag="3.495">1.719 18.161 38.075 0.000 45.405 18.161 </Samples>
		<Samples TimeTag="2024-12-25T09:40:40" DepthTag="3.597">0.613 9.257 41.564 0.000 52.828 9.257 </Samples>
		<Samples TimeTag="2024-12-25T09:40:44" DepthTag="3.701">1.360 16.126 53.141 0.000 58.076 16.126 </Samples>
		<Samples TimeTag="2024-12-25T09:40:51" DepthTag="3.802">0.892 18.727 53.769 0.000 55.653 18.727 </Samples>
		<Samples TimeTag="2024-12-25T09:40:55" DepthTag="3.911">1.818 19.354 52.817 0.000 49.851 19.354 </Samples>
		<Samples TimeTag="2024-12-25T09:40:57" DepthTag="4.018">2.654 19.691 53.991 0.000 48.946 19.691 </Samples>
		<Samples TimeTag="2024-12-25T09:41:00" DepthTag="4.128">2.571 19.951 52.606 0.000 49.042 19.951 </Samples>
		<Samples TimeTag="2024-12-25T09:41:03" DepthTag="4.228">2.151 20.119 55.748 0.000 53.212 20.119 </Samples>
		<Samples TimeTag="2024-12-25T09:41:08" DepthTag="4.339">1.276 20.058 52.575 0.000 49.732 20.058 </Samples>
		<Samples TimeTag="2024-12-25T09:41:11" DepthTag="4.444">2.232 20.165 53.333 0.000 53.332 20.165 </Samples>
		<Samples TimeTag="2024-12-25T09:41:13" DepthTag="4.544">2.139 20.257 54.571 0.000 53.736 20.257 </Samples>
		<Samples TimeTag="2024-12-25T09:41:20" DepthTag="4.644">0.952 20.119 53.943 0.000 57.368 20.119 </Samples>
		<Samples TimeTag="2024-12-25T09:41:23" DepthTag="4.750">1.756 20.181 53.121 0.000 47.248 20.181 </Samples>
		<Samples TimeTag="2024-12-25T09:41:26" DepthTag="4.858">2.879 20.288 53.389 0.000 40.851 20.288 </Samples>
		<Samples TimeTag="2024-12-25T09:41:28" DepthTag="4.964">2.932 20.426 53.567 0.000 36.369 20.426 </Samples>
		<Samples TimeTag="2024-12-25T09:41:33" DepthTag="5.067">1.289 20.257 54.147 0.000 53.108 20.257 </Samples>
		<Samples TimeTag="2024-12-25T09:41:37" DepthTag="5.169">1.274 20.104 53.497 0.000 55.411 20.104 </Samples>
		<Samples TimeTag="2024-12-25T09:41:43" DepthTag="5.270">1.002 19.844 54.601 0.000 56.042 19.844 </Samples>
		<Samples TimeTag="2024-12-25T09:41:47" DepthTag="5.375">1.677 20.104 53.795 0.000 51.555 20.104 </Samples>
		<Samples TimeTag="2024-12-25T09:41:55" DepthTag="5.477">0.829 19.813 53.058 0.000 48.304 19.813 </Samples>
		<Samples TimeTag="2024-12-25T09:42:00" DepthTag="5.580">1.105 19.951 53.295 0.000 54.290 19.951 </Samples>
		<Samples TimeTag="2024-12-25T09:42:06" DepthTag="5.681">1.124 20.242 54.724 0.000 55.437 20.242 </Samples>
		<Samples TimeTag="2024-12-25T09:42:13" DepthTag="5.784">0.854 20.395 54.073 0.000 53.782 20.395 </Samples>
		<Samples TimeTag="2024-12-25T09:42:17" DepthTag="5.886">1.585 20.318 52.633 0.000 48.109 20.318 </Samples>
		<Samples TimeTag="2024-12-25T09:42:19" DepthTag="5.987">3.165 20.441 53.037 0.000 34.573 20.441 </Samples>
		<Samples TimeTag="2024-12-25T09:42:21" DepthTag="6.094">2.676 20.517 53.106 0.000 38.794 20.517 </Samples>
		<Samples TimeTag="2024-12-25T09:42:24" DepthTag="6.196">2.302 20.502 53.412 0.000 52.723 20.502 </Samples>
		<Samples TimeTag="2024-12-25T09:42:26" DepthTag="6.299">3.072 20.594 53.183 0.000 46.009 20.594 </Samples>
		<Samples TimeTag="2024-12-25T09:42:28" DepthTag="6.399">2.784 20.716 54.474 0.000 47.283 20.716 </Samples>
		<Samples TimeTag="2024-12-25T09:42:33" DepthTag="6.500">1.200 20.257 55.442 0.000 48.958 20.257 </Samples>
		<Samples TimeTag="2024-12-25T09:42:36" DepthTag="6.611">1.972 20.211 53.265 0.000 46.919 20.211 </Samples>
		<Samples TimeTag="2024-12-25T09:42:39" DepthTag="6.712">2.040 20.380 54.054 0.000 55.692 20.380 </Samples>
		<Samples TimeTag="2024-12-25T09:42:45" DepthTag="6.813">0.974 20.012 54.998 0.000 48.385 20.012 </Samples>
		<Samples TimeTag="2024-12-25T09:42:49" DepthTag="6.920">1.601 20.181 46.605 0.000 51.639 20.181 </Samples>
		<Samples TimeTag="2024-12-25T09:42:53" DepthTag="7.020">1.593 18.957 40.527 0.000 49.122 18.957 </Samples>
		<Samples TimeTag="2024-12-25T09:43:42" DepthTag="7.139">0.915 5.233 18.545 0.000 24.989 5.233 </Samples>
	</CompactMWDdata>
	<IR:GenTrailer>
		<IR:FileCloseDate>2024-12-25T09:45:26</IR:FileCloseDate>
		<IR:ChkSum>3268140730</IR:ChkSum>
	</IR:GenTrailer>
</DRMWD>
