<?xml version="1.0" encoding="UTF-8"?>
<!-- Generated by the RCS System Epiroc Rock Drills AB -->
<DRMWD xmlns="http://www.iredes.org/xml/DrillRig" xmlns:IR="http://www.iredes.org/xml" xmlns:xsi="http://www.w3.org/2001/XMLSchema-instance" xsi:schemaLocation="http://www.iredes.org/xml/DrillRig C:\Iredes\IR_V1.2.3\xml\DR-DrillRig_V1.2\DrillRig.xsd" IRVersion="V 1.2AC" IRDownwCompat="V 1.2AC" DRMWDDownwCompat="V 1.2AC" DRMWDVersion="V 1.2AC">
	<IR:GenHead>
		<IR:FileCreateDate>2024-12-27T11:06:40</IR:FileCreateDate>
		<IR:IRversion DownwCompat="V 1.0">V 1.2AC</IR:IRversion>
		<IR:EquipmentInfo>
			<IR:EqpManufact>Epiroc</IR:EqpManufact>
			<IR:EqpType>SmartROC D65</IR:EqpType>
			<IR:EqpSerNo>8992013064</IR:EqpSerNo>
			<IR:EqpSysVer>6.28.1</IR:EqpSysVer>
			<IR:EqpInfo>DrillingMethod: DTH</IR:EqpInfo>
		</IR:EquipmentInfo>
	</IR:GenHead>
	<IR:ReportId>MWDRI271106</IR:ReportId>
	<IR:StartLogTime>2024-12-27T10:57:57</IR:StartLogTime>
	<IR:EndLogTime>2024-12-27T11:05:51</IR:EndLogTime>
	<IR:PlanIdRef>FRD03_11_0626_001_All</IR:PlanIdRef>
	<IR:PlanNameRef>FRD03_11_0626_001_All</IR:PlanNameRef>
	<MWDholeId>H17</MWDholeId>
	<QualityReportIdRef>DQRI270314</QualityReportIdRef>
	<SampleDistance>0.100</SampleDistance>
	<CompactMWDdata>
		<MWDparams>
			<Parameter Unit="m/min" Full="PenetrRate">PR</Parameter>
			<Parameter Unit="Bar" Full="PercPressure">PP</Parameter>
			<Parameter Unit="Bar" Full="FeedPressure">FP</Parameter>
			<Parameter Unit="Bar" Full="DampPressure">DP</Parameter>
			<Parameter Unit="Bar" Full="RotPressure">RP</Parameter>
			<Parameter Unit="Bar" Full="FlushPressure">FLP</Parameter>
		</MWDparams>
		<Samples TimeTag="2024-12-27T10:57:57" DepthTag="0.101">1.079 14.153 46.841 0.000 20.946 14.153 </Samples>
		<Samples TimeTag="2024-12-27T10:58:03" DepthTag="0.202">1.013 14.841 42.941 0.000 20.850 14.841 </Samples>
		<Samples TimeTag="2024-12-27T10:58:07" DepthTag="0.308">1.578 15.377 38.253 0.000 48.935 15.377 </Samples>
		<Samples TimeTag="2024-12-27T10:58:10" DepthTag="0.409">2.361 15.300 40.480 0.000 48.292 15.300 </Samples>
		<Samples TimeTag="2024-12-27T10:58:12" DepthTag="0.517">2.699 13.785 32.622 0.000 43.887 13.785 </Samples>
		<Samples TimeTag="2024-12-27T10:58:28" DepthTag="0.620">1.741 4.391 21.858 0.000 29.328 4.391 </Samples>
		<Samples TimeTag="2024-12-27T10:58:30" DepthTag="0.724">3.141 4.590 49.299 0.000 37.552 4.590 </Samples>
		<Samples TimeTag="2024-12-27T10:58:37" DepthTag="0.827">0.956 5.110 41.468 0.000 41.342 5.110 </Samples>
		<Samples TimeTag="2024-12-27T10:58:42" DepthTag="0.927">1.044 7.558 39.067 0.000 46.519 7.558 </Samples>
		<Samples TimeTag="2024-12-27T10:59:09" DepthTag="1.027">0.976 9.777 43.773 0.000 57.070 9.777 </Samples>
		<Samples TimeTag="2024-12-27T10:59:12" DepthTag="1.129">2.172 12.316 40.611 0.000 55.869 12.316 </Samples>
		<Samples TimeTag="2024-12-27T10:59:14" DepthTag="1.232">2.083 8.828 39.819 0.000 45.796 8.828 </Samples>
		<Samples TimeTag="2024-12-27T10:59:16" DepthTag="1.337">3.950 8.140 36.158 0.000 38.945 8.140 </Samples>
		<Samples TimeTag="2024-12-27T10:59:19" DepthTag="1.443">1.977 11.674 42.069 0.000 46.077 11.674 </Samples>
		<Samples TimeTag="2024-12-27T10:59:50" DepthTag="1.546">0.789 8.568 48.097 0.000 56.493 8.568 </Samples>
		<Samples TimeTag="2024-12-27T10:59:53" DepthTag="1.648">1.693 14.061 42.771 0.000 40.136 14.061 </Samples>
		<Samples TimeTag="2024-12-27T10:59:57" DepthTag="1.748">1.667 15.897 39.534 0.000 48.166 15.897 </Samples>
		<Samples TimeTag="2024-12-27T11:00:00" DepthTag="1.849">1.676 16.692 39.835 0.000 47.324 16.692 </Samples>
		<Samples TimeTag="2024-12-27T11:00:04" DepthTag="1.952">1.825 17.121 40.831 0.000 45.059 17.121 </Samples>
		<Samples TimeTag="2024-12-27T11:00:07" DepthTag="2.052">1.787 17.350 40.062 0.000 50.434 17.350 </Samples>
		<Samples TimeTag="2024-12-27T11:00:11" DepthTag="2.153">1.574 17.503 40.149 0.000 46.386 17.503 </Samples>
		<Samples TimeTag="2024-12-27T11:00:19" DepthTag="2.253">0.772 17.365 40.440 0.000 50.410 17.365 </Samples>
		<Samples TimeTag="2024-12-27T11:00:24" DepthTag="2.355">1.224 17.641 40.431 0.000 47.867 17.641 </Samples>
		<Samples TimeTag="2024-12-27T11:00:32" DepthTag="2.455">0.734 17.488 39.602 0.000 47.136 17.488 </Samples>
		<Samples TimeTag="2024-12-27T11:01:07" DepthTag="2.577">0.620 4.850 27.734 0.000 36.586 4.850 </Samples>
		<Samples TimeTag="2024-12-27T11:01:12" DepthTag="2.678">1.159 14.122 43.398 0.000 46.285 14.122 </Samples>
		<Samples TimeTag="2024-12-27T11:01:17" DepthTag="2.779">1.095 16.233 40.051 0.000 47.979 16.233 </Samples>
		<Samples TimeTag="2024-12-27T11:01:22" DepthTag="2.883">1.237 16.983 39.251 0.000 45.157 16.983 </Samples>
		<Samples TimeTag="2024-12-27T11:01:26" DepthTag="2.986">1.629 17.396 40.301 0.000 47.671 17.396 </Samples>
		<Samples TimeTag="2024-12-27T11:01:30" DepthTag="3.086">1.668 17.549 40.477 0.000 48.107 17.549 </Samples>
		<Samples TimeTag="2024-12-27T11:01:32" DepthTag="3.188">2.185 17.534 38.900 0.000 42.446 17.534 </Samples>
		<Samples TimeTag="2024-12-27T11:01:35" DepthTag="3.290">2.175 17.626 38.927 0.000 44.570 17.626 </Samples>
		<Samples TimeTag="2024-12-27T11:01:40" DepthTag="3.392">1.270 17.656 41.876 0.000 46.962 17.656 </Samples>
		<Samples TimeTag="2024-12-27T11:01:46" DepthTag="3.493">1.019 17.580 38.940 0.000 44.763 17.580 </Samples>
		<Samples TimeTag="2024-12-27T11:02:30" DepthTag="3.593">0.342 14.306 44.630 0.000 56.291 14.306 </Samples>
		<Samples TimeTag="2024-12-27T11:02:41" DepthTag="3.695">0.546 16.539 45.182 0.000 50.034 16.539 </Samples>
		<Samples TimeTag="2024-12-27T11:02:46" DepthTag="3.796">1.389 16.891 44.638 0.000 41.559 16.891 </Samples>
		<Samples TimeTag="2024-12-27T11:02:49" DepthTag="3.897">1.681 17.121 44.733 0.000 37.734 17.121 </Samples>
		<Samples TimeTag="2024-12-27T11:02:52" DepthTag="3.998">1.899 17.396 44.686 0.000 43.908 17.396 </Samples>
		<Samples TimeTag="2024-12-27T11:02:56" DepthTag="4.099">1.594 17.580 45.571 0.000 58.629 17.580 </Samples>
		<Samples TimeTag="2024-12-27T11:03:03" DepthTag="4.200">0.865 17.473 44.216 0.000 54.808 17.473 </Samples>
		<Samples TimeTag="2024-12-27T11:03:08" DepthTag="4.303">1.238 17.564 45.497 0.000 57.556 17.564 </Samples>
		<Samples TimeTag="2024-12-27T11:03:14" DepthTag="4.404">1.131 17.717 45.242 0.000 55.723 17.717 </Samples>
		<Samples TimeTag="2024-12-27T11:03:21" DepthTag="4.506">0.815 17.825 44.771 0.000 52.077 17.825 </Samples>
		<Samples TimeTag="2024-12-27T11:03:28" DepthTag="4.616">1.003 17.717 44.460 0.000 50.059 17.717 </Samples>
		<Samples TimeTag="2024-12-27T11:03:30" DepthTag="4.720">2.443 17.825 44.649 0.000 41.974 17.825 </Samples>
		<Samples TimeTag="2024-12-27T11:03:33" DepthTag="4.823">2.200 17.840 44.788 0.000 49.371 17.840 </Samples>
		<Samples TimeTag="2024-12-27T11:03:36" DepthTag="4.930">2.113 17.886 44.679 0.000 52.554 17.886 </Samples>
		<Samples TimeTag="2024-12-27T11:03:39" DepthTag="5.031">2.151 17.825 46.071 0.000 39.263 17.825 </Samples>
		<Samples TimeTag="2024-12-27T11:03:45" DepthTag="5.134">1.067 17.320 44.420 0.000 41.577 17.320 </Samples>
		<Samples TimeTag="2024-12-27T11:03:48" DepthTag="5.241">1.906 17.503 44.424 0.000 37.223 17.503 </Samples>
		<Samples TimeTag="2024-12-27T11:03:51" DepthTag="5.346">2.378 17.733 44.809 0.000 36.172 17.733 </Samples>
		<Samples TimeTag="2024-12-27T11:03:55" DepthTag="5.448">1.396 17.457 44.470 0.000 46.705 17.457 </Samples>
		<Samples TimeTag="2024-12-27T11:03:58" DepthTag="5.556">2.058 17.396 44.250 0.000 41.469 17.396 </Samples>
		<Samples TimeTag="2024-12-27T11:04:01" DepthTag="5.665">2.473 17.794 45.141 0.000 35.803 17.794 </Samples>
		<Samples TimeTag="2024-12-27T11:04:05" DepthTag="5.766">1.519 18.115 45.577 0.000 47.793 18.115 </Samples>
		<Samples TimeTag="2024-12-27T11:04:08" DepthTag="5.878">2.397 18.039 44.325 0.000 51.955 18.039 </Samples>
		<Samples TimeTag="2024-12-27T11:04:11" DepthTag="5.982">2.098 18.161 45.367 0.000 51.833 18.161 </Samples>
		<Samples TimeTag="2024-12-27T11:04:13" DepthTag="6.087">2.615 17.993 45.172 0.000 47.729 17.993 </Samples>
		<Samples TimeTag="2024-12-27T11:04:16" DepthTag="6.198">2.363 17.886 44.827 0.000 51.194 17.886 </Samples>
		<Samples TimeTag="2024-12-27T11:04:18" DepthTag="6.306">2.706 17.779 44.673 0.000 46.939 17.779 </Samples>
		<Samples TimeTag="2024-12-27T11:04:21" DepthTag="6.408">2.542 17.641 45.704 0.000 50.401 17.641 </Samples>
		<Samples TimeTag="2024-12-27T11:04:24" DepthTag="6.511">1.715 17.549 46.030 0.000 48.927 17.549 </Samples>
		<Samples TimeTag="2024-12-27T11:04:30" DepthTag="6.613">1.134 17.503 43.823 0.000 57.666 17.503 </Samples>
		<Samples TimeTag="2024-12-27T11:04:34" DepthTag="6.714">1.381 17.595 45.245 0.000 51.449 17.595 </Samples>
		<Samples TimeTag="2024-12-27T11:04:43" DepthTag="6.814">0.713 17.427 44.248 0.000 61.650 17.427 </Samples>
		<Samples TimeTag="2024-12-27T11:04:48" DepthTag="6.916">1.219 17.442 44.224 0.000 48.188 17.442 </Samples>
		<Samples TimeTag="2024-12-27T11:04:52" DepthTag="7.029">1.538 17.518 43.939 0.000 45.331 17.518 </Samples>
		<Samples TimeTag="2024-12-27T11:04:56" DepthTag="7.132">1.653 17.962 45.827 0.000 51.565 17.962 </Samples>
		<Samples TimeTag="2024-12-27T11:04:58" DepthTag="7.240">2.428 17.916 42.035 0.000 48.306 17.916 </Samples>
		<Samples TimeTag="2024-12-27T11:05:01" DepthTag="7.342">2.245 17.809 40.407 0.000 47.213 17.809 </Samples>
		<Samples TimeTag="2024-12-27T11:05:51" DepthTag="7.452">1.018 7.742 13.382 0.000 37.457 7.742 </Samples>
	</CompactMWDdata>
	<IR:GenTrailer>
		<IR:FileCloseDate>2024-12-27T11:06:40</IR:FileCloseDate>
		<IR:ChkSum>1686636943</IR:ChkSum>
	</IR:GenTrailer>
</DRMWD>
