<?xml version="1.0" encoding="UTF-8"?>
<!-- Generated by the RCS System Epiroc Rock Drills AB -->
<DRMWD xmlns="http://www.iredes.org/xml/DrillRig" xmlns:IR="http://www.iredes.org/xml" xmlns:xsi="http://www.w3.org/2001/XMLSchema-instance" xsi:schemaLocation="http://www.iredes.org/xml/DrillRig C:\Iredes\IR_V1.2.3\xml\DR-DrillRig_V1.2\DrillRig.xsd" IRVersion="V 1.2AC" IRDownwCompat="V 1.2AC" DRMWDDownwCompat="V 1.2AC" DRMWDVersion="V 1.2AC">
	<IR:GenHead>
		<IR:FileCreateDate>2024-12-27T01:57:15</IR:FileCreateDate>
		<IR:IRversion DownwCompat="V 1.0">V 1.2AC</IR:IRversion>
		<IR:EquipmentInfo>
			<IR:EqpManufact>Epiroc</IR:EqpManufact>
			<IR:EqpType>SmartROC D65</IR:EqpType>
			<IR:EqpSerNo>8992013064</IR:EqpSerNo>
			<IR:EqpSysVer>6.28.1</IR:EqpSysVer>
			<IR:EqpInfo>DrillingMethod: DTH</IR:EqpInfo>
		</IR:EquipmentInfo>
	</IR:GenHead>
	<IR:ReportId>MWDRI270157</IR:ReportId>
	<IR:StartLogTime>2024-12-27T01:33:18</IR:StartLogTime>
	<IR:EndLogTime>2024-12-27T01:39:44</IR:EndLogTime>
	<IR:PlanIdRef>FRD03_11_0626_001_All</IR:PlanIdRef>
	<IR:PlanNameRef>FRD03_11_0626_001_All</IR:PlanNameRef>
	<MWDholeId>A75</MWDholeId>
	<QualityReportIdRef>DQRI262053</QualityReportIdRef>
	<SampleDistance>0.100</SampleDistance>
	<CompactMWDdata>
		<MWDparams>
			<Parameter Unit="m/min" Full="PenetrRate">PR</Parameter>
			<Parameter Unit="Bar" Full="PercPressure">PP</Parameter>
			<Parameter Unit="Bar" Full="FeedPressure">FP</Parameter>
			<Parameter Unit="Bar" Full="DampPressure">DP</Parameter>
			<Parameter Unit="Bar" Full="RotPressure">RP</Parameter>
			<Parameter Unit="Bar" Full="FlushPressure">FLP</Parameter>
		</MWDparams>
		<Samples TimeTag="2024-12-27T01:33:18" DepthTag="0.109">1.310 12.837 28.992 0.000 21.019 12.837 </Samples>
		<Samples TimeTag="2024-12-27T01:33:23" DepthTag="0.212">1.344 14.596 43.876 0.000 21.192 14.596 </Samples>
		<Samples TimeTag="2024-12-27T01:33:27" DepthTag="0.312">1.371 15.040 34.747 0.000 41.279 15.040 </Samples>
		<Samples TimeTag="2024-12-27T01:33:30" DepthTag="0.420">2.884 15.071 37.642 0.000 40.547 15.071 </Samples>
		<Samples TimeTag="2024-12-27T01:33:32" DepthTag="0.520">2.775 13.892 24.206 0.000 32.270 13.892 </Samples>
		<Samples TimeTag="2024-12-27T01:33:54" DepthTag="0.621">0.686 11.796 43.403 0.000 54.862 11.796 </Samples>
		<Samples TimeTag="2024-12-27T01:33:59" DepthTag="0.723">1.341 14.137 40.484 0.000 50.200 14.137 </Samples>
		<Samples TimeTag="2024-12-27T01:34:03" DepthTag="0.828">1.477 14.749 39.635 0.000 56.881 14.749 </Samples>
		<Samples TimeTag="2024-12-27T01:34:07" DepthTag="0.935">1.703 14.918 38.962 0.000 52.038 14.918 </Samples>
		<Samples TimeTag="2024-12-27T01:34:35" DepthTag="1.039">0.816 11.062 42.117 0.000 52.134 11.062 </Samples>
		<Samples TimeTag="2024-12-27T01:34:39" DepthTag="1.141">1.524 13.847 41.476 0.000 47.052 13.847 </Samples>
		<Samples TimeTag="2024-12-27T01:34:43" DepthTag="1.244">1.358 14.688 40.983 0.000 51.909 14.688 </Samples>
		<Samples TimeTag="2024-12-27T01:34:47" DepthTag="1.345">1.668 14.902 39.612 0.000 46.653 14.902 </Samples>
		<Samples TimeTag="2024-12-27T01:34:51" DepthTag="1.445">1.592 15.040 39.631 0.000 57.014 15.040 </Samples>
		<Samples TimeTag="2024-12-27T01:35:21" DepthTag="1.546">0.760 7.864 48.171 0.000 54.657 7.864 </Samples>
		<Samples TimeTag="2024-12-27T01:35:26" DepthTag="1.648">1.165 14.994 41.228 0.000 51.824 14.994 </Samples>
		<Samples TimeTag="2024-12-27T01:35:29" DepthTag="1.749">2.162 16.080 37.925 0.000 38.177 16.080 </Samples>
		<Samples TimeTag="2024-12-27T01:35:31" DepthTag="1.854">2.613 16.723 38.977 0.000 36.102 16.723 </Samples>
		<Samples TimeTag="2024-12-27T01:35:34" DepthTag="1.955">2.363 17.151 39.545 0.000 35.005 17.151 </Samples>
		<Samples TimeTag="2024-12-27T01:35:37" DepthTag="2.055">1.987 17.534 41.403 0.000 37.323 17.534 </Samples>
		<Samples TimeTag="2024-12-27T01:35:40" DepthTag="2.156">1.871 17.733 41.679 0.000 45.690 17.733 </Samples>
		<Samples TimeTag="2024-12-27T01:35:46" DepthTag="2.258">1.062 17.656 40.040 0.000 51.360 17.656 </Samples>
		<Samples TimeTag="2024-12-27T01:35:52" DepthTag="2.361">0.963 17.580 39.618 0.000 51.391 17.580 </Samples>
		<Samples TimeTag="2024-12-27T01:35:57" DepthTag="2.461">1.212 17.610 40.730 0.000 48.681 17.610 </Samples>
		<Samples TimeTag="2024-12-27T01:36:36" DepthTag="2.571">0.454 4.789 29.149 0.000 34.189 4.789 </Samples>
		<Samples TimeTag="2024-12-27T01:36:43" DepthTag="2.673">0.822 15.514 41.021 0.000 49.305 15.514 </Samples>
		<Samples TimeTag="2024-12-27T01:36:51" DepthTag="2.774">0.772 17.136 40.280 0.000 47.348 17.136 </Samples>
		<Samples TimeTag="2024-12-27T01:37:00" DepthTag="2.876">0.673 17.411 39.530 0.000 47.395 17.411 </Samples>
		<Samples TimeTag="2024-12-27T01:37:04" DepthTag="2.979">1.540 17.671 38.602 0.000 45.246 17.671 </Samples>
		<Samples TimeTag="2024-12-27T01:37:09" DepthTag="3.086">1.327 17.809 37.220 0.000 46.639 17.809 </Samples>
		<Samples TimeTag="2024-12-27T01:37:14" DepthTag="3.186">1.216 17.855 41.612 0.000 51.754 17.855 </Samples>
		<Samples TimeTag="2024-12-27T01:37:20" DepthTag="3.288">0.971 18.100 40.366 0.000 49.811 18.100 </Samples>
		<Samples TimeTag="2024-12-27T01:37:27" DepthTag="3.390">0.847 18.238 40.031 0.000 46.839 18.238 </Samples>
		<Samples TimeTag="2024-12-27T01:37:31" DepthTag="3.495">1.681 18.268 35.814 0.000 38.780 18.268 </Samples>
		<Samples TimeTag="2024-12-27T01:38:03" DepthTag="3.599">1.299 5.875 36.551 0.000 38.566 5.875 </Samples>
		<Samples TimeTag="2024-12-27T01:38:07" DepthTag="3.701">1.272 14.244 44.597 0.000 44.238 14.244 </Samples>
		<Samples TimeTag="2024-12-27T01:38:11" DepthTag="3.807">1.587 16.034 44.373 0.000 44.305 16.034 </Samples>
		<Samples TimeTag="2024-12-27T01:38:16" DepthTag="3.909">1.388 16.830 44.614 0.000 54.446 16.830 </Samples>
		<Samples TimeTag="2024-12-27T01:38:23" DepthTag="4.009">0.814 17.381 45.679 0.000 53.332 17.381 </Samples>
		<Samples TimeTag="2024-12-27T01:38:31" DepthTag="4.110">0.772 17.503 45.246 0.000 51.477 17.503 </Samples>
		<Samples TimeTag="2024-12-27T01:38:35" DepthTag="4.211">1.455 17.748 45.051 0.000 50.831 17.748 </Samples>
		<Samples TimeTag="2024-12-27T01:38:39" DepthTag="4.315">1.737 17.916 44.561 0.000 48.357 17.916 </Samples>
		<Samples TimeTag="2024-12-27T01:38:43" DepthTag="4.421">1.653 18.100 44.905 0.000 51.751 18.100 </Samples>
		<Samples TimeTag="2024-12-27T01:38:48" DepthTag="4.524">1.184 18.146 45.136 0.000 51.085 18.146 </Samples>
		<Samples TimeTag="2024-12-27T01:38:52" DepthTag="4.631">1.599 18.238 45.018 0.000 51.568 18.238 </Samples>
		<Samples TimeTag="2024-12-27T01:38:55" DepthTag="4.734">1.971 18.253 44.364 0.000 49.792 18.253 </Samples>
		<Samples TimeTag="2024-12-27T01:38:58" DepthTag="4.838">2.067 18.299 44.621 0.000 51.892 18.299 </Samples>
		<Samples TimeTag="2024-12-27T01:39:01" DepthTag="4.940">2.168 18.314 44.909 0.000 56.566 18.314 </Samples>
		<Samples TimeTag="2024-12-27T01:39:04" DepthTag="5.041">2.043 18.406 44.914 0.000 51.680 18.406 </Samples>
		<Samples TimeTag="2024-12-27T01:39:07" DepthTag="5.142">1.985 18.360 44.822 0.000 52.687 18.360 </Samples>
		<Samples TimeTag="2024-12-27T01:39:10" DepthTag="5.247">2.130 18.391 44.754 0.000 47.630 18.391 </Samples>
		<Samples TimeTag="2024-12-27T01:39:13" DepthTag="5.355">1.800 18.773 44.222 0.000 46.820 18.773 </Samples>
		<Samples TimeTag="2024-12-27T01:39:16" DepthTag="5.461">2.133 18.758 45.878 0.000 52.593 18.758 </Samples>
		<Samples TimeTag="2024-12-27T01:39:19" DepthTag="5.564">2.204 18.651 44.794 0.000 48.140 18.651 </Samples>
		<Samples TimeTag="2024-12-27T01:39:22" DepthTag="5.674">2.154 18.605 44.909 0.000 50.985 18.605 </Samples>
		<Samples TimeTag="2024-12-27T01:39:25" DepthTag="5.782">2.542 18.605 45.220 0.000 48.953 18.605 </Samples>
		<Samples TimeTag="2024-12-27T01:39:28" DepthTag="5.883">2.154 18.697 44.637 0.000 48.859 18.697 </Samples>
		<Samples TimeTag="2024-12-27T01:39:31" DepthTag="5.987">2.105 18.651 45.309 0.000 48.898 18.651 </Samples>
		<Samples TimeTag="2024-12-27T01:39:33" DepthTag="6.095">2.305 18.635 44.826 0.000 46.632 18.635 </Samples>
		<Samples TimeTag="2024-12-27T01:39:36" DepthTag="6.199">2.590 18.574 44.587 0.000 49.737 18.574 </Samples>
		<Samples TimeTag="2024-12-27T01:39:38" DepthTag="6.303">3.109 18.482 44.195 0.000 45.640 18.482 </Samples>
		<Samples TimeTag="2024-12-27T01:39:40" DepthTag="6.410">2.426 18.391 44.404 0.000 49.743 18.391 </Samples>
		<Samples TimeTag="2024-12-27T01:39:42" DepthTag="6.523">4.442 18.192 37.794 0.000 32.784 18.192 </Samples>
		<Samples TimeTag="2024-12-27T01:39:44" DepthTag="6.639">3.126 17.840 38.607 0.000 36.037 17.840 </Samples>
	</CompactMWDdata>
	<IR:GenTrailer>
		<IR:FileCloseDate>2024-12-27T01:57:15</IR:FileCloseDate>
		<IR:ChkSum>3053180398</IR:ChkSum>
	</IR:GenTrailer>
</DRMWD>
