<?xml version="1.0" encoding="UTF-8"?>
<!-- Generated by the RCS System Epiroc Rock Drills AB -->
<DRMWD xmlns="http://www.iredes.org/xml/DrillRig" xmlns:IR="http://www.iredes.org/xml" xmlns:xsi="http://www.w3.org/2001/XMLSchema-instance" xsi:schemaLocation="http://www.iredes.org/xml/DrillRig C:\Iredes\IR_V1.2.3\xml\DR-DrillRig_V1.2\DrillRig.xsd" IRVersion="V 1.2AC" IRDownwCompat="V 1.2AC" DRMWDDownwCompat="V 1.2AC" DRMWDVersion="V 1.2AC">
	<IR:GenHead>
		<IR:FileCreateDate>2024-12-26T04:23:40</IR:FileCreateDate>
		<IR:IRversion DownwCompat="V 1.0">V 1.2AC</IR:IRversion>
		<IR:EquipmentInfo>
			<IR:EqpManufact>Epiroc</IR:EqpManufact>
			<IR:EqpType>SmartROC D65</IR:EqpType>
			<IR:EqpSerNo>8992013064</IR:EqpSerNo>
			<IR:EqpSysVer>6.28.1</IR:EqpSysVer>
			<IR:EqpInfo>DrillingMethod: DTH</IR:EqpInfo>
		</IR:EquipmentInfo>
	</IR:GenHead>
	<IR:ReportId>MWDRI260423</IR:ReportId>
	<IR:StartLogTime>2024-12-26T04:14:41</IR:StartLogTime>
	<IR:EndLogTime>2024-12-26T04:22:16</IR:EndLogTime>
	<IR:PlanIdRef>FRD03_11_0632_002_All</IR:PlanIdRef>
	<IR:PlanNameRef>FRD03_11_0632_002_All</IR:PlanNameRef>
	<MWDholeId>D10</MWDholeId>
	<QualityReportIdRef>DQRI252345</QualityReportIdRef>
	<SampleDistance>0.100</SampleDistance>
	<CompactMWDdata>
		<MWDparams>
			<Parameter Unit="m/min" Full="PenetrRate">PR</Parameter>
			<Parameter Unit="Bar" Full="PercPressure">PP</Parameter>
			<Parameter Unit="Bar" Full="FeedPressure">FP</Parameter>
			<Parameter Unit="Bar" Full="DampPressure">DP</Parameter>
			<Parameter Unit="Bar" Full="RotPressure">RP</Parameter>
			<Parameter Unit="Bar" Full="FlushPressure">FLP</Parameter>
		</MWDparams>
		<Samples TimeTag="2024-12-26T04:14:41" DepthTag="0.102">1.396 9.195 35.832 0.000 20.842 9.195 </Samples>
		<Samples TimeTag="2024-12-26T04:14:48" DepthTag="0.204">0.895 13.694 41.527 0.000 20.969 13.694 </Samples>
		<Samples TimeTag="2024-12-26T04:14:52" DepthTag="0.307">1.714 14.489 40.550 0.000 45.147 14.489 </Samples>
		<Samples TimeTag="2024-12-26T04:14:56" DepthTag="0.411">1.368 14.780 40.563 0.000 49.249 14.780 </Samples>
		<Samples TimeTag="2024-12-26T04:15:20" DepthTag="0.523">0.747 11.353 43.594 0.000 60.327 11.353 </Samples>
		<Samples TimeTag="2024-12-26T04:15:26" DepthTag="0.623">1.151 14.076 42.237 0.000 54.005 14.076 </Samples>
		<Samples TimeTag="2024-12-26T04:15:31" DepthTag="0.723">1.025 14.764 40.740 0.000 53.063 14.764 </Samples>
		<Samples TimeTag="2024-12-26T04:15:36" DepthTag="0.825">1.227 14.979 39.297 0.000 52.232 14.979 </Samples>
		<Samples TimeTag="2024-12-26T04:15:42" DepthTag="0.925">1.118 15.116 39.727 0.000 50.856 15.116 </Samples>
		<Samples TimeTag="2024-12-26T04:16:09" DepthTag="1.034">0.727 3.611 28.996 0.000 41.185 3.611 </Samples>
		<Samples TimeTag="2024-12-26T04:16:15" DepthTag="1.135">0.892 12.577 41.644 0.000 49.337 12.577 </Samples>
		<Samples TimeTag="2024-12-26T04:16:20" DepthTag="1.236">1.214 14.321 40.918 0.000 43.820 14.321 </Samples>
		<Samples TimeTag="2024-12-26T04:16:25" DepthTag="1.340">1.338 14.642 40.181 0.000 36.931 14.642 </Samples>
		<Samples TimeTag="2024-12-26T04:16:29" DepthTag="1.443">1.411 14.841 39.671 0.000 41.066 14.841 </Samples>
		<Samples TimeTag="2024-12-26T04:17:03" DepthTag="1.552">0.782 13.724 43.151 0.000 49.743 13.724 </Samples>
		<Samples TimeTag="2024-12-26T04:17:08" DepthTag="1.656">1.162 16.203 42.604 0.000 52.684 16.203 </Samples>
		<Samples TimeTag="2024-12-26T04:17:17" DepthTag="1.757">0.682 17.105 40.507 0.000 49.950 17.105 </Samples>
		<Samples TimeTag="2024-12-26T04:17:24" DepthTag="1.859">0.831 17.212 38.934 0.000 45.174 17.212 </Samples>
		<Samples TimeTag="2024-12-26T04:17:28" DepthTag="1.960">1.797 17.549 37.742 0.000 40.722 17.549 </Samples>
		<Samples TimeTag="2024-12-26T04:17:31" DepthTag="2.071">1.934 17.717 38.999 0.000 38.822 17.717 </Samples>
		<Samples TimeTag="2024-12-26T04:17:38" DepthTag="2.173">0.855 17.656 40.181 0.000 50.822 17.656 </Samples>
		<Samples TimeTag="2024-12-26T04:17:44" DepthTag="2.275">1.095 17.702 38.449 0.000 48.985 17.702 </Samples>
		<Samples TimeTag="2024-12-26T04:17:49" DepthTag="2.377">1.265 17.733 38.427 0.000 49.764 17.733 </Samples>
		<Samples TimeTag="2024-12-26T04:17:52" DepthTag="2.478">1.616 17.840 38.018 0.000 48.190 17.840 </Samples>
		<Samples TimeTag="2024-12-26T04:18:28" DepthTag="2.578">0.527 5.630 28.319 0.000 34.739 5.630 </Samples>
		<Samples TimeTag="2024-12-26T04:18:34" DepthTag="2.684">1.051 14.780 41.834 0.000 44.518 14.780 </Samples>
		<Samples TimeTag="2024-12-26T04:18:39" DepthTag="2.788">1.304 16.463 41.191 0.000 49.527 16.463 </Samples>
		<Samples TimeTag="2024-12-26T04:18:46" DepthTag="2.892">0.820 17.090 37.722 0.000 52.606 17.090 </Samples>
		<Samples TimeTag="2024-12-26T04:18:50" DepthTag="2.994">1.613 17.457 37.722 0.000 51.630 17.457 </Samples>
		<Samples TimeTag="2024-12-26T04:18:56" DepthTag="3.094">0.977 17.381 41.234 0.000 49.174 17.381 </Samples>
		<Samples TimeTag="2024-12-26T04:19:01" DepthTag="3.201">1.372 17.488 37.204 0.000 42.667 17.488 </Samples>
		<Samples TimeTag="2024-12-26T04:19:04" DepthTag="3.306">1.886 17.626 38.859 0.000 40.740 17.626 </Samples>
		<Samples TimeTag="2024-12-26T04:19:08" DepthTag="3.415">1.803 17.840 39.667 0.000 48.225 17.840 </Samples>
		<Samples TimeTag="2024-12-26T04:19:52" DepthTag="3.545">0.466 4.972 23.187 0.000 28.344 4.972 </Samples>
		<Samples TimeTag="2024-12-26T04:20:01" DepthTag="3.649">0.687 17.488 53.339 0.000 58.545 17.488 </Samples>
		<Samples TimeTag="2024-12-26T04:20:06" DepthTag="3.752">1.073 18.727 54.225 0.000 51.821 18.727 </Samples>
		<Samples TimeTag="2024-12-26T04:20:09" DepthTag="3.854">2.169 19.186 51.889 0.000 44.964 19.186 </Samples>
		<Samples TimeTag="2024-12-26T04:20:11" DepthTag="3.957">2.856 19.599 52.505 0.000 40.349 19.599 </Samples>
		<Samples TimeTag="2024-12-26T04:20:15" DepthTag="4.061">1.815 19.905 54.218 0.000 62.068 19.905 </Samples>
		<Samples TimeTag="2024-12-26T04:20:20" DepthTag="4.164">1.285 20.104 55.105 0.000 60.918 20.104 </Samples>
		<Samples TimeTag="2024-12-26T04:20:23" DepthTag="4.264">1.595 20.257 54.207 0.000 56.662 20.257 </Samples>
		<Samples TimeTag="2024-12-26T04:20:27" DepthTag="4.372">1.784 20.303 53.018 0.000 50.380 20.303 </Samples>
		<Samples TimeTag="2024-12-26T04:20:30" DepthTag="4.478">1.995 20.487 54.597 0.000 58.231 20.487 </Samples>
		<Samples TimeTag="2024-12-26T04:20:36" DepthTag="4.580">1.054 20.181 54.988 0.000 50.766 20.181 </Samples>
		<Samples TimeTag="2024-12-26T04:20:39" DepthTag="4.685">2.072 20.242 52.027 0.000 45.096 20.242 </Samples>
		<Samples TimeTag="2024-12-26T04:20:42" DepthTag="4.790">2.127 20.410 54.000 0.000 53.170 20.410 </Samples>
		<Samples TimeTag="2024-12-26T04:20:45" DepthTag="4.897">2.284 20.487 53.277 0.000 48.372 20.487 </Samples>
		<Samples TimeTag="2024-12-26T04:20:47" DepthTag="4.999">2.544 20.579 53.373 0.000 40.836 20.579 </Samples>
		<Samples TimeTag="2024-12-26T04:20:50" DepthTag="5.100">2.516 20.579 53.911 0.000 43.365 20.579 </Samples>
		<Samples TimeTag="2024-12-26T04:20:52" DepthTag="5.206">2.636 20.579 54.269 0.000 49.453 20.579 </Samples>
		<Samples TimeTag="2024-12-26T04:20:55" DepthTag="5.310">2.008 20.655 53.783 0.000 43.784 20.655 </Samples>
		<Samples TimeTag="2024-12-26T04:20:58" DepthTag="5.413">2.013 20.640 55.514 0.000 59.782 20.640 </Samples>
		<Samples TimeTag="2024-12-26T04:21:04" DepthTag="5.515">1.146 20.686 52.040 0.000 59.706 20.686 </Samples>
		<Samples TimeTag="2024-12-26T04:21:07" DepthTag="5.618">1.915 20.747 53.036 0.000 61.347 20.747 </Samples>
		<Samples TimeTag="2024-12-26T04:21:11" DepthTag="5.718">1.418 20.808 53.097 0.000 60.797 20.808 </Samples>
		<Samples TimeTag="2024-12-26T04:21:15" DepthTag="5.819">1.715 20.762 53.585 0.000 60.340 20.762 </Samples>
		<Samples TimeTag="2024-12-26T04:21:17" DepthTag="5.925">2.263 20.777 53.533 0.000 56.877 20.777 </Samples>
		<Samples TimeTag="2024-12-26T04:21:19" DepthTag="6.034">3.541 21.221 52.734 0.000 47.906 21.221 </Samples>
		<Samples TimeTag="2024-12-26T04:21:22" DepthTag="6.135">2.163 21.221 53.409 0.000 55.542 21.221 </Samples>
		<Samples TimeTag="2024-12-26T04:21:25" DepthTag="6.242">1.999 21.145 54.464 0.000 58.802 21.145 </Samples>
		<Samples TimeTag="2024-12-26T04:21:28" DepthTag="6.352">2.843 21.175 48.142 0.000 48.392 21.175 </Samples>
		<Samples TimeTag="2024-12-26T04:21:30" DepthTag="6.460">2.293 20.119 41.686 0.000 44.309 20.119 </Samples>
		<Samples TimeTag="2024-12-26T04:22:16" DepthTag="6.560">1.000 5.187 12.723 0.000 31.065 5.187 </Samples>
	</CompactMWDdata>
	<IR:GenTrailer>
		<IR:FileCloseDate>2024-12-26T04:23:40</IR:FileCloseDate>
		<IR:ChkSum>2403663750</IR:ChkSum>
	</IR:GenTrailer>
</DRMWD>
