<?xml version="1.0" encoding="UTF-8"?>
<!-- Generated by the RCS System Epiroc Rock Drills AB -->
<DRMWD xmlns="http://www.iredes.org/xml/DrillRig" xmlns:IR="http://www.iredes.org/xml" xmlns:xsi="http://www.w3.org/2001/XMLSchema-instance" xsi:schemaLocation="http://www.iredes.org/xml/DrillRig C:\Iredes\IR_V1.2.3\xml\DR-DrillRig_V1.2\DrillRig.xsd" IRVersion="V 1.2AC" IRDownwCompat="V 1.2AC" DRMWDDownwCompat="V 1.2AC" DRMWDVersion="V 1.2AC">
	<IR:GenHead>
		<IR:FileCreateDate>2024-12-26T03:08:22</IR:FileCreateDate>
		<IR:IRversion DownwCompat="V 1.0">V 1.2AC</IR:IRversion>
		<IR:EquipmentInfo>
			<IR:EqpManufact>Epiroc</IR:EqpManufact>
			<IR:EqpType>SmartROC D65</IR:EqpType>
			<IR:EqpSerNo>8992013064</IR:EqpSerNo>
			<IR:EqpSysVer>6.28.1</IR:EqpSysVer>
			<IR:EqpInfo>DrillingMethod: DTH</IR:EqpInfo>
		</IR:EquipmentInfo>
	</IR:GenHead>
	<IR:ReportId>MWDRI260308</IR:ReportId>
	<IR:StartLogTime>2024-12-26T03:00:04</IR:StartLogTime>
	<IR:EndLogTime>2024-12-26T03:05:29</IR:EndLogTime>
	<IR:PlanIdRef>FRD03_11_0632_002_All</IR:PlanIdRef>
	<IR:PlanNameRef>FRD03_11_0632_002_All</IR:PlanNameRef>
	<MWDholeId>D4</MWDholeId>
	<QualityReportIdRef>DQRI252345</QualityReportIdRef>
	<SampleDistance>0.100</SampleDistance>
	<CompactMWDdata>
		<MWDparams>
			<Parameter Unit="m/min" Full="PenetrRate">PR</Parameter>
			<Parameter Unit="Bar" Full="PercPressure">PP</Parameter>
			<Parameter Unit="Bar" Full="FeedPressure">FP</Parameter>
			<Parameter Unit="Bar" Full="DampPressure">DP</Parameter>
			<Parameter Unit="Bar" Full="RotPressure">RP</Parameter>
			<Parameter Unit="Bar" Full="FlushPressure">FLP</Parameter>
		</MWDparams>
		<Samples TimeTag="2024-12-26T03:00:04" DepthTag="0.109">1.440 12.362 20.290 0.000 21.303 12.362 </Samples>
		<Samples TimeTag="2024-12-26T03:00:06" DepthTag="0.210">4.206 13.540 42.204 0.000 21.383 13.540 </Samples>
		<Samples TimeTag="2024-12-26T03:00:08" DepthTag="0.314">2.227 14.688 37.630 0.000 21.400 14.688 </Samples>
		<Samples TimeTag="2024-12-26T03:00:10" DepthTag="0.428">3.392 14.841 39.387 0.000 21.352 14.841 </Samples>
		<Samples TimeTag="2024-12-26T03:00:13" DepthTag="0.528">2.035 10.006 1.580 0.000 22.238 10.006 </Samples>
		<Samples TimeTag="2024-12-26T03:00:31" DepthTag="0.633">1.419 8.170 44.315 0.000 47.725 8.170 </Samples>
		<Samples TimeTag="2024-12-26T03:00:34" DepthTag="0.736">2.348 11.506 41.861 0.000 50.879 11.506 </Samples>
		<Samples TimeTag="2024-12-26T03:00:38" DepthTag="0.839">1.572 14.244 41.949 0.000 49.424 14.244 </Samples>
		<Samples TimeTag="2024-12-26T03:00:43" DepthTag="0.940">1.107 15.178 40.370 0.000 53.703 15.178 </Samples>
		<Samples TimeTag="2024-12-26T03:01:17" DepthTag="1.046">0.637 13.816 40.344 0.000 51.099 13.816 </Samples>
		<Samples TimeTag="2024-12-26T03:01:21" DepthTag="1.147">1.465 14.688 40.806 0.000 44.315 14.688 </Samples>
		<Samples TimeTag="2024-12-26T03:01:25" DepthTag="1.249">1.528 14.902 41.041 0.000 44.879 14.902 </Samples>
		<Samples TimeTag="2024-12-26T03:01:29" DepthTag="1.354">1.565 15.071 39.710 0.000 46.059 15.071 </Samples>
		<Samples TimeTag="2024-12-26T03:01:33" DepthTag="1.458">1.729 15.101 39.778 0.000 44.586 15.101 </Samples>
		<Samples TimeTag="2024-12-26T03:02:13" DepthTag="1.563">0.853 16.815 37.550 0.000 40.417 16.815 </Samples>
		<Samples TimeTag="2024-12-26T03:02:17" DepthTag="1.664">1.515 17.396 40.905 0.000 47.333 17.396 </Samples>
		<Samples TimeTag="2024-12-26T03:02:20" DepthTag="1.768">1.727 17.702 40.217 0.000 49.188 17.702 </Samples>
		<Samples TimeTag="2024-12-26T03:02:23" DepthTag="1.870">1.913 17.901 38.921 0.000 43.605 17.901 </Samples>
		<Samples TimeTag="2024-12-26T03:02:26" DepthTag="1.973">2.077 18.039 39.243 0.000 41.287 18.039 </Samples>
		<Samples TimeTag="2024-12-26T03:02:30" DepthTag="2.076">1.709 18.115 39.851 0.000 43.154 18.115 </Samples>
		<Samples TimeTag="2024-12-26T03:02:33" DepthTag="2.183">2.100 18.192 40.481 0.000 42.082 18.192 </Samples>
		<Samples TimeTag="2024-12-26T03:02:36" DepthTag="2.286">1.836 18.192 41.287 0.000 41.597 18.192 </Samples>
		<Samples TimeTag="2024-12-26T03:02:40" DepthTag="2.386">1.676 18.207 39.637 0.000 43.772 18.207 </Samples>
		<Samples TimeTag="2024-12-26T03:02:44" DepthTag="2.487">1.600 18.238 40.738 0.000 40.532 18.238 </Samples>
		<Samples TimeTag="2024-12-26T03:03:21" DepthTag="2.588">0.509 13.663 43.571 0.000 48.209 13.663 </Samples>
		<Samples TimeTag="2024-12-26T03:03:25" DepthTag="2.689">1.618 15.912 41.291 0.000 44.338 15.912 </Samples>
		<Samples TimeTag="2024-12-26T03:03:28" DepthTag="2.792">1.710 16.799 40.214 0.000 45.059 16.799 </Samples>
		<Samples TimeTag="2024-12-26T03:03:31" DepthTag="2.902">2.572 17.197 34.798 0.000 37.908 17.197 </Samples>
		<Samples TimeTag="2024-12-26T03:03:33" DepthTag="3.004">2.550 17.564 39.196 0.000 37.680 17.564 </Samples>
		<Samples TimeTag="2024-12-26T03:03:36" DepthTag="3.111">2.271 17.763 39.810 0.000 35.932 17.763 </Samples>
		<Samples TimeTag="2024-12-26T03:03:39" DepthTag="3.211">2.153 18.115 39.892 0.000 34.201 18.115 </Samples>
		<Samples TimeTag="2024-12-26T03:03:41" DepthTag="3.317">3.175 18.192 35.206 0.000 36.821 18.192 </Samples>
		<Samples TimeTag="2024-12-26T03:03:43" DepthTag="3.418">2.507 18.268 40.885 0.000 39.472 18.268 </Samples>
		<Samples TimeTag="2024-12-26T03:03:45" DepthTag="3.520">2.821 16.646 27.619 0.000 33.858 16.646 </Samples>
		<Samples TimeTag="2024-12-26T03:04:19" DepthTag="3.626">0.856 14.045 47.210 0.000 47.567 14.045 </Samples>
		<Samples TimeTag="2024-12-26T03:04:22" DepthTag="3.729">2.191 16.203 53.677 0.000 49.766 16.203 </Samples>
		<Samples TimeTag="2024-12-26T03:04:25" DepthTag="3.833">2.239 17.534 52.968 0.000 55.670 17.534 </Samples>
		<Samples TimeTag="2024-12-26T03:04:27" DepthTag="3.936">2.851 18.146 53.344 0.000 54.899 18.146 </Samples>
		<Samples TimeTag="2024-12-26T03:04:29" DepthTag="4.041">2.616 18.758 53.322 0.000 53.139 18.758 </Samples>
		<Samples TimeTag="2024-12-26T03:04:31" DepthTag="4.148">3.460 19.033 55.518 0.000 48.791 19.033 </Samples>
		<Samples TimeTag="2024-12-26T03:04:34" DepthTag="4.256">2.379 19.507 54.208 0.000 45.817 19.507 </Samples>
		<Samples TimeTag="2024-12-26T03:04:36" DepthTag="4.361">2.807 19.737 52.675 0.000 36.768 19.737 </Samples>
		<Samples TimeTag="2024-12-26T03:04:39" DepthTag="4.470">2.727 19.890 54.072 0.000 37.764 19.890 </Samples>
		<Samples TimeTag="2024-12-26T03:04:41" DepthTag="4.578">2.678 19.890 53.987 0.000 42.026 19.890 </Samples>
		<Samples TimeTag="2024-12-26T03:04:44" DepthTag="4.680">2.404 19.982 54.153 0.000 53.366 19.982 </Samples>
		<Samples TimeTag="2024-12-26T03:04:46" DepthTag="4.784">2.578 20.150 53.208 0.000 50.183 20.150 </Samples>
		<Samples TimeTag="2024-12-26T03:04:48" DepthTag="4.886">2.724 20.119 54.111 0.000 47.891 20.119 </Samples>
		<Samples TimeTag="2024-12-26T03:04:51" DepthTag="4.991">2.031 20.012 55.449 0.000 50.604 20.012 </Samples>
		<Samples TimeTag="2024-12-26T03:04:54" DepthTag="5.095">2.754 20.104 54.121 0.000 44.443 20.104 </Samples>
		<Samples TimeTag="2024-12-26T03:04:56" DepthTag="5.199">2.447 20.119 54.124 0.000 45.786 20.119 </Samples>
		<Samples TimeTag="2024-12-26T03:04:59" DepthTag="5.304">2.378 20.089 54.175 0.000 50.492 20.089 </Samples>
		<Samples TimeTag="2024-12-26T03:05:02" DepthTag="5.408">2.207 20.135 54.411 0.000 52.666 20.135 </Samples>
		<Samples TimeTag="2024-12-26T03:05:04" DepthTag="5.510">2.402 20.104 54.221 0.000 53.223 20.104 </Samples>
		<Samples TimeTag="2024-12-26T03:05:07" DepthTag="5.619">2.702 20.104 53.828 0.000 47.553 20.104 </Samples>
		<Samples TimeTag="2024-12-26T03:05:09" DepthTag="5.722">2.432 20.089 54.826 0.000 52.385 20.089 </Samples>
		<Samples TimeTag="2024-12-26T03:05:12" DepthTag="5.829">1.986 20.119 54.066 0.000 53.530 20.119 </Samples>
		<Samples TimeTag="2024-12-26T03:05:16" DepthTag="5.929">1.570 20.074 53.101 0.000 52.684 20.074 </Samples>
		<Samples TimeTag="2024-12-26T03:05:19" DepthTag="6.036">2.278 20.196 52.674 0.000 46.654 20.196 </Samples>
		<Samples TimeTag="2024-12-26T03:05:21" DepthTag="6.142">2.952 20.288 53.896 0.000 40.301 20.288 </Samples>
		<Samples TimeTag="2024-12-26T03:05:24" DepthTag="6.243">2.511 20.395 53.725 0.000 39.406 20.395 </Samples>
		<Samples TimeTag="2024-12-26T03:05:26" DepthTag="6.343">2.344 19.813 40.636 0.000 35.983 19.813 </Samples>
		<Samples TimeTag="2024-12-26T03:05:29" DepthTag="6.445">2.314 19.217 40.159 0.000 35.234 19.217 </Samples>
	</CompactMWDdata>
	<IR:GenTrailer>
		<IR:FileCloseDate>2024-12-26T03:08:22</IR:FileCloseDate>
		<IR:ChkSum>3302626582</IR:ChkSum>
	</IR:GenTrailer>
</DRMWD>
