<?xml version="1.0" encoding="UTF-8"?>
<!-- Generated by the RCS System Epiroc Rock Drills AB -->
<DRMWD xmlns="http://www.iredes.org/xml/DrillRig" xmlns:IR="http://www.iredes.org/xml" xmlns:xsi="http://www.w3.org/2001/XMLSchema-instance" xsi:schemaLocation="http://www.iredes.org/xml/DrillRig C:\Iredes\IR_V1.2.3\xml\DR-DrillRig_V1.2\DrillRig.xsd" IRVersion="V 1.2AC" IRDownwCompat="V 1.2AC" DRMWDDownwCompat="V 1.2AC" DRMWDVersion="V 1.2AC">
	<IR:GenHead>
		<IR:FileCreateDate>2024-12-27T04:09:00</IR:FileCreateDate>
		<IR:IRversion DownwCompat="V 1.0">V 1.2AC</IR:IRversion>
		<IR:EquipmentInfo>
			<IR:EqpManufact>Epiroc</IR:EqpManufact>
			<IR:EqpType>SmartROC D65</IR:EqpType>
			<IR:EqpSerNo>8992013064</IR:EqpSerNo>
			<IR:EqpSysVer>6.28.1</IR:EqpSysVer>
			<IR:EqpInfo>DrillingMethod: DTH</IR:EqpInfo>
		</IR:EquipmentInfo>
	</IR:GenHead>
	<IR:ReportId>MWDRI270409</IR:ReportId>
	<IR:StartLogTime>2024-12-27T04:00:36</IR:StartLogTime>
	<IR:EndLogTime>2024-12-27T04:08:12</IR:EndLogTime>
	<IR:PlanIdRef>FRD03_11_0626_001_All</IR:PlanIdRef>
	<IR:PlanNameRef>FRD03_11_0626_001_All</IR:PlanNameRef>
	<MWDholeId>H13</MWDholeId>
	<QualityReportIdRef>DQRI270314</QualityReportIdRef>
	<SampleDistance>0.100</SampleDistance>
	<CompactMWDdata>
		<MWDparams>
			<Parameter Unit="m/min" Full="PenetrRate">PR</Parameter>
			<Parameter Unit="Bar" Full="PercPressure">PP</Parameter>
			<Parameter Unit="Bar" Full="FeedPressure">FP</Parameter>
			<Parameter Unit="Bar" Full="DampPressure">DP</Parameter>
			<Parameter Unit="Bar" Full="RotPressure">RP</Parameter>
			<Parameter Unit="Bar" Full="FlushPressure">FLP</Parameter>
		</MWDparams>
		<Samples TimeTag="2024-12-27T04:00:36" DepthTag="0.105">1.578 14.351 46.490 0.000 20.972 14.351 </Samples>
		<Samples TimeTag="2024-12-27T04:00:40" DepthTag="0.207">1.517 14.810 38.447 0.000 20.972 14.810 </Samples>
		<Samples TimeTag="2024-12-27T04:00:43" DepthTag="0.309">2.388 15.009 43.940 0.000 20.972 15.009 </Samples>
		<Samples TimeTag="2024-12-27T04:00:45" DepthTag="0.410">2.527 14.963 40.973 0.000 44.566 14.963 </Samples>
		<Samples TimeTag="2024-12-27T04:00:48" DepthTag="0.511">2.303 15.025 38.899 0.000 47.558 15.025 </Samples>
		<Samples TimeTag="2024-12-27T04:01:06" DepthTag="0.629">1.459 4.177 21.914 0.000 33.022 4.177 </Samples>
		<Samples TimeTag="2024-12-27T04:01:07" DepthTag="0.730">3.788 4.330 48.027 0.000 50.649 4.330 </Samples>
		<Samples TimeTag="2024-12-27T04:01:11" DepthTag="0.833">1.543 10.603 42.717 0.000 58.412 10.603 </Samples>
		<Samples TimeTag="2024-12-27T04:01:15" DepthTag="0.935">1.818 13.219 41.525 0.000 66.132 13.219 </Samples>
		<Samples TimeTag="2024-12-27T04:01:34" DepthTag="1.057">1.096 3.182 14.364 0.000 22.216 3.182 </Samples>
		<Samples TimeTag="2024-12-27T04:02:01" DepthTag="1.165">1.932 11.949 39.394 0.000 46.762 11.949 </Samples>
		<Samples TimeTag="2024-12-27T04:02:05" DepthTag="1.276">2.082 11.460 40.197 0.000 57.652 11.460 </Samples>
		<Samples TimeTag="2024-12-27T04:02:08" DepthTag="1.383">1.910 13.357 40.925 0.000 72.659 13.357 </Samples>
		<Samples TimeTag="2024-12-27T04:02:11" DepthTag="1.486">2.074 10.021 42.948 0.000 46.648 10.021 </Samples>
		<Samples TimeTag="2024-12-27T04:02:44" DepthTag="1.588">0.723 13.051 44.142 0.000 55.128 13.051 </Samples>
		<Samples TimeTag="2024-12-27T04:02:47" DepthTag="1.697">2.161 15.346 39.145 0.000 44.514 15.346 </Samples>
		<Samples TimeTag="2024-12-27T04:02:50" DepthTag="1.807">2.342 16.295 39.847 0.000 47.880 16.295 </Samples>
		<Samples TimeTag="2024-12-27T04:02:52" DepthTag="1.912">2.301 16.861 40.698 0.000 51.612 16.861 </Samples>
		<Samples TimeTag="2024-12-27T04:02:54" DepthTag="2.012">3.011 17.121 37.954 0.000 44.002 17.121 </Samples>
		<Samples TimeTag="2024-12-27T04:02:57" DepthTag="2.116">2.215 17.534 42.254 0.000 41.478 17.534 </Samples>
		<Samples TimeTag="2024-12-27T04:03:00" DepthTag="2.223">2.104 17.748 40.508 0.000 39.429 17.748 </Samples>
		<Samples TimeTag="2024-12-27T04:03:03" DepthTag="2.326">2.414 17.901 40.973 0.000 39.260 17.901 </Samples>
		<Samples TimeTag="2024-12-27T04:03:05" DepthTag="2.432">2.402 17.962 41.282 0.000 37.148 17.962 </Samples>
		<Samples TimeTag="2024-12-27T04:03:38" DepthTag="2.556">0.773 5.539 35.687 0.000 48.181 5.539 </Samples>
		<Samples TimeTag="2024-12-27T04:03:42" DepthTag="2.656">1.247 14.107 42.888 0.000 47.570 14.107 </Samples>
		<Samples TimeTag="2024-12-27T04:03:47" DepthTag="2.762">1.434 16.187 41.059 0.000 41.334 16.187 </Samples>
		<Samples TimeTag="2024-12-27T04:03:51" DepthTag="2.863">1.462 17.044 40.103 0.000 48.334 17.044 </Samples>
		<Samples TimeTag="2024-12-27T04:03:56" DepthTag="2.964">1.316 17.503 40.205 0.000 49.934 17.503 </Samples>
		<Samples TimeTag="2024-12-27T04:03:59" DepthTag="3.070">2.088 17.794 37.856 0.000 48.280 17.794 </Samples>
		<Samples TimeTag="2024-12-27T04:04:02" DepthTag="3.175">2.139 17.916 37.632 0.000 48.339 17.916 </Samples>
		<Samples TimeTag="2024-12-27T04:04:04" DepthTag="3.276">2.281 17.978 39.053 0.000 46.551 17.978 </Samples>
		<Samples TimeTag="2024-12-27T04:04:07" DepthTag="3.378">2.059 18.008 40.485 0.000 44.161 18.008 </Samples>
		<Samples TimeTag="2024-12-27T04:04:10" DepthTag="3.482">2.105 18.115 39.591 0.000 41.844 18.115 </Samples>
		<Samples TimeTag="2024-12-27T04:04:47" DepthTag="3.587">0.614 11.888 43.521 0.000 56.279 11.888 </Samples>
		<Samples TimeTag="2024-12-27T04:04:52" DepthTag="3.689">1.441 15.468 45.382 0.000 49.775 15.468 </Samples>
		<Samples TimeTag="2024-12-27T04:04:59" DepthTag="3.790">0.846 16.769 46.211 0.000 56.232 16.769 </Samples>
		<Samples TimeTag="2024-12-27T04:05:06" DepthTag="3.893">0.841 17.167 44.961 0.000 51.519 17.167 </Samples>
		<Samples TimeTag="2024-12-27T04:05:10" DepthTag="3.994">1.678 17.534 43.399 0.000 46.140 17.534 </Samples>
		<Samples TimeTag="2024-12-27T04:05:14" DepthTag="4.104">1.702 17.717 44.808 0.000 50.676 17.717 </Samples>
		<Samples TimeTag="2024-12-27T04:05:18" DepthTag="4.208">1.298 17.840 44.567 0.000 62.547 17.840 </Samples>
		<Samples TimeTag="2024-12-27T04:05:24" DepthTag="4.310">1.196 17.886 44.444 0.000 56.916 17.886 </Samples>
		<Samples TimeTag="2024-12-27T04:05:30" DepthTag="4.411">0.889 17.733 45.318 0.000 53.752 17.733 </Samples>
		<Samples TimeTag="2024-12-27T04:05:35" DepthTag="4.513">1.437 17.748 44.042 0.000 48.373 17.748 </Samples>
		<Samples TimeTag="2024-12-27T04:05:40" DepthTag="4.616">1.202 17.626 45.113 0.000 53.750 17.626 </Samples>
		<Samples TimeTag="2024-12-27T04:05:43" DepthTag="4.723">1.874 17.901 44.528 0.000 36.770 17.901 </Samples>
		<Samples TimeTag="2024-12-27T04:05:46" DepthTag="4.825">1.900 17.978 45.545 0.000 52.424 17.978 </Samples>
		<Samples TimeTag="2024-12-27T04:05:52" DepthTag="4.927">1.055 17.809 45.127 0.000 54.661 17.809 </Samples>
		<Samples TimeTag="2024-12-27T04:05:57" DepthTag="5.030">1.362 17.932 45.193 0.000 52.114 17.932 </Samples>
		<Samples TimeTag="2024-12-27T04:06:02" DepthTag="5.134">1.235 17.932 45.418 0.000 54.032 17.932 </Samples>
		<Samples TimeTag="2024-12-27T04:06:06" DepthTag="5.237">1.471 18.146 44.635 0.000 49.887 18.146 </Samples>
		<Samples TimeTag="2024-12-27T04:06:13" DepthTag="5.337">0.914 18.192 45.238 0.000 61.013 18.192 </Samples>
		<Samples TimeTag="2024-12-27T04:06:19" DepthTag="5.439">1.019 18.115 44.652 0.000 54.967 18.115 </Samples>
		<Samples TimeTag="2024-12-27T04:06:22" DepthTag="5.539">2.023 18.222 44.462 0.000 43.656 18.222 </Samples>
		<Samples TimeTag="2024-12-27T04:06:25" DepthTag="5.647">2.113 18.329 44.535 0.000 52.333 18.329 </Samples>
		<Samples TimeTag="2024-12-27T04:06:27" DepthTag="5.747">2.343 18.314 44.474 0.000 55.211 18.314 </Samples>
		<Samples TimeTag="2024-12-27T04:06:30" DepthTag="5.856">2.158 18.345 45.108 0.000 50.400 18.345 </Samples>
		<Samples TimeTag="2024-12-27T04:06:33" DepthTag="5.960">2.099 18.299 44.562 0.000 42.520 18.299 </Samples>
		<Samples TimeTag="2024-12-27T04:06:36" DepthTag="6.064">2.097 18.299 45.320 0.000 40.723 18.299 </Samples>
		<Samples TimeTag="2024-12-27T04:06:40" DepthTag="6.173">1.893 18.314 44.665 0.000 41.246 18.314 </Samples>
		<Samples TimeTag="2024-12-27T04:06:42" DepthTag="6.280">2.505 18.314 44.793 0.000 39.067 18.314 </Samples>
		<Samples TimeTag="2024-12-27T04:06:45" DepthTag="6.381">2.000 18.284 45.380 0.000 48.612 18.284 </Samples>
		<Samples TimeTag="2024-12-27T04:06:49" DepthTag="6.484">1.716 18.437 45.244 0.000 59.654 18.437 </Samples>
		<Samples TimeTag="2024-12-27T04:06:52" DepthTag="6.585">1.711 18.437 44.280 0.000 55.569 18.437 </Samples>
		<Samples TimeTag="2024-12-27T04:06:55" DepthTag="6.693">2.689 18.498 44.847 0.000 51.948 18.498 </Samples>
		<Samples TimeTag="2024-12-27T04:06:57" DepthTag="6.796">2.573 18.559 45.039 0.000 48.091 18.559 </Samples>
		<Samples TimeTag="2024-12-27T04:07:00" DepthTag="6.899">2.016 18.681 45.777 0.000 50.012 18.681 </Samples>
		<Samples TimeTag="2024-12-27T04:07:04" DepthTag="7.002">1.761 18.574 44.967 0.000 53.181 18.574 </Samples>
		<Samples TimeTag="2024-12-27T04:07:07" DepthTag="7.106">2.228 18.651 45.874 0.000 53.543 18.651 </Samples>
		<Samples TimeTag="2024-12-27T04:07:09" DepthTag="7.210">2.216 18.559 44.763 0.000 55.858 18.559 </Samples>
		<Samples TimeTag="2024-12-27T04:07:13" DepthTag="7.311">1.675 18.299 44.509 0.000 53.272 18.299 </Samples>
		<Samples TimeTag="2024-12-27T04:07:15" DepthTag="7.411">2.499 18.176 45.378 0.000 53.462 18.176 </Samples>
		<Samples TimeTag="2024-12-27T04:07:18" DepthTag="7.518">2.656 18.268 44.785 0.000 49.436 18.268 </Samples>
		<Samples TimeTag="2024-12-27T04:07:21" DepthTag="7.619">2.172 18.299 39.722 0.000 42.669 18.299 </Samples>
		<Samples TimeTag="2024-12-27T04:08:12" DepthTag="7.720">0.885 8.522 16.407 0.000 32.246 8.522 </Samples>
	</CompactMWDdata>
	<IR:GenTrailer>
		<IR:FileCloseDate>2024-12-27T04:09:00</IR:FileCloseDate>
		<IR:ChkSum>2874015929</IR:ChkSum>
	</IR:GenTrailer>
</DRMWD>
