<?xml version="1.0" encoding="UTF-8"?>
<!-- Generated by the RCS System Epiroc Rock Drills AB -->
<DRMWD xmlns="http://www.iredes.org/xml/DrillRig" xmlns:IR="http://www.iredes.org/xml" xmlns:xsi="http://www.w3.org/2001/XMLSchema-instance" xsi:schemaLocation="http://www.iredes.org/xml/DrillRig C:\Iredes\IR_V1.2.3\xml\DR-DrillRig_V1.2\DrillRig.xsd" IRVersion="V 1.2AC" IRDownwCompat="V 1.2AC" DRMWDDownwCompat="V 1.2AC" DRMWDVersion="V 1.2AC">
	<IR:GenHead>
		<IR:FileCreateDate>2024-12-25T17:40:15</IR:FileCreateDate>
		<IR:IRversion DownwCompat="V 1.0">V 1.2AC</IR:IRversion>
		<IR:EquipmentInfo>
			<IR:EqpManufact>Epiroc</IR:EqpManufact>
			<IR:EqpType>SmartROC D65</IR:EqpType>
			<IR:EqpSerNo>8992013064</IR:EqpSerNo>
			<IR:EqpSysVer>6.28.1</IR:EqpSysVer>
			<IR:EqpInfo>DrillingMethod: DTH</IR:EqpInfo>
		</IR:EquipmentInfo>
	</IR:GenHead>
	<IR:ReportId>MWDRI251740</IR:ReportId>
	<IR:StartLogTime>2024-12-25T17:30:41</IR:StartLogTime>
	<IR:EndLogTime>2024-12-25T17:37:58</IR:EndLogTime>
	<IR:PlanIdRef>FRD03_11_0632_003_All</IR:PlanIdRef>
	<IR:PlanNameRef>FRD03_11_0632_003_All</IR:PlanNameRef>
	<MWDholeId>C14</MWDholeId>
	<QualityReportIdRef>DQRI250804</QualityReportIdRef>
	<SampleDistance>0.100</SampleDistance>
	<CompactMWDdata>
		<MWDparams>
			<Parameter Unit="m/min" Full="PenetrRate">PR</Parameter>
			<Parameter Unit="Bar" Full="PercPressure">PP</Parameter>
			<Parameter Unit="Bar" Full="FeedPressure">FP</Parameter>
			<Parameter Unit="Bar" Full="DampPressure">DP</Parameter>
			<Parameter Unit="Bar" Full="RotPressure">RP</Parameter>
			<Parameter Unit="Bar" Full="FlushPressure">FLP</Parameter>
		</MWDparams>
		<Samples TimeTag="2024-12-25T17:30:41" DepthTag="0.115">2.049 14.015 21.600 0.000 20.922 14.015 </Samples>
		<Samples TimeTag="2024-12-25T17:30:44" DepthTag="0.215">1.875 14.520 46.734 0.000 20.972 14.520 </Samples>
		<Samples TimeTag="2024-12-25T17:30:51" DepthTag="0.321">0.936 15.346 39.747 0.000 45.472 15.346 </Samples>
		<Samples TimeTag="2024-12-25T17:30:55" DepthTag="0.423">1.464 15.239 42.221 0.000 46.960 15.239 </Samples>
		<Samples TimeTag="2024-12-25T17:31:21" DepthTag="0.526">0.576 10.404 46.710 0.000 66.175 10.404 </Samples>
		<Samples TimeTag="2024-12-25T17:31:28" DepthTag="0.628">0.842 13.954 40.094 0.000 50.867 13.954 </Samples>
		<Samples TimeTag="2024-12-25T17:31:33" DepthTag="0.728">1.208 14.596 39.209 0.000 48.942 14.596 </Samples>
		<Samples TimeTag="2024-12-25T17:31:39" DepthTag="0.828">0.918 14.627 41.882 0.000 53.681 14.627 </Samples>
		<Samples TimeTag="2024-12-25T17:31:51" DepthTag="0.931">0.516 14.535 38.544 0.000 48.143 14.535 </Samples>
		<Samples TimeTag="2024-12-25T17:32:24" DepthTag="1.031">0.502 11.092 44.396 0.000 54.013 11.092 </Samples>
		<Samples TimeTag="2024-12-25T17:32:32" DepthTag="1.132">0.739 14.260 40.506 0.000 52.181 14.260 </Samples>
		<Samples TimeTag="2024-12-25T17:32:38" DepthTag="1.233">0.941 14.780 39.979 0.000 54.458 14.780 </Samples>
		<Samples TimeTag="2024-12-25T17:32:46" DepthTag="1.333">0.820 14.948 41.085 0.000 56.426 14.948 </Samples>
		<Samples TimeTag="2024-12-25T17:32:55" DepthTag="1.434">0.657 15.040 39.742 0.000 58.504 15.040 </Samples>
		<Samples TimeTag="2024-12-25T17:33:30" DepthTag="1.537">0.635 14.244 42.187 0.000 47.529 14.244 </Samples>
		<Samples TimeTag="2024-12-25T17:33:36" DepthTag="1.639">0.995 16.585 40.870 0.000 51.830 16.585 </Samples>
		<Samples TimeTag="2024-12-25T17:33:39" DepthTag="1.741">1.908 17.075 38.854 0.000 42.206 17.075 </Samples>
		<Samples TimeTag="2024-12-25T17:33:42" DepthTag="1.844">1.926 17.411 38.808 0.000 43.497 17.411 </Samples>
		<Samples TimeTag="2024-12-25T17:33:45" DepthTag="1.951">2.417 17.610 39.069 0.000 40.144 17.610 </Samples>
		<Samples TimeTag="2024-12-25T17:33:48" DepthTag="2.056">2.246 17.748 39.795 0.000 46.407 17.748 </Samples>
		<Samples TimeTag="2024-12-25T17:33:51" DepthTag="2.156">2.145 17.855 39.564 0.000 44.534 17.855 </Samples>
		<Samples TimeTag="2024-12-25T17:33:53" DepthTag="2.258">2.242 17.901 37.264 0.000 43.342 17.901 </Samples>
		<Samples TimeTag="2024-12-25T17:33:56" DepthTag="2.359">2.510 17.947 39.615 0.000 43.534 17.947 </Samples>
		<Samples TimeTag="2024-12-25T17:33:58" DepthTag="2.461">2.551 17.978 41.328 0.000 45.274 17.978 </Samples>
		<Samples TimeTag="2024-12-25T17:34:36" DepthTag="2.577">0.504 4.452 22.526 0.000 25.999 4.452 </Samples>
		<Samples TimeTag="2024-12-25T17:34:42" DepthTag="2.677">1.071 14.397 42.080 0.000 54.425 14.397 </Samples>
		<Samples TimeTag="2024-12-25T17:34:46" DepthTag="2.783">1.438 16.233 40.217 0.000 44.470 16.233 </Samples>
		<Samples TimeTag="2024-12-25T17:34:50" DepthTag="2.885">1.622 16.968 40.704 0.000 43.528 16.968 </Samples>
		<Samples TimeTag="2024-12-25T17:34:53" DepthTag="2.986">1.758 17.381 39.916 0.000 39.624 17.381 </Samples>
		<Samples TimeTag="2024-12-25T17:34:57" DepthTag="3.088">1.734 17.656 40.121 0.000 50.600 17.656 </Samples>
		<Samples TimeTag="2024-12-25T17:35:00" DepthTag="3.191">1.792 17.855 40.247 0.000 41.499 17.855 </Samples>
		<Samples TimeTag="2024-12-25T17:35:04" DepthTag="3.298">2.002 17.916 39.133 0.000 45.273 17.916 </Samples>
		<Samples TimeTag="2024-12-25T17:35:07" DepthTag="3.404">1.978 18.008 41.422 0.000 47.411 18.008 </Samples>
		<Samples TimeTag="2024-12-25T17:35:10" DepthTag="3.508">1.738 18.054 39.877 0.000 42.142 18.054 </Samples>
		<Samples TimeTag="2024-12-25T17:35:43" DepthTag="3.610">0.749 7.543 46.476 0.000 57.550 7.543 </Samples>
		<Samples TimeTag="2024-12-25T17:35:48" DepthTag="3.711">1.218 15.682 41.575 0.000 59.509 15.682 </Samples>
		<Samples TimeTag="2024-12-25T17:35:51" DepthTag="3.817">1.845 17.335 40.274 0.000 43.999 17.335 </Samples>
		<Samples TimeTag="2024-12-25T17:35:54" DepthTag="3.919">2.164 18.085 40.272 0.000 37.495 18.085 </Samples>
		<Samples TimeTag="2024-12-25T17:35:57" DepthTag="4.021">2.199 18.635 39.570 0.000 42.694 18.635 </Samples>
		<Samples TimeTag="2024-12-25T17:35:59" DepthTag="4.136">2.853 19.018 38.517 0.000 37.486 19.018 </Samples>
		<Samples TimeTag="2024-12-25T17:36:01" DepthTag="4.237">2.598 19.293 39.592 0.000 39.481 19.293 </Samples>
		<Samples TimeTag="2024-12-25T17:36:04" DepthTag="4.341">2.594 19.431 40.874 0.000 44.688 19.431 </Samples>
		<Samples TimeTag="2024-12-25T17:36:06" DepthTag="4.446">2.806 19.645 38.677 0.000 33.749 19.645 </Samples>
		<Samples TimeTag="2024-12-25T17:36:49" DepthTag="4.561">0.534 5.141 25.655 0.000 33.035 5.141 </Samples>
		<Samples TimeTag="2024-12-25T17:36:55" DepthTag="4.662">1.052 15.988 53.383 0.000 54.734 15.988 </Samples>
		<Samples TimeTag="2024-12-25T17:36:59" DepthTag="4.763">1.672 17.717 52.813 0.000 47.402 17.717 </Samples>
		<Samples TimeTag="2024-12-25T17:37:02" DepthTag="4.870">2.296 18.620 53.021 0.000 39.952 18.620 </Samples>
		<Samples TimeTag="2024-12-25T17:37:04" DepthTag="4.971">2.159 19.201 53.762 0.000 42.822 19.201 </Samples>
		<Samples TimeTag="2024-12-25T17:37:07" DepthTag="5.075">2.210 20.043 53.782 0.000 41.344 20.043 </Samples>
		<Samples TimeTag="2024-12-25T17:37:11" DepthTag="5.181">1.768 20.303 53.074 0.000 54.807 20.303 </Samples>
		<Samples TimeTag="2024-12-25T17:37:14" DepthTag="5.282">2.034 20.380 53.293 0.000 51.807 20.380 </Samples>
		<Samples TimeTag="2024-12-25T17:37:17" DepthTag="5.390">2.024 20.410 53.455 0.000 48.920 20.410 </Samples>
		<Samples TimeTag="2024-12-25T17:37:19" DepthTag="5.495">2.617 20.487 53.484 0.000 46.908 20.487 </Samples>
		<Samples TimeTag="2024-12-25T17:37:22" DepthTag="5.597">2.542 20.395 54.945 0.000 45.626 20.395 </Samples>
		<Samples TimeTag="2024-12-25T17:37:24" DepthTag="5.702">2.610 20.456 53.426 0.000 38.665 20.456 </Samples>
		<Samples TimeTag="2024-12-25T17:37:28" DepthTag="5.805">1.651 20.380 54.053 0.000 52.922 20.380 </Samples>
		<Samples TimeTag="2024-12-25T17:37:31" DepthTag="5.906">2.283 20.502 52.642 0.000 47.222 20.502 </Samples>
		<Samples TimeTag="2024-12-25T17:37:33" DepthTag="6.011">2.465 20.471 53.598 0.000 36.368 20.471 </Samples>
		<Samples TimeTag="2024-12-25T17:37:36" DepthTag="6.115">2.598 20.517 54.022 0.000 37.860 20.517 </Samples>
		<Samples TimeTag="2024-12-25T17:37:38" DepthTag="6.219">2.571 20.563 54.701 0.000 42.642 20.563 </Samples>
		<Samples TimeTag="2024-12-25T17:37:40" DepthTag="6.328">3.273 20.655 53.350 0.000 35.284 20.655 </Samples>
		<Samples TimeTag="2024-12-25T17:37:43" DepthTag="6.432">2.434 20.670 54.457 0.000 44.031 20.670 </Samples>
		<Samples TimeTag="2024-12-25T17:37:45" DepthTag="6.539">2.436 20.701 54.067 0.000 46.164 20.701 </Samples>
		<Samples TimeTag="2024-12-25T17:37:48" DepthTag="6.643">2.577 20.686 53.917 0.000 49.019 20.686 </Samples>
		<Samples TimeTag="2024-12-25T17:37:49" DepthTag="6.750">4.711 20.716 51.592 0.000 44.326 20.716 </Samples>
		<Samples TimeTag="2024-12-25T17:37:51" DepthTag="6.850">3.747 20.701 54.473 0.000 48.501 20.701 </Samples>
		<Samples TimeTag="2024-12-25T17:37:53" DepthTag="6.955">3.157 20.716 55.062 0.000 49.570 20.716 </Samples>
		<Samples TimeTag="2024-12-25T17:37:55" DepthTag="7.059">2.432 20.380 42.208 0.000 40.572 20.380 </Samples>
		<Samples TimeTag="2024-12-25T17:37:58" DepthTag="7.163">2.353 19.890 41.886 0.000 39.270 19.890 </Samples>
	</CompactMWDdata>
	<IR:GenTrailer>
		<IR:FileCloseDate>2024-12-25T17:40:15</IR:FileCloseDate>
		<IR:ChkSum>2043821385</IR:ChkSum>
	</IR:GenTrailer>
</DRMWD>
