<?xml version="1.0" encoding="UTF-8"?>
<!-- Generated by the RCS System Epiroc Rock Drills AB -->
<DRMWD xmlns="http://www.iredes.org/xml/DrillRig" xmlns:IR="http://www.iredes.org/xml" xmlns:xsi="http://www.w3.org/2001/XMLSchema-instance" xsi:schemaLocation="http://www.iredes.org/xml/DrillRig C:\Iredes\IR_V1.2.3\xml\DR-DrillRig_V1.2\DrillRig.xsd" IRVersion="V 1.2AC" IRDownwCompat="V 1.2AC" DRMWDDownwCompat="V 1.2AC" DRMWDVersion="V 1.2AC">
	<IR:GenHead>
		<IR:FileCreateDate>2024-12-26T02:58:06</IR:FileCreateDate>
		<IR:IRversion DownwCompat="V 1.0">V 1.2AC</IR:IRversion>
		<IR:EquipmentInfo>
			<IR:EqpManufact>Epiroc</IR:EqpManufact>
			<IR:EqpType>SmartROC D65</IR:EqpType>
			<IR:EqpSerNo>8992013064</IR:EqpSerNo>
			<IR:EqpSysVer>6.28.1</IR:EqpSysVer>
			<IR:EqpInfo>DrillingMethod: DTH</IR:EqpInfo>
		</IR:EquipmentInfo>
	</IR:GenHead>
	<IR:ReportId>MWDRI260258</IR:ReportId>
	<IR:StartLogTime>2024-12-26T02:50:24</IR:StartLogTime>
	<IR:EndLogTime>2024-12-26T02:56:35</IR:EndLogTime>
	<IR:PlanIdRef>FRD03_11_0632_002_All</IR:PlanIdRef>
	<IR:PlanNameRef>FRD03_11_0632_002_All</IR:PlanNameRef>
	<MWDholeId>D3</MWDholeId>
	<QualityReportIdRef>DQRI252345</QualityReportIdRef>
	<SampleDistance>0.100</SampleDistance>
	<CompactMWDdata>
		<MWDparams>
			<Parameter Unit="m/min" Full="PenetrRate">PR</Parameter>
			<Parameter Unit="Bar" Full="PercPressure">PP</Parameter>
			<Parameter Unit="Bar" Full="FeedPressure">FP</Parameter>
			<Parameter Unit="Bar" Full="DampPressure">DP</Parameter>
			<Parameter Unit="Bar" Full="RotPressure">RP</Parameter>
			<Parameter Unit="Bar" Full="FlushPressure">FLP</Parameter>
		</MWDparams>
		<Samples TimeTag="2024-12-26T02:50:24" DepthTag="0.108">1.204 10.572 37.427 0.000 20.713 10.572 </Samples>
		<Samples TimeTag="2024-12-26T02:50:26" DepthTag="0.208">2.603 12.623 43.482 0.000 20.636 12.623 </Samples>
		<Samples TimeTag="2024-12-26T02:50:29" DepthTag="0.314">2.628 13.586 40.951 0.000 20.687 13.586 </Samples>
		<Samples TimeTag="2024-12-26T02:50:31" DepthTag="0.416">3.318 14.076 38.008 0.000 20.777 14.076 </Samples>
		<Samples TimeTag="2024-12-26T02:50:32" DepthTag="0.531">3.909 14.351 29.994 0.000 31.284 14.351 </Samples>
		<Samples TimeTag="2024-12-26T02:50:49" DepthTag="0.645">1.609 4.207 21.975 0.000 26.458 4.207 </Samples>
		<Samples TimeTag="2024-12-26T02:50:51" DepthTag="0.749">4.586 6.212 42.730 0.000 41.580 6.212 </Samples>
		<Samples TimeTag="2024-12-26T02:50:53" DepthTag="0.854">2.793 9.654 41.301 0.000 43.543 9.654 </Samples>
		<Samples TimeTag="2024-12-26T02:50:55" DepthTag="0.956">3.499 11.582 38.667 0.000 44.301 11.582 </Samples>
		<Samples TimeTag="2024-12-26T02:51:18" DepthTag="1.058">1.224 8.690 44.834 0.000 54.515 8.690 </Samples>
		<Samples TimeTag="2024-12-26T02:51:21" DepthTag="1.160">2.317 11.628 41.864 0.000 50.597 11.628 </Samples>
		<Samples TimeTag="2024-12-26T02:51:23" DepthTag="1.261">2.788 13.020 41.471 0.000 47.395 13.020 </Samples>
		<Samples TimeTag="2024-12-26T02:51:25" DepthTag="1.363">2.733 13.816 40.045 0.000 43.624 13.816 </Samples>
		<Samples TimeTag="2024-12-26T02:51:29" DepthTag="1.468">1.754 14.504 42.358 0.000 44.772 14.504 </Samples>
		<Samples TimeTag="2024-12-26T02:52:02" DepthTag="1.569">0.669 13.770 43.000 0.000 50.066 13.770 </Samples>
		<Samples TimeTag="2024-12-26T02:52:06" DepthTag="1.671">1.632 15.820 40.242 0.000 45.493 15.820 </Samples>
		<Samples TimeTag="2024-12-26T02:52:10" DepthTag="1.771">1.497 16.769 40.207 0.000 44.173 16.769 </Samples>
		<Samples TimeTag="2024-12-26T02:52:13" DepthTag="1.877">1.985 17.258 38.236 0.000 42.127 17.258 </Samples>
		<Samples TimeTag="2024-12-26T02:52:16" DepthTag="1.984">2.268 17.641 38.671 0.000 43.806 17.641 </Samples>
		<Samples TimeTag="2024-12-26T02:52:20" DepthTag="2.088">1.662 17.993 41.361 0.000 43.508 17.993 </Samples>
		<Samples TimeTag="2024-12-26T02:52:24" DepthTag="2.189">1.507 18.146 40.477 0.000 43.875 18.146 </Samples>
		<Samples TimeTag="2024-12-26T02:52:26" DepthTag="2.301">2.812 18.207 36.143 0.000 38.961 18.207 </Samples>
		<Samples TimeTag="2024-12-26T02:52:29" DepthTag="2.402">2.031 18.176 40.961 0.000 43.161 18.176 </Samples>
		<Samples TimeTag="2024-12-26T02:52:33" DepthTag="2.504">1.693 18.176 39.861 0.000 42.927 18.176 </Samples>
		<Samples TimeTag="2024-12-26T02:53:12" DepthTag="2.608">0.928 16.876 37.918 0.000 41.268 16.876 </Samples>
		<Samples TimeTag="2024-12-26T02:53:15" DepthTag="2.710">2.557 17.243 40.686 0.000 40.652 17.243 </Samples>
		<Samples TimeTag="2024-12-26T02:53:18" DepthTag="2.821">2.185 17.610 40.948 0.000 32.366 17.610 </Samples>
		<Samples TimeTag="2024-12-26T02:53:20" DepthTag="2.934">2.626 17.886 39.175 0.000 31.901 17.886 </Samples>
		<Samples TimeTag="2024-12-26T02:53:23" DepthTag="3.040">2.637 18.085 39.541 0.000 35.414 18.085 </Samples>
		<Samples TimeTag="2024-12-26T02:53:25" DepthTag="3.145">2.921 18.176 35.871 0.000 32.917 18.176 </Samples>
		<Samples TimeTag="2024-12-26T02:53:26" DepthTag="3.246">4.178 18.176 36.573 0.000 33.689 18.176 </Samples>
		<Samples TimeTag="2024-12-26T02:53:28" DepthTag="3.361">4.297 18.222 37.529 0.000 38.791 18.222 </Samples>
		<Samples TimeTag="2024-12-26T02:53:30" DepthTag="3.476">4.300 18.207 38.905 0.000 38.888 18.207 </Samples>
		<Samples TimeTag="2024-12-26T02:54:10" DepthTag="3.577">1.021 18.498 40.314 0.000 44.175 18.498 </Samples>
		<Samples TimeTag="2024-12-26T02:54:13" DepthTag="3.687">2.172 19.140 50.714 0.000 42.507 19.140 </Samples>
		<Samples TimeTag="2024-12-26T02:54:15" DepthTag="3.794">3.200 19.400 52.457 0.000 42.601 19.400 </Samples>
		<Samples TimeTag="2024-12-26T02:54:17" DepthTag="3.897">2.863 19.645 52.974 0.000 41.975 19.645 </Samples>
		<Samples TimeTag="2024-12-26T02:54:19" DepthTag="3.998">3.288 19.783 52.140 0.000 38.923 19.783 </Samples>
		<Samples TimeTag="2024-12-26T02:54:21" DepthTag="4.104">3.173 19.905 54.746 0.000 45.558 19.905 </Samples>
		<Samples TimeTag="2024-12-26T02:54:24" DepthTag="4.207">1.828 19.951 55.449 0.000 46.554 19.951 </Samples>
		<Samples TimeTag="2024-12-26T02:54:29" DepthTag="4.309">1.138 19.569 54.404 0.000 42.821 19.569 </Samples>
		<Samples TimeTag="2024-12-26T02:54:31" DepthTag="4.416">3.191 19.768 52.727 0.000 36.219 19.768 </Samples>
		<Samples TimeTag="2024-12-26T02:54:34" DepthTag="4.521">2.827 19.921 53.375 0.000 37.307 19.921 </Samples>
		<Samples TimeTag="2024-12-26T02:54:36" DepthTag="4.626">3.136 20.043 53.385 0.000 36.190 20.043 </Samples>
		<Samples TimeTag="2024-12-26T02:54:38" DepthTag="4.729">2.566 20.028 55.891 0.000 49.362 20.028 </Samples>
		<Samples TimeTag="2024-12-26T02:54:43" DepthTag="4.832">1.306 19.890 54.074 0.000 50.319 19.890 </Samples>
		<Samples TimeTag="2024-12-26T02:54:47" DepthTag="4.933">1.574 19.936 53.908 0.000 49.927 19.936 </Samples>
		<Samples TimeTag="2024-12-26T02:54:51" DepthTag="5.036">1.397 19.706 54.494 0.000 46.666 19.706 </Samples>
		<Samples TimeTag="2024-12-26T02:54:55" DepthTag="5.140">1.654 19.768 52.180 0.000 44.966 19.768 </Samples>
		<Samples TimeTag="2024-12-26T02:54:58" DepthTag="5.246">2.267 19.844 54.254 0.000 38.874 19.844 </Samples>
		<Samples TimeTag="2024-12-26T02:55:00" DepthTag="5.349">2.215 19.982 53.569 0.000 41.150 19.982 </Samples>
		<Samples TimeTag="2024-12-26T02:55:03" DepthTag="5.452">2.574 20.104 53.275 0.000 38.473 20.104 </Samples>
		<Samples TimeTag="2024-12-26T02:55:05" DepthTag="5.556">2.584 20.104 54.331 0.000 39.234 20.104 </Samples>
		<Samples TimeTag="2024-12-26T02:55:08" DepthTag="5.658">2.541 20.150 53.573 0.000 39.004 20.150 </Samples>
		<Samples TimeTag="2024-12-26T02:55:10" DepthTag="5.767">2.548 20.181 54.312 0.000 39.288 20.181 </Samples>
		<Samples TimeTag="2024-12-26T02:55:12" DepthTag="5.872">2.824 20.227 52.996 0.000 40.572 20.227 </Samples>
		<Samples TimeTag="2024-12-26T02:55:15" DepthTag="5.975">2.659 20.257 54.616 0.000 41.390 20.257 </Samples>
		<Samples TimeTag="2024-12-26T02:55:18" DepthTag="6.081">2.075 20.227 55.831 0.000 50.605 20.227 </Samples>
		<Samples TimeTag="2024-12-26T02:55:22" DepthTag="6.184">1.353 19.936 45.874 0.000 44.096 19.936 </Samples>
		<Samples TimeTag="2024-12-26T02:55:28" DepthTag="6.286">1.118 18.131 41.177 0.000 45.415 18.131 </Samples>
		<Samples TimeTag="2024-12-26T02:56:35" DepthTag="6.394">0.798 11.291 16.088 0.000 36.069 11.291 </Samples>
	</CompactMWDdata>
	<IR:GenTrailer>
		<IR:FileCloseDate>2024-12-26T02:58:06</IR:FileCloseDate>
		<IR:ChkSum>0544268786</IR:ChkSum>
	</IR:GenTrailer>
</DRMWD>
