<?xml version="1.0" encoding="UTF-8"?>
<!-- Generated by the RCS System Epiroc Rock Drills AB -->
<DRMWD xmlns="http://www.iredes.org/xml/DrillRig" xmlns:IR="http://www.iredes.org/xml" xmlns:xsi="http://www.w3.org/2001/XMLSchema-instance" xsi:schemaLocation="http://www.iredes.org/xml/DrillRig C:\Iredes\IR_V1.2.3\xml\DR-DrillRig_V1.2\DrillRig.xsd" IRVersion="V 1.2AC" IRDownwCompat="V 1.2AC" DRMWDDownwCompat="V 1.2AC" DRMWDVersion="V 1.2AC">
	<IR:GenHead>
		<IR:FileCreateDate>2024-12-27T05:17:47</IR:FileCreateDate>
		<IR:IRversion DownwCompat="V 1.0">V 1.2AC</IR:IRversion>
		<IR:EquipmentInfo>
			<IR:EqpManufact>Epiroc</IR:EqpManufact>
			<IR:EqpType>SmartROC D65</IR:EqpType>
			<IR:EqpSerNo>8992013064</IR:EqpSerNo>
			<IR:EqpSysVer>6.28.1</IR:EqpSysVer>
			<IR:EqpInfo>DrillingMethod: DTH</IR:EqpInfo>
		</IR:EquipmentInfo>
	</IR:GenHead>
	<IR:ReportId>MWDRI270517</IR:ReportId>
	<IR:StartLogTime>2024-12-27T05:07:01</IR:StartLogTime>
	<IR:EndLogTime>2024-12-27T05:13:27</IR:EndLogTime>
	<IR:PlanIdRef>FRD03_11_0626_001_All</IR:PlanIdRef>
	<IR:PlanNameRef>FRD03_11_0626_001_All</IR:PlanNameRef>
	<MWDholeId>F4</MWDholeId>
	<QualityReportIdRef>DQRI270314</QualityReportIdRef>
	<SampleDistance>0.100</SampleDistance>
	<CompactMWDdata>
		<MWDparams>
			<Parameter Unit="m/min" Full="PenetrRate">PR</Parameter>
			<Parameter Unit="Bar" Full="PercPressure">PP</Parameter>
			<Parameter Unit="Bar" Full="FeedPressure">FP</Parameter>
			<Parameter Unit="Bar" Full="DampPressure">DP</Parameter>
			<Parameter Unit="Bar" Full="RotPressure">RP</Parameter>
			<Parameter Unit="Bar" Full="FlushPressure">FLP</Parameter>
		</MWDparams>
		<Samples TimeTag="2024-12-27T05:07:01" DepthTag="0.101">1.417 14.260 46.126 0.000 20.846 14.260 </Samples>
		<Samples TimeTag="2024-12-27T05:07:04" DepthTag="0.212">2.177 14.734 40.528 0.000 20.770 14.734 </Samples>
		<Samples TimeTag="2024-12-27T05:07:06" DepthTag="0.325">4.249 14.780 34.484 0.000 20.712 14.780 </Samples>
		<Samples TimeTag="2024-12-27T05:07:07" DepthTag="0.431">3.960 14.826 40.592 0.000 20.588 14.826 </Samples>
		<Samples TimeTag="2024-12-27T05:07:26" DepthTag="0.562">1.283 5.967 34.132 0.000 32.513 5.967 </Samples>
		<Samples TimeTag="2024-12-27T05:07:29" DepthTag="0.671">2.163 10.863 43.972 0.000 41.699 10.863 </Samples>
		<Samples TimeTag="2024-12-27T05:07:31" DepthTag="0.776">2.599 12.760 41.613 0.000 39.484 12.760 </Samples>
		<Samples TimeTag="2024-12-27T05:07:34" DepthTag="0.882">2.263 14.000 44.303 0.000 42.492 14.000 </Samples>
		<Samples TimeTag="2024-12-27T05:07:37" DepthTag="0.985">1.973 14.596 41.409 0.000 43.820 14.596 </Samples>
		<Samples TimeTag="2024-12-27T05:08:06" DepthTag="1.087">0.667 13.877 41.772 0.000 54.139 13.877 </Samples>
		<Samples TimeTag="2024-12-27T05:08:09" DepthTag="1.188">2.038 14.504 39.390 0.000 49.004 14.504 </Samples>
		<Samples TimeTag="2024-12-27T05:08:12" DepthTag="1.292">1.950 14.795 41.386 0.000 53.763 14.795 </Samples>
		<Samples TimeTag="2024-12-27T05:08:16" DepthTag="1.393">1.683 14.918 41.231 0.000 51.775 14.918 </Samples>
		<Samples TimeTag="2024-12-27T05:08:20" DepthTag="1.494">1.504 15.040 39.417 0.000 52.261 15.040 </Samples>
		<Samples TimeTag="2024-12-27T05:08:54" DepthTag="1.601">0.745 16.601 42.232 0.000 50.334 16.601 </Samples>
		<Samples TimeTag="2024-12-27T05:08:57" DepthTag="1.702">1.614 17.182 41.346 0.000 55.440 17.182 </Samples>
		<Samples TimeTag="2024-12-27T05:09:01" DepthTag="1.803">1.892 17.518 39.813 0.000 50.588 17.518 </Samples>
		<Samples TimeTag="2024-12-27T05:09:06" DepthTag="1.911">1.152 17.855 38.563 0.000 52.301 17.855 </Samples>
		<Samples TimeTag="2024-12-27T05:09:10" DepthTag="2.013">1.811 18.008 38.668 0.000 49.356 18.008 </Samples>
		<Samples TimeTag="2024-12-27T05:09:15" DepthTag="2.115">1.231 18.100 39.749 0.000 52.060 18.100 </Samples>
		<Samples TimeTag="2024-12-27T05:09:20" DepthTag="2.217">1.173 18.176 39.419 0.000 47.725 18.176 </Samples>
		<Samples TimeTag="2024-12-27T05:09:23" DepthTag="2.322">1.750 18.253 37.732 0.000 44.169 18.253 </Samples>
		<Samples TimeTag="2024-12-27T05:09:26" DepthTag="2.424">2.184 18.284 42.742 0.000 49.586 18.284 </Samples>
		<Samples TimeTag="2024-12-27T05:09:57" DepthTag="2.555">0.894 4.789 21.165 0.000 24.384 4.789 </Samples>
		<Samples TimeTag="2024-12-27T05:10:01" DepthTag="2.657">1.454 13.265 43.951 0.000 56.186 13.265 </Samples>
		<Samples TimeTag="2024-12-27T05:10:05" DepthTag="2.757">1.499 15.912 42.130 0.000 52.782 15.912 </Samples>
		<Samples TimeTag="2024-12-27T05:10:09" DepthTag="2.862">1.959 16.815 39.794 0.000 49.199 16.815 </Samples>
		<Samples TimeTag="2024-12-27T05:10:12" DepthTag="2.968">1.769 17.350 39.532 0.000 50.001 17.350 </Samples>
		<Samples TimeTag="2024-12-27T05:10:16" DepthTag="3.070">1.459 17.809 39.757 0.000 46.081 17.809 </Samples>
		<Samples TimeTag="2024-12-27T05:10:19" DepthTag="3.180">2.361 17.993 36.520 0.000 42.539 17.993 </Samples>
		<Samples TimeTag="2024-12-27T05:10:22" DepthTag="3.280">2.495 18.069 38.585 0.000 45.952 18.069 </Samples>
		<Samples TimeTag="2024-12-27T05:10:24" DepthTag="3.383">2.573 18.161 41.572 0.000 40.876 18.161 </Samples>
		<Samples TimeTag="2024-12-27T05:10:27" DepthTag="3.485">2.176 18.161 40.188 0.000 50.025 18.161 </Samples>
		<Samples TimeTag="2024-12-27T05:11:03" DepthTag="3.586">0.653 6.854 42.587 0.000 57.267 6.854 </Samples>
		<Samples TimeTag="2024-12-27T05:11:09" DepthTag="3.687">1.080 14.887 45.090 0.000 54.562 14.887 </Samples>
		<Samples TimeTag="2024-12-27T05:11:13" DepthTag="3.788">1.542 16.417 44.453 0.000 56.424 16.417 </Samples>
		<Samples TimeTag="2024-12-27T05:11:16" DepthTag="3.889">1.902 17.044 43.610 0.000 49.724 17.044 </Samples>
		<Samples TimeTag="2024-12-27T05:11:18" DepthTag="3.990">2.282 17.304 44.230 0.000 50.101 17.304 </Samples>
		<Samples TimeTag="2024-12-27T05:11:22" DepthTag="4.094">1.942 17.947 45.657 0.000 37.665 17.947 </Samples>
		<Samples TimeTag="2024-12-27T05:11:26" DepthTag="4.201">1.605 18.482 44.828 0.000 41.773 18.482 </Samples>
		<Samples TimeTag="2024-12-27T05:11:30" DepthTag="4.306">1.598 18.238 45.624 0.000 51.193 18.238 </Samples>
		<Samples TimeTag="2024-12-27T05:11:34" DepthTag="4.408">1.437 18.085 44.836 0.000 49.048 18.085 </Samples>
		<Samples TimeTag="2024-12-27T05:11:37" DepthTag="4.514">1.998 18.146 44.643 0.000 48.690 18.146 </Samples>
		<Samples TimeTag="2024-12-27T05:11:41" DepthTag="4.616">1.511 18.100 45.608 0.000 48.461 18.100 </Samples>
		<Samples TimeTag="2024-12-27T05:11:46" DepthTag="4.723">1.202 17.932 45.282 0.000 54.341 17.932 </Samples>
		<Samples TimeTag="2024-12-27T05:11:50" DepthTag="4.824">1.794 18.039 44.348 0.000 56.380 18.039 </Samples>
		<Samples TimeTag="2024-12-27T05:11:53" DepthTag="4.929">2.256 18.100 43.902 0.000 52.012 18.100 </Samples>
		<Samples TimeTag="2024-12-27T05:11:55" DepthTag="5.030">2.297 18.207 44.673 0.000 50.406 18.207 </Samples>
		<Samples TimeTag="2024-12-27T05:11:58" DepthTag="5.135">1.950 18.131 44.974 0.000 55.281 18.131 </Samples>
		<Samples TimeTag="2024-12-27T05:12:01" DepthTag="5.235">2.510 18.100 45.242 0.000 38.176 18.100 </Samples>
		<Samples TimeTag="2024-12-27T05:12:04" DepthTag="5.343">1.923 17.947 45.200 0.000 46.465 17.947 </Samples>
		<Samples TimeTag="2024-12-27T05:12:07" DepthTag="5.446">1.925 18.085 45.315 0.000 50.219 18.085 </Samples>
		<Samples TimeTag="2024-12-27T05:12:11" DepthTag="5.548">1.688 17.779 45.999 0.000 55.569 17.779 </Samples>
		<Samples TimeTag="2024-12-27T05:12:14" DepthTag="5.649">2.159 17.840 45.281 0.000 45.900 17.840 </Samples>
		<Samples TimeTag="2024-12-27T05:12:19" DepthTag="5.750">1.096 17.702 45.049 0.000 57.694 17.702 </Samples>
		<Samples TimeTag="2024-12-27T05:12:22" DepthTag="5.851">2.153 17.855 45.044 0.000 47.471 17.855 </Samples>
		<Samples TimeTag="2024-12-27T05:12:28" DepthTag="5.952">1.114 17.794 45.047 0.000 55.728 17.794 </Samples>
		<Samples TimeTag="2024-12-27T05:12:32" DepthTag="6.052">1.273 17.763 45.247 0.000 52.267 17.763 </Samples>
		<Samples TimeTag="2024-12-27T05:12:37" DepthTag="6.162">1.303 17.733 44.346 0.000 55.682 17.733 </Samples>
		<Samples TimeTag="2024-12-27T05:12:40" DepthTag="6.272">2.350 17.825 45.202 0.000 45.493 17.825 </Samples>
		<Samples TimeTag="2024-12-27T05:12:43" DepthTag="6.374">2.179 17.901 44.826 0.000 39.775 17.901 </Samples>
		<Samples TimeTag="2024-12-27T05:12:46" DepthTag="6.474">2.348 18.085 45.299 0.000 43.283 18.085 </Samples>
		<Samples TimeTag="2024-12-27T05:12:49" DepthTag="6.579">1.661 18.069 44.738 0.000 59.127 18.069 </Samples>
		<Samples TimeTag="2024-12-27T05:12:55" DepthTag="6.682">1.033 17.870 45.390 0.000 61.520 17.870 </Samples>
		<Samples TimeTag="2024-12-27T05:13:00" DepthTag="6.783">1.376 18.008 45.394 0.000 63.084 18.008 </Samples>
		<Samples TimeTag="2024-12-27T05:13:04" DepthTag="6.887">1.542 18.222 45.515 0.000 56.460 18.222 </Samples>
		<Samples TimeTag="2024-12-27T05:13:10" DepthTag="6.992">1.053 18.406 44.609 0.000 62.080 18.406 </Samples>
		<Samples TimeTag="2024-12-27T05:13:14" DepthTag="7.098">1.439 18.482 44.316 0.000 57.780 18.482 </Samples>
		<Samples TimeTag="2024-12-27T05:13:17" DepthTag="7.200">2.387 18.635 44.397 0.000 41.257 18.635 </Samples>
		<Samples TimeTag="2024-12-27T05:13:20" DepthTag="7.304">1.946 18.727 44.351 0.000 43.681 18.727 </Samples>
		<Samples TimeTag="2024-12-27T05:13:22" DepthTag="7.417">2.809 18.743 43.527 0.000 47.520 18.743 </Samples>
		<Samples TimeTag="2024-12-27T05:13:25" DepthTag="7.521">2.901 18.834 39.669 0.000 30.326 18.834 </Samples>
		<Samples TimeTag="2024-12-27T05:13:27" DepthTag="7.632">2.937 18.865 40.128 0.000 32.500 18.865 </Samples>
	</CompactMWDdata>
	<IR:GenTrailer>
		<IR:FileCloseDate>2024-12-27T05:17:47</IR:FileCloseDate>
		<IR:ChkSum>0069763290</IR:ChkSum>
	</IR:GenTrailer>
</DRMWD>
