<?xml version="1.0" encoding="UTF-8"?>
<!-- Generated by the RCS System Epiroc Rock Drills AB -->
<DRMWD xmlns="http://www.iredes.org/xml/DrillRig" xmlns:IR="http://www.iredes.org/xml" xmlns:xsi="http://www.w3.org/2001/XMLSchema-instance" xsi:schemaLocation="http://www.iredes.org/xml/DrillRig C:\Iredes\IR_V1.2.3\xml\DR-DrillRig_V1.2\DrillRig.xsd" IRVersion="V 1.2AC" IRDownwCompat="V 1.2AC" DRMWDDownwCompat="V 1.2AC" DRMWDVersion="V 1.2AC">
	<IR:GenHead>
		<IR:FileCreateDate>2024-12-27T12:26:57</IR:FileCreateDate>
		<IR:IRversion DownwCompat="V 1.0">V 1.2AC</IR:IRversion>
		<IR:EquipmentInfo>
			<IR:EqpManufact>Epiroc</IR:EqpManufact>
			<IR:EqpType>SmartROC D65</IR:EqpType>
			<IR:EqpSerNo>8992013064</IR:EqpSerNo>
			<IR:EqpSysVer>6.28.1</IR:EqpSysVer>
			<IR:EqpInfo>DrillingMethod: DTH</IR:EqpInfo>
		</IR:EquipmentInfo>
	</IR:GenHead>
	<IR:ReportId>MWDRI271226</IR:ReportId>
	<IR:StartLogTime>2024-12-27T12:18:39</IR:StartLogTime>
	<IR:EndLogTime>2024-12-27T12:25:18</IR:EndLogTime>
	<IR:PlanIdRef>FRD03_11_0626_001_All</IR:PlanIdRef>
	<IR:PlanNameRef>FRD03_11_0626_001_All</IR:PlanNameRef>
	<MWDholeId>F8</MWDholeId>
	<QualityReportIdRef>DQRI270314</QualityReportIdRef>
	<SampleDistance>0.100</SampleDistance>
	<CompactMWDdata>
		<MWDparams>
			<Parameter Unit="m/min" Full="PenetrRate">PR</Parameter>
			<Parameter Unit="Bar" Full="PercPressure">PP</Parameter>
			<Parameter Unit="Bar" Full="FeedPressure">FP</Parameter>
			<Parameter Unit="Bar" Full="DampPressure">DP</Parameter>
			<Parameter Unit="Bar" Full="RotPressure">RP</Parameter>
			<Parameter Unit="Bar" Full="FlushPressure">FLP</Parameter>
		</MWDparams>
		<Samples TimeTag="2024-12-27T12:18:39" DepthTag="0.102">1.395 11.092 45.487 0.000 21.030 11.092 </Samples>
		<Samples TimeTag="2024-12-27T12:18:44" DepthTag="0.208">1.235 13.908 38.544 0.000 35.161 13.908 </Samples>
		<Samples TimeTag="2024-12-27T12:18:47" DepthTag="0.311">2.355 14.275 40.669 0.000 44.033 14.275 </Samples>
		<Samples TimeTag="2024-12-27T12:18:49" DepthTag="0.417">2.257 14.458 37.920 0.000 43.949 14.458 </Samples>
		<Samples TimeTag="2024-12-27T12:18:52" DepthTag="0.524">2.291 14.627 40.512 0.000 52.701 14.627 </Samples>
		<Samples TimeTag="2024-12-27T12:19:14" DepthTag="0.625">0.699 10.236 44.991 0.000 55.895 10.236 </Samples>
		<Samples TimeTag="2024-12-27T12:19:18" DepthTag="0.730">1.272 13.418 40.010 0.000 46.109 13.418 </Samples>
		<Samples TimeTag="2024-12-27T12:19:23" DepthTag="0.830">1.499 14.229 41.442 0.000 55.838 14.229 </Samples>
		<Samples TimeTag="2024-12-27T12:19:26" DepthTag="0.936">1.967 14.520 38.682 0.000 45.255 14.520 </Samples>
		<Samples TimeTag="2024-12-27T12:19:52" DepthTag="1.039">0.823 6.671 50.145 0.000 55.331 6.671 </Samples>
		<Samples TimeTag="2024-12-27T12:19:57" DepthTag="1.139">1.362 12.087 41.520 0.000 48.273 12.087 </Samples>
		<Samples TimeTag="2024-12-27T12:20:01" DepthTag="1.240">1.568 13.785 40.954 0.000 50.516 13.785 </Samples>
		<Samples TimeTag="2024-12-27T12:20:04" DepthTag="1.347">1.707 14.321 39.345 0.000 51.888 14.321 </Samples>
		<Samples TimeTag="2024-12-27T12:20:09" DepthTag="1.451">1.413 11.582 40.524 0.000 50.650 11.582 </Samples>
		<Samples TimeTag="2024-12-27T12:20:38" DepthTag="1.578">1.087 5.064 25.559 0.000 31.922 5.064 </Samples>
		<Samples TimeTag="2024-12-27T12:20:42" DepthTag="1.681">1.486 12.974 43.713 0.000 54.728 12.974 </Samples>
		<Samples TimeTag="2024-12-27T12:20:46" DepthTag="1.792">2.069 15.269 38.832 0.000 45.991 15.269 </Samples>
		<Samples TimeTag="2024-12-27T12:20:49" DepthTag="1.895">1.642 16.340 40.349 0.000 54.012 16.340 </Samples>
		<Samples TimeTag="2024-12-27T12:20:53" DepthTag="1.995">1.666 16.891 40.056 0.000 51.976 16.891 </Samples>
		<Samples TimeTag="2024-12-27T12:20:57" DepthTag="2.096">1.753 17.258 40.759 0.000 52.462 17.258 </Samples>
		<Samples TimeTag="2024-12-27T12:21:01" DepthTag="2.199">1.478 17.503 39.740 0.000 49.931 17.503 </Samples>
		<Samples TimeTag="2024-12-27T12:21:04" DepthTag="2.308">2.336 17.671 38.889 0.000 44.432 17.671 </Samples>
		<Samples TimeTag="2024-12-27T12:21:06" DepthTag="2.410">2.547 17.748 38.612 0.000 40.234 17.748 </Samples>
		<Samples TimeTag="2024-12-27T12:21:09" DepthTag="2.513">1.925 17.733 41.666 0.000 50.123 17.733 </Samples>
		<Samples TimeTag="2024-12-27T12:21:48" DepthTag="2.615">0.384 11.674 44.390 0.000 58.823 11.674 </Samples>
		<Samples TimeTag="2024-12-27T12:21:53" DepthTag="2.716">1.259 15.499 40.719 0.000 52.884 15.499 </Samples>
		<Samples TimeTag="2024-12-27T12:21:56" DepthTag="2.820">1.943 16.356 40.516 0.000 46.873 16.356 </Samples>
		<Samples TimeTag="2024-12-27T12:22:00" DepthTag="2.925">1.662 16.968 38.089 0.000 45.518 16.968 </Samples>
		<Samples TimeTag="2024-12-27T12:22:04" DepthTag="3.026">1.756 17.304 40.777 0.000 47.968 17.304 </Samples>
		<Samples TimeTag="2024-12-27T12:22:07" DepthTag="3.130">1.956 17.473 40.117 0.000 42.128 17.473 </Samples>
		<Samples TimeTag="2024-12-27T12:22:10" DepthTag="3.230">2.026 17.549 39.383 0.000 35.917 17.549 </Samples>
		<Samples TimeTag="2024-12-27T12:22:13" DepthTag="3.333">2.024 17.794 39.786 0.000 38.587 17.794 </Samples>
		<Samples TimeTag="2024-12-27T12:22:16" DepthTag="3.436">2.067 17.763 39.944 0.000 44.383 17.763 </Samples>
		<Samples TimeTag="2024-12-27T12:22:19" DepthTag="3.540">2.225 16.448 22.055 0.000 36.190 16.448 </Samples>
		<Samples TimeTag="2024-12-27T12:22:54" DepthTag="3.641">0.733 10.266 43.570 0.000 54.412 10.266 </Samples>
		<Samples TimeTag="2024-12-27T12:22:59" DepthTag="3.743">1.231 15.071 45.181 0.000 46.557 15.071 </Samples>
		<Samples TimeTag="2024-12-27T12:23:03" DepthTag="3.845">1.430 16.340 44.705 0.000 48.868 16.340 </Samples>
		<Samples TimeTag="2024-12-27T12:23:11" DepthTag="3.946">0.740 17.151 45.141 0.000 52.212 17.151 </Samples>
		<Samples TimeTag="2024-12-27T12:23:18" DepthTag="4.047">0.893 17.365 45.337 0.000 48.953 17.365 </Samples>
		<Samples TimeTag="2024-12-27T12:23:23" DepthTag="4.150">1.393 17.473 44.569 0.000 51.897 17.473 </Samples>
		<Samples TimeTag="2024-12-27T12:23:25" DepthTag="4.251">2.158 17.473 44.397 0.000 38.771 17.473 </Samples>
		<Samples TimeTag="2024-12-27T12:23:28" DepthTag="4.356">2.255 17.457 45.200 0.000 43.529 17.457 </Samples>
		<Samples TimeTag="2024-12-27T12:23:31" DepthTag="4.458">1.953 17.427 44.705 0.000 45.171 17.427 </Samples>
		<Samples TimeTag="2024-12-27T12:23:34" DepthTag="4.560">2.006 17.518 44.306 0.000 43.841 17.518 </Samples>
		<Samples TimeTag="2024-12-27T12:23:37" DepthTag="4.663">2.205 17.457 45.404 0.000 47.793 17.457 </Samples>
		<Samples TimeTag="2024-12-27T12:23:40" DepthTag="4.763">1.789 17.534 44.942 0.000 43.615 17.534 </Samples>
		<Samples TimeTag="2024-12-27T12:23:43" DepthTag="4.864">2.157 17.641 45.254 0.000 47.644 17.641 </Samples>
		<Samples TimeTag="2024-12-27T12:23:49" DepthTag="4.965">1.081 17.641 45.119 0.000 60.337 17.641 </Samples>
		<Samples TimeTag="2024-12-27T12:23:56" DepthTag="5.067">0.894 17.580 45.392 0.000 57.250 17.580 </Samples>
		<Samples TimeTag="2024-12-27T12:24:01" DepthTag="5.167">1.153 17.457 44.255 0.000 47.117 17.457 </Samples>
		<Samples TimeTag="2024-12-27T12:24:06" DepthTag="5.267">1.258 17.427 44.454 0.000 39.930 17.427 </Samples>
		<Samples TimeTag="2024-12-27T12:24:09" DepthTag="5.371">2.093 17.564 44.509 0.000 37.419 17.564 </Samples>
		<Samples TimeTag="2024-12-27T12:24:12" DepthTag="5.475">2.110 17.717 44.943 0.000 42.242 17.717 </Samples>
		<Samples TimeTag="2024-12-27T12:24:16" DepthTag="5.576">1.569 17.702 45.876 0.000 55.607 17.702 </Samples>
		<Samples TimeTag="2024-12-27T12:24:22" DepthTag="5.680">1.035 17.534 44.754 0.000 50.330 17.534 </Samples>
		<Samples TimeTag="2024-12-27T12:24:27" DepthTag="5.780">1.215 17.595 45.076 0.000 63.765 17.595 </Samples>
		<Samples TimeTag="2024-12-27T12:24:31" DepthTag="5.882">1.385 17.763 44.886 0.000 57.366 17.763 </Samples>
		<Samples TimeTag="2024-12-27T12:24:37" DepthTag="5.984">1.089 17.733 44.483 0.000 57.995 17.733 </Samples>
		<Samples TimeTag="2024-12-27T12:24:42" DepthTag="6.095">1.147 17.671 44.009 0.000 56.083 17.671 </Samples>
		<Samples TimeTag="2024-12-27T12:24:45" DepthTag="6.197">2.200 17.794 43.872 0.000 44.227 17.794 </Samples>
		<Samples TimeTag="2024-12-27T12:24:48" DepthTag="6.303">1.970 17.825 44.687 0.000 50.442 17.825 </Samples>
		<Samples TimeTag="2024-12-27T12:24:51" DepthTag="6.409">2.476 17.733 44.143 0.000 45.719 17.733 </Samples>
		<Samples TimeTag="2024-12-27T12:24:53" DepthTag="6.515">3.475 17.733 44.010 0.000 42.693 17.733 </Samples>
		<Samples TimeTag="2024-12-27T12:24:55" DepthTag="6.619">2.872 17.748 44.657 0.000 38.683 17.748 </Samples>
		<Samples TimeTag="2024-12-27T12:24:57" DepthTag="6.732">2.807 18.268 45.048 0.000 34.213 18.268 </Samples>
		<Samples TimeTag="2024-12-27T12:25:00" DepthTag="6.841">2.725 18.743 44.924 0.000 35.699 18.743 </Samples>
		<Samples TimeTag="2024-12-27T12:25:02" DepthTag="6.948">2.670 19.049 45.402 0.000 34.747 19.049 </Samples>
		<Samples TimeTag="2024-12-27T12:25:05" DepthTag="7.062">2.125 18.697 43.063 0.000 39.240 18.697 </Samples>
		<Samples TimeTag="2024-12-27T12:25:08" DepthTag="7.167">2.609 19.064 46.075 0.000 38.979 19.064 </Samples>
		<Samples TimeTag="2024-12-27T12:25:10" DepthTag="7.279">2.622 18.880 43.171 0.000 48.061 18.880 </Samples>
		<Samples TimeTag="2024-12-27T12:25:12" DepthTag="7.381">3.070 18.773 44.802 0.000 42.228 18.773 </Samples>
		<Samples TimeTag="2024-12-27T12:25:15" DepthTag="7.483">2.060 18.467 39.632 0.000 50.985 18.467 </Samples>
		<Samples TimeTag="2024-12-27T12:25:18" DepthTag="7.584">2.282 18.161 40.600 0.000 42.584 18.161 </Samples>
	</CompactMWDdata>
	<IR:GenTrailer>
		<IR:FileCloseDate>2024-12-27T12:26:57</IR:FileCloseDate>
		<IR:ChkSum>3838838926</IR:ChkSum>
	</IR:GenTrailer>
</DRMWD>
