<?xml version="1.0" encoding="UTF-8"?>
<!-- Generated by the RCS System Epiroc Rock Drills AB -->
<DRMWD xmlns="http://www.iredes.org/xml/DrillRig" xmlns:IR="http://www.iredes.org/xml" xmlns:xsi="http://www.w3.org/2001/XMLSchema-instance" xsi:schemaLocation="http://www.iredes.org/xml/DrillRig C:\Iredes\IR_V1.2.3\xml\DR-DrillRig_V1.2\DrillRig.xsd" IRVersion="V 1.2AC" IRDownwCompat="V 1.2AC" DRMWDDownwCompat="V 1.2AC" DRMWDVersion="V 1.2AC">
	<IR:GenHead>
		<IR:FileCreateDate>2024-12-25T00:01:03</IR:FileCreateDate>
		<IR:IRversion DownwCompat="V 1.0">V 1.2AC</IR:IRversion>
		<IR:EquipmentInfo>
			<IR:EqpManufact>Epiroc</IR:EqpManufact>
			<IR:EqpType>SmartROC D65</IR:EqpType>
			<IR:EqpSerNo>8992013064</IR:EqpSerNo>
			<IR:EqpSysVer>6.28.1</IR:EqpSysVer>
			<IR:EqpInfo>DrillingMethod: DTH</IR:EqpInfo>
		</IR:EquipmentInfo>
	</IR:GenHead>
	<IR:ReportId>MWDRI250001</IR:ReportId>
	<IR:StartLogTime>2024-12-24T23:52:55</IR:StartLogTime>
	<IR:EndLogTime>2024-12-24T23:59:25</IR:EndLogTime>
	<IR:PlanIdRef>FRD03_11_0626_001_All</IR:PlanIdRef>
	<IR:PlanNameRef>FRD03_11_0626_001_All</IR:PlanNameRef>
	<MWDholeId>H2</MWDholeId>
	<QualityReportIdRef>DQRI241930</QualityReportIdRef>
	<SampleDistance>0.100</SampleDistance>
	<CompactMWDdata>
		<MWDparams>
			<Parameter Unit="m/min" Full="PenetrRate">PR</Parameter>
			<Parameter Unit="Bar" Full="PercPressure">PP</Parameter>
			<Parameter Unit="Bar" Full="FeedPressure">FP</Parameter>
			<Parameter Unit="Bar" Full="DampPressure">DP</Parameter>
			<Parameter Unit="Bar" Full="RotPressure">RP</Parameter>
			<Parameter Unit="Bar" Full="FlushPressure">FLP</Parameter>
		</MWDparams>
		<Samples TimeTag="2024-12-24T23:52:55" DepthTag="0.103">0.763 12.684 43.093 0.000 21.621 12.684 </Samples>
		<Samples TimeTag="2024-12-24T23:52:56" DepthTag="0.206">4.311 14.275 37.066 0.000 21.674 14.275 </Samples>
		<Samples TimeTag="2024-12-24T23:52:58" DepthTag="0.308">4.471 15.086 31.804 0.000 21.695 15.086 </Samples>
		<Samples TimeTag="2024-12-24T23:52:59" DepthTag="0.419">5.567 15.545 37.880 0.000 21.538 15.545 </Samples>
		<Samples TimeTag="2024-12-24T23:53:01" DepthTag="0.522">3.335 14.550 23.729 0.000 21.615 14.550 </Samples>
		<Samples TimeTag="2024-12-24T23:53:20" DepthTag="0.623">1.131 10.725 47.835 0.000 42.332 10.725 </Samples>
		<Samples TimeTag="2024-12-24T23:53:24" DepthTag="0.725">1.802 14.764 41.962 0.000 42.662 14.764 </Samples>
		<Samples TimeTag="2024-12-24T23:53:26" DepthTag="0.828">2.220 16.050 41.570 0.000 43.258 16.050 </Samples>
		<Samples TimeTag="2024-12-24T23:53:29" DepthTag="0.928">1.971 16.845 39.603 0.000 44.915 16.845 </Samples>
		<Samples TimeTag="2024-12-24T23:53:32" DepthTag="1.029">2.786 15.055 20.118 0.000 35.240 15.055 </Samples>
		<Samples TimeTag="2024-12-24T23:53:53" DepthTag="1.142">1.879 5.646 23.368 0.000 26.755 5.646 </Samples>
		<Samples TimeTag="2024-12-24T23:53:57" DepthTag="1.242">1.562 13.173 44.096 0.000 49.550 13.173 </Samples>
		<Samples TimeTag="2024-12-24T23:54:01" DepthTag="1.347">1.307 11.628 39.320 0.000 45.044 11.628 </Samples>
		<Samples TimeTag="2024-12-24T23:54:04" DepthTag="1.457">2.572 12.959 37.468 0.000 53.889 12.959 </Samples>
		<Samples TimeTag="2024-12-24T23:54:34" DepthTag="1.566">0.967 4.972 21.991 0.000 30.004 4.972 </Samples>
		<Samples TimeTag="2024-12-24T23:54:39" DepthTag="1.667">1.113 15.438 42.863 0.000 54.304 15.438 </Samples>
		<Samples TimeTag="2024-12-24T23:54:43" DepthTag="1.770">1.713 17.243 39.920 0.000 45.531 17.243 </Samples>
		<Samples TimeTag="2024-12-24T23:54:46" DepthTag="1.871">1.796 18.253 40.706 0.000 47.583 18.253 </Samples>
		<Samples TimeTag="2024-12-24T23:54:49" DepthTag="1.973">2.184 18.850 39.161 0.000 42.262 18.850 </Samples>
		<Samples TimeTag="2024-12-24T23:54:52" DepthTag="2.077">2.228 19.263 39.919 0.000 46.382 19.263 </Samples>
		<Samples TimeTag="2024-12-24T23:54:55" DepthTag="2.185">2.308 19.492 36.720 0.000 43.564 19.492 </Samples>
		<Samples TimeTag="2024-12-24T23:54:58" DepthTag="2.291">2.260 19.752 40.730 0.000 47.490 19.752 </Samples>
		<Samples TimeTag="2024-12-24T23:55:01" DepthTag="2.394">2.078 19.936 40.329 0.000 44.025 19.936 </Samples>
		<Samples TimeTag="2024-12-24T23:55:03" DepthTag="2.504">2.346 20.043 39.823 0.000 38.179 20.043 </Samples>
		<Samples TimeTag="2024-12-24T23:55:34" DepthTag="2.604">0.887 8.874 48.362 0.000 57.424 8.874 </Samples>
		<Samples TimeTag="2024-12-24T23:55:41" DepthTag="2.705">0.883 16.815 41.142 0.000 49.470 16.815 </Samples>
		<Samples TimeTag="2024-12-24T23:55:46" DepthTag="2.805">1.250 18.268 41.953 0.000 46.918 18.268 </Samples>
		<Samples TimeTag="2024-12-24T23:55:51" DepthTag="2.908">1.191 19.110 38.378 0.000 48.062 19.110 </Samples>
		<Samples TimeTag="2024-12-24T23:55:55" DepthTag="3.011">1.473 19.462 39.905 0.000 45.907 19.462 </Samples>
		<Samples TimeTag="2024-12-24T23:56:00" DepthTag="3.115">1.469 19.752 41.086 0.000 43.080 19.752 </Samples>
		<Samples TimeTag="2024-12-24T23:56:02" DepthTag="3.220">2.307 19.936 39.937 0.000 36.744 19.936 </Samples>
		<Samples TimeTag="2024-12-24T23:56:05" DepthTag="3.321">2.002 19.982 38.969 0.000 41.649 19.982 </Samples>
		<Samples TimeTag="2024-12-24T23:56:09" DepthTag="3.422">1.668 20.074 41.983 0.000 48.297 20.074 </Samples>
		<Samples TimeTag="2024-12-24T23:56:47" DepthTag="3.547">0.673 4.957 21.943 0.000 34.213 4.957 </Samples>
		<Samples TimeTag="2024-12-24T23:56:52" DepthTag="3.651">1.147 15.759 51.712 0.000 66.394 15.759 </Samples>
		<Samples TimeTag="2024-12-24T23:56:57" DepthTag="3.753">1.392 17.962 53.506 0.000 58.397 17.962 </Samples>
		<Samples TimeTag="2024-12-24T23:57:00" DepthTag="3.855">1.725 18.987 53.283 0.000 54.852 18.987 </Samples>
		<Samples TimeTag="2024-12-24T23:57:05" DepthTag="3.957">1.271 19.768 54.405 0.000 52.622 19.768 </Samples>
		<Samples TimeTag="2024-12-24T23:57:11" DepthTag="4.061">1.145 20.273 54.346 0.000 55.642 20.273 </Samples>
		<Samples TimeTag="2024-12-24T23:57:14" DepthTag="4.171">2.057 20.487 52.901 0.000 51.693 20.487 </Samples>
		<Samples TimeTag="2024-12-24T23:57:18" DepthTag="4.275">1.657 20.686 54.176 0.000 59.315 20.686 </Samples>
		<Samples TimeTag="2024-12-24T23:57:21" DepthTag="4.378">1.637 20.732 53.448 0.000 56.081 20.732 </Samples>
		<Samples TimeTag="2024-12-24T23:57:24" DepthTag="4.483">2.083 20.793 53.761 0.000 51.510 20.793 </Samples>
		<Samples TimeTag="2024-12-24T23:57:28" DepthTag="4.589">1.977 20.869 53.707 0.000 56.368 20.869 </Samples>
		<Samples TimeTag="2024-12-24T23:57:30" DepthTag="4.702">3.382 20.854 52.947 0.000 49.845 20.854 </Samples>
		<Samples TimeTag="2024-12-24T23:57:32" DepthTag="4.809">2.751 20.854 54.405 0.000 51.156 20.854 </Samples>
		<Samples TimeTag="2024-12-24T23:57:34" DepthTag="4.915">2.632 20.854 53.194 0.000 42.064 20.854 </Samples>
		<Samples TimeTag="2024-12-24T23:57:37" DepthTag="5.021">2.642 20.854 54.359 0.000 46.547 20.854 </Samples>
		<Samples TimeTag="2024-12-24T23:57:41" DepthTag="5.123">1.532 20.747 56.127 0.000 54.008 20.747 </Samples>
		<Samples TimeTag="2024-12-24T23:57:44" DepthTag="5.224">2.163 20.624 50.128 0.000 44.557 20.624 </Samples>
		<Samples TimeTag="2024-12-24T23:57:46" DepthTag="5.331">2.502 20.502 53.385 0.000 43.385 20.502 </Samples>
		<Samples TimeTag="2024-12-24T23:57:49" DepthTag="5.433">1.899 20.196 53.821 0.000 45.087 20.196 </Samples>
		<Samples TimeTag="2024-12-24T23:57:52" DepthTag="5.538">2.238 20.426 54.117 0.000 46.025 20.426 </Samples>
		<Samples TimeTag="2024-12-24T23:57:55" DepthTag="5.638">2.150 20.517 54.820 0.000 46.372 20.517 </Samples>
		<Samples TimeTag="2024-12-24T23:57:58" DepthTag="5.740">1.778 20.563 54.577 0.000 49.330 20.563 </Samples>
		<Samples TimeTag="2024-12-24T23:58:03" DepthTag="5.845">1.375 20.119 54.593 0.000 46.118 20.119 </Samples>
		<Samples TimeTag="2024-12-24T23:58:06" DepthTag="5.953">2.311 20.410 53.896 0.000 46.796 20.410 </Samples>
		<Samples TimeTag="2024-12-24T23:58:09" DepthTag="6.058">2.224 20.640 53.748 0.000 49.045 20.640 </Samples>
		<Samples TimeTag="2024-12-24T23:58:12" DepthTag="6.158">1.668 20.579 55.225 0.000 51.852 20.579 </Samples>
		<Samples TimeTag="2024-12-24T23:58:19" DepthTag="6.259">0.919 19.936 53.422 0.000 49.225 19.936 </Samples>
		<Samples TimeTag="2024-12-24T23:58:22" DepthTag="6.364">1.753 20.119 52.726 0.000 55.757 20.119 </Samples>
		<Samples TimeTag="2024-12-24T23:58:26" DepthTag="6.465">1.891 20.288 53.392 0.000 57.066 20.288 </Samples>
		<Samples TimeTag="2024-12-24T23:58:30" DepthTag="6.565">1.248 20.410 55.586 0.000 55.239 20.410 </Samples>
		<Samples TimeTag="2024-12-24T23:58:40" DepthTag="6.668">0.632 20.135 54.456 0.000 53.441 20.135 </Samples>
		<Samples TimeTag="2024-12-24T23:58:46" DepthTag="6.776">1.150 20.150 52.621 0.000 56.579 20.150 </Samples>
		<Samples TimeTag="2024-12-24T23:58:52" DepthTag="6.878">0.989 19.890 54.677 0.000 53.027 19.890 </Samples>
		<Samples TimeTag="2024-12-24T23:58:57" DepthTag="6.980">1.238 19.966 53.494 0.000 55.343 19.966 </Samples>
		<Samples TimeTag="2024-12-24T23:59:02" DepthTag="7.081">1.160 20.150 54.483 0.000 52.853 20.150 </Samples>
		<Samples TimeTag="2024-12-24T23:59:07" DepthTag="7.182">1.218 20.227 53.818 0.000 52.293 20.227 </Samples>
		<Samples TimeTag="2024-12-24T23:59:13" DepthTag="7.284">1.083 20.089 53.646 0.000 52.682 20.089 </Samples>
		<Samples TimeTag="2024-12-24T23:59:16" DepthTag="7.389">2.067 20.364 53.293 0.000 54.419 20.364 </Samples>
		<Samples TimeTag="2024-12-24T23:59:20" DepthTag="7.492">1.432 19.385 41.531 0.000 47.668 19.385 </Samples>
		<Samples TimeTag="2024-12-24T23:59:25" DepthTag="7.593">1.299 17.549 32.371 0.000 48.342 17.549 </Samples>
	</CompactMWDdata>
	<IR:GenTrailer>
		<IR:FileCloseDate>2024-12-25T00:01:03</IR:FileCloseDate>
		<IR:ChkSum>1397298515</IR:ChkSum>
	</IR:GenTrailer>
</DRMWD>
