<?xml version="1.0" encoding="UTF-8"?>
<!-- Generated by the RCS System Epiroc Rock Drills AB -->
<DRMWD xmlns="http://www.iredes.org/xml/DrillRig" xmlns:IR="http://www.iredes.org/xml" xmlns:xsi="http://www.w3.org/2001/XMLSchema-instance" xsi:schemaLocation="http://www.iredes.org/xml/DrillRig C:\Iredes\IR_V1.2.3\xml\DR-DrillRig_V1.2\DrillRig.xsd" IRVersion="V 1.2AC" IRDownwCompat="V 1.2AC" DRMWDDownwCompat="V 1.2AC" DRMWDVersion="V 1.2AC">
	<IR:GenHead>
		<IR:FileCreateDate>2024-12-25T22:54:21</IR:FileCreateDate>
		<IR:IRversion DownwCompat="V 1.0">V 1.2AC</IR:IRversion>
		<IR:EquipmentInfo>
			<IR:EqpManufact>Epiroc</IR:EqpManufact>
			<IR:EqpType>SmartROC D65</IR:EqpType>
			<IR:EqpSerNo>8992013064</IR:EqpSerNo>
			<IR:EqpSysVer>6.28.1</IR:EqpSysVer>
			<IR:EqpInfo>DrillingMethod: DTH</IR:EqpInfo>
		</IR:EquipmentInfo>
	</IR:GenHead>
	<IR:ReportId>MWDRI252254</IR:ReportId>
	<IR:StartLogTime>2024-12-25T22:46:21</IR:StartLogTime>
	<IR:EndLogTime>2024-12-25T22:52:47</IR:EndLogTime>
	<IR:PlanIdRef>FRD03_11_0632_003_All</IR:PlanIdRef>
	<IR:PlanNameRef>FRD03_11_0632_003_All</IR:PlanNameRef>
	<MWDholeId>A15</MWDholeId>
	<QualityReportIdRef>DQRI250804</QualityReportIdRef>
	<SampleDistance>0.100</SampleDistance>
	<CompactMWDdata>
		<MWDparams>
			<Parameter Unit="m/min" Full="PenetrRate">PR</Parameter>
			<Parameter Unit="Bar" Full="PercPressure">PP</Parameter>
			<Parameter Unit="Bar" Full="FeedPressure">FP</Parameter>
			<Parameter Unit="Bar" Full="DampPressure">DP</Parameter>
			<Parameter Unit="Bar" Full="RotPressure">RP</Parameter>
			<Parameter Unit="Bar" Full="FlushPressure">FLP</Parameter>
		</MWDparams>
		<Samples TimeTag="2024-12-25T22:46:21" DepthTag="0.104">1.903 9.042 22.470 0.000 20.972 9.042 </Samples>
		<Samples TimeTag="2024-12-25T22:46:24" DepthTag="0.210">1.972 12.500 45.043 0.000 20.972 12.500 </Samples>
		<Samples TimeTag="2024-12-25T22:46:26" DepthTag="0.314">2.609 13.724 36.720 0.000 20.779 13.724 </Samples>
		<Samples TimeTag="2024-12-25T22:46:28" DepthTag="0.416">3.464 14.198 38.804 0.000 20.653 14.198 </Samples>
		<Samples TimeTag="2024-12-25T22:46:30" DepthTag="0.517">4.189 14.489 34.410 0.000 30.827 14.489 </Samples>
		<Samples TimeTag="2024-12-25T22:46:47" DepthTag="0.620">1.448 4.269 21.237 0.000 25.629 4.269 </Samples>
		<Samples TimeTag="2024-12-25T22:46:49" DepthTag="0.723">3.088 7.956 49.083 0.000 47.768 7.956 </Samples>
		<Samples TimeTag="2024-12-25T22:46:55" DepthTag="0.824">0.961 15.086 42.177 0.000 45.047 15.086 </Samples>
		<Samples TimeTag="2024-12-25T22:47:04" DepthTag="0.928">0.676 16.891 33.643 0.000 40.100 16.891 </Samples>
		<Samples TimeTag="2024-12-25T22:47:32" DepthTag="1.029">0.886 11.995 42.536 0.000 52.917 11.995 </Samples>
		<Samples TimeTag="2024-12-25T22:47:39" DepthTag="1.130">0.885 16.570 42.197 0.000 48.104 16.570 </Samples>
		<Samples TimeTag="2024-12-25T22:47:58" DepthTag="1.231">0.323 11.674 38.719 0.000 55.853 11.674 </Samples>
		<Samples TimeTag="2024-12-25T22:48:02" DepthTag="1.333">1.384 13.908 41.126 0.000 51.020 13.908 </Samples>
		<Samples TimeTag="2024-12-25T22:48:10" DepthTag="1.435">0.765 15.009 39.761 0.000 49.037 15.009 </Samples>
		<Samples TimeTag="2024-12-25T22:49:23" DepthTag="1.537">0.565 15.652 42.028 0.000 52.054 15.652 </Samples>
		<Samples TimeTag="2024-12-25T22:49:28" DepthTag="1.637">1.173 16.922 40.313 0.000 49.100 16.922 </Samples>
		<Samples TimeTag="2024-12-25T22:49:33" DepthTag="1.741">1.405 17.427 39.899 0.000 53.706 17.427 </Samples>
		<Samples TimeTag="2024-12-25T22:49:36" DepthTag="1.843">2.011 17.656 39.218 0.000 46.952 17.656 </Samples>
		<Samples TimeTag="2024-12-25T22:49:39" DepthTag="1.944">1.884 17.809 39.746 0.000 45.881 17.809 </Samples>
		<Samples TimeTag="2024-12-25T22:49:42" DepthTag="2.046">1.961 17.901 41.139 0.000 44.191 17.901 </Samples>
		<Samples TimeTag="2024-12-25T22:49:45" DepthTag="2.152">2.402 18.008 39.182 0.000 44.520 18.008 </Samples>
		<Samples TimeTag="2024-12-25T22:49:47" DepthTag="2.258">2.262 18.054 40.420 0.000 39.973 18.054 </Samples>
		<Samples TimeTag="2024-12-25T22:49:50" DepthTag="2.362">2.114 18.100 40.871 0.000 46.491 18.100 </Samples>
		<Samples TimeTag="2024-12-25T22:49:54" DepthTag="2.466">1.724 18.023 39.374 0.000 44.804 18.023 </Samples>
		<Samples TimeTag="2024-12-25T22:50:33" DepthTag="2.568">0.585 15.178 39.501 0.000 46.876 15.178 </Samples>
		<Samples TimeTag="2024-12-25T22:50:39" DepthTag="2.668">0.918 16.830 41.359 0.000 47.567 16.830 </Samples>
		<Samples TimeTag="2024-12-25T22:50:45" DepthTag="2.769">1.044 17.457 40.573 0.000 43.722 17.457 </Samples>
		<Samples TimeTag="2024-12-25T22:50:50" DepthTag="2.872">1.229 17.687 38.548 0.000 44.938 17.687 </Samples>
		<Samples TimeTag="2024-12-25T22:50:53" DepthTag="2.975">1.914 17.809 38.893 0.000 39.940 17.809 </Samples>
		<Samples TimeTag="2024-12-25T22:50:57" DepthTag="3.081">2.047 17.978 38.942 0.000 39.269 17.978 </Samples>
		<Samples TimeTag="2024-12-25T22:51:00" DepthTag="3.184">2.011 18.131 40.459 0.000 44.631 18.131 </Samples>
		<Samples TimeTag="2024-12-25T22:51:04" DepthTag="3.288">1.295 18.039 39.916 0.000 48.425 18.039 </Samples>
		<Samples TimeTag="2024-12-25T22:51:09" DepthTag="3.396">1.471 18.039 38.278 0.000 46.085 18.039 </Samples>
		<Samples TimeTag="2024-12-25T22:51:12" DepthTag="3.500">2.008 18.115 38.544 0.000 41.752 18.115 </Samples>
		<Samples TimeTag="2024-12-25T22:51:50" DepthTag="3.603">0.760 17.090 46.152 0.000 58.778 17.090 </Samples>
		<Samples TimeTag="2024-12-25T22:51:54" DepthTag="3.705">1.343 18.559 52.915 0.000 61.469 18.559 </Samples>
		<Samples TimeTag="2024-12-25T22:51:57" DepthTag="3.811">2.474 19.140 53.855 0.000 43.563 19.140 </Samples>
		<Samples TimeTag="2024-12-25T22:52:00" DepthTag="3.915">2.041 19.538 52.956 0.000 50.734 19.538 </Samples>
		<Samples TimeTag="2024-12-25T22:52:02" DepthTag="4.018">2.868 19.813 52.962 0.000 46.226 19.813 </Samples>
		<Samples TimeTag="2024-12-25T22:52:04" DepthTag="4.120">3.032 20.012 53.886 0.000 40.757 20.012 </Samples>
		<Samples TimeTag="2024-12-25T22:52:07" DepthTag="4.226">2.637 20.135 53.603 0.000 36.964 20.135 </Samples>
		<Samples TimeTag="2024-12-25T22:52:09" DepthTag="4.329">2.575 20.257 54.027 0.000 40.101 20.257 </Samples>
		<Samples TimeTag="2024-12-25T22:52:11" DepthTag="4.436">2.670 20.334 53.704 0.000 40.637 20.334 </Samples>
		<Samples TimeTag="2024-12-25T22:52:13" DepthTag="4.541">3.136 20.441 54.675 0.000 42.246 20.441 </Samples>
		<Samples TimeTag="2024-12-25T22:52:16" DepthTag="4.645">2.438 20.517 54.785 0.000 43.307 20.517 </Samples>
		<Samples TimeTag="2024-12-25T22:52:18" DepthTag="4.749">2.767 20.533 52.975 0.000 46.054 20.533 </Samples>
		<Samples TimeTag="2024-12-25T22:52:20" DepthTag="4.849">3.745 20.579 53.529 0.000 43.146 20.579 </Samples>
		<Samples TimeTag="2024-12-25T22:52:21" DepthTag="4.951">3.822 20.594 54.273 0.000 46.131 20.594 </Samples>
		<Samples TimeTag="2024-12-25T22:52:24" DepthTag="5.055">2.593 20.624 54.422 0.000 46.853 20.624 </Samples>
		<Samples TimeTag="2024-12-25T22:52:26" DepthTag="5.161">2.944 20.579 54.049 0.000 37.826 20.579 </Samples>
		<Samples TimeTag="2024-12-25T22:52:28" DepthTag="5.268">3.211 20.609 53.688 0.000 41.125 20.609 </Samples>
		<Samples TimeTag="2024-12-25T22:52:30" DepthTag="5.373">3.142 20.594 53.531 0.000 43.462 20.594 </Samples>
		<Samples TimeTag="2024-12-25T22:52:32" DepthTag="5.477">3.536 20.594 53.828 0.000 43.252 20.594 </Samples>
		<Samples TimeTag="2024-12-25T22:52:34" DepthTag="5.581">2.584 20.563 54.696 0.000 43.654 20.563 </Samples>
		<Samples TimeTag="2024-12-25T22:52:37" DepthTag="5.691">2.492 20.441 54.512 0.000 49.869 20.441 </Samples>
		<Samples TimeTag="2024-12-25T22:52:39" DepthTag="5.792">3.439 20.456 52.438 0.000 40.049 20.456 </Samples>
		<Samples TimeTag="2024-12-25T22:52:40" DepthTag="5.901">3.565 20.502 53.108 0.000 41.219 20.502 </Samples>
		<Samples TimeTag="2024-12-25T22:52:42" DepthTag="6.003">3.044 20.487 53.583 0.000 40.662 20.487 </Samples>
		<Samples TimeTag="2024-12-25T22:52:45" DepthTag="6.113">3.044 20.349 42.636 0.000 34.992 20.349 </Samples>
		<Samples TimeTag="2024-12-25T22:52:47" DepthTag="6.222">3.032 19.737 41.872 0.000 35.155 19.737 </Samples>
	</CompactMWDdata>
	<IR:GenTrailer>
		<IR:FileCloseDate>2024-12-25T22:54:21</IR:FileCloseDate>
		<IR:ChkSum>2045191847</IR:ChkSum>
	</IR:GenTrailer>
</DRMWD>
