<?xml version="1.0" encoding="UTF-8"?>
<!-- Generated by the RCS System Epiroc Rock Drills AB -->
<DRMWD xmlns="http://www.iredes.org/xml/DrillRig" xmlns:IR="http://www.iredes.org/xml" xmlns:xsi="http://www.w3.org/2001/XMLSchema-instance" xsi:schemaLocation="http://www.iredes.org/xml/DrillRig C:\Iredes\IR_V1.2.3\xml\DR-DrillRig_V1.2\DrillRig.xsd" IRVersion="V 1.2AC" IRDownwCompat="V 1.2AC" DRMWDDownwCompat="V 1.2AC" DRMWDVersion="V 1.2AC">
	<IR:GenHead>
		<IR:FileCreateDate>2024-12-26T01:00:36</IR:FileCreateDate>
		<IR:IRversion DownwCompat="V 1.0">V 1.2AC</IR:IRversion>
		<IR:EquipmentInfo>
			<IR:EqpManufact>Epiroc</IR:EqpManufact>
			<IR:EqpType>SmartROC D65</IR:EqpType>
			<IR:EqpSerNo>8992013064</IR:EqpSerNo>
			<IR:EqpSysVer>6.28.1</IR:EqpSysVer>
			<IR:EqpInfo>DrillingMethod: DTH</IR:EqpInfo>
		</IR:EquipmentInfo>
	</IR:GenHead>
	<IR:ReportId>MWDRI260100</IR:ReportId>
	<IR:StartLogTime>2024-12-26T00:51:12</IR:StartLogTime>
	<IR:EndLogTime>2024-12-26T00:58:34</IR:EndLogTime>
	<IR:PlanIdRef>FRD03_11_0632_002_All</IR:PlanIdRef>
	<IR:PlanNameRef>FRD03_11_0632_002_All</IR:PlanNameRef>
	<MWDholeId>A4</MWDholeId>
	<QualityReportIdRef>DQRI252345</QualityReportIdRef>
	<SampleDistance>0.100</SampleDistance>
	<CompactMWDdata>
		<MWDparams>
			<Parameter Unit="m/min" Full="PenetrRate">PR</Parameter>
			<Parameter Unit="Bar" Full="PercPressure">PP</Parameter>
			<Parameter Unit="Bar" Full="FeedPressure">FP</Parameter>
			<Parameter Unit="Bar" Full="DampPressure">DP</Parameter>
			<Parameter Unit="Bar" Full="RotPressure">RP</Parameter>
			<Parameter Unit="Bar" Full="FlushPressure">FLP</Parameter>
		</MWDparams>
		<Samples TimeTag="2024-12-26T00:51:12" DepthTag="0.103">0.992 14.611 44.041 0.000 20.972 14.611 </Samples>
		<Samples TimeTag="2024-12-26T00:51:17" DepthTag="0.206">1.491 14.918 41.433 0.000 20.771 14.918 </Samples>
		<Samples TimeTag="2024-12-26T00:51:20" DepthTag="0.307">1.595 14.979 40.333 0.000 53.043 14.979 </Samples>
		<Samples TimeTag="2024-12-26T00:51:23" DepthTag="0.411">2.360 15.086 40.511 0.000 41.927 15.086 </Samples>
		<Samples TimeTag="2024-12-26T00:51:28" DepthTag="0.511">1.207 8.048 0.592 0.000 23.527 8.048 </Samples>
		<Samples TimeTag="2024-12-26T00:51:51" DepthTag="0.613">0.825 13.540 42.807 0.000 56.800 13.540 </Samples>
		<Samples TimeTag="2024-12-26T00:51:54" DepthTag="0.718">1.666 14.504 39.624 0.000 41.582 14.504 </Samples>
		<Samples TimeTag="2024-12-26T00:51:58" DepthTag="0.821">1.547 14.719 40.717 0.000 47.772 14.719 </Samples>
		<Samples TimeTag="2024-12-26T00:52:03" DepthTag="0.928">1.529 14.719 37.652 0.000 49.934 14.719 </Samples>
		<Samples TimeTag="2024-12-26T00:52:30" DepthTag="1.028">0.665 8.155 46.063 0.000 61.913 8.155 </Samples>
		<Samples TimeTag="2024-12-26T00:52:37" DepthTag="1.129">0.867 13.418 41.287 0.000 53.595 13.418 </Samples>
		<Samples TimeTag="2024-12-26T00:52:44" DepthTag="1.230">0.946 14.581 40.046 0.000 51.281 14.581 </Samples>
		<Samples TimeTag="2024-12-26T00:52:52" DepthTag="1.331">0.742 14.764 39.624 0.000 53.699 14.764 </Samples>
		<Samples TimeTag="2024-12-26T00:53:01" DepthTag="1.433">0.649 14.703 39.502 0.000 46.900 14.703 </Samples>
		<Samples TimeTag="2024-12-26T00:53:34" DepthTag="1.557">0.749 4.330 25.516 0.000 35.339 4.330 </Samples>
		<Samples TimeTag="2024-12-26T00:53:39" DepthTag="1.659">1.272 13.250 42.622 0.000 50.279 13.250 </Samples>
		<Samples TimeTag="2024-12-26T00:53:43" DepthTag="1.759">1.593 15.514 40.530 0.000 41.459 15.514 </Samples>
		<Samples TimeTag="2024-12-26T00:53:46" DepthTag="1.861">1.909 16.417 38.757 0.000 35.420 16.417 </Samples>
		<Samples TimeTag="2024-12-26T00:53:49" DepthTag="1.964">2.025 16.983 40.319 0.000 43.716 16.983 </Samples>
		<Samples TimeTag="2024-12-26T00:53:54" DepthTag="2.066">1.272 17.320 41.123 0.000 51.923 17.320 </Samples>
		<Samples TimeTag="2024-12-26T00:54:00" DepthTag="2.166">1.094 17.518 41.351 0.000 55.707 17.518 </Samples>
		<Samples TimeTag="2024-12-26T00:54:04" DepthTag="2.268">1.306 17.671 38.080 0.000 49.588 17.671 </Samples>
		<Samples TimeTag="2024-12-26T00:54:09" DepthTag="2.369">1.373 17.825 39.936 0.000 50.279 17.825 </Samples>
		<Samples TimeTag="2024-12-26T00:54:12" DepthTag="2.469">1.784 17.901 40.655 0.000 52.108 17.901 </Samples>
		<Samples TimeTag="2024-12-26T00:54:49" DepthTag="2.570">0.481 5.768 29.146 0.000 30.177 5.768 </Samples>
		<Samples TimeTag="2024-12-26T00:54:58" DepthTag="2.674">0.683 16.142 38.945 0.000 51.727 16.142 </Samples>
		<Samples TimeTag="2024-12-26T00:55:01" DepthTag="2.778">2.048 16.784 39.304 0.000 38.556 16.784 </Samples>
		<Samples TimeTag="2024-12-26T00:55:05" DepthTag="2.879">1.513 17.304 40.592 0.000 47.688 17.304 </Samples>
		<Samples TimeTag="2024-12-26T00:55:08" DepthTag="2.982">1.932 17.580 38.776 0.000 42.455 17.580 </Samples>
		<Samples TimeTag="2024-12-26T00:55:11" DepthTag="3.089">2.662 17.748 38.324 0.000 35.659 17.748 </Samples>
		<Samples TimeTag="2024-12-26T00:55:13" DepthTag="3.190">2.602 17.870 40.046 0.000 36.150 17.870 </Samples>
		<Samples TimeTag="2024-12-26T00:55:16" DepthTag="3.293">2.200 17.886 40.040 0.000 37.300 17.886 </Samples>
		<Samples TimeTag="2024-12-26T00:55:18" DepthTag="3.396">2.572 18.008 40.499 0.000 37.335 18.008 </Samples>
		<Samples TimeTag="2024-12-26T00:55:24" DepthTag="3.498">1.091 17.978 40.736 0.000 46.952 17.978 </Samples>
		<Samples TimeTag="2024-12-26T00:56:09" DepthTag="3.599">0.315 16.891 53.374 0.000 59.319 16.891 </Samples>
		<Samples TimeTag="2024-12-26T00:56:14" DepthTag="3.701">1.140 18.467 52.970 0.000 57.686 18.467 </Samples>
		<Samples TimeTag="2024-12-26T00:56:18" DepthTag="3.806">1.576 19.140 53.853 0.000 59.193 19.140 </Samples>
		<Samples TimeTag="2024-12-26T00:56:22" DepthTag="3.912">1.756 19.599 53.845 0.000 57.412 19.599 </Samples>
		<Samples TimeTag="2024-12-26T00:56:26" DepthTag="4.014">1.709 19.936 54.079 0.000 56.096 19.936 </Samples>
		<Samples TimeTag="2024-12-26T00:56:31" DepthTag="4.118">1.216 20.119 53.296 0.000 53.010 20.119 </Samples>
		<Samples TimeTag="2024-12-26T00:56:35" DepthTag="4.219">1.367 20.104 53.739 0.000 56.242 20.104 </Samples>
		<Samples TimeTag="2024-12-26T00:56:39" DepthTag="4.324">1.566 20.104 53.274 0.000 60.021 20.104 </Samples>
		<Samples TimeTag="2024-12-26T00:56:42" DepthTag="4.427">2.356 20.257 52.930 0.000 54.068 20.257 </Samples>
		<Samples TimeTag="2024-12-26T00:56:44" DepthTag="4.528">2.359 20.334 53.949 0.000 46.012 20.334 </Samples>
		<Samples TimeTag="2024-12-26T00:56:46" DepthTag="4.629">3.019 20.364 53.572 0.000 39.903 20.364 </Samples>
		<Samples TimeTag="2024-12-26T00:56:49" DepthTag="4.738">2.548 20.349 53.727 0.000 47.217 20.349 </Samples>
		<Samples TimeTag="2024-12-26T00:56:51" DepthTag="4.847">2.909 20.395 54.019 0.000 47.182 20.395 </Samples>
		<Samples TimeTag="2024-12-26T00:56:54" DepthTag="4.950">2.405 20.410 55.318 0.000 50.397 20.410 </Samples>
		<Samples TimeTag="2024-12-26T00:56:57" DepthTag="5.050">1.976 20.456 55.151 0.000 50.141 20.456 </Samples>
		<Samples TimeTag="2024-12-26T00:57:00" DepthTag="5.154">1.933 20.380 53.449 0.000 47.083 20.380 </Samples>
		<Samples TimeTag="2024-12-26T00:57:02" DepthTag="5.255">2.533 20.471 52.748 0.000 50.018 20.471 </Samples>
		<Samples TimeTag="2024-12-26T00:57:05" DepthTag="5.363">2.789 20.594 53.441 0.000 37.973 20.594 </Samples>
		<Samples TimeTag="2024-12-26T00:57:07" DepthTag="5.467">2.357 20.732 54.397 0.000 34.132 20.732 </Samples>
		<Samples TimeTag="2024-12-26T00:57:10" DepthTag="5.568">2.513 20.900 52.202 0.000 35.050 20.900 </Samples>
		<Samples TimeTag="2024-12-26T00:57:12" DepthTag="5.680">3.803 20.777 52.888 0.000 46.742 20.777 </Samples>
		<Samples TimeTag="2024-12-26T00:57:13" DepthTag="5.786">5.286 20.762 52.040 0.000 41.408 20.762 </Samples>
		<Samples TimeTag="2024-12-26T00:57:14" DepthTag="5.892">3.960 20.670 54.178 0.000 44.406 20.670 </Samples>
		<Samples TimeTag="2024-12-26T00:57:16" DepthTag="5.996">3.404 20.686 54.542 0.000 50.020 20.686 </Samples>
		<Samples TimeTag="2024-12-26T00:57:18" DepthTag="6.103">3.642 20.624 53.521 0.000 45.156 20.624 </Samples>
		<Samples TimeTag="2024-12-26T00:57:20" DepthTag="6.207">3.876 20.594 53.841 0.000 45.536 20.594 </Samples>
		<Samples TimeTag="2024-12-26T00:57:22" DepthTag="6.314">3.198 20.410 56.288 0.000 48.054 20.410 </Samples>
		<Samples TimeTag="2024-12-26T00:57:25" DepthTag="6.421">1.782 20.196 54.095 0.000 52.863 20.196 </Samples>
		<Samples TimeTag="2024-12-26T00:57:28" DepthTag="6.522">2.029 20.028 54.184 0.000 50.451 20.028 </Samples>
		<Samples TimeTag="2024-12-26T00:57:31" DepthTag="6.623">2.160 20.028 53.282 0.000 44.787 20.028 </Samples>
		<Samples TimeTag="2024-12-26T00:57:33" DepthTag="6.733">2.738 20.150 53.385 0.000 38.873 20.150 </Samples>
		<Samples TimeTag="2024-12-26T00:57:36" DepthTag="6.840">2.690 20.196 54.378 0.000 43.090 20.196 </Samples>
		<Samples TimeTag="2024-12-26T00:57:39" DepthTag="6.941">1.890 20.273 54.593 0.000 47.456 20.273 </Samples>
		<Samples TimeTag="2024-12-26T00:57:42" DepthTag="7.046">1.860 20.257 51.791 0.000 51.967 20.257 </Samples>
		<Samples TimeTag="2024-12-26T00:57:45" DepthTag="7.158">2.997 19.615 39.855 0.000 42.766 19.615 </Samples>
		<Samples TimeTag="2024-12-26T00:58:34" DepthTag="7.263">0.857 5.187 12.270 0.000 28.425 5.187 </Samples>
	</CompactMWDdata>
	<IR:GenTrailer>
		<IR:FileCloseDate>2024-12-26T01:00:36</IR:FileCloseDate>
		<IR:ChkSum>4021745084</IR:ChkSum>
	</IR:GenTrailer>
</DRMWD>
