<?xml version="1.0" encoding="UTF-8"?>
<!-- Generated by the RCS System Epiroc Rock Drills AB -->
<DRMWD xmlns="http://www.iredes.org/xml/DrillRig" xmlns:IR="http://www.iredes.org/xml" xmlns:xsi="http://www.w3.org/2001/XMLSchema-instance" xsi:schemaLocation="http://www.iredes.org/xml/DrillRig C:\Iredes\IR_V1.2.3\xml\DR-DrillRig_V1.2\DrillRig.xsd" IRVersion="V 1.2AC" IRDownwCompat="V 1.2AC" DRMWDDownwCompat="V 1.2AC" DRMWDVersion="V 1.2AC">
	<IR:GenHead>
		<IR:FileCreateDate>2024-12-26T15:21:55</IR:FileCreateDate>
		<IR:IRversion DownwCompat="V 1.0">V 1.2AC</IR:IRversion>
		<IR:EquipmentInfo>
			<IR:EqpManufact>Epiroc</IR:EqpManufact>
			<IR:EqpType>SmartROC D65</IR:EqpType>
			<IR:EqpSerNo>8992013064</IR:EqpSerNo>
			<IR:EqpSysVer>6.28.1</IR:EqpSysVer>
			<IR:EqpInfo>DrillingMethod: DTH</IR:EqpInfo>
		</IR:EquipmentInfo>
	</IR:GenHead>
	<IR:ReportId>MWDRI261521</IR:ReportId>
	<IR:StartLogTime>2024-12-26T15:09:53</IR:StartLogTime>
	<IR:EndLogTime>2024-12-26T15:19:09</IR:EndLogTime>
	<IR:PlanIdRef>FRD03_11_0626_001_All</IR:PlanIdRef>
	<IR:PlanNameRef>FRD03_11_0626_001_All</IR:PlanNameRef>
	<MWDholeId>G4</MWDholeId>
	<QualityReportIdRef>DQRI261457</QualityReportIdRef>
	<SampleDistance>0.100</SampleDistance>
	<CompactMWDdata>
		<MWDparams>
			<Parameter Unit="m/min" Full="PenetrRate">PR</Parameter>
			<Parameter Unit="Bar" Full="PercPressure">PP</Parameter>
			<Parameter Unit="Bar" Full="FeedPressure">FP</Parameter>
			<Parameter Unit="Bar" Full="DampPressure">DP</Parameter>
			<Parameter Unit="Bar" Full="RotPressure">RP</Parameter>
			<Parameter Unit="Bar" Full="FlushPressure">FLP</Parameter>
		</MWDparams>
		<Samples TimeTag="2024-12-26T15:09:53" DepthTag="0.101">2.106 7.558 21.352 0.000 20.972 7.558 </Samples>
		<Samples TimeTag="2024-12-26T15:09:57" DepthTag="0.203">1.782 11.705 46.486 0.000 20.972 11.705 </Samples>
		<Samples TimeTag="2024-12-26T15:10:02" DepthTag="0.305">1.173 14.351 36.764 0.000 36.257 14.351 </Samples>
		<Samples TimeTag="2024-12-26T15:10:04" DepthTag="0.410">3.259 14.458 38.018 0.000 45.349 14.458 </Samples>
		<Samples TimeTag="2024-12-26T15:10:06" DepthTag="0.515">3.141 14.550 34.106 0.000 39.097 14.550 </Samples>
		<Samples TimeTag="2024-12-26T15:10:26" DepthTag="0.618">0.901 12.133 39.529 0.000 49.048 12.133 </Samples>
		<Samples TimeTag="2024-12-26T15:10:28" DepthTag="0.719">2.803 13.403 41.552 0.000 51.342 13.403 </Samples>
		<Samples TimeTag="2024-12-26T15:10:31" DepthTag="0.821">1.994 14.657 42.074 0.000 42.284 14.657 </Samples>
		<Samples TimeTag="2024-12-26T15:10:37" DepthTag="0.921">0.977 9.532 35.075 0.000 37.694 9.532 </Samples>
		<Samples TimeTag="2024-12-26T15:11:13" DepthTag="1.025">1.053 8.354 40.728 0.000 53.977 8.354 </Samples>
		<Samples TimeTag="2024-12-26T15:11:18" DepthTag="1.137">1.325 10.113 35.379 0.000 47.096 10.113 </Samples>
		<Samples TimeTag="2024-12-26T15:11:20" DepthTag="1.244">2.498 12.056 40.281 0.000 45.197 12.056 </Samples>
		<Samples TimeTag="2024-12-26T15:11:24" DepthTag="1.345">1.690 14.198 38.283 0.000 44.792 14.198 </Samples>
		<Samples TimeTag="2024-12-26T15:11:26" DepthTag="1.456">2.751 14.520 38.812 0.000 40.462 14.520 </Samples>
		<Samples TimeTag="2024-12-26T15:12:37" DepthTag="1.571">1.105 15.315 37.530 0.000 38.569 15.315 </Samples>
		<Samples TimeTag="2024-12-26T15:12:39" DepthTag="1.673">2.383 16.142 43.242 0.000 35.282 16.142 </Samples>
		<Samples TimeTag="2024-12-26T15:12:43" DepthTag="1.779">1.840 16.799 40.945 0.000 34.127 16.799 </Samples>
		<Samples TimeTag="2024-12-26T15:12:49" DepthTag="1.880">0.945 17.258 41.213 0.000 46.448 17.258 </Samples>
		<Samples TimeTag="2024-12-26T15:12:55" DepthTag="1.980">1.017 17.258 38.976 0.000 40.434 17.258 </Samples>
		<Samples TimeTag="2024-12-26T15:12:59" DepthTag="2.084">1.727 17.396 39.294 0.000 36.916 17.396 </Samples>
		<Samples TimeTag="2024-12-26T15:13:03" DepthTag="2.187">1.536 17.442 39.922 0.000 35.463 17.442 </Samples>
		<Samples TimeTag="2024-12-26T15:13:07" DepthTag="2.288">1.511 17.564 41.662 0.000 47.027 17.564 </Samples>
		<Samples TimeTag="2024-12-26T15:13:14" DepthTag="2.392">0.823 17.442 39.413 0.000 47.996 17.442 </Samples>
		<Samples TimeTag="2024-12-26T15:13:21" DepthTag="2.495">1.099 17.687 40.199 0.000 47.618 17.687 </Samples>
		<Samples TimeTag="2024-12-26T15:14:04" DepthTag="2.599">0.313 15.530 40.961 0.000 43.363 15.530 </Samples>
		<Samples TimeTag="2024-12-26T15:14:09" DepthTag="2.700">1.251 16.601 38.142 0.000 38.570 16.601 </Samples>
		<Samples TimeTag="2024-12-26T15:14:11" DepthTag="2.805">2.256 16.922 38.366 0.000 32.067 16.922 </Samples>
		<Samples TimeTag="2024-12-26T15:14:14" DepthTag="2.911">2.641 17.228 39.238 0.000 30.943 17.228 </Samples>
		<Samples TimeTag="2024-12-26T15:14:17" DepthTag="3.015">2.106 17.320 38.555 0.000 38.048 17.320 </Samples>
		<Samples TimeTag="2024-12-26T15:14:20" DepthTag="3.118">1.923 17.320 39.587 0.000 40.241 17.320 </Samples>
		<Samples TimeTag="2024-12-26T15:14:24" DepthTag="3.221">1.395 17.320 41.238 0.000 43.890 17.320 </Samples>
		<Samples TimeTag="2024-12-26T15:14:28" DepthTag="3.323">1.818 17.488 38.841 0.000 41.363 17.488 </Samples>
		<Samples TimeTag="2024-12-26T15:14:31" DepthTag="3.425">2.192 17.595 40.508 0.000 37.336 17.595 </Samples>
		<Samples TimeTag="2024-12-26T15:15:33" DepthTag="3.525">0.239 17.993 120.612 0.000 20.449 17.993 </Samples>
		<Samples TimeTag="2024-12-26T15:15:59" DepthTag="3.626">0.239 18.131 120.151 0.000 20.544 18.131 </Samples>
		<Samples TimeTag="2024-12-26T15:16:21" DepthTag="3.726">0.270 23.409 120.283 0.000 20.121 23.409 </Samples>
		<Samples TimeTag="2024-12-26T15:16:26" DepthTag="3.828">1.114 21.053 119.534 0.000 20.212 21.053 </Samples>
		<Samples TimeTag="2024-12-26T15:16:34" DepthTag="3.928">0.819 19.507 119.820 0.000 20.161 19.507 </Samples>
		<Samples TimeTag="2024-12-26T15:16:40" DepthTag="4.046">1.467 9.945 37.080 0.000 38.312 9.945 </Samples>
		<Samples TimeTag="2024-12-26T15:16:45" DepthTag="4.148">1.383 14.963 44.632 0.000 47.254 14.963 </Samples>
		<Samples TimeTag="2024-12-26T15:16:50" DepthTag="4.248">1.086 16.371 40.816 0.000 40.747 16.371 </Samples>
		<Samples TimeTag="2024-12-26T15:16:57" DepthTag="4.349">0.893 17.044 39.444 0.000 38.561 17.044 </Samples>
		<Samples TimeTag="2024-12-26T15:17:01" DepthTag="4.452">1.475 17.304 39.914 0.000 40.752 17.304 </Samples>
		<Samples TimeTag="2024-12-26T15:17:06" DepthTag="4.556">1.347 17.457 39.746 0.000 41.750 17.457 </Samples>
		<Samples TimeTag="2024-12-26T15:17:10" DepthTag="4.660">1.655 17.534 40.980 0.000 44.826 17.534 </Samples>
		<Samples TimeTag="2024-12-26T15:17:16" DepthTag="4.761">1.004 17.641 41.021 0.000 41.423 17.641 </Samples>
		<Samples TimeTag="2024-12-26T15:17:19" DepthTag="4.868">1.702 17.656 38.175 0.000 37.617 17.656 </Samples>
		<Samples TimeTag="2024-12-26T15:17:22" DepthTag="4.972">2.222 17.733 39.048 0.000 36.575 17.733 </Samples>
		<Samples TimeTag="2024-12-26T15:17:25" DepthTag="5.075">2.211 17.794 39.296 0.000 41.879 17.794 </Samples>
		<Samples TimeTag="2024-12-26T15:17:27" DepthTag="5.177">3.058 17.870 40.287 0.000 37.248 17.870 </Samples>
		<Samples TimeTag="2024-12-26T15:17:29" DepthTag="5.277">2.999 17.901 40.121 0.000 33.556 17.901 </Samples>
		<Samples TimeTag="2024-12-26T15:17:32" DepthTag="5.379">2.178 17.901 40.254 0.000 31.754 17.901 </Samples>
		<Samples TimeTag="2024-12-26T15:17:35" DepthTag="5.482">2.075 17.962 40.408 0.000 32.607 17.962 </Samples>
		<Samples TimeTag="2024-12-26T15:17:38" DepthTag="5.585">2.032 17.993 40.053 0.000 34.054 17.993 </Samples>
		<Samples TimeTag="2024-12-26T15:17:40" DepthTag="5.685">3.406 18.039 36.955 0.000 36.872 18.039 </Samples>
		<Samples TimeTag="2024-12-26T15:17:41" DepthTag="5.790">4.354 18.023 39.118 0.000 32.978 18.023 </Samples>
		<Samples TimeTag="2024-12-26T15:17:44" DepthTag="5.897">2.505 18.605 40.916 0.000 36.969 18.605 </Samples>
		<Samples TimeTag="2024-12-26T15:17:47" DepthTag="6.008">1.934 18.406 39.412 0.000 45.704 18.406 </Samples>
		<Samples TimeTag="2024-12-26T15:17:49" DepthTag="6.112">2.600 18.314 39.849 0.000 40.902 18.314 </Samples>
		<Samples TimeTag="2024-12-26T15:17:51" DepthTag="6.219">3.186 18.314 38.285 0.000 43.286 18.314 </Samples>
		<Samples TimeTag="2024-12-26T15:17:54" DepthTag="6.326">2.365 18.268 40.385 0.000 46.402 18.268 </Samples>
		<Samples TimeTag="2024-12-26T15:17:57" DepthTag="6.428">2.532 18.284 40.337 0.000 39.563 18.284 </Samples>
		<Samples TimeTag="2024-12-26T15:17:59" DepthTag="6.537">2.720 18.284 39.163 0.000 39.976 18.284 </Samples>
		<Samples TimeTag="2024-12-26T15:18:01" DepthTag="6.640">2.582 18.329 38.456 0.000 40.787 18.329 </Samples>
		<Samples TimeTag="2024-12-26T15:18:04" DepthTag="6.742">2.525 18.391 39.940 0.000 42.825 18.391 </Samples>
		<Samples TimeTag="2024-12-26T15:18:06" DepthTag="6.847">2.810 18.360 39.983 0.000 45.338 18.360 </Samples>
		<Samples TimeTag="2024-12-26T15:18:08" DepthTag="6.947">2.587 18.681 41.836 0.000 37.687 18.681 </Samples>
		<Samples TimeTag="2024-12-26T15:18:14" DepthTag="7.050">1.132 18.452 41.114 0.000 51.612 18.452 </Samples>
		<Samples TimeTag="2024-12-26T15:18:23" DepthTag="7.151">0.630 17.901 40.385 0.000 41.461 17.901 </Samples>
		<Samples TimeTag="2024-12-26T15:18:50" DepthTag="7.253">1.962 3.963 23.457 0.000 26.597 3.963 </Samples>
		<Samples TimeTag="2024-12-26T15:18:56" DepthTag="7.356">1.099 13.785 38.771 0.000 47.372 13.785 </Samples>
		<Samples TimeTag="2024-12-26T15:19:03" DepthTag="7.459">0.940 16.555 40.827 0.000 47.037 16.555 </Samples>
		<Samples TimeTag="2024-12-26T15:19:06" DepthTag="7.560">1.751 16.891 39.946 0.000 48.410 16.891 </Samples>
		<Samples TimeTag="2024-12-26T15:19:09" DepthTag="7.664">1.945 17.197 38.942 0.000 52.032 17.197 </Samples>
	</CompactMWDdata>
	<IR:GenTrailer>
		<IR:FileCloseDate>2024-12-26T15:21:55</IR:FileCloseDate>
		<IR:ChkSum>2839266787</IR:ChkSum>
	</IR:GenTrailer>
</DRMWD>
