<?xml version="1.0" encoding="UTF-8"?>
<!-- Generated by the RCS System Epiroc Rock Drills AB -->
<DRMWD xmlns="http://www.iredes.org/xml/DrillRig" xmlns:IR="http://www.iredes.org/xml" xmlns:xsi="http://www.w3.org/2001/XMLSchema-instance" xsi:schemaLocation="http://www.iredes.org/xml/DrillRig C:\Iredes\IR_V1.2.3\xml\DR-DrillRig_V1.2\DrillRig.xsd" IRVersion="V 1.2AC" IRDownwCompat="V 1.2AC" DRMWDDownwCompat="V 1.2AC" DRMWDVersion="V 1.2AC">
	<IR:GenHead>
		<IR:FileCreateDate>2024-12-26T10:44:35</IR:FileCreateDate>
		<IR:IRversion DownwCompat="V 1.0">V 1.2AC</IR:IRversion>
		<IR:EquipmentInfo>
			<IR:EqpManufact>Epiroc</IR:EqpManufact>
			<IR:EqpType>SmartROC D65</IR:EqpType>
			<IR:EqpSerNo>8992013064</IR:EqpSerNo>
			<IR:EqpSysVer>6.28.1</IR:EqpSysVer>
			<IR:EqpInfo>DrillingMethod: DTH</IR:EqpInfo>
		</IR:EquipmentInfo>
	</IR:GenHead>
	<IR:ReportId>MWDRI261044</IR:ReportId>
	<IR:StartLogTime>2024-12-26T10:37:54</IR:StartLogTime>
	<IR:EndLogTime>2024-12-26T10:43:11</IR:EndLogTime>
	<IR:PlanIdRef>FRD03_11_0632_002_All</IR:PlanIdRef>
	<IR:PlanNameRef>FRD03_11_0632_002_All</IR:PlanNameRef>
	<MWDholeId>B1</MWDholeId>
	<QualityReportIdRef>DQRI252345</QualityReportIdRef>
	<SampleDistance>0.100</SampleDistance>
	<CompactMWDdata>
		<MWDparams>
			<Parameter Unit="m/min" Full="PenetrRate">PR</Parameter>
			<Parameter Unit="Bar" Full="PercPressure">PP</Parameter>
			<Parameter Unit="Bar" Full="FeedPressure">FP</Parameter>
			<Parameter Unit="Bar" Full="DampPressure">DP</Parameter>
			<Parameter Unit="Bar" Full="RotPressure">RP</Parameter>
			<Parameter Unit="Bar" Full="FlushPressure">FLP</Parameter>
		</MWDparams>
		<Samples TimeTag="2024-12-26T10:37:54" DepthTag="0.103">2.197 9.960 46.028 0.000 21.517 9.960 </Samples>
		<Samples TimeTag="2024-12-26T10:37:57" DepthTag="0.210">2.011 12.760 39.111 0.000 21.412 12.760 </Samples>
		<Samples TimeTag="2024-12-26T10:38:00" DepthTag="0.316">2.637 14.091 41.082 0.000 31.655 14.091 </Samples>
		<Samples TimeTag="2024-12-26T10:38:02" DepthTag="0.419">2.558 14.520 40.923 0.000 32.770 14.520 </Samples>
		<Samples TimeTag="2024-12-26T10:38:05" DepthTag="0.519">2.494 14.979 42.927 0.000 36.303 14.979 </Samples>
		<Samples TimeTag="2024-12-26T10:38:08" DepthTag="0.621">1.700 15.116 41.988 0.000 52.788 15.116 </Samples>
		<Samples TimeTag="2024-12-26T10:38:12" DepthTag="0.722">1.793 15.101 40.203 0.000 49.092 15.101 </Samples>
		<Samples TimeTag="2024-12-26T10:38:41" DepthTag="0.823">0.533 13.571 43.368 0.000 53.603 13.571 </Samples>
		<Samples TimeTag="2024-12-26T10:38:47" DepthTag="0.926">1.176 14.795 39.905 0.000 51.618 14.795 </Samples>
		<Samples TimeTag="2024-12-26T10:38:51" DepthTag="1.032">1.591 14.918 38.743 0.000 50.468 14.918 </Samples>
		<Samples TimeTag="2024-12-26T10:38:54" DepthTag="1.135">1.710 15.009 41.129 0.000 55.925 15.009 </Samples>
		<Samples TimeTag="2024-12-26T10:38:58" DepthTag="1.237">1.471 15.055 40.969 0.000 52.763 15.055 </Samples>
		<Samples TimeTag="2024-12-26T10:39:32" DepthTag="1.338">0.870 15.239 43.841 0.000 49.737 15.239 </Samples>
		<Samples TimeTag="2024-12-26T10:39:37" DepthTag="1.444">1.367 15.269 39.896 0.000 38.017 15.269 </Samples>
		<Samples TimeTag="2024-12-26T10:39:41" DepthTag="1.545">1.505 15.269 41.397 0.000 45.323 15.269 </Samples>
		<Samples TimeTag="2024-12-26T10:39:45" DepthTag="1.648">1.643 15.101 39.480 0.000 45.174 15.101 </Samples>
		<Samples TimeTag="2024-12-26T10:39:49" DepthTag="1.754">1.593 14.260 34.657 0.000 43.633 14.260 </Samples>
		<Samples TimeTag="2024-12-26T10:40:27" DepthTag="1.860">0.699 12.913 44.526 0.000 50.217 12.913 </Samples>
		<Samples TimeTag="2024-12-26T10:40:31" DepthTag="1.963">1.313 15.530 40.638 0.000 43.091 15.530 </Samples>
		<Samples TimeTag="2024-12-26T10:40:34" DepthTag="2.067">2.204 16.432 38.212 0.000 33.299 16.432 </Samples>
		<Samples TimeTag="2024-12-26T10:40:37" DepthTag="2.170">2.581 16.937 39.173 0.000 32.650 16.937 </Samples>
		<Samples TimeTag="2024-12-26T10:40:39" DepthTag="2.271">2.281 17.580 40.210 0.000 33.143 17.580 </Samples>
		<Samples TimeTag="2024-12-26T10:40:42" DepthTag="2.372">1.902 17.763 40.204 0.000 39.024 17.763 </Samples>
		<Samples TimeTag="2024-12-26T10:40:46" DepthTag="2.474">1.807 17.794 40.437 0.000 41.607 17.794 </Samples>
		<Samples TimeTag="2024-12-26T10:40:49" DepthTag="2.574">1.675 17.809 40.455 0.000 41.071 17.809 </Samples>
		<Samples TimeTag="2024-12-26T10:40:53" DepthTag="2.676">1.893 17.840 40.097 0.000 43.292 17.840 </Samples>
		<Samples TimeTag="2024-12-26T10:41:24" DepthTag="2.801">1.044 4.269 20.193 0.000 28.411 4.269 </Samples>
		<Samples TimeTag="2024-12-26T10:41:27" DepthTag="2.904">1.928 11.077 44.632 0.000 59.304 11.077 </Samples>
		<Samples TimeTag="2024-12-26T10:41:30" DepthTag="3.006">2.163 14.642 42.484 0.000 36.454 14.642 </Samples>
		<Samples TimeTag="2024-12-26T10:41:33" DepthTag="3.110">2.000 16.142 40.026 0.000 35.159 16.142 </Samples>
		<Samples TimeTag="2024-12-26T10:41:36" DepthTag="3.214">2.355 16.922 39.113 0.000 36.877 16.922 </Samples>
		<Samples TimeTag="2024-12-26T10:41:37" DepthTag="3.331">4.386 17.197 27.272 0.000 27.778 17.197 </Samples>
		<Samples TimeTag="2024-12-26T10:41:39" DepthTag="3.443">3.812 17.427 36.960 0.000 34.678 17.427 </Samples>
		<Samples TimeTag="2024-12-26T10:41:40" DepthTag="3.544">4.210 17.503 39.837 0.000 37.461 17.503 </Samples>
		<Samples TimeTag="2024-12-26T10:41:42" DepthTag="3.654">3.291 17.580 42.308 0.000 43.978 17.580 </Samples>
		<Samples TimeTag="2024-12-26T10:41:45" DepthTag="3.755">2.502 16.264 24.763 0.000 36.025 16.264 </Samples>
		<Samples TimeTag="2024-12-26T10:42:14" DepthTag="3.855">1.214 8.063 43.968 0.000 51.761 8.063 </Samples>
		<Samples TimeTag="2024-12-26T10:42:17" DepthTag="3.963">2.016 14.229 50.919 0.000 48.140 14.229 </Samples>
		<Samples TimeTag="2024-12-26T10:42:19" DepthTag="4.071">3.235 15.790 52.339 0.000 46.391 15.790 </Samples>
		<Samples TimeTag="2024-12-26T10:42:21" DepthTag="4.177">3.285 16.631 53.623 0.000 53.479 16.631 </Samples>
		<Samples TimeTag="2024-12-26T10:42:24" DepthTag="4.282">2.238 17.534 55.686 0.000 54.517 17.534 </Samples>
		<Samples TimeTag="2024-12-26T10:42:29" DepthTag="4.382">1.251 18.284 55.577 0.000 50.563 18.284 </Samples>
		<Samples TimeTag="2024-12-26T10:42:34" DepthTag="4.483">1.166 18.666 53.640 0.000 49.847 18.666 </Samples>
		<Samples TimeTag="2024-12-26T10:42:36" DepthTag="4.586">3.097 18.911 51.340 0.000 40.526 18.911 </Samples>
		<Samples TimeTag="2024-12-26T10:42:38" DepthTag="4.697">2.758 19.079 54.201 0.000 38.566 19.079 </Samples>
		<Samples TimeTag="2024-12-26T10:42:41" DepthTag="4.798">2.518 19.247 53.549 0.000 40.890 19.247 </Samples>
		<Samples TimeTag="2024-12-26T10:42:43" DepthTag="4.903">2.607 19.370 53.031 0.000 40.334 19.370 </Samples>
		<Samples TimeTag="2024-12-26T10:42:45" DepthTag="5.010">2.973 19.477 53.441 0.000 39.922 19.477 </Samples>
		<Samples TimeTag="2024-12-26T10:42:48" DepthTag="5.113">2.192 19.507 54.271 0.000 46.476 19.507 </Samples>
		<Samples TimeTag="2024-12-26T10:42:52" DepthTag="5.216">1.720 19.507 53.496 0.000 50.311 19.507 </Samples>
		<Samples TimeTag="2024-12-26T10:42:55" DepthTag="5.321">1.860 19.538 54.298 0.000 56.967 19.538 </Samples>
		<Samples TimeTag="2024-12-26T10:43:00" DepthTag="5.422">1.379 19.477 54.565 0.000 51.310 19.477 </Samples>
		<Samples TimeTag="2024-12-26T10:43:03" DepthTag="5.526">1.619 19.523 52.842 0.000 52.607 19.523 </Samples>
		<Samples TimeTag="2024-12-26T10:43:06" DepthTag="5.629">2.409 19.645 52.374 0.000 42.611 19.645 </Samples>
		<Samples TimeTag="2024-12-26T10:43:09" DepthTag="5.731">2.376 19.599 44.210 0.000 35.806 19.599 </Samples>
		<Samples TimeTag="2024-12-26T10:43:11" DepthTag="5.831">2.275 18.834 42.108 0.000 36.071 18.834 </Samples>
	</CompactMWDdata>
	<IR:GenTrailer>
		<IR:FileCloseDate>2024-12-26T10:44:35</IR:FileCloseDate>
		<IR:ChkSum>3515440440</IR:ChkSum>
	</IR:GenTrailer>
</DRMWD>
