<?xml version="1.0" encoding="UTF-8"?>
<!-- Generated by the RCS System Epiroc Rock Drills AB -->
<DRMWD xmlns="http://www.iredes.org/xml/DrillRig" xmlns:IR="http://www.iredes.org/xml" xmlns:xsi="http://www.w3.org/2001/XMLSchema-instance" xsi:schemaLocation="http://www.iredes.org/xml/DrillRig C:\Iredes\IR_V1.2.3\xml\DR-DrillRig_V1.2\DrillRig.xsd" IRVersion="V 1.2AC" IRDownwCompat="V 1.2AC" DRMWDDownwCompat="V 1.2AC" DRMWDVersion="V 1.2AC">
	<IR:GenHead>
		<IR:FileCreateDate>2024-12-26T03:47:26</IR:FileCreateDate>
		<IR:IRversion DownwCompat="V 1.0">V 1.2AC</IR:IRversion>
		<IR:EquipmentInfo>
			<IR:EqpManufact>Epiroc</IR:EqpManufact>
			<IR:EqpType>SmartROC D65</IR:EqpType>
			<IR:EqpSerNo>8992013064</IR:EqpSerNo>
			<IR:EqpSysVer>6.28.1</IR:EqpSysVer>
			<IR:EqpInfo>DrillingMethod: DTH</IR:EqpInfo>
		</IR:EquipmentInfo>
	</IR:GenHead>
	<IR:ReportId>MWDRI260347</IR:ReportId>
	<IR:StartLogTime>2024-12-26T03:38:33</IR:StartLogTime>
	<IR:EndLogTime>2024-12-26T03:46:21</IR:EndLogTime>
	<IR:PlanIdRef>FRD03_11_0632_002_All</IR:PlanIdRef>
	<IR:PlanNameRef>FRD03_11_0632_002_All</IR:PlanNameRef>
	<MWDholeId>D7</MWDholeId>
	<QualityReportIdRef>DQRI252345</QualityReportIdRef>
	<SampleDistance>0.100</SampleDistance>
	<CompactMWDdata>
		<MWDparams>
			<Parameter Unit="m/min" Full="PenetrRate">PR</Parameter>
			<Parameter Unit="Bar" Full="PercPressure">PP</Parameter>
			<Parameter Unit="Bar" Full="FeedPressure">FP</Parameter>
			<Parameter Unit="Bar" Full="DampPressure">DP</Parameter>
			<Parameter Unit="Bar" Full="RotPressure">RP</Parameter>
			<Parameter Unit="Bar" Full="FlushPressure">FLP</Parameter>
		</MWDparams>
		<Samples TimeTag="2024-12-26T03:38:33" DepthTag="0.109">1.214 10.067 22.776 0.000 20.539 10.067 </Samples>
		<Samples TimeTag="2024-12-26T03:38:37" DepthTag="0.212">1.833 13.066 42.529 0.000 20.544 13.066 </Samples>
		<Samples TimeTag="2024-12-26T03:38:40" DepthTag="0.314">1.700 14.275 41.033 0.000 20.544 14.275 </Samples>
		<Samples TimeTag="2024-12-26T03:38:44" DepthTag="0.417">1.915 14.657 42.450 0.000 49.284 14.657 </Samples>
		<Samples TimeTag="2024-12-26T03:39:07" DepthTag="0.517">0.586 7.834 47.533 0.000 58.678 7.834 </Samples>
		<Samples TimeTag="2024-12-26T03:39:13" DepthTag="0.619">1.020 13.372 41.705 0.000 54.986 13.372 </Samples>
		<Samples TimeTag="2024-12-26T03:39:20" DepthTag="0.722">0.884 14.764 40.849 0.000 53.529 14.764 </Samples>
		<Samples TimeTag="2024-12-26T03:39:30" DepthTag="0.823">0.643 15.101 39.597 0.000 49.875 15.101 </Samples>
		<Samples TimeTag="2024-12-26T03:39:39" DepthTag="0.926">0.670 15.147 38.831 0.000 56.988 15.147 </Samples>
		<Samples TimeTag="2024-12-26T03:40:08" DepthTag="1.026">0.547 5.294 41.179 0.000 46.002 5.294 </Samples>
		<Samples TimeTag="2024-12-26T03:40:17" DepthTag="1.127">0.670 14.030 41.230 0.000 57.169 14.030 </Samples>
		<Samples TimeTag="2024-12-26T03:40:23" DepthTag="1.229">0.907 14.841 39.392 0.000 49.910 14.841 </Samples>
		<Samples TimeTag="2024-12-26T03:40:30" DepthTag="1.330">0.914 15.086 39.495 0.000 53.324 15.086 </Samples>
		<Samples TimeTag="2024-12-26T03:40:36" DepthTag="1.433">1.036 15.178 39.382 0.000 50.592 15.178 </Samples>
		<Samples TimeTag="2024-12-26T03:41:09" DepthTag="1.538">0.613 6.258 39.217 0.000 43.995 6.258 </Samples>
		<Samples TimeTag="2024-12-26T03:41:17" DepthTag="1.642">0.796 15.805 40.894 0.000 54.612 15.805 </Samples>
		<Samples TimeTag="2024-12-26T03:41:22" DepthTag="1.747">1.305 16.906 39.841 0.000 50.574 16.906 </Samples>
		<Samples TimeTag="2024-12-26T03:41:26" DepthTag="1.847">1.531 17.411 39.208 0.000 47.773 17.411 </Samples>
		<Samples TimeTag="2024-12-26T03:41:30" DepthTag="1.949">1.526 17.779 39.231 0.000 46.365 17.779 </Samples>
		<Samples TimeTag="2024-12-26T03:41:34" DepthTag="2.050">1.431 17.947 40.100 0.000 44.476 17.947 </Samples>
		<Samples TimeTag="2024-12-26T03:41:39" DepthTag="2.151">1.319 18.069 40.242 0.000 47.608 18.069 </Samples>
		<Samples TimeTag="2024-12-26T03:41:44" DepthTag="2.252">1.085 18.161 41.300 0.000 47.109 18.161 </Samples>
		<Samples TimeTag="2024-12-26T03:41:49" DepthTag="2.359">1.447 18.222 38.357 0.000 47.640 18.222 </Samples>
		<Samples TimeTag="2024-12-26T03:41:52" DepthTag="2.462">2.096 18.268 37.814 0.000 39.914 18.268 </Samples>
		<Samples TimeTag="2024-12-26T03:42:24" DepthTag="2.580">0.909 5.661 21.172 0.000 25.153 5.661 </Samples>
		<Samples TimeTag="2024-12-26T03:42:29" DepthTag="2.683">1.098 14.611 42.374 0.000 42.683 14.611 </Samples>
		<Samples TimeTag="2024-12-26T03:42:35" DepthTag="2.785">0.992 16.662 40.481 0.000 44.352 16.662 </Samples>
		<Samples TimeTag="2024-12-26T03:42:40" DepthTag="2.891">1.440 17.350 37.874 0.000 42.903 17.350 </Samples>
		<Samples TimeTag="2024-12-26T03:42:43" DepthTag="2.995">1.849 17.610 39.094 0.000 39.689 17.610 </Samples>
		<Samples TimeTag="2024-12-26T03:42:47" DepthTag="3.097">1.441 17.809 39.667 0.000 44.372 17.809 </Samples>
		<Samples TimeTag="2024-12-26T03:42:52" DepthTag="3.199">1.227 17.947 42.165 0.000 45.496 17.947 </Samples>
		<Samples TimeTag="2024-12-26T03:42:59" DepthTag="3.299">0.867 17.763 40.737 0.000 48.769 17.763 </Samples>
		<Samples TimeTag="2024-12-26T03:43:07" DepthTag="3.402">0.822 17.978 39.834 0.000 49.774 17.978 </Samples>
		<Samples TimeTag="2024-12-26T03:43:12" DepthTag="3.504">1.295 18.085 38.337 0.000 43.773 18.085 </Samples>
		<Samples TimeTag="2024-12-26T03:43:51" DepthTag="3.605">0.488 11.062 43.198 0.000 63.264 11.062 </Samples>
		<Samples TimeTag="2024-12-26T03:43:57" DepthTag="3.706">0.971 17.289 53.918 0.000 59.383 17.289 </Samples>
		<Samples TimeTag="2024-12-26T03:44:03" DepthTag="3.809">1.072 18.834 52.546 0.000 54.883 18.834 </Samples>
		<Samples TimeTag="2024-12-26T03:44:08" DepthTag="3.914">1.208 19.660 54.117 0.000 56.834 19.660 </Samples>
		<Samples TimeTag="2024-12-26T03:44:16" DepthTag="4.014">0.796 19.875 53.989 0.000 56.063 19.875 </Samples>
		<Samples TimeTag="2024-12-26T03:44:24" DepthTag="4.115">0.700 19.844 54.516 0.000 53.655 19.844 </Samples>
		<Samples TimeTag="2024-12-26T03:44:30" DepthTag="4.217">1.054 20.196 53.719 0.000 60.439 20.196 </Samples>
		<Samples TimeTag="2024-12-26T03:44:34" DepthTag="4.317">1.447 20.533 53.727 0.000 60.635 20.533 </Samples>
		<Samples TimeTag="2024-12-26T03:44:40" DepthTag="4.417">1.025 20.747 54.216 0.000 55.720 20.747 </Samples>
		<Samples TimeTag="2024-12-26T03:44:44" DepthTag="4.518">1.370 20.793 53.159 0.000 57.018 20.793 </Samples>
		<Samples TimeTag="2024-12-26T03:44:49" DepthTag="4.624">1.388 20.839 53.191 0.000 58.215 20.839 </Samples>
		<Samples TimeTag="2024-12-26T03:44:53" DepthTag="4.728">1.649 20.823 53.926 0.000 56.141 20.823 </Samples>
		<Samples TimeTag="2024-12-26T03:44:57" DepthTag="4.836">1.523 20.869 53.756 0.000 57.639 20.869 </Samples>
		<Samples TimeTag="2024-12-26T03:45:00" DepthTag="4.941">1.870 20.854 54.572 0.000 54.339 20.854 </Samples>
		<Samples TimeTag="2024-12-26T03:45:03" DepthTag="5.045">2.444 20.869 53.609 0.000 48.614 20.869 </Samples>
		<Samples TimeTag="2024-12-26T03:45:06" DepthTag="5.153">2.127 20.900 53.393 0.000 51.971 20.900 </Samples>
		<Samples TimeTag="2024-12-26T03:45:08" DepthTag="5.261">2.689 21.007 54.372 0.000 43.182 21.007 </Samples>
		<Samples TimeTag="2024-12-26T03:45:12" DepthTag="5.367">1.984 21.129 53.759 0.000 44.842 21.129 </Samples>
		<Samples TimeTag="2024-12-26T03:45:14" DepthTag="5.470">2.203 21.083 53.170 0.000 49.333 21.083 </Samples>
		<Samples TimeTag="2024-12-26T03:45:16" DepthTag="5.575">3.148 21.068 53.823 0.000 48.331 21.068 </Samples>
		<Samples TimeTag="2024-12-26T03:45:19" DepthTag="5.679">2.427 21.038 53.534 0.000 51.318 21.038 </Samples>
		<Samples TimeTag="2024-12-26T03:45:22" DepthTag="5.785">2.478 21.007 54.056 0.000 49.214 21.007 </Samples>
		<Samples TimeTag="2024-12-26T03:45:24" DepthTag="5.889">2.581 20.930 53.682 0.000 52.784 20.930 </Samples>
		<Samples TimeTag="2024-12-26T03:45:26" DepthTag="5.993">3.122 20.930 54.628 0.000 50.109 20.930 </Samples>
		<Samples TimeTag="2024-12-26T03:45:28" DepthTag="6.099">2.646 20.900 52.366 0.000 55.432 20.900 </Samples>
		<Samples TimeTag="2024-12-26T03:45:31" DepthTag="6.202">2.741 20.854 54.633 0.000 52.974 20.854 </Samples>
		<Samples TimeTag="2024-12-26T03:45:33" DepthTag="6.306">2.692 20.854 48.418 0.000 53.690 20.854 </Samples>
		<Samples TimeTag="2024-12-26T03:45:36" DepthTag="6.407">1.984 19.538 43.376 0.000 45.081 19.538 </Samples>
		<Samples TimeTag="2024-12-26T03:46:21" DepthTag="6.529">1.156 5.722 15.393 0.000 23.121 5.722 </Samples>
	</CompactMWDdata>
	<IR:GenTrailer>
		<IR:FileCloseDate>2024-12-26T03:47:26</IR:FileCloseDate>
		<IR:ChkSum>2212640374</IR:ChkSum>
	</IR:GenTrailer>
</DRMWD>
