<?xml version="1.0" encoding="UTF-8"?>
<!-- Generated by the RCS System Epiroc Rock Drills AB -->
<DRMWD xmlns="http://www.iredes.org/xml/DrillRig" xmlns:IR="http://www.iredes.org/xml" xmlns:xsi="http://www.w3.org/2001/XMLSchema-instance" xsi:schemaLocation="http://www.iredes.org/xml/DrillRig C:\Iredes\IR_V1.2.3\xml\DR-DrillRig_V1.2\DrillRig.xsd" IRVersion="V 1.2AC" IRDownwCompat="V 1.2AC" DRMWDDownwCompat="V 1.2AC" DRMWDVersion="V 1.2AC">
	<IR:GenHead>
		<IR:FileCreateDate>2024-12-26T13:47:49</IR:FileCreateDate>
		<IR:IRversion DownwCompat="V 1.0">V 1.2AC</IR:IRversion>
		<IR:EquipmentInfo>
			<IR:EqpManufact>Epiroc</IR:EqpManufact>
			<IR:EqpType>SmartROC D65</IR:EqpType>
			<IR:EqpSerNo>8992013064</IR:EqpSerNo>
			<IR:EqpSysVer>6.28.1</IR:EqpSysVer>
			<IR:EqpInfo>DrillingMethod: DTH</IR:EqpInfo>
		</IR:EquipmentInfo>
	</IR:GenHead>
	<IR:ReportId>MWDRI261347</IR:ReportId>
	<IR:StartLogTime>2024-12-26T13:36:51</IR:StartLogTime>
	<IR:EndLogTime>2024-12-26T13:43:19</IR:EndLogTime>
	<IR:PlanIdRef>FRD03_11_0632_002_All</IR:PlanIdRef>
	<IR:PlanNameRef>FRD03_11_0632_002_All</IR:PlanNameRef>
	<MWDholeId>B9</MWDholeId>
	<QualityReportIdRef>DQRI261325</QualityReportIdRef>
	<SampleDistance>0.100</SampleDistance>
	<CompactMWDdata>
		<MWDparams>
			<Parameter Unit="m/min" Full="PenetrRate">PR</Parameter>
			<Parameter Unit="Bar" Full="PercPressure">PP</Parameter>
			<Parameter Unit="Bar" Full="FeedPressure">FP</Parameter>
			<Parameter Unit="Bar" Full="DampPressure">DP</Parameter>
			<Parameter Unit="Bar" Full="RotPressure">RP</Parameter>
			<Parameter Unit="Bar" Full="FlushPressure">FLP</Parameter>
		</MWDparams>
		<Samples TimeTag="2024-12-26T13:36:51" DepthTag="1.302">1.296 5.814 23.015 0.000 30.959 5.814 </Samples>
		<Samples TimeTag="2024-12-26T13:36:53" DepthTag="1.405">2.346 9.042 46.114 0.000 46.294 9.042 </Samples>
		<Samples TimeTag="2024-12-26T13:36:59" DepthTag="1.510">1.167 13.234 41.771 0.000 53.039 13.234 </Samples>
		<Samples TimeTag="2024-12-26T13:37:39" DepthTag="1.611">0.384 15.943 40.560 0.000 49.155 15.943 </Samples>
		<Samples TimeTag="2024-12-26T13:37:50" DepthTag="1.712">0.530 17.059 40.473 0.000 44.915 17.059 </Samples>
		<Samples TimeTag="2024-12-26T13:37:59" DepthTag="1.815">0.658 17.442 39.188 0.000 48.705 17.442 </Samples>
		<Samples TimeTag="2024-12-26T13:38:07" DepthTag="1.915">0.752 17.717 36.784 0.000 52.201 17.717 </Samples>
		<Samples TimeTag="2024-12-26T13:38:13" DepthTag="2.017">1.088 17.886 40.519 0.000 44.682 17.886 </Samples>
		<Samples TimeTag="2024-12-26T13:38:17" DepthTag="2.119">1.465 17.932 40.060 0.000 47.986 17.932 </Samples>
		<Samples TimeTag="2024-12-26T13:38:21" DepthTag="2.221">1.700 17.993 37.194 0.000 42.573 17.993 </Samples>
		<Samples TimeTag="2024-12-26T13:38:24" DepthTag="2.330">2.215 18.115 37.705 0.000 45.773 18.115 </Samples>
		<Samples TimeTag="2024-12-26T13:38:27" DepthTag="2.431">1.883 18.115 40.312 0.000 41.771 18.115 </Samples>
		<Samples TimeTag="2024-12-26T13:38:31" DepthTag="2.534">1.485 18.054 40.344 0.000 47.771 18.054 </Samples>
		<Samples TimeTag="2024-12-26T13:39:06" DepthTag="2.636">0.513 9.761 45.925 0.000 62.171 9.761 </Samples>
		<Samples TimeTag="2024-12-26T13:39:12" DepthTag="2.739">1.101 15.468 39.771 0.000 49.780 15.468 </Samples>
		<Samples TimeTag="2024-12-26T13:39:16" DepthTag="2.844">1.638 16.539 41.054 0.000 43.376 16.539 </Samples>
		<Samples TimeTag="2024-12-26T13:39:20" DepthTag="2.947">1.482 17.075 40.572 0.000 45.363 17.075 </Samples>
		<Samples TimeTag="2024-12-26T13:39:23" DepthTag="3.048">1.804 17.427 37.804 0.000 48.377 17.427 </Samples>
		<Samples TimeTag="2024-12-26T13:39:27" DepthTag="3.148">1.877 17.595 39.612 0.000 45.780 17.595 </Samples>
		<Samples TimeTag="2024-12-26T13:39:30" DepthTag="3.250">1.773 17.748 40.459 0.000 48.916 17.748 </Samples>
		<Samples TimeTag="2024-12-26T13:39:34" DepthTag="3.354">1.490 17.855 41.096 0.000 51.088 17.855 </Samples>
		<Samples TimeTag="2024-12-26T13:39:38" DepthTag="3.456">1.526 17.886 41.111 0.000 45.256 17.886 </Samples>
		<Samples TimeTag="2024-12-26T13:40:17" DepthTag="3.584">0.631 4.789 29.702 0.000 36.032 4.789 </Samples>
		<Samples TimeTag="2024-12-26T13:40:22" DepthTag="3.684">1.188 14.749 52.494 0.000 56.227 14.749 </Samples>
		<Samples TimeTag="2024-12-26T13:40:27" DepthTag="3.793">1.364 17.518 53.047 0.000 56.147 17.518 </Samples>
		<Samples TimeTag="2024-12-26T13:40:30" DepthTag="3.897">1.845 18.482 53.523 0.000 50.780 18.482 </Samples>
		<Samples TimeTag="2024-12-26T13:40:34" DepthTag="4.000">1.708 19.171 54.642 0.000 49.103 19.171 </Samples>
		<Samples TimeTag="2024-12-26T13:40:38" DepthTag="4.107">1.453 19.752 53.715 0.000 53.378 19.752 </Samples>
		<Samples TimeTag="2024-12-26T13:40:41" DepthTag="4.210">1.839 19.966 53.597 0.000 54.719 19.966 </Samples>
		<Samples TimeTag="2024-12-26T13:40:45" DepthTag="4.310">1.792 20.135 54.099 0.000 50.349 20.135 </Samples>
		<Samples TimeTag="2024-12-26T13:40:48" DepthTag="4.411">1.876 20.211 54.731 0.000 53.491 20.211 </Samples>
		<Samples TimeTag="2024-12-26T13:40:52" DepthTag="4.513">1.596 20.273 53.626 0.000 52.887 20.273 </Samples>
		<Samples TimeTag="2024-12-26T13:40:55" DepthTag="4.620">1.995 20.303 54.227 0.000 53.197 20.303 </Samples>
		<Samples TimeTag="2024-12-26T13:40:58" DepthTag="4.721">1.942 20.334 53.295 0.000 54.611 20.334 </Samples>
		<Samples TimeTag="2024-12-26T13:41:01" DepthTag="4.822">2.508 20.380 53.204 0.000 55.143 20.380 </Samples>
		<Samples TimeTag="2024-12-26T13:41:04" DepthTag="4.926">1.942 20.410 53.777 0.000 55.048 20.410 </Samples>
		<Samples TimeTag="2024-12-26T13:41:07" DepthTag="5.031">2.260 20.395 54.063 0.000 52.740 20.395 </Samples>
		<Samples TimeTag="2024-12-26T13:41:09" DepthTag="5.132">2.152 20.410 54.285 0.000 55.064 20.410 </Samples>
		<Samples TimeTag="2024-12-26T13:41:13" DepthTag="5.235">1.601 20.456 54.308 0.000 54.993 20.456 </Samples>
		<Samples TimeTag="2024-12-26T13:41:17" DepthTag="5.337">1.472 20.349 54.393 0.000 54.017 20.349 </Samples>
		<Samples TimeTag="2024-12-26T13:41:21" DepthTag="5.439">1.699 20.364 53.002 0.000 54.424 20.364 </Samples>
		<Samples TimeTag="2024-12-26T13:41:25" DepthTag="5.540">1.509 20.456 54.561 0.000 58.010 20.456 </Samples>
		<Samples TimeTag="2024-12-26T13:41:31" DepthTag="5.645">1.090 20.456 55.129 0.000 59.634 20.456 </Samples>
		<Samples TimeTag="2024-12-26T13:41:34" DepthTag="5.755">1.829 20.456 52.807 0.000 54.183 20.456 </Samples>
		<Samples TimeTag="2024-12-26T13:41:37" DepthTag="5.861">2.137 20.426 53.314 0.000 56.483 20.426 </Samples>
		<Samples TimeTag="2024-12-26T13:41:40" DepthTag="5.969">2.124 20.441 53.922 0.000 54.329 20.441 </Samples>
		<Samples TimeTag="2024-12-26T13:41:43" DepthTag="6.074">2.474 20.487 53.946 0.000 53.628 20.487 </Samples>
		<Samples TimeTag="2024-12-26T13:41:45" DepthTag="6.177">2.563 20.395 53.042 0.000 48.553 20.395 </Samples>
		<Samples TimeTag="2024-12-26T13:41:49" DepthTag="6.281">1.933 19.859 53.420 0.000 53.794 19.859 </Samples>
		<Samples TimeTag="2024-12-26T13:41:52" DepthTag="6.386">1.980 19.263 53.749 0.000 52.932 19.263 </Samples>
		<Samples TimeTag="2024-12-26T13:41:55" DepthTag="6.487">1.883 18.896 54.422 0.000 58.333 18.896 </Samples>
		<Samples TimeTag="2024-12-26T13:41:59" DepthTag="6.587">1.664 18.528 54.478 0.000 55.798 18.528 </Samples>
		<Samples TimeTag="2024-12-26T13:42:02" DepthTag="6.691">1.653 18.253 53.391 0.000 59.099 18.253 </Samples>
		<Samples TimeTag="2024-12-26T13:42:06" DepthTag="6.798">2.003 18.207 54.504 0.000 57.017 18.207 </Samples>
		<Samples TimeTag="2024-12-26T13:42:09" DepthTag="6.903">1.956 18.161 53.866 0.000 57.388 18.161 </Samples>
		<Samples TimeTag="2024-12-26T13:42:13" DepthTag="7.004">1.610 17.825 53.618 0.000 55.464 17.825 </Samples>
		<Samples TimeTag="2024-12-26T13:42:20" DepthTag="7.109">1.023 17.258 53.609 0.000 49.091 17.258 </Samples>
		<Samples TimeTag="2024-12-26T13:42:22" DepthTag="7.211">2.307 17.442 53.386 0.000 44.255 17.442 </Samples>
		<Samples TimeTag="2024-12-26T13:42:25" DepthTag="7.313">2.381 17.396 53.611 0.000 41.069 17.396 </Samples>
		<Samples TimeTag="2024-12-26T13:42:28" DepthTag="7.417">2.221 17.396 45.081 0.000 39.561 17.396 </Samples>
		<Samples TimeTag="2024-12-26T13:42:31" DepthTag="7.523">2.095 17.274 42.132 0.000 37.864 17.274 </Samples>
		<Samples TimeTag="2024-12-26T13:43:19" DepthTag="7.634">1.064 4.422 15.872 0.000 22.859 4.422 </Samples>
	</CompactMWDdata>
	<IR:GenTrailer>
		<IR:FileCloseDate>2024-12-26T13:47:49</IR:FileCloseDate>
		<IR:ChkSum>3043010106</IR:ChkSum>
	</IR:GenTrailer>
</DRMWD>
