<?xml version="1.0" encoding="UTF-8"?>
<!-- Generated by the RCS System Epiroc Rock Drills AB -->
<DRMWD xmlns="http://www.iredes.org/xml/DrillRig" xmlns:IR="http://www.iredes.org/xml" xmlns:xsi="http://www.w3.org/2001/XMLSchema-instance" xsi:schemaLocation="http://www.iredes.org/xml/DrillRig C:\Iredes\IR_V1.2.3\xml\DR-DrillRig_V1.2\DrillRig.xsd" IRVersion="V 1.2AC" IRDownwCompat="V 1.2AC" DRMWDDownwCompat="V 1.2AC" DRMWDVersion="V 1.2AC">
	<IR:GenHead>
		<IR:FileCreateDate>2024-12-26T20:07:24</IR:FileCreateDate>
		<IR:IRversion DownwCompat="V 1.0">V 1.2AC</IR:IRversion>
		<IR:EquipmentInfo>
			<IR:EqpManufact>Epiroc</IR:EqpManufact>
			<IR:EqpType>SmartROC D65</IR:EqpType>
			<IR:EqpSerNo>8992013064</IR:EqpSerNo>
			<IR:EqpSysVer>6.28.1</IR:EqpSysVer>
			<IR:EqpInfo>DrillingMethod: DTH</IR:EqpInfo>
		</IR:EquipmentInfo>
	</IR:GenHead>
	<IR:ReportId>MWDRI262007</IR:ReportId>
	<IR:StartLogTime>2024-12-26T19:59:20</IR:StartLogTime>
	<IR:EndLogTime>2024-12-26T20:05:51</IR:EndLogTime>
	<IR:PlanIdRef>FRD03_11_0626_001_All</IR:PlanIdRef>
	<IR:PlanNameRef>FRD03_11_0626_001_All</IR:PlanNameRef>
	<MWDholeId>A87</MWDholeId>
	<QualityReportIdRef>DQRI261457</QualityReportIdRef>
	<SampleDistance>0.100</SampleDistance>
	<CompactMWDdata>
		<MWDparams>
			<Parameter Unit="m/min" Full="PenetrRate">PR</Parameter>
			<Parameter Unit="Bar" Full="PercPressure">PP</Parameter>
			<Parameter Unit="Bar" Full="FeedPressure">FP</Parameter>
			<Parameter Unit="Bar" Full="DampPressure">DP</Parameter>
			<Parameter Unit="Bar" Full="RotPressure">RP</Parameter>
			<Parameter Unit="Bar" Full="FlushPressure">FLP</Parameter>
		</MWDparams>
		<Samples TimeTag="2024-12-26T19:59:20" DepthTag="0.102">1.141 14.489 47.742 0.000 21.765 14.489 </Samples>
		<Samples TimeTag="2024-12-26T19:59:25" DepthTag="0.204">1.145 14.979 41.966 0.000 21.672 14.979 </Samples>
		<Samples TimeTag="2024-12-26T19:59:29" DepthTag="0.308">1.844 14.979 38.869 0.000 43.411 14.979 </Samples>
		<Samples TimeTag="2024-12-26T19:59:31" DepthTag="0.409">2.532 14.902 39.688 0.000 43.516 14.902 </Samples>
		<Samples TimeTag="2024-12-26T19:59:34" DepthTag="0.515">2.398 14.122 33.386 0.000 40.343 14.122 </Samples>
		<Samples TimeTag="2024-12-26T19:59:52" DepthTag="0.623">1.153 8.400 45.778 0.000 45.500 8.400 </Samples>
		<Samples TimeTag="2024-12-26T19:59:54" DepthTag="0.725">2.182 11.613 42.543 0.000 47.705 11.613 </Samples>
		<Samples TimeTag="2024-12-26T19:59:57" DepthTag="0.825">2.776 13.005 38.298 0.000 45.231 13.005 </Samples>
		<Samples TimeTag="2024-12-26T19:59:59" DepthTag="0.930">2.915 13.984 38.899 0.000 42.361 13.984 </Samples>
		<Samples TimeTag="2024-12-26T20:00:25" DepthTag="1.035">0.891 10.159 43.305 0.000 52.818 10.159 </Samples>
		<Samples TimeTag="2024-12-26T20:00:29" DepthTag="1.139">1.657 13.112 41.713 0.000 48.754 13.112 </Samples>
		<Samples TimeTag="2024-12-26T20:00:33" DepthTag="1.241">1.469 14.321 41.474 0.000 53.805 14.321 </Samples>
		<Samples TimeTag="2024-12-26T20:00:38" DepthTag="1.344">1.213 14.810 40.671 0.000 49.404 14.810 </Samples>
		<Samples TimeTag="2024-12-26T20:00:43" DepthTag="1.444">1.270 14.918 40.958 0.000 47.589 14.918 </Samples>
		<Samples TimeTag="2024-12-26T20:01:16" DepthTag="1.546">0.710 13.847 39.174 0.000 44.626 13.847 </Samples>
		<Samples TimeTag="2024-12-26T20:01:20" DepthTag="1.648">1.624 15.820 39.893 0.000 43.407 15.820 </Samples>
		<Samples TimeTag="2024-12-26T20:01:22" DepthTag="1.751">2.321 16.555 40.865 0.000 41.142 16.555 </Samples>
		<Samples TimeTag="2024-12-26T20:01:26" DepthTag="1.853">1.696 17.090 41.092 0.000 45.231 17.090 </Samples>
		<Samples TimeTag="2024-12-26T20:01:30" DepthTag="1.956">1.577 17.427 39.983 0.000 47.661 17.427 </Samples>
		<Samples TimeTag="2024-12-26T20:01:33" DepthTag="2.062">1.847 17.595 39.743 0.000 48.338 17.595 </Samples>
		<Samples TimeTag="2024-12-26T20:01:38" DepthTag="2.163">1.370 17.794 40.751 0.000 46.977 17.794 </Samples>
		<Samples TimeTag="2024-12-26T20:01:44" DepthTag="2.264">0.920 17.763 40.895 0.000 49.869 17.763 </Samples>
		<Samples TimeTag="2024-12-26T20:01:50" DepthTag="2.365">1.053 17.932 40.869 0.000 46.333 17.932 </Samples>
		<Samples TimeTag="2024-12-26T20:01:58" DepthTag="2.467">0.798 17.733 38.730 0.000 49.754 17.733 </Samples>
		<Samples TimeTag="2024-12-26T20:02:37" DepthTag="2.567">0.369 8.797 46.578 0.000 54.559 8.797 </Samples>
		<Samples TimeTag="2024-12-26T20:02:48" DepthTag="2.667">0.535 16.555 39.875 0.000 46.977 16.555 </Samples>
		<Samples TimeTag="2024-12-26T20:02:59" DepthTag="2.768">0.585 17.350 39.694 0.000 45.170 17.350 </Samples>
		<Samples TimeTag="2024-12-26T20:03:08" DepthTag="2.871">0.685 17.610 39.652 0.000 43.716 17.610 </Samples>
		<Samples TimeTag="2024-12-26T20:03:16" DepthTag="2.972">0.755 17.549 39.566 0.000 41.959 17.549 </Samples>
		<Samples TimeTag="2024-12-26T20:03:21" DepthTag="3.075">1.250 17.549 38.295 0.000 48.659 17.549 </Samples>
		<Samples TimeTag="2024-12-26T20:03:24" DepthTag="3.179">2.045 17.733 40.759 0.000 38.003 17.733 </Samples>
		<Samples TimeTag="2024-12-26T20:03:28" DepthTag="3.284">1.425 17.825 41.396 0.000 43.690 17.825 </Samples>
		<Samples TimeTag="2024-12-26T20:03:35" DepthTag="3.387">0.967 17.809 41.310 0.000 50.138 17.809 </Samples>
		<Samples TimeTag="2024-12-26T20:03:43" DepthTag="3.489">0.734 17.809 40.110 0.000 45.432 17.809 </Samples>
		<Samples TimeTag="2024-12-26T20:04:30" DepthTag="3.592">0.304 15.147 45.860 0.000 53.984 15.147 </Samples>
		<Samples TimeTag="2024-12-26T20:04:35" DepthTag="3.692">1.154 16.616 45.945 0.000 50.358 16.616 </Samples>
		<Samples TimeTag="2024-12-26T20:04:40" DepthTag="3.798">1.391 17.228 44.788 0.000 51.313 17.228 </Samples>
		<Samples TimeTag="2024-12-26T20:04:44" DepthTag="3.903">1.741 17.564 44.348 0.000 47.909 17.564 </Samples>
		<Samples TimeTag="2024-12-26T20:04:47" DepthTag="4.003">2.037 17.779 43.287 0.000 49.907 17.779 </Samples>
		<Samples TimeTag="2024-12-26T20:04:50" DepthTag="4.110">2.091 17.932 44.351 0.000 50.084 17.932 </Samples>
		<Samples TimeTag="2024-12-26T20:04:53" DepthTag="4.210">2.023 18.069 44.513 0.000 47.173 18.069 </Samples>
		<Samples TimeTag="2024-12-26T20:04:55" DepthTag="4.316">2.279 18.131 45.082 0.000 37.317 18.131 </Samples>
		<Samples TimeTag="2024-12-26T20:04:58" DepthTag="4.418">2.064 18.161 44.763 0.000 38.625 18.161 </Samples>
		<Samples TimeTag="2024-12-26T20:05:01" DepthTag="4.530">2.197 18.192 45.604 0.000 45.426 18.192 </Samples>
		<Samples TimeTag="2024-12-26T20:05:04" DepthTag="4.638">2.998 18.207 44.012 0.000 40.175 18.207 </Samples>
		<Samples TimeTag="2024-12-26T20:05:06" DepthTag="4.739">2.361 18.222 45.274 0.000 42.774 18.222 </Samples>
		<Samples TimeTag="2024-12-26T20:05:09" DepthTag="4.841">2.184 18.268 45.874 0.000 40.803 18.268 </Samples>
		<Samples TimeTag="2024-12-26T20:05:12" DepthTag="4.942">2.283 18.253 44.692 0.000 39.971 18.253 </Samples>
		<Samples TimeTag="2024-12-26T20:05:15" DepthTag="5.044">2.054 18.222 45.160 0.000 37.147 18.222 </Samples>
		<Samples TimeTag="2024-12-26T20:05:18" DepthTag="5.144">1.672 18.268 44.421 0.000 43.168 18.268 </Samples>
		<Samples TimeTag="2024-12-26T20:05:22" DepthTag="5.249">1.857 18.253 45.083 0.000 45.876 18.253 </Samples>
		<Samples TimeTag="2024-12-26T20:05:24" DepthTag="5.350">2.168 18.284 45.340 0.000 43.386 18.284 </Samples>
		<Samples TimeTag="2024-12-26T20:05:27" DepthTag="5.451">2.152 18.268 44.374 0.000 52.320 18.268 </Samples>
		<Samples TimeTag="2024-12-26T20:05:30" DepthTag="5.555">2.346 18.268 45.192 0.000 48.478 18.268 </Samples>
		<Samples TimeTag="2024-12-26T20:05:32" DepthTag="5.662">2.675 18.238 44.775 0.000 48.930 18.238 </Samples>
		<Samples TimeTag="2024-12-26T20:05:35" DepthTag="5.766">2.279 18.299 45.842 0.000 53.726 18.299 </Samples>
		<Samples TimeTag="2024-12-26T20:05:37" DepthTag="5.869">2.753 18.253 44.311 0.000 49.045 18.253 </Samples>
		<Samples TimeTag="2024-12-26T20:05:39" DepthTag="5.976">3.211 18.268 45.412 0.000 46.358 18.268 </Samples>
		<Samples TimeTag="2024-12-26T20:05:41" DepthTag="6.083">2.961 18.238 44.801 0.000 47.976 18.238 </Samples>
		<Samples TimeTag="2024-12-26T20:05:43" DepthTag="6.189">3.171 18.222 45.437 0.000 45.642 18.222 </Samples>
		<Samples TimeTag="2024-12-26T20:05:46" DepthTag="6.292">2.572 18.253 44.767 0.000 51.746 18.253 </Samples>
		<Samples TimeTag="2024-12-26T20:05:48" DepthTag="6.398">2.641 18.238 43.432 0.000 52.365 18.238 </Samples>
		<Samples TimeTag="2024-12-26T20:05:51" DepthTag="6.505">2.010 18.054 41.401 0.000 52.176 18.054 </Samples>
	</CompactMWDdata>
	<IR:GenTrailer>
		<IR:FileCloseDate>2024-12-26T20:07:24</IR:FileCloseDate>
		<IR:ChkSum>3457189553</IR:ChkSum>
	</IR:GenTrailer>
</DRMWD>
