<?xml version="1.0" encoding="UTF-8"?>
<!-- Generated by the RCS System Epiroc Rock Drills AB -->
<DRMWD xmlns="http://www.iredes.org/xml/DrillRig" xmlns:IR="http://www.iredes.org/xml" xmlns:xsi="http://www.w3.org/2001/XMLSchema-instance" xsi:schemaLocation="http://www.iredes.org/xml/DrillRig C:\Iredes\IR_V1.2.3\xml\DR-DrillRig_V1.2\DrillRig.xsd" IRVersion="V 1.2AC" IRDownwCompat="V 1.2AC" DRMWDDownwCompat="V 1.2AC" DRMWDVersion="V 1.2AC">
	<IR:GenHead>
		<IR:FileCreateDate>2024-12-27T00:00:19</IR:FileCreateDate>
		<IR:IRversion DownwCompat="V 1.0">V 1.2AC</IR:IRversion>
		<IR:EquipmentInfo>
			<IR:EqpManufact>Epiroc</IR:EqpManufact>
			<IR:EqpType>SmartROC D65</IR:EqpType>
			<IR:EqpSerNo>8992013064</IR:EqpSerNo>
			<IR:EqpSysVer>6.28.1</IR:EqpSysVer>
			<IR:EqpInfo>DrillingMethod: DTH</IR:EqpInfo>
		</IR:EquipmentInfo>
	</IR:GenHead>
	<IR:ReportId>MWDRI270000</IR:ReportId>
	<IR:StartLogTime>2024-12-26T23:50:51</IR:StartLogTime>
	<IR:EndLogTime>2024-12-26T23:58:39</IR:EndLogTime>
	<IR:PlanIdRef>FRD03_11_0626_001_All</IR:PlanIdRef>
	<IR:PlanNameRef>FRD03_11_0626_001_All</IR:PlanNameRef>
	<MWDholeId>F1</MWDholeId>
	<QualityReportIdRef>DQRI262053</QualityReportIdRef>
	<SampleDistance>0.100</SampleDistance>
	<CompactMWDdata>
		<MWDparams>
			<Parameter Unit="m/min" Full="PenetrRate">PR</Parameter>
			<Parameter Unit="Bar" Full="PercPressure">PP</Parameter>
			<Parameter Unit="Bar" Full="FeedPressure">FP</Parameter>
			<Parameter Unit="Bar" Full="DampPressure">DP</Parameter>
			<Parameter Unit="Bar" Full="RotPressure">RP</Parameter>
			<Parameter Unit="Bar" Full="FlushPressure">FLP</Parameter>
		</MWDparams>
		<Samples TimeTag="2024-12-26T23:50:51" DepthTag="0.101">1.040 14.183 46.355 0.000 20.954 14.183 </Samples>
		<Samples TimeTag="2024-12-26T23:50:55" DepthTag="0.201">1.297 14.749 36.939 0.000 20.972 14.749 </Samples>
		<Samples TimeTag="2024-12-26T23:50:59" DepthTag="0.302">1.790 14.780 41.774 0.000 48.066 14.780 </Samples>
		<Samples TimeTag="2024-12-26T23:51:03" DepthTag="0.403">1.515 14.872 41.031 0.000 52.588 14.872 </Samples>
		<Samples TimeTag="2024-12-26T23:51:07" DepthTag="0.503">1.444 14.933 39.015 0.000 53.538 14.933 </Samples>
		<Samples TimeTag="2024-12-26T23:51:31" DepthTag="0.604">0.516 13.296 41.963 0.000 54.678 13.296 </Samples>
		<Samples TimeTag="2024-12-26T23:51:38" DepthTag="0.704">0.919 14.642 40.749 0.000 56.543 14.642 </Samples>
		<Samples TimeTag="2024-12-26T23:51:45" DepthTag="0.805">0.861 14.810 40.471 0.000 50.893 14.810 </Samples>
		<Samples TimeTag="2024-12-26T23:51:51" DepthTag="0.908">0.964 14.948 38.944 0.000 50.637 14.948 </Samples>
		<Samples TimeTag="2024-12-26T23:52:19" DepthTag="1.026">0.728 4.315 42.404 0.000 50.195 4.315 </Samples>
		<Samples TimeTag="2024-12-26T23:52:30" DepthTag="1.128">0.525 14.137 39.367 0.000 49.326 14.137 </Samples>
		<Samples TimeTag="2024-12-26T23:52:35" DepthTag="1.231">1.353 14.611 39.544 0.000 52.491 14.611 </Samples>
		<Samples TimeTag="2024-12-26T23:52:39" DepthTag="1.335">1.462 14.826 41.366 0.000 52.894 14.826 </Samples>
		<Samples TimeTag="2024-12-26T23:52:45" DepthTag="1.436">1.052 14.979 39.962 0.000 53.058 14.979 </Samples>
		<Samples TimeTag="2024-12-26T23:53:16" DepthTag="1.543">0.743 4.422 29.987 0.000 44.507 4.422 </Samples>
		<Samples TimeTag="2024-12-26T23:53:22" DepthTag="1.645">0.953 14.856 42.084 0.000 57.921 14.856 </Samples>
		<Samples TimeTag="2024-12-26T23:53:27" DepthTag="1.749">1.293 16.509 41.280 0.000 50.294 16.509 </Samples>
		<Samples TimeTag="2024-12-26T23:53:31" DepthTag="1.853">1.497 17.151 38.159 0.000 47.878 17.151 </Samples>
		<Samples TimeTag="2024-12-26T23:53:36" DepthTag="1.961">1.350 17.641 40.049 0.000 50.087 17.641 </Samples>
		<Samples TimeTag="2024-12-26T23:53:40" DepthTag="2.066">1.565 17.855 41.224 0.000 48.887 17.855 </Samples>
		<Samples TimeTag="2024-12-26T23:53:44" DepthTag="2.169">1.538 17.962 38.645 0.000 49.060 17.962 </Samples>
		<Samples TimeTag="2024-12-26T23:53:48" DepthTag="2.272">1.424 18.069 40.378 0.000 45.944 18.069 </Samples>
		<Samples TimeTag="2024-12-26T23:53:51" DepthTag="2.379">2.123 18.100 37.811 0.000 45.977 18.100 </Samples>
		<Samples TimeTag="2024-12-26T23:53:53" DepthTag="2.483">2.863 18.008 39.164 0.000 35.092 18.008 </Samples>
		<Samples TimeTag="2024-12-26T23:54:31" DepthTag="2.583">0.424 8.797 48.151 0.000 60.005 8.797 </Samples>
		<Samples TimeTag="2024-12-26T23:54:36" DepthTag="2.684">1.082 15.300 41.945 0.000 55.127 15.300 </Samples>
		<Samples TimeTag="2024-12-26T23:54:42" DepthTag="2.785">1.049 16.570 40.778 0.000 47.015 16.570 </Samples>
		<Samples TimeTag="2024-12-26T23:54:54" DepthTag="2.886">0.504 17.381 40.694 0.000 48.372 17.381 </Samples>
		<Samples TimeTag="2024-12-26T23:55:05" DepthTag="2.991">0.561 17.320 38.343 0.000 50.907 17.320 </Samples>
		<Samples TimeTag="2024-12-26T23:55:08" DepthTag="3.092">1.997 17.580 39.055 0.000 44.050 17.580 </Samples>
		<Samples TimeTag="2024-12-26T23:55:11" DepthTag="3.202">2.050 17.702 39.427 0.000 45.062 17.702 </Samples>
		<Samples TimeTag="2024-12-26T23:55:15" DepthTag="3.308">1.984 17.702 39.542 0.000 54.105 17.702 </Samples>
		<Samples TimeTag="2024-12-26T23:55:18" DepthTag="3.413">2.135 17.809 40.030 0.000 39.036 17.809 </Samples>
		<Samples TimeTag="2024-12-26T23:56:01" DepthTag="3.563">0.569 4.559 27.558 0.000 28.959 4.559 </Samples>
		<Samples TimeTag="2024-12-26T23:56:09" DepthTag="3.668">0.714 15.621 44.762 0.000 47.726 15.621 </Samples>
		<Samples TimeTag="2024-12-26T23:56:13" DepthTag="3.770">1.619 16.677 44.428 0.000 43.981 16.677 </Samples>
		<Samples TimeTag="2024-12-26T23:56:18" DepthTag="3.872">1.236 17.442 45.905 0.000 52.088 17.442 </Samples>
		<Samples TimeTag="2024-12-26T23:56:25" DepthTag="3.975">0.857 17.855 44.334 0.000 49.258 17.855 </Samples>
		<Samples TimeTag="2024-12-26T23:56:29" DepthTag="4.076">1.515 17.993 44.004 0.000 53.747 17.993 </Samples>
		<Samples TimeTag="2024-12-26T23:56:32" DepthTag="4.178">2.305 18.146 44.041 0.000 49.192 18.146 </Samples>
		<Samples TimeTag="2024-12-26T23:56:35" DepthTag="4.278">2.346 18.039 45.031 0.000 45.456 18.039 </Samples>
		<Samples TimeTag="2024-12-26T23:56:37" DepthTag="4.380">2.553 18.054 44.449 0.000 34.158 18.054 </Samples>
		<Samples TimeTag="2024-12-26T23:56:40" DepthTag="4.481">2.140 17.993 45.349 0.000 47.385 17.993 </Samples>
		<Samples TimeTag="2024-12-26T23:56:44" DepthTag="4.581">1.594 17.840 45.776 0.000 51.306 17.840 </Samples>
		<Samples TimeTag="2024-12-26T23:56:48" DepthTag="4.685">1.467 17.687 45.864 0.000 54.273 17.687 </Samples>
		<Samples TimeTag="2024-12-26T23:56:55" DepthTag="4.789">0.896 17.442 44.809 0.000 57.158 17.442 </Samples>
		<Samples TimeTag="2024-12-26T23:56:59" DepthTag="4.893">1.417 17.626 45.401 0.000 47.491 17.626 </Samples>
		<Samples TimeTag="2024-12-26T23:57:03" DepthTag="4.994">1.674 17.733 45.768 0.000 50.972 17.733 </Samples>
		<Samples TimeTag="2024-12-26T23:57:12" DepthTag="5.095">0.663 17.411 44.660 0.000 50.016 17.411 </Samples>
		<Samples TimeTag="2024-12-26T23:57:19" DepthTag="5.195">0.903 17.534 45.364 0.000 54.203 17.534 </Samples>
		<Samples TimeTag="2024-12-26T23:57:24" DepthTag="5.300">1.223 17.717 44.304 0.000 51.165 17.717 </Samples>
		<Samples TimeTag="2024-12-26T23:57:28" DepthTag="5.403">1.401 17.794 44.583 0.000 42.873 17.794 </Samples>
		<Samples TimeTag="2024-12-26T23:57:32" DepthTag="5.504">1.675 17.870 44.415 0.000 45.164 17.870 </Samples>
		<Samples TimeTag="2024-12-26T23:57:35" DepthTag="5.606">2.018 17.947 44.542 0.000 40.527 17.947 </Samples>
		<Samples TimeTag="2024-12-26T23:57:38" DepthTag="5.707">2.045 17.947 45.218 0.000 47.464 17.947 </Samples>
		<Samples TimeTag="2024-12-26T23:57:42" DepthTag="5.809">1.385 17.763 45.069 0.000 50.482 17.763 </Samples>
		<Samples TimeTag="2024-12-26T23:57:47" DepthTag="5.912">1.289 17.855 45.211 0.000 53.816 17.855 </Samples>
		<Samples TimeTag="2024-12-26T23:57:52" DepthTag="6.014">1.229 17.748 44.135 0.000 55.884 17.748 </Samples>
		<Samples TimeTag="2024-12-26T23:57:56" DepthTag="6.116">1.465 17.794 45.588 0.000 55.483 17.794 </Samples>
		<Samples TimeTag="2024-12-26T23:58:01" DepthTag="6.218">1.207 18.039 45.365 0.000 51.737 18.039 </Samples>
		<Samples TimeTag="2024-12-26T23:58:06" DepthTag="6.320">1.338 18.192 44.568 0.000 56.814 18.192 </Samples>
		<Samples TimeTag="2024-12-26T23:58:10" DepthTag="6.421">1.611 18.329 43.678 0.000 48.046 18.329 </Samples>
		<Samples TimeTag="2024-12-26T23:58:12" DepthTag="6.522">2.525 18.452 44.073 0.000 44.591 18.452 </Samples>
		<Samples TimeTag="2024-12-26T23:58:14" DepthTag="6.636">3.035 18.513 43.265 0.000 39.389 18.513 </Samples>
		<Samples TimeTag="2024-12-26T23:58:18" DepthTag="6.738">1.698 19.186 44.625 0.000 48.470 19.186 </Samples>
		<Samples TimeTag="2024-12-26T23:58:20" DepthTag="6.845">2.956 19.033 43.865 0.000 34.044 19.033 </Samples>
		<Samples TimeTag="2024-12-26T23:58:22" DepthTag="6.948">3.086 19.156 44.383 0.000 32.610 19.156 </Samples>
		<Samples TimeTag="2024-12-26T23:58:25" DepthTag="7.051">2.098 19.003 45.068 0.000 39.615 19.003 </Samples>
		<Samples TimeTag="2024-12-26T23:58:27" DepthTag="7.160">2.901 19.125 45.226 0.000 34.943 19.125 </Samples>
		<Samples TimeTag="2024-12-26T23:58:30" DepthTag="7.261">2.041 19.049 45.763 0.000 51.056 19.049 </Samples>
		<Samples TimeTag="2024-12-26T23:58:33" DepthTag="7.366">2.244 18.880 45.964 0.000 52.129 18.880 </Samples>
		<Samples TimeTag="2024-12-26T23:58:36" DepthTag="7.472">1.846 18.635 40.341 0.000 54.232 18.635 </Samples>
		<Samples TimeTag="2024-12-26T23:58:39" DepthTag="7.572">2.201 18.437 39.625 0.000 47.346 18.437 </Samples>
	</CompactMWDdata>
	<IR:GenTrailer>
		<IR:FileCloseDate>2024-12-27T00:00:19</IR:FileCloseDate>
		<IR:ChkSum>0730497733</IR:ChkSum>
	</IR:GenTrailer>
</DRMWD>
