<?xml version="1.0" encoding="UTF-8"?>
<!-- Generated by the RCS System Epiroc Rock Drills AB -->
<DRMWD xmlns="http://www.iredes.org/xml/DrillRig" xmlns:IR="http://www.iredes.org/xml" xmlns:xsi="http://www.w3.org/2001/XMLSchema-instance" xsi:schemaLocation="http://www.iredes.org/xml/DrillRig C:\Iredes\IR_V1.2.3\xml\DR-DrillRig_V1.2\DrillRig.xsd" IRVersion="V 1.2AC" IRDownwCompat="V 1.2AC" DRMWDDownwCompat="V 1.2AC" DRMWDVersion="V 1.2AC">
	<IR:GenHead>
		<IR:FileCreateDate>2024-12-26T14:17:13</IR:FileCreateDate>
		<IR:IRversion DownwCompat="V 1.0">V 1.2AC</IR:IRversion>
		<IR:EquipmentInfo>
			<IR:EqpManufact>Epiroc</IR:EqpManufact>
			<IR:EqpType>SmartROC D65</IR:EqpType>
			<IR:EqpSerNo>8992013064</IR:EqpSerNo>
			<IR:EqpSysVer>6.28.1</IR:EqpSysVer>
			<IR:EqpInfo>DrillingMethod: DTH</IR:EqpInfo>
		</IR:EquipmentInfo>
	</IR:GenHead>
	<IR:ReportId>MWDRI261417</IR:ReportId>
	<IR:StartLogTime>2024-12-26T14:09:21</IR:StartLogTime>
	<IR:EndLogTime>2024-12-26T14:15:23</IR:EndLogTime>
	<IR:PlanIdRef>FRD03_11_0632_002_All</IR:PlanIdRef>
	<IR:PlanNameRef>FRD03_11_0632_002_All</IR:PlanNameRef>
	<MWDholeId>C9</MWDholeId>
	<QualityReportIdRef>DQRI261325</QualityReportIdRef>
	<SampleDistance>0.100</SampleDistance>
	<CompactMWDdata>
		<MWDparams>
			<Parameter Unit="m/min" Full="PenetrRate">PR</Parameter>
			<Parameter Unit="Bar" Full="PercPressure">PP</Parameter>
			<Parameter Unit="Bar" Full="FeedPressure">FP</Parameter>
			<Parameter Unit="Bar" Full="DampPressure">DP</Parameter>
			<Parameter Unit="Bar" Full="RotPressure">RP</Parameter>
			<Parameter Unit="Bar" Full="FlushPressure">FLP</Parameter>
		</MWDparams>
		<Samples TimeTag="2024-12-26T14:09:21" DepthTag="0.135">2.131 12.623 97.613 0.000 116.127 12.623 </Samples>
		<Samples TimeTag="2024-12-26T14:09:25" DepthTag="0.235">1.560 15.025 40.861 0.000 44.110 15.025 </Samples>
		<Samples TimeTag="2024-12-26T14:09:28" DepthTag="0.335">1.593 16.080 39.851 0.000 45.546 16.080 </Samples>
		<Samples TimeTag="2024-12-26T14:09:32" DepthTag="0.441">1.588 16.692 39.627 0.000 40.697 16.692 </Samples>
		<Samples TimeTag="2024-12-26T14:09:36" DepthTag="0.542">1.682 17.044 40.371 0.000 43.248 17.044 </Samples>
		<Samples TimeTag="2024-12-26T14:09:41" DepthTag="0.646">1.192 17.350 41.042 0.000 43.640 17.350 </Samples>
		<Samples TimeTag="2024-12-26T14:09:47" DepthTag="0.746">1.040 17.518 39.528 0.000 39.947 17.518 </Samples>
		<Samples TimeTag="2024-12-26T14:09:52" DepthTag="0.851">1.212 17.641 39.476 0.000 38.801 17.641 </Samples>
		<Samples TimeTag="2024-12-26T14:09:57" DepthTag="0.952">1.316 17.641 39.829 0.000 39.795 17.641 </Samples>
		<Samples TimeTag="2024-12-26T14:10:02" DepthTag="1.053">1.172 17.656 40.069 0.000 40.110 17.656 </Samples>
		<Samples TimeTag="2024-12-26T14:10:06" DepthTag="1.157">1.546 17.687 39.019 0.000 36.638 17.687 </Samples>
		<Samples TimeTag="2024-12-26T14:10:10" DepthTag="1.260">1.539 17.779 40.724 0.000 37.467 17.779 </Samples>
		<Samples TimeTag="2024-12-26T14:10:14" DepthTag="1.361">1.511 17.748 40.240 0.000 32.547 17.748 </Samples>
		<Samples TimeTag="2024-12-26T14:10:18" DepthTag="1.462">1.281 17.916 40.564 0.000 37.502 17.916 </Samples>
		<Samples TimeTag="2024-12-26T14:10:23" DepthTag="1.564">1.092 17.886 40.280 0.000 34.352 17.886 </Samples>
		<Samples TimeTag="2024-12-26T14:10:28" DepthTag="1.666">1.441 17.901 39.640 0.000 36.206 17.901 </Samples>
		<Samples TimeTag="2024-12-26T14:10:32" DepthTag="1.766">1.527 17.947 39.972 0.000 37.013 17.947 </Samples>
		<Samples TimeTag="2024-12-26T14:10:37" DepthTag="1.866">1.104 17.886 40.049 0.000 38.982 17.886 </Samples>
		<Samples TimeTag="2024-12-26T14:10:43" DepthTag="1.971">1.081 17.825 39.775 0.000 44.274 17.825 </Samples>
		<Samples TimeTag="2024-12-26T14:10:46" DepthTag="2.072">1.683 17.855 39.546 0.000 36.044 17.855 </Samples>
		<Samples TimeTag="2024-12-26T14:10:50" DepthTag="2.175">1.637 17.932 39.943 0.000 35.199 17.932 </Samples>
		<Samples TimeTag="2024-12-26T14:10:55" DepthTag="2.280">1.364 17.687 40.033 0.000 39.644 17.687 </Samples>
		<Samples TimeTag="2024-12-26T14:11:00" DepthTag="2.383">1.111 17.840 40.204 0.000 42.096 17.840 </Samples>
		<Samples TimeTag="2024-12-26T14:11:08" DepthTag="2.486">0.827 17.488 40.249 0.000 41.138 17.488 </Samples>
		<Samples TimeTag="2024-12-26T14:11:16" DepthTag="2.587">0.784 17.488 40.192 0.000 41.285 17.488 </Samples>
		<Samples TimeTag="2024-12-26T14:11:27" DepthTag="2.688">0.511 17.105 39.973 0.000 38.355 17.105 </Samples>
		<Samples TimeTag="2024-12-26T14:11:39" DepthTag="2.788">0.529 17.075 39.994 0.000 39.197 17.075 </Samples>
		<Samples TimeTag="2024-12-26T14:11:51" DepthTag="2.889">0.504 17.197 40.090 0.000 37.850 17.197 </Samples>
		<Samples TimeTag="2024-12-26T14:12:02" DepthTag="2.992">0.561 16.968 40.062 0.000 37.527 16.968 </Samples>
		<Samples TimeTag="2024-12-26T14:12:11" DepthTag="3.092">0.640 16.983 40.346 0.000 38.667 16.983 </Samples>
		<Samples TimeTag="2024-12-26T14:12:21" DepthTag="3.194">0.662 17.228 39.766 0.000 38.741 17.228 </Samples>
		<Samples TimeTag="2024-12-26T14:12:26" DepthTag="3.296">1.301 17.564 38.998 0.000 40.180 17.564 </Samples>
		<Samples TimeTag="2024-12-26T14:12:30" DepthTag="3.401">1.821 17.717 39.099 0.000 40.731 17.717 </Samples>
		<Samples TimeTag="2024-12-26T14:12:34" DepthTag="3.504">1.537 17.779 40.193 0.000 36.625 17.779 </Samples>
		<Samples TimeTag="2024-12-26T14:12:37" DepthTag="3.606">1.692 17.932 39.785 0.000 33.148 17.932 </Samples>
		<Samples TimeTag="2024-12-26T14:12:41" DepthTag="3.708">1.474 18.008 40.369 0.000 34.553 18.008 </Samples>
		<Samples TimeTag="2024-12-26T14:12:47" DepthTag="3.810">1.058 17.779 40.306 0.000 37.168 17.779 </Samples>
		<Samples TimeTag="2024-12-26T14:12:54" DepthTag="3.910">0.905 17.534 39.947 0.000 41.048 17.534 </Samples>
		<Samples TimeTag="2024-12-26T14:13:03" DepthTag="4.013">0.703 17.335 40.310 0.000 41.348 17.335 </Samples>
		<Samples TimeTag="2024-12-26T14:13:12" DepthTag="4.113">0.653 17.427 39.446 0.000 42.020 17.427 </Samples>
		<Samples TimeTag="2024-12-26T14:13:18" DepthTag="4.216">1.026 17.702 39.510 0.000 43.701 17.702 </Samples>
		<Samples TimeTag="2024-12-26T14:13:25" DepthTag="4.316">0.787 17.671 40.089 0.000 38.779 17.671 </Samples>
		<Samples TimeTag="2024-12-26T14:13:32" DepthTag="4.421">0.902 17.932 40.542 0.000 48.315 17.932 </Samples>
		<Samples TimeTag="2024-12-26T14:13:40" DepthTag="4.521">0.832 17.779 40.084 0.000 42.007 17.779 </Samples>
		<Samples TimeTag="2024-12-26T14:13:45" DepthTag="4.626">1.171 17.794 39.098 0.000 44.316 17.794 </Samples>
		<Samples TimeTag="2024-12-26T14:13:49" DepthTag="4.732">1.441 17.947 40.479 0.000 42.404 17.947 </Samples>
		<Samples TimeTag="2024-12-26T14:13:56" DepthTag="4.836">0.970 17.901 40.375 0.000 43.210 17.901 </Samples>
		<Samples TimeTag="2024-12-26T14:14:00" DepthTag="4.941">1.457 17.978 39.551 0.000 37.624 17.978 </Samples>
		<Samples TimeTag="2024-12-26T14:14:03" DepthTag="5.041">2.144 18.008 39.149 0.000 30.305 18.008 </Samples>
		<Samples TimeTag="2024-12-26T14:14:06" DepthTag="5.142">1.892 18.085 40.236 0.000 39.122 18.085 </Samples>
		<Samples TimeTag="2024-12-26T14:14:10" DepthTag="5.248">1.760 18.069 38.776 0.000 39.240 18.069 </Samples>
		<Samples TimeTag="2024-12-26T14:14:13" DepthTag="5.351">2.201 18.085 39.982 0.000 35.301 18.085 </Samples>
		<Samples TimeTag="2024-12-26T14:14:15" DepthTag="5.452">1.607 17.870 40.093 0.000 47.766 17.870 </Samples>
		<Samples TimeTag="2024-12-26T14:14:21" DepthTag="5.556">1.067 17.534 39.491 0.000 50.688 17.534 </Samples>
		<Samples TimeTag="2024-12-26T14:14:24" DepthTag="5.658">1.949 17.564 39.922 0.000 44.280 17.564 </Samples>
		<Samples TimeTag="2024-12-26T14:14:27" DepthTag="5.758">1.971 17.733 40.005 0.000 45.311 17.733 </Samples>
		<Samples TimeTag="2024-12-26T14:14:30" DepthTag="5.865">2.162 17.932 40.073 0.000 45.548 17.932 </Samples>
		<Samples TimeTag="2024-12-26T14:14:34" DepthTag="5.966">1.681 18.085 40.552 0.000 51.194 18.085 </Samples>
		<Samples TimeTag="2024-12-26T14:14:38" DepthTag="6.073">1.669 18.253 39.753 0.000 53.861 18.253 </Samples>
		<Samples TimeTag="2024-12-26T14:14:42" DepthTag="6.176">1.483 18.329 39.320 0.000 47.824 18.329 </Samples>
		<Samples TimeTag="2024-12-26T14:14:46" DepthTag="6.282">1.763 18.360 39.608 0.000 46.922 18.360 </Samples>
		<Samples TimeTag="2024-12-26T14:14:50" DepthTag="6.388">1.578 18.406 40.120 0.000 50.005 18.406 </Samples>
		<Samples TimeTag="2024-12-26T14:14:53" DepthTag="6.492">1.655 18.391 39.880 0.000 49.161 18.391 </Samples>
		<Samples TimeTag="2024-12-26T14:14:56" DepthTag="6.592">2.144 18.437 40.007 0.000 38.761 18.437 </Samples>
		<Samples TimeTag="2024-12-26T14:15:01" DepthTag="6.695">1.399 18.651 40.521 0.000 46.280 18.651 </Samples>
		<Samples TimeTag="2024-12-26T14:15:05" DepthTag="6.799">1.494 18.513 39.692 0.000 46.885 18.513 </Samples>
		<Samples TimeTag="2024-12-26T14:15:08" DepthTag="6.902">1.929 18.482 39.679 0.000 45.173 18.482 </Samples>
		<Samples TimeTag="2024-12-26T14:15:12" DepthTag="7.003">1.607 18.452 39.535 0.000 41.778 18.452 </Samples>
		<Samples TimeTag="2024-12-26T14:15:15" DepthTag="7.109">1.974 18.421 39.984 0.000 41.794 18.421 </Samples>
		<Samples TimeTag="2024-12-26T14:15:18" DepthTag="7.213">2.061 18.391 39.723 0.000 48.699 18.391 </Samples>
		<Samples TimeTag="2024-12-26T14:15:21" DepthTag="7.316">2.080 18.437 38.910 0.000 46.236 18.437 </Samples>
		<Samples TimeTag="2024-12-26T14:15:23" DepthTag="7.417">2.696 18.268 37.165 0.000 39.886 18.268 </Samples>
	</CompactMWDdata>
	<IR:GenTrailer>
		<IR:FileCloseDate>2024-12-26T14:17:13</IR:FileCloseDate>
		<IR:ChkSum>0388347608</IR:ChkSum>
	</IR:GenTrailer>
</DRMWD>
