<?xml version="1.0" encoding="UTF-8"?>
<!-- Generated by the RCS System Epiroc Rock Drills AB -->
<DRMWD xmlns="http://www.iredes.org/xml/DrillRig" xmlns:IR="http://www.iredes.org/xml" xmlns:xsi="http://www.w3.org/2001/XMLSchema-instance" xsi:schemaLocation="http://www.iredes.org/xml/DrillRig C:\Iredes\IR_V1.2.3\xml\DR-DrillRig_V1.2\DrillRig.xsd" IRVersion="V 1.2AC" IRDownwCompat="V 1.2AC" DRMWDDownwCompat="V 1.2AC" DRMWDVersion="V 1.2AC">
	<IR:GenHead>
		<IR:FileCreateDate>2024-12-27T08:10:12</IR:FileCreateDate>
		<IR:IRversion DownwCompat="V 1.0">V 1.2AC</IR:IRversion>
		<IR:EquipmentInfo>
			<IR:EqpManufact>Epiroc</IR:EqpManufact>
			<IR:EqpType>SmartROC D65</IR:EqpType>
			<IR:EqpSerNo>8992013064</IR:EqpSerNo>
			<IR:EqpSysVer>6.28.1</IR:EqpSysVer>
			<IR:EqpInfo>DrillingMethod: DTH</IR:EqpInfo>
		</IR:EquipmentInfo>
	</IR:GenHead>
	<IR:ReportId>MWDRI270810</IR:ReportId>
	<IR:StartLogTime>2024-12-27T08:02:50</IR:StartLogTime>
	<IR:EndLogTime>2024-12-27T08:08:39</IR:EndLogTime>
	<IR:PlanIdRef>FRD03_11_0626_001_All</IR:PlanIdRef>
	<IR:PlanNameRef>FRD03_11_0626_001_All</IR:PlanNameRef>
	<MWDholeId>A71</MWDholeId>
	<QualityReportIdRef>DQRI270314</QualityReportIdRef>
	<SampleDistance>0.100</SampleDistance>
	<CompactMWDdata>
		<MWDparams>
			<Parameter Unit="m/min" Full="PenetrRate">PR</Parameter>
			<Parameter Unit="Bar" Full="PercPressure">PP</Parameter>
			<Parameter Unit="Bar" Full="FeedPressure">FP</Parameter>
			<Parameter Unit="Bar" Full="DampPressure">DP</Parameter>
			<Parameter Unit="Bar" Full="RotPressure">RP</Parameter>
			<Parameter Unit="Bar" Full="FlushPressure">FLP</Parameter>
		</MWDparams>
		<Samples TimeTag="2024-12-27T08:02:50" DepthTag="0.102">1.417 14.153 45.135 0.000 20.972 14.153 </Samples>
		<Samples TimeTag="2024-12-27T08:02:53" DepthTag="0.207">2.075 14.535 37.725 0.000 20.972 14.535 </Samples>
		<Samples TimeTag="2024-12-27T08:02:57" DepthTag="0.313">1.684 14.872 41.320 0.000 40.219 14.872 </Samples>
		<Samples TimeTag="2024-12-27T08:03:00" DepthTag="0.417">2.093 14.948 41.079 0.000 47.237 14.948 </Samples>
		<Samples TimeTag="2024-12-27T08:03:02" DepthTag="0.522">2.387 14.963 39.573 0.000 49.184 14.963 </Samples>
		<Samples TimeTag="2024-12-27T08:03:24" DepthTag="0.625">0.721 9.945 44.801 0.000 61.403 9.945 </Samples>
		<Samples TimeTag="2024-12-27T08:03:28" DepthTag="0.732">1.703 12.944 40.825 0.000 54.800 12.944 </Samples>
		<Samples TimeTag="2024-12-27T08:03:31" DepthTag="0.840">2.179 14.045 39.647 0.000 53.827 14.045 </Samples>
		<Samples TimeTag="2024-12-27T08:03:33" DepthTag="0.943">3.086 14.306 38.612 0.000 41.050 14.306 </Samples>
		<Samples TimeTag="2024-12-27T08:04:00" DepthTag="1.045">0.747 4.559 42.423 0.000 50.101 4.559 </Samples>
		<Samples TimeTag="2024-12-27T08:04:04" DepthTag="1.148">1.330 11.353 42.216 0.000 55.719 11.353 </Samples>
		<Samples TimeTag="2024-12-27T08:04:08" DepthTag="1.256">1.790 13.449 39.832 0.000 50.889 13.449 </Samples>
		<Samples TimeTag="2024-12-27T08:04:11" DepthTag="1.360">1.959 14.306 38.000 0.000 50.949 14.306 </Samples>
		<Samples TimeTag="2024-12-27T08:04:14" DepthTag="1.468">2.511 14.642 39.764 0.000 43.865 14.642 </Samples>
		<Samples TimeTag="2024-12-27T08:04:49" DepthTag="1.568">0.683 13.816 41.793 0.000 57.239 13.816 </Samples>
		<Samples TimeTag="2024-12-27T08:04:55" DepthTag="1.672">1.079 16.340 39.488 0.000 53.699 16.340 </Samples>
		<Samples TimeTag="2024-12-27T08:04:58" DepthTag="1.775">2.065 16.891 39.965 0.000 46.229 16.891 </Samples>
		<Samples TimeTag="2024-12-27T08:05:00" DepthTag="1.880">2.386 17.228 38.392 0.000 43.858 17.228 </Samples>
		<Samples TimeTag="2024-12-27T08:05:03" DepthTag="1.984">2.431 17.503 40.035 0.000 41.183 17.503 </Samples>
		<Samples TimeTag="2024-12-27T08:05:06" DepthTag="2.087">1.846 17.687 40.330 0.000 42.666 17.687 </Samples>
		<Samples TimeTag="2024-12-27T08:05:09" DepthTag="2.191">1.931 17.809 39.577 0.000 37.573 17.809 </Samples>
		<Samples TimeTag="2024-12-27T08:05:13" DepthTag="2.295">2.052 17.932 41.137 0.000 44.031 17.932 </Samples>
		<Samples TimeTag="2024-12-27T08:05:17" DepthTag="2.396">1.457 17.840 41.264 0.000 50.162 17.840 </Samples>
		<Samples TimeTag="2024-12-27T08:05:22" DepthTag="2.498">1.224 17.809 39.554 0.000 43.702 17.809 </Samples>
		<Samples TimeTag="2024-12-27T08:06:01" DepthTag="2.600">0.409 8.660 46.288 0.000 67.188 8.660 </Samples>
		<Samples TimeTag="2024-12-27T08:06:07" DepthTag="2.700">0.917 15.468 41.036 0.000 54.264 15.468 </Samples>
		<Samples TimeTag="2024-12-27T08:06:14" DepthTag="2.801">0.865 16.723 41.195 0.000 48.138 16.723 </Samples>
		<Samples TimeTag="2024-12-27T08:06:18" DepthTag="2.902">1.513 17.136 37.375 0.000 42.106 17.136 </Samples>
		<Samples TimeTag="2024-12-27T08:06:25" DepthTag="3.003">0.968 17.702 41.205 0.000 48.141 17.702 </Samples>
		<Samples TimeTag="2024-12-27T08:06:31" DepthTag="3.105">0.926 17.932 38.804 0.000 45.908 17.932 </Samples>
		<Samples TimeTag="2024-12-27T08:06:35" DepthTag="3.209">1.731 18.023 38.498 0.000 44.078 18.023 </Samples>
		<Samples TimeTag="2024-12-27T08:06:38" DepthTag="3.310">2.153 18.100 37.713 0.000 39.277 18.100 </Samples>
		<Samples TimeTag="2024-12-27T08:06:41" DepthTag="3.414">1.953 18.054 39.516 0.000 38.042 18.054 </Samples>
		<Samples TimeTag="2024-12-27T08:06:43" DepthTag="3.517">2.570 17.932 37.867 0.000 35.617 17.932 </Samples>
		<Samples TimeTag="2024-12-27T08:07:16" DepthTag="3.623">1.273 4.804 36.090 0.000 40.947 4.804 </Samples>
		<Samples TimeTag="2024-12-27T08:07:21" DepthTag="3.723">1.042 14.091 45.136 0.000 48.056 14.091 </Samples>
		<Samples TimeTag="2024-12-27T08:07:25" DepthTag="3.827">1.808 15.407 44.701 0.000 53.246 15.407 </Samples>
		<Samples TimeTag="2024-12-27T08:07:28" DepthTag="3.929">1.729 16.096 45.058 0.000 53.856 16.096 </Samples>
		<Samples TimeTag="2024-12-27T08:07:32" DepthTag="4.034">1.837 16.509 45.337 0.000 53.168 16.509 </Samples>
		<Samples TimeTag="2024-12-27T08:07:35" DepthTag="4.138">1.940 16.738 45.396 0.000 56.033 16.738 </Samples>
		<Samples TimeTag="2024-12-27T08:07:38" DepthTag="4.242">2.087 16.906 44.818 0.000 55.841 16.906 </Samples>
		<Samples TimeTag="2024-12-27T08:07:41" DepthTag="4.349">2.440 17.090 44.910 0.000 57.553 17.090 </Samples>
		<Samples TimeTag="2024-12-27T08:07:43" DepthTag="4.451">2.245 17.121 44.409 0.000 48.936 17.121 </Samples>
		<Samples TimeTag="2024-12-27T08:07:46" DepthTag="4.554">2.335 17.197 45.289 0.000 61.190 17.197 </Samples>
		<Samples TimeTag="2024-12-27T08:07:49" DepthTag="4.655">2.033 17.365 44.212 0.000 49.912 17.365 </Samples>
		<Samples TimeTag="2024-12-27T08:07:53" DepthTag="4.756">1.429 17.442 45.154 0.000 50.765 17.442 </Samples>
		<Samples TimeTag="2024-12-27T08:08:00" DepthTag="4.858">0.858 17.304 45.415 0.000 48.990 17.304 </Samples>
		<Samples TimeTag="2024-12-27T08:08:03" DepthTag="4.965">2.100 17.411 44.554 0.000 49.290 17.411 </Samples>
		<Samples TimeTag="2024-12-27T08:08:08" DepthTag="5.069">1.411 17.304 45.593 0.000 44.926 17.304 </Samples>
		<Samples TimeTag="2024-12-27T08:08:11" DepthTag="5.174">1.869 17.427 44.944 0.000 48.513 17.427 </Samples>
		<Samples TimeTag="2024-12-27T08:08:14" DepthTag="5.274">2.144 17.442 44.830 0.000 52.899 17.442 </Samples>
		<Samples TimeTag="2024-12-27T08:08:17" DepthTag="5.379">2.111 17.457 44.177 0.000 49.011 17.457 </Samples>
		<Samples TimeTag="2024-12-27T08:08:19" DepthTag="5.488">3.290 17.442 43.741 0.000 43.615 17.442 </Samples>
		<Samples TimeTag="2024-12-27T08:08:21" DepthTag="5.598">3.577 17.534 44.786 0.000 43.242 17.534 </Samples>
		<Samples TimeTag="2024-12-27T08:08:23" DepthTag="5.699">3.007 17.503 45.252 0.000 47.771 17.503 </Samples>
		<Samples TimeTag="2024-12-27T08:08:25" DepthTag="5.799">3.004 17.595 45.444 0.000 50.614 17.595 </Samples>
		<Samples TimeTag="2024-12-27T08:08:28" DepthTag="5.908">2.201 17.610 44.312 0.000 57.153 17.610 </Samples>
		<Samples TimeTag="2024-12-27T08:08:30" DepthTag="6.020">3.358 17.595 45.279 0.000 52.017 17.595 </Samples>
		<Samples TimeTag="2024-12-27T08:08:32" DepthTag="6.126">2.633 17.595 45.177 0.000 49.542 17.595 </Samples>
		<Samples TimeTag="2024-12-27T08:08:35" DepthTag="6.231">2.227 17.626 44.307 0.000 52.148 17.626 </Samples>
		<Samples TimeTag="2024-12-27T08:08:37" DepthTag="6.332">2.805 17.564 41.712 0.000 45.054 17.564 </Samples>
		<Samples TimeTag="2024-12-27T08:08:39" DepthTag="6.434">3.067 17.473 39.201 0.000 47.577 17.473 </Samples>
	</CompactMWDdata>
	<IR:GenTrailer>
		<IR:FileCloseDate>2024-12-27T08:10:12</IR:FileCloseDate>
		<IR:ChkSum>0723734444</IR:ChkSum>
	</IR:GenTrailer>
</DRMWD>
