<?xml version="1.0" encoding="UTF-8"?>
<!-- Generated by the RCS System Epiroc Rock Drills AB -->
<DRMWD xmlns="http://www.iredes.org/xml/DrillRig" xmlns:IR="http://www.iredes.org/xml" xmlns:xsi="http://www.w3.org/2001/XMLSchema-instance" xsi:schemaLocation="http://www.iredes.org/xml/DrillRig C:\Iredes\IR_V1.2.3\xml\DR-DrillRig_V1.2\DrillRig.xsd" IRVersion="V 1.2AC" IRDownwCompat="V 1.2AC" DRMWDDownwCompat="V 1.2AC" DRMWDVersion="V 1.2AC">
	<IR:GenHead>
		<IR:FileCreateDate>2024-12-25T01:53:19</IR:FileCreateDate>
		<IR:IRversion DownwCompat="V 1.0">V 1.2AC</IR:IRversion>
		<IR:EquipmentInfo>
			<IR:EqpManufact>Epiroc</IR:EqpManufact>
			<IR:EqpType>SmartROC D65</IR:EqpType>
			<IR:EqpSerNo>8992013064</IR:EqpSerNo>
			<IR:EqpSysVer>6.28.1</IR:EqpSysVer>
			<IR:EqpInfo>DrillingMethod: DTH</IR:EqpInfo>
		</IR:EquipmentInfo>
	</IR:GenHead>
	<IR:ReportId>MWDRI250153</IR:ReportId>
	<IR:StartLogTime>2024-12-25T01:13:28</IR:StartLogTime>
	<IR:EndLogTime>2024-12-25T01:50:52</IR:EndLogTime>
	<IR:PlanIdRef>FRD03_11_0626_001_All</IR:PlanIdRef>
	<IR:PlanNameRef>FRD03_11_0626_001_All</IR:PlanNameRef>
	<MWDholeId>A1</MWDholeId>
	<QualityReportIdRef>DQRI241930</QualityReportIdRef>
	<SampleDistance>0.100</SampleDistance>
	<CompactMWDdata>
		<MWDparams>
			<Parameter Unit="m/min" Full="PenetrRate">PR</Parameter>
			<Parameter Unit="Bar" Full="PercPressure">PP</Parameter>
			<Parameter Unit="Bar" Full="FeedPressure">FP</Parameter>
			<Parameter Unit="Bar" Full="DampPressure">DP</Parameter>
			<Parameter Unit="Bar" Full="RotPressure">RP</Parameter>
			<Parameter Unit="Bar" Full="FlushPressure">FLP</Parameter>
		</MWDparams>
		<Samples TimeTag="2024-12-25T01:13:28" DepthTag="0.124">0.938 6.977 28.857 0.000 20.943 6.977 </Samples>
		<Samples TimeTag="2024-12-25T01:13:31" DepthTag="0.229">1.952 12.623 42.325 0.000 20.972 12.623 </Samples>
		<Samples TimeTag="2024-12-25T01:13:34" DepthTag="0.338">2.343 15.009 33.363 0.000 31.902 15.009 </Samples>
		<Samples TimeTag="2024-12-25T01:13:35" DepthTag="0.455">5.855 15.468 28.943 0.000 24.460 15.468 </Samples>
		<Samples TimeTag="2024-12-25T01:13:51" DepthTag="0.570">1.790 6.074 18.781 0.000 19.427 6.074 </Samples>
		<Samples TimeTag="2024-12-25T01:13:52" DepthTag="0.689">7.380 5.217 21.635 0.000 29.173 5.217 </Samples>
		<Samples TimeTag="2024-12-25T01:13:53" DepthTag="0.816">7.301 4.728 22.871 0.000 31.804 4.728 </Samples>
		<Samples TimeTag="2024-12-25T01:13:54" DepthTag="0.935">7.455 4.452 22.814 0.000 30.936 4.452 </Samples>
		<Samples TimeTag="2024-12-25T01:13:55" DepthTag="1.037">5.081 4.559 20.486 0.000 40.873 4.559 </Samples>
		<Samples TimeTag="2024-12-25T01:14:16" DepthTag="1.143">1.847 6.457 43.944 0.000 47.314 6.457 </Samples>
		<Samples TimeTag="2024-12-25T01:14:19" DepthTag="1.247">2.360 8.721 39.118 0.000 45.660 8.721 </Samples>
		<Samples TimeTag="2024-12-25T01:14:20" DepthTag="1.371">6.180 8.430 23.485 0.000 27.366 8.430 </Samples>
		<Samples TimeTag="2024-12-25T01:14:21" DepthTag="1.486">7.137 10.205 21.864 0.000 27.077 10.205 </Samples>
		<Samples TimeTag="2024-12-25T01:14:47" DepthTag="1.598">2.103 8.675 37.411 0.000 49.476 8.675 </Samples>
		<Samples TimeTag="2024-12-25T01:14:48" DepthTag="1.715">5.102 11.643 34.886 0.000 42.182 11.643 </Samples>
		<Samples TimeTag="2024-12-25T01:14:50" DepthTag="1.823">5.424 13.709 31.001 0.000 42.989 13.709 </Samples>
		<Samples TimeTag="2024-12-25T01:14:51" DepthTag="1.928">6.024 14.887 30.486 0.000 38.647 14.887 </Samples>
		<Samples TimeTag="2024-12-25T01:14:52" DepthTag="2.040">5.555 15.774 35.142 0.000 38.583 15.774 </Samples>
		<Samples TimeTag="2024-12-25T01:14:53" DepthTag="2.149">4.067 16.723 45.348 0.000 43.861 16.723 </Samples>
		<Samples TimeTag="2024-12-25T01:14:57" DepthTag="2.250">1.808 18.268 44.805 0.000 43.711 18.268 </Samples>
		<Samples TimeTag="2024-12-25T01:15:01" DepthTag="2.351">1.375 19.844 41.800 0.000 36.894 19.844 </Samples>
		<Samples TimeTag="2024-12-25T01:15:06" DepthTag="2.452">1.328 21.160 41.114 0.000 38.857 21.160 </Samples>
		<Samples TimeTag="2024-12-25T01:15:55" DepthTag="2.553">0.546 15.285 40.165 0.000 53.014 15.285 </Samples>
		<Samples TimeTag="2024-12-25T01:16:08" DepthTag="2.656">0.492 21.252 38.221 0.000 45.694 21.252 </Samples>
		<Samples TimeTag="2024-12-25T01:16:11" DepthTag="2.761">1.749 20.869 38.223 0.000 42.848 20.869 </Samples>
		<Samples TimeTag="2024-12-25T01:16:15" DepthTag="2.863">1.552 20.609 41.252 0.000 43.760 20.609 </Samples>
		<Samples TimeTag="2024-12-25T01:16:19" DepthTag="2.965">1.532 20.471 39.496 0.000 46.587 20.471 </Samples>
		<Samples TimeTag="2024-12-25T01:16:25" DepthTag="3.066">1.109 20.288 40.223 0.000 45.556 20.288 </Samples>
		<Samples TimeTag="2024-12-25T01:16:30" DepthTag="3.168">1.234 20.211 38.991 0.000 45.619 20.211 </Samples>
		<Samples TimeTag="2024-12-25T01:16:33" DepthTag="3.279">2.066 20.288 37.803 0.000 43.508 20.288 </Samples>
		<Samples TimeTag="2024-12-25T01:16:36" DepthTag="3.381">2.063 20.242 41.219 0.000 47.378 20.242 </Samples>
		<Samples TimeTag="2024-12-25T01:16:39" DepthTag="3.482">2.158 20.273 39.910 0.000 43.311 20.273 </Samples>
		<Samples TimeTag="2024-12-25T01:17:39" DepthTag="3.582">0.528 17.978 42.024 0.000 43.847 17.978 </Samples>
		<Samples TimeTag="2024-12-25T01:17:43" DepthTag="3.683">1.574 19.094 52.607 0.000 51.172 19.094 </Samples>
		<Samples TimeTag="2024-12-25T01:17:46" DepthTag="3.785">1.700 19.660 54.407 0.000 52.712 19.660 </Samples>
		<Samples TimeTag="2024-12-25T01:17:51" DepthTag="3.891">1.321 20.074 53.035 0.000 49.585 20.074 </Samples>
		<Samples TimeTag="2024-12-25T01:17:55" DepthTag="3.992">1.798 20.410 53.585 0.000 45.646 20.410 </Samples>
		<Samples TimeTag="2024-12-25T01:17:58" DepthTag="4.097">1.960 20.686 53.769 0.000 48.382 20.686 </Samples>
		<Samples TimeTag="2024-12-25T01:18:04" DepthTag="4.198">1.009 20.992 54.490 0.000 51.379 20.992 </Samples>
		<Samples TimeTag="2024-12-25T01:18:10" DepthTag="4.301">0.999 21.328 53.216 0.000 48.529 21.328 </Samples>
		<Samples TimeTag="2024-12-25T01:18:14" DepthTag="4.402">1.614 21.665 54.330 0.000 47.870 21.665 </Samples>
		<Samples TimeTag="2024-12-25T01:18:18" DepthTag="4.506">1.334 22.353 54.220 0.000 51.459 22.353 </Samples>
		<Samples TimeTag="2024-12-25T01:18:23" DepthTag="4.608">1.466 23.149 54.066 0.000 49.173 23.149 </Samples>
		<Samples TimeTag="2024-12-25T01:18:27" DepthTag="4.708">1.372 24.388 54.572 0.000 56.261 24.388 </Samples>
		<Samples TimeTag="2024-12-25T01:18:35" DepthTag="4.810">0.744 26.637 54.374 0.000 56.127 26.637 </Samples>
		<Samples TimeTag="2024-12-25T01:18:44" DepthTag="4.911">0.669 27.464 54.463 0.000 51.644 27.464 </Samples>
		<Samples TimeTag="2024-12-25T01:18:52" DepthTag="5.013">0.787 27.923 54.556 0.000 50.824 27.923 </Samples>
		<Samples TimeTag="2024-12-25T01:19:04" DepthTag="5.114">0.515 28.642 54.163 0.000 60.030 28.642 </Samples>
		<Samples TimeTag="2024-12-25T01:19:12" DepthTag="5.216">0.709 28.626 53.707 0.000 55.095 28.626 </Samples>
		<Samples TimeTag="2024-12-25T01:19:21" DepthTag="5.318">0.716 29.085 53.807 0.000 51.198 29.085 </Samples>
		<Samples TimeTag="2024-12-25T01:19:26" DepthTag="5.418">1.106 29.177 54.316 0.000 51.129 29.177 </Samples>
		<Samples TimeTag="2024-12-25T01:19:34" DepthTag="5.520">0.846 30.218 54.437 0.000 51.455 30.218 </Samples>
		<Samples TimeTag="2024-12-25T01:19:42" DepthTag="5.621">0.762 17.886 51.242 0.000 68.419 17.886 </Samples>
		<Samples TimeTag="2024-12-25T01:19:48" DepthTag="5.722">0.968 22.017 54.300 0.000 60.986 22.017 </Samples>
		<Samples TimeTag="2024-12-25T01:19:56" DepthTag="5.822">0.703 27.311 54.038 0.000 54.648 27.311 </Samples>
		<Samples TimeTag="2024-12-25T01:50:29" DepthTag="5.926">0.324 15.973 40.449 0.000 56.041 15.973 </Samples>
		<Samples TimeTag="2024-12-25T01:50:33" DepthTag="6.028">1.392 17.687 42.479 0.000 55.948 17.687 </Samples>
		<Samples TimeTag="2024-12-25T01:50:37" DepthTag="6.133">1.863 18.727 52.387 0.000 54.973 18.727 </Samples>
		<Samples TimeTag="2024-12-25T01:50:40" DepthTag="6.239">1.661 19.844 52.991 0.000 55.503 19.844 </Samples>
		<Samples TimeTag="2024-12-25T01:50:44" DepthTag="6.347">2.019 20.150 53.945 0.000 61.873 20.150 </Samples>
		<Samples TimeTag="2024-12-25T01:50:47" DepthTag="6.452">1.950 19.966 55.000 0.000 62.545 19.966 </Samples>
		<Samples TimeTag="2024-12-25T01:50:50" DepthTag="6.554">2.194 20.074 41.841 0.000 53.574 20.074 </Samples>
		<Samples TimeTag="2024-12-25T01:50:52" DepthTag="6.656">2.619 20.410 42.263 0.000 52.283 20.410 </Samples>
	</CompactMWDdata>
	<IR:GenTrailer>
		<IR:FileCloseDate>2024-12-25T01:53:19</IR:FileCloseDate>
		<IR:ChkSum>4236012518</IR:ChkSum>
	</IR:GenTrailer>
</DRMWD>
