<?xml version="1.0" encoding="UTF-8"?>
<!-- Generated by the RCS System Epiroc Rock Drills AB -->
<DRMWD xmlns="http://www.iredes.org/xml/DrillRig" xmlns:IR="http://www.iredes.org/xml" xmlns:xsi="http://www.w3.org/2001/XMLSchema-instance" xsi:schemaLocation="http://www.iredes.org/xml/DrillRig C:\Iredes\IR_V1.2.3\xml\DR-DrillRig_V1.2\DrillRig.xsd" IRVersion="V 1.2AC" IRDownwCompat="V 1.2AC" DRMWDDownwCompat="V 1.2AC" DRMWDVersion="V 1.2AC">
	<IR:GenHead>
		<IR:FileCreateDate>2024-12-27T06:42:50</IR:FileCreateDate>
		<IR:IRversion DownwCompat="V 1.0">V 1.2AC</IR:IRversion>
		<IR:EquipmentInfo>
			<IR:EqpManufact>Epiroc</IR:EqpManufact>
			<IR:EqpType>SmartROC D65</IR:EqpType>
			<IR:EqpSerNo>8992013064</IR:EqpSerNo>
			<IR:EqpSysVer>6.28.1</IR:EqpSysVer>
			<IR:EqpInfo>DrillingMethod: DTH</IR:EqpInfo>
		</IR:EquipmentInfo>
	</IR:GenHead>
	<IR:ReportId>MWDRI270642</IR:ReportId>
	<IR:StartLogTime>2024-12-27T06:33:23</IR:StartLogTime>
	<IR:EndLogTime>2024-12-27T06:39:42</IR:EndLogTime>
	<IR:PlanIdRef>FRD03_11_0626_001_All</IR:PlanIdRef>
	<IR:PlanNameRef>FRD03_11_0626_001_All</IR:PlanNameRef>
	<MWDholeId>H15</MWDholeId>
	<QualityReportIdRef>DQRI270314</QualityReportIdRef>
	<SampleDistance>0.100</SampleDistance>
	<CompactMWDdata>
		<MWDparams>
			<Parameter Unit="m/min" Full="PenetrRate">PR</Parameter>
			<Parameter Unit="Bar" Full="PercPressure">PP</Parameter>
			<Parameter Unit="Bar" Full="FeedPressure">FP</Parameter>
			<Parameter Unit="Bar" Full="DampPressure">DP</Parameter>
			<Parameter Unit="Bar" Full="RotPressure">RP</Parameter>
			<Parameter Unit="Bar" Full="FlushPressure">FLP</Parameter>
		</MWDparams>
		<Samples TimeTag="2024-12-27T06:33:23" DepthTag="0.119">0.976 14.367 38.807 0.000 20.915 14.367 </Samples>
		<Samples TimeTag="2024-12-27T06:33:28" DepthTag="0.221">1.181 14.810 43.168 0.000 20.775 14.810 </Samples>
		<Samples TimeTag="2024-12-27T06:33:32" DepthTag="0.323">1.947 14.872 39.247 0.000 44.256 14.872 </Samples>
		<Samples TimeTag="2024-12-27T06:33:34" DepthTag="0.426">2.198 14.963 40.025 0.000 50.013 14.963 </Samples>
		<Samples TimeTag="2024-12-27T06:33:55" DepthTag="0.527">0.770 10.129 46.517 0.000 56.159 10.129 </Samples>
		<Samples TimeTag="2024-12-27T06:33:59" DepthTag="0.632">1.754 12.929 42.317 0.000 60.565 12.929 </Samples>
		<Samples TimeTag="2024-12-27T06:34:03" DepthTag="0.735">1.708 14.122 41.392 0.000 61.387 14.122 </Samples>
		<Samples TimeTag="2024-12-27T06:34:07" DepthTag="0.838">1.548 14.734 39.769 0.000 52.263 14.734 </Samples>
		<Samples TimeTag="2024-12-27T06:34:10" DepthTag="0.940">1.909 14.887 40.172 0.000 52.179 14.887 </Samples>
		<Samples TimeTag="2024-12-27T06:34:33" DepthTag="1.052">1.129 3.871 25.606 0.000 34.175 3.871 </Samples>
		<Samples TimeTag="2024-12-27T06:34:37" DepthTag="1.154">1.318 11.215 44.162 0.000 47.001 11.215 </Samples>
		<Samples TimeTag="2024-12-27T06:34:42" DepthTag="1.256">1.467 13.877 39.351 0.000 49.524 13.877 </Samples>
		<Samples TimeTag="2024-12-27T06:34:44" DepthTag="1.359">2.341 14.382 40.425 0.000 48.751 14.382 </Samples>
		<Samples TimeTag="2024-12-27T06:34:47" DepthTag="1.469">2.574 14.719 36.920 0.000 38.793 14.719 </Samples>
		<Samples TimeTag="2024-12-27T06:35:13" DepthTag="1.592">1.527 4.315 20.696 0.000 26.530 4.315 </Samples>
		<Samples TimeTag="2024-12-27T06:35:16" DepthTag="1.696">2.873 9.562 45.971 0.000 48.876 9.562 </Samples>
		<Samples TimeTag="2024-12-27T06:35:20" DepthTag="1.804">1.468 15.086 41.188 0.000 40.819 15.086 </Samples>
		<Samples TimeTag="2024-12-27T06:35:24" DepthTag="1.905">1.511 16.677 41.198 0.000 40.411 16.677 </Samples>
		<Samples TimeTag="2024-12-27T06:35:28" DepthTag="2.005">1.508 17.304 40.207 0.000 44.314 17.304 </Samples>
		<Samples TimeTag="2024-12-27T06:35:31" DepthTag="2.106">2.036 17.534 39.568 0.000 48.321 17.534 </Samples>
		<Samples TimeTag="2024-12-27T06:35:34" DepthTag="2.209">2.090 17.748 39.891 0.000 41.387 17.748 </Samples>
		<Samples TimeTag="2024-12-27T06:35:38" DepthTag="2.310">1.674 17.840 41.137 0.000 45.733 17.840 </Samples>
		<Samples TimeTag="2024-12-27T06:35:41" DepthTag="2.417">1.856 17.993 40.688 0.000 45.549 17.993 </Samples>
		<Samples TimeTag="2024-12-27T06:36:15" DepthTag="2.542">0.757 4.330 26.101 0.000 42.063 4.330 </Samples>
		<Samples TimeTag="2024-12-27T06:36:20" DepthTag="2.643">1.260 13.219 43.056 0.000 56.257 13.219 </Samples>
		<Samples TimeTag="2024-12-27T06:36:24" DepthTag="2.752">1.356 15.881 38.322 0.000 47.890 15.881 </Samples>
		<Samples TimeTag="2024-12-27T06:36:28" DepthTag="2.858">1.981 16.646 40.663 0.000 50.230 16.646 </Samples>
		<Samples TimeTag="2024-12-27T06:36:31" DepthTag="2.961">2.084 17.105 40.305 0.000 42.466 17.105 </Samples>
		<Samples TimeTag="2024-12-27T06:36:34" DepthTag="3.064">1.786 17.350 40.495 0.000 42.200 17.350 </Samples>
		<Samples TimeTag="2024-12-27T06:36:38" DepthTag="3.169">1.797 17.427 40.089 0.000 47.867 17.427 </Samples>
		<Samples TimeTag="2024-12-27T06:36:41" DepthTag="3.275">2.073 17.626 39.919 0.000 48.976 17.626 </Samples>
		<Samples TimeTag="2024-12-27T06:36:44" DepthTag="3.380">2.128 17.687 39.563 0.000 44.520 17.687 </Samples>
		<Samples TimeTag="2024-12-27T06:36:47" DepthTag="3.483">1.788 17.733 40.926 0.000 50.109 17.733 </Samples>
		<Samples TimeTag="2024-12-27T06:37:25" DepthTag="3.583">0.552 8.170 41.748 0.000 58.576 8.170 </Samples>
		<Samples TimeTag="2024-12-27T06:37:33" DepthTag="3.684">0.770 15.606 45.003 0.000 53.091 15.606 </Samples>
		<Samples TimeTag="2024-12-27T06:37:37" DepthTag="3.785">1.448 16.509 44.680 0.000 50.789 16.509 </Samples>
		<Samples TimeTag="2024-12-27T06:37:42" DepthTag="3.887">1.179 16.968 44.425 0.000 54.175 16.968 </Samples>
		<Samples TimeTag="2024-12-27T06:37:45" DepthTag="3.994">2.001 17.335 45.008 0.000 43.744 17.335 </Samples>
		<Samples TimeTag="2024-12-27T06:37:51" DepthTag="4.098">1.212 17.396 44.387 0.000 65.246 17.396 </Samples>
		<Samples TimeTag="2024-12-27T06:37:54" DepthTag="4.202">2.045 17.396 44.648 0.000 41.303 17.396 </Samples>
		<Samples TimeTag="2024-12-27T06:37:57" DepthTag="4.304">1.831 17.564 45.834 0.000 50.184 17.564 </Samples>
		<Samples TimeTag="2024-12-27T06:38:03" DepthTag="4.406">1.086 17.534 45.110 0.000 53.470 17.534 </Samples>
		<Samples TimeTag="2024-12-27T06:38:08" DepthTag="4.511">1.088 17.671 45.717 0.000 52.792 17.671 </Samples>
		<Samples TimeTag="2024-12-27T06:38:14" DepthTag="4.616">1.159 17.840 44.226 0.000 54.652 17.840 </Samples>
		<Samples TimeTag="2024-12-27T06:38:18" DepthTag="4.717">1.392 17.947 44.957 0.000 53.228 17.947 </Samples>
		<Samples TimeTag="2024-12-27T06:38:24" DepthTag="4.818">1.009 18.146 45.756 0.000 54.689 18.146 </Samples>
		<Samples TimeTag="2024-12-27T06:38:28" DepthTag="4.921">1.543 18.222 44.467 0.000 46.534 18.222 </Samples>
		<Samples TimeTag="2024-12-27T06:38:31" DepthTag="5.024">2.191 18.253 44.458 0.000 45.348 18.253 </Samples>
		<Samples TimeTag="2024-12-27T06:38:33" DepthTag="5.139">3.465 18.268 43.382 0.000 41.569 18.268 </Samples>
		<Samples TimeTag="2024-12-27T06:38:35" DepthTag="5.241">3.025 18.345 43.486 0.000 44.181 18.345 </Samples>
		<Samples TimeTag="2024-12-27T06:38:38" DepthTag="5.347">2.477 18.161 45.129 0.000 48.354 18.161 </Samples>
		<Samples TimeTag="2024-12-27T06:38:40" DepthTag="5.449">2.325 18.253 45.650 0.000 37.669 18.253 </Samples>
		<Samples TimeTag="2024-12-27T06:38:43" DepthTag="5.552">2.197 18.406 44.559 0.000 36.852 18.406 </Samples>
		<Samples TimeTag="2024-12-27T06:38:46" DepthTag="5.655">2.070 18.574 45.389 0.000 41.523 18.574 </Samples>
		<Samples TimeTag="2024-12-27T06:38:49" DepthTag="5.764">2.547 18.391 43.998 0.000 36.324 18.391 </Samples>
		<Samples TimeTag="2024-12-27T06:38:50" DepthTag="5.874">4.113 18.329 43.781 0.000 36.557 18.329 </Samples>
		<Samples TimeTag="2024-12-27T06:38:53" DepthTag="5.980">2.414 18.804 45.402 0.000 38.099 18.804 </Samples>
		<Samples TimeTag="2024-12-27T06:38:56" DepthTag="6.082">1.903 18.697 44.948 0.000 51.621 18.697 </Samples>
		<Samples TimeTag="2024-12-27T06:38:59" DepthTag="6.190">2.519 18.651 44.060 0.000 46.559 18.651 </Samples>
		<Samples TimeTag="2024-12-27T06:39:02" DepthTag="6.293">1.944 18.406 45.354 0.000 51.291 18.406 </Samples>
		<Samples TimeTag="2024-12-27T06:39:05" DepthTag="6.397">2.202 18.345 45.068 0.000 56.960 18.345 </Samples>
		<Samples TimeTag="2024-12-27T06:39:07" DepthTag="6.497">2.795 18.314 44.676 0.000 46.813 18.314 </Samples>
		<Samples TimeTag="2024-12-27T06:39:09" DepthTag="6.605">2.861 18.268 45.449 0.000 51.338 18.268 </Samples>
		<Samples TimeTag="2024-12-27T06:39:11" DepthTag="6.709">2.604 18.268 45.390 0.000 51.175 18.268 </Samples>
		<Samples TimeTag="2024-12-27T06:39:17" DepthTag="6.809">1.087 17.809 45.580 0.000 48.635 17.809 </Samples>
		<Samples TimeTag="2024-12-27T06:39:21" DepthTag="6.912">1.527 17.825 44.339 0.000 49.095 17.825 </Samples>
		<Samples TimeTag="2024-12-27T06:39:25" DepthTag="7.014">1.636 17.779 45.463 0.000 54.695 17.779 </Samples>
		<Samples TimeTag="2024-12-27T06:39:31" DepthTag="7.116">1.044 17.473 44.608 0.000 56.673 17.473 </Samples>
		<Samples TimeTag="2024-12-27T06:39:34" DepthTag="7.227">2.071 17.687 44.673 0.000 42.080 17.687 </Samples>
		<Samples TimeTag="2024-12-27T06:39:37" DepthTag="7.331">2.109 17.656 44.395 0.000 44.576 17.656 </Samples>
		<Samples TimeTag="2024-12-27T06:39:40" DepthTag="7.437">2.257 17.916 39.956 0.000 45.099 17.916 </Samples>
		<Samples TimeTag="2024-12-27T06:39:42" DepthTag="7.541">2.584 17.809 39.852 0.000 50.168 17.809 </Samples>
	</CompactMWDdata>
	<IR:GenTrailer>
		<IR:FileCloseDate>2024-12-27T06:42:50</IR:FileCloseDate>
		<IR:ChkSum>2535567131</IR:ChkSum>
	</IR:GenTrailer>
</DRMWD>
