<?xml version="1.0" encoding="UTF-8"?>
<!-- Generated by the RCS System Epiroc Rock Drills AB -->
<DRMWD xmlns="http://www.iredes.org/xml/DrillRig" xmlns:IR="http://www.iredes.org/xml" xmlns:xsi="http://www.w3.org/2001/XMLSchema-instance" xsi:schemaLocation="http://www.iredes.org/xml/DrillRig C:\Iredes\IR_V1.2.3\xml\DR-DrillRig_V1.2\DrillRig.xsd" IRVersion="V 1.2AC" IRDownwCompat="V 1.2AC" DRMWDDownwCompat="V 1.2AC" DRMWDVersion="V 1.2AC">
	<IR:GenHead>
		<IR:FileCreateDate>2024-12-27T11:55:16</IR:FileCreateDate>
		<IR:IRversion DownwCompat="V 1.0">V 1.2AC</IR:IRversion>
		<IR:EquipmentInfo>
			<IR:EqpManufact>Epiroc</IR:EqpManufact>
			<IR:EqpType>SmartROC D65</IR:EqpType>
			<IR:EqpSerNo>8992013064</IR:EqpSerNo>
			<IR:EqpSysVer>6.28.1</IR:EqpSysVer>
			<IR:EqpInfo>DrillingMethod: DTH</IR:EqpInfo>
		</IR:EquipmentInfo>
	</IR:GenHead>
	<IR:ReportId>MWDRI271155</IR:ReportId>
	<IR:StartLogTime>2024-12-27T11:46:58</IR:StartLogTime>
	<IR:EndLogTime>2024-12-27T11:54:28</IR:EndLogTime>
	<IR:PlanIdRef>FRD03_11_0626_001_All</IR:PlanIdRef>
	<IR:PlanNameRef>FRD03_11_0626_001_All</IR:PlanNameRef>
	<MWDholeId>D4</MWDholeId>
	<QualityReportIdRef>DQRI270314</QualityReportIdRef>
	<SampleDistance>0.100</SampleDistance>
	<CompactMWDdata>
		<MWDparams>
			<Parameter Unit="m/min" Full="PenetrRate">PR</Parameter>
			<Parameter Unit="Bar" Full="PercPressure">PP</Parameter>
			<Parameter Unit="Bar" Full="FeedPressure">FP</Parameter>
			<Parameter Unit="Bar" Full="DampPressure">DP</Parameter>
			<Parameter Unit="Bar" Full="RotPressure">RP</Parameter>
			<Parameter Unit="Bar" Full="FlushPressure">FLP</Parameter>
		</MWDparams>
		<Samples TimeTag="2024-12-27T11:46:58" DepthTag="0.113">1.203 8.920 28.629 0.000 21.195 8.920 </Samples>
		<Samples TimeTag="2024-12-27T11:47:00" DepthTag="0.217">2.893 11.567 45.101 0.000 21.325 11.567 </Samples>
		<Samples TimeTag="2024-12-27T11:47:02" DepthTag="0.319">3.444 12.653 39.501 0.000 21.371 12.653 </Samples>
		<Samples TimeTag="2024-12-27T11:47:04" DepthTag="0.420">3.037 13.816 44.693 0.000 21.189 13.816 </Samples>
		<Samples TimeTag="2024-12-27T11:47:07" DepthTag="0.521">1.889 15.407 41.188 0.000 33.660 15.407 </Samples>
		<Samples TimeTag="2024-12-27T11:47:28" DepthTag="0.632">1.038 4.911 33.865 0.000 30.259 4.911 </Samples>
		<Samples TimeTag="2024-12-27T11:47:31" DepthTag="0.733">1.668 10.649 43.114 0.000 39.103 10.649 </Samples>
		<Samples TimeTag="2024-12-27T11:47:34" DepthTag="0.836">2.086 13.280 42.120 0.000 35.937 13.280 </Samples>
		<Samples TimeTag="2024-12-27T11:47:37" DepthTag="0.936">2.031 14.810 39.632 0.000 33.204 14.810 </Samples>
		<Samples TimeTag="2024-12-27T11:47:40" DepthTag="1.045">2.140 15.009 39.869 0.000 35.764 15.009 </Samples>
		<Samples TimeTag="2024-12-27T11:48:09" DepthTag="1.148">0.867 14.703 41.546 0.000 40.835 14.703 </Samples>
		<Samples TimeTag="2024-12-27T11:48:14" DepthTag="1.255">1.506 14.887 40.236 0.000 44.107 14.887 </Samples>
		<Samples TimeTag="2024-12-27T11:48:18" DepthTag="1.360">1.515 14.887 39.609 0.000 52.287 14.887 </Samples>
		<Samples TimeTag="2024-12-27T11:48:21" DepthTag="1.463">1.834 14.887 40.285 0.000 54.822 14.887 </Samples>
		<Samples TimeTag="2024-12-27T11:48:25" DepthTag="1.567">1.728 14.856 37.719 0.000 54.535 14.856 </Samples>
		<Samples TimeTag="2024-12-27T11:48:56" DepthTag="1.670">0.748 11.414 45.812 0.000 55.750 11.414 </Samples>
		<Samples TimeTag="2024-12-27T11:49:01" DepthTag="1.773">1.280 15.438 41.552 0.000 52.067 15.438 </Samples>
		<Samples TimeTag="2024-12-27T11:49:04" DepthTag="1.881">1.929 16.340 39.623 0.000 48.079 16.340 </Samples>
		<Samples TimeTag="2024-12-27T11:49:09" DepthTag="1.982">1.214 17.059 41.045 0.000 49.630 17.059 </Samples>
		<Samples TimeTag="2024-12-27T11:49:14" DepthTag="2.082">1.361 17.350 38.273 0.000 48.878 17.350 </Samples>
		<Samples TimeTag="2024-12-27T11:49:19" DepthTag="2.184">1.084 17.626 41.067 0.000 46.716 17.626 </Samples>
		<Samples TimeTag="2024-12-27T11:49:26" DepthTag="2.287">0.910 17.809 40.308 0.000 46.529 17.809 </Samples>
		<Samples TimeTag="2024-12-27T11:49:30" DepthTag="2.390">1.484 17.825 39.836 0.000 48.378 17.825 </Samples>
		<Samples TimeTag="2024-12-27T11:49:34" DepthTag="2.497">1.771 17.886 39.904 0.000 45.032 17.886 </Samples>
		<Samples TimeTag="2024-12-27T11:50:05" DepthTag="2.602">0.735 4.345 21.298 0.000 25.487 4.345 </Samples>
		<Samples TimeTag="2024-12-27T11:50:09" DepthTag="2.703">1.891 11.062 45.314 0.000 55.853 11.062 </Samples>
		<Samples TimeTag="2024-12-27T11:50:13" DepthTag="2.805">1.592 15.055 41.367 0.000 54.223 15.055 </Samples>
		<Samples TimeTag="2024-12-27T11:50:16" DepthTag="2.907">1.959 16.172 41.949 0.000 49.964 16.172 </Samples>
		<Samples TimeTag="2024-12-27T11:50:22" DepthTag="3.009">1.046 17.121 39.926 0.000 51.837 17.121 </Samples>
		<Samples TimeTag="2024-12-27T11:50:26" DepthTag="3.113">1.543 17.457 39.239 0.000 52.006 17.457 </Samples>
		<Samples TimeTag="2024-12-27T11:50:29" DepthTag="3.213">1.797 17.641 40.019 0.000 49.264 17.641 </Samples>
		<Samples TimeTag="2024-12-27T11:50:32" DepthTag="3.319">2.256 17.717 38.380 0.000 43.560 17.717 </Samples>
		<Samples TimeTag="2024-12-27T11:50:34" DepthTag="3.421">2.532 17.748 39.998 0.000 38.605 17.748 </Samples>
		<Samples TimeTag="2024-12-27T11:50:37" DepthTag="3.524">1.836 17.717 40.542 0.000 50.771 17.717 </Samples>
		<Samples TimeTag="2024-12-27T11:51:11" DepthTag="3.637">0.996 4.651 31.495 0.000 37.969 4.651 </Samples>
		<Samples TimeTag="2024-12-27T11:51:19" DepthTag="3.740">0.775 15.269 45.372 0.000 57.889 15.269 </Samples>
		<Samples TimeTag="2024-12-27T11:51:23" DepthTag="3.842">1.684 16.233 44.450 0.000 51.808 16.233 </Samples>
		<Samples TimeTag="2024-12-27T11:51:27" DepthTag="3.949">1.601 16.861 44.741 0.000 46.686 16.861 </Samples>
		<Samples TimeTag="2024-12-27T11:51:31" DepthTag="4.052">1.360 17.182 44.515 0.000 45.947 17.182 </Samples>
		<Samples TimeTag="2024-12-27T11:51:34" DepthTag="4.154">1.892 17.350 45.535 0.000 43.922 17.350 </Samples>
		<Samples TimeTag="2024-12-27T11:51:38" DepthTag="4.262">2.018 17.564 44.476 0.000 40.625 17.564 </Samples>
		<Samples TimeTag="2024-12-27T11:51:41" DepthTag="4.362">1.668 17.488 45.389 0.000 56.345 17.488 </Samples>
		<Samples TimeTag="2024-12-27T11:51:44" DepthTag="4.467">2.022 17.595 44.773 0.000 51.377 17.595 </Samples>
		<Samples TimeTag="2024-12-27T11:51:48" DepthTag="4.570">2.016 17.671 45.463 0.000 44.881 17.671 </Samples>
		<Samples TimeTag="2024-12-27T11:51:52" DepthTag="4.671">1.509 17.733 44.807 0.000 43.822 17.733 </Samples>
		<Samples TimeTag="2024-12-27T11:51:55" DepthTag="4.771">2.028 17.870 44.579 0.000 44.432 17.870 </Samples>
		<Samples TimeTag="2024-12-27T11:52:00" DepthTag="4.873">1.139 17.717 45.886 0.000 53.069 17.717 </Samples>
		<Samples TimeTag="2024-12-27T11:52:05" DepthTag="4.974">1.110 17.580 44.622 0.000 50.796 17.580 </Samples>
		<Samples TimeTag="2024-12-27T11:52:10" DepthTag="5.076">1.225 17.656 44.777 0.000 53.183 17.656 </Samples>
		<Samples TimeTag="2024-12-27T11:52:17" DepthTag="5.176">0.882 17.641 44.800 0.000 52.928 17.641 </Samples>
		<Samples TimeTag="2024-12-27T11:52:21" DepthTag="5.282">1.772 17.687 43.775 0.000 46.435 17.687 </Samples>
		<Samples TimeTag="2024-12-27T11:52:24" DepthTag="5.386">2.211 17.580 45.306 0.000 39.177 17.580 </Samples>
		<Samples TimeTag="2024-12-27T11:52:26" DepthTag="5.493">2.291 17.549 44.685 0.000 42.140 17.549 </Samples>
		<Samples TimeTag="2024-12-27T11:52:29" DepthTag="5.601">2.371 17.427 45.679 0.000 44.780 17.427 </Samples>
		<Samples TimeTag="2024-12-27T11:52:32" DepthTag="5.704">1.938 17.411 45.427 0.000 57.834 17.411 </Samples>
		<Samples TimeTag="2024-12-27T11:52:36" DepthTag="5.813">1.885 17.610 45.359 0.000 49.167 17.610 </Samples>
		<Samples TimeTag="2024-12-27T11:52:40" DepthTag="5.917">1.564 17.748 44.924 0.000 55.153 17.748 </Samples>
		<Samples TimeTag="2024-12-27T11:52:46" DepthTag="6.021">1.081 17.564 44.950 0.000 58.181 17.564 </Samples>
		<Samples TimeTag="2024-12-27T11:52:51" DepthTag="6.125">1.156 17.427 45.437 0.000 54.771 17.427 </Samples>
		<Samples TimeTag="2024-12-27T11:52:54" DepthTag="6.226">1.980 17.580 44.271 0.000 46.770 17.580 </Samples>
		<Samples TimeTag="2024-12-27T11:52:57" DepthTag="6.332">1.895 17.564 44.615 0.000 45.425 17.564 </Samples>
		<Samples TimeTag="2024-12-27T11:53:01" DepthTag="6.433">1.809 17.580 44.714 0.000 45.600 17.580 </Samples>
		<Samples TimeTag="2024-12-27T11:53:04" DepthTag="6.534">1.678 17.671 45.853 0.000 52.842 17.671 </Samples>
		<Samples TimeTag="2024-12-27T11:53:11" DepthTag="6.637">0.979 17.518 44.803 0.000 59.388 17.518 </Samples>
		<Samples TimeTag="2024-12-27T11:53:17" DepthTag="6.741">1.011 17.473 44.186 0.000 54.630 17.473 </Samples>
		<Samples TimeTag="2024-12-27T11:53:21" DepthTag="6.842">1.384 17.427 44.472 0.000 56.585 17.427 </Samples>
		<Samples TimeTag="2024-12-27T11:53:24" DepthTag="6.946">1.947 17.641 44.522 0.000 51.833 17.641 </Samples>
		<Samples TimeTag="2024-12-27T11:53:28" DepthTag="7.050">1.496 17.702 45.071 0.000 52.230 17.702 </Samples>
		<Samples TimeTag="2024-12-27T11:53:33" DepthTag="7.156">1.271 17.641 43.677 0.000 49.553 17.641 </Samples>
		<Samples TimeTag="2024-12-27T11:53:37" DepthTag="7.258">1.587 17.717 39.962 0.000 51.008 17.717 </Samples>
		<Samples TimeTag="2024-12-27T11:53:40" DepthTag="7.360">2.407 17.687 38.360 0.000 42.098 17.687 </Samples>
		<Samples TimeTag="2024-12-27T11:54:28" DepthTag="7.463">1.167 4.315 16.078 0.000 24.392 4.315 </Samples>
	</CompactMWDdata>
	<IR:GenTrailer>
		<IR:FileCloseDate>2024-12-27T11:55:16</IR:FileCloseDate>
		<IR:ChkSum>2236960892</IR:ChkSum>
	</IR:GenTrailer>
</DRMWD>
