<?xml version="1.0" encoding="UTF-8"?>
<!-- Generated by the RCS System Epiroc Rock Drills AB -->
<DRMWD xmlns="http://www.iredes.org/xml/DrillRig" xmlns:IR="http://www.iredes.org/xml" xmlns:xsi="http://www.w3.org/2001/XMLSchema-instance" xsi:schemaLocation="http://www.iredes.org/xml/DrillRig C:\Iredes\IR_V1.2.3\xml\DR-DrillRig_V1.2\DrillRig.xsd" IRVersion="V 1.2AC" IRDownwCompat="V 1.2AC" DRMWDDownwCompat="V 1.2AC" DRMWDVersion="V 1.2AC">
	<IR:GenHead>
		<IR:FileCreateDate>2024-12-26T18:21:48</IR:FileCreateDate>
		<IR:IRversion DownwCompat="V 1.0">V 1.2AC</IR:IRversion>
		<IR:EquipmentInfo>
			<IR:EqpManufact>Epiroc</IR:EqpManufact>
			<IR:EqpType>SmartROC D65</IR:EqpType>
			<IR:EqpSerNo>8992013064</IR:EqpSerNo>
			<IR:EqpSysVer>6.28.1</IR:EqpSysVer>
			<IR:EqpInfo>DrillingMethod: DTH</IR:EqpInfo>
		</IR:EquipmentInfo>
	</IR:GenHead>
	<IR:ReportId>MWDRI261821</IR:ReportId>
	<IR:StartLogTime>2024-12-26T18:11:02</IR:StartLogTime>
	<IR:EndLogTime>2024-12-26T18:19:55</IR:EndLogTime>
	<IR:PlanIdRef>FRD03_11_0626_001_All</IR:PlanIdRef>
	<IR:PlanNameRef>FRD03_11_0626_001_All</IR:PlanNameRef>
	<MWDholeId>H8</MWDholeId>
	<QualityReportIdRef>DQRI261457</QualityReportIdRef>
	<SampleDistance>0.100</SampleDistance>
	<CompactMWDdata>
		<MWDparams>
			<Parameter Unit="m/min" Full="PenetrRate">PR</Parameter>
			<Parameter Unit="Bar" Full="PercPressure">PP</Parameter>
			<Parameter Unit="Bar" Full="FeedPressure">FP</Parameter>
			<Parameter Unit="Bar" Full="DampPressure">DP</Parameter>
			<Parameter Unit="Bar" Full="RotPressure">RP</Parameter>
			<Parameter Unit="Bar" Full="FlushPressure">FLP</Parameter>
		</MWDparams>
		<Samples TimeTag="2024-12-26T18:11:02" DepthTag="0.108">1.268 14.673 45.292 0.000 20.967 14.673 </Samples>
		<Samples TimeTag="2024-12-26T18:11:06" DepthTag="0.209">1.617 14.826 42.039 0.000 20.972 14.826 </Samples>
		<Samples TimeTag="2024-12-26T18:11:10" DepthTag="0.311">1.382 14.872 41.348 0.000 50.301 14.872 </Samples>
		<Samples TimeTag="2024-12-26T18:11:14" DepthTag="0.412">1.435 14.826 40.011 0.000 49.842 14.826 </Samples>
		<Samples TimeTag="2024-12-26T18:11:18" DepthTag="0.514">1.610 14.872 40.893 0.000 55.189 14.872 </Samples>
		<Samples TimeTag="2024-12-26T18:11:40" DepthTag="0.618">0.849 14.795 42.227 0.000 44.005 14.795 </Samples>
		<Samples TimeTag="2024-12-26T18:11:44" DepthTag="0.724">1.849 14.887 41.080 0.000 47.358 14.887 </Samples>
		<Samples TimeTag="2024-12-26T18:11:47" DepthTag="0.824">1.919 14.933 41.278 0.000 49.106 14.933 </Samples>
		<Samples TimeTag="2024-12-26T18:11:51" DepthTag="0.927">1.708 14.933 40.578 0.000 54.064 14.933 </Samples>
		<Samples TimeTag="2024-12-26T18:12:16" DepthTag="1.033">0.741 3.917 38.466 0.000 42.434 3.917 </Samples>
		<Samples TimeTag="2024-12-26T18:12:24" DepthTag="1.134">0.757 13.234 40.011 0.000 57.463 13.234 </Samples>
		<Samples TimeTag="2024-12-26T18:12:29" DepthTag="1.237">1.180 14.382 40.241 0.000 52.578 14.382 </Samples>
		<Samples TimeTag="2024-12-26T18:12:33" DepthTag="1.339">1.470 14.688 37.643 0.000 49.026 14.688 </Samples>
		<Samples TimeTag="2024-12-26T18:12:36" DepthTag="1.442">1.918 14.810 39.555 0.000 51.725 14.810 </Samples>
		<Samples TimeTag="2024-12-26T18:13:04" DepthTag="1.566">1.046 4.498 28.549 0.000 35.073 4.498 </Samples>
		<Samples TimeTag="2024-12-26T18:13:10" DepthTag="1.666">1.155 13.954 42.740 0.000 53.035 13.954 </Samples>
		<Samples TimeTag="2024-12-26T18:13:14" DepthTag="1.768">1.385 15.988 40.518 0.000 47.833 15.988 </Samples>
		<Samples TimeTag="2024-12-26T18:13:18" DepthTag="1.871">1.477 16.845 39.532 0.000 50.589 16.845 </Samples>
		<Samples TimeTag="2024-12-26T18:13:21" DepthTag="1.975">1.942 17.212 40.344 0.000 47.792 17.212 </Samples>
		<Samples TimeTag="2024-12-26T18:13:24" DepthTag="2.079">2.237 17.427 38.637 0.000 37.692 17.427 </Samples>
		<Samples TimeTag="2024-12-26T18:13:27" DepthTag="2.182">2.566 17.626 38.871 0.000 33.192 17.626 </Samples>
		<Samples TimeTag="2024-12-26T18:13:29" DepthTag="2.292">2.501 17.794 39.396 0.000 36.850 17.794 </Samples>
		<Samples TimeTag="2024-12-26T18:13:33" DepthTag="2.397">1.737 17.870 41.563 0.000 49.803 17.870 </Samples>
		<Samples TimeTag="2024-12-26T18:13:39" DepthTag="2.499">0.994 17.916 40.837 0.000 47.045 17.916 </Samples>
		<Samples TimeTag="2024-12-26T18:14:16" DepthTag="2.601">0.392 10.603 44.974 0.000 57.267 10.603 </Samples>
		<Samples TimeTag="2024-12-26T18:14:22" DepthTag="2.704">1.101 15.667 40.587 0.000 46.162 15.667 </Samples>
		<Samples TimeTag="2024-12-26T18:14:27" DepthTag="2.804">1.252 16.799 40.801 0.000 50.379 16.799 </Samples>
		<Samples TimeTag="2024-12-26T18:14:31" DepthTag="2.906">1.333 17.350 40.178 0.000 49.941 17.350 </Samples>
		<Samples TimeTag="2024-12-26T18:14:35" DepthTag="3.011">1.826 17.610 39.843 0.000 50.111 17.610 </Samples>
		<Samples TimeTag="2024-12-26T18:14:39" DepthTag="3.116">1.679 17.825 38.731 0.000 45.789 17.825 </Samples>
		<Samples TimeTag="2024-12-26T18:14:41" DepthTag="3.221">2.437 17.886 39.347 0.000 43.318 17.886 </Samples>
		<Samples TimeTag="2024-12-26T18:14:44" DepthTag="3.331">2.495 17.932 39.658 0.000 40.365 17.932 </Samples>
		<Samples TimeTag="2024-12-26T18:14:46" DepthTag="3.434">2.404 17.825 40.674 0.000 37.060 17.825 </Samples>
		<Samples TimeTag="2024-12-26T18:15:26" DepthTag="3.589">0.733 4.299 21.894 0.000 23.959 4.299 </Samples>
		<Samples TimeTag="2024-12-26T18:15:33" DepthTag="3.691">0.899 14.642 40.082 0.000 53.393 14.642 </Samples>
		<Samples TimeTag="2024-12-26T18:15:38" DepthTag="3.796">1.152 15.851 40.753 0.000 50.048 15.851 </Samples>
		<Samples TimeTag="2024-12-26T18:15:42" DepthTag="3.899">1.644 16.570 39.648 0.000 47.631 16.570 </Samples>
		<Samples TimeTag="2024-12-26T18:15:46" DepthTag="4.002">1.536 16.952 40.023 0.000 52.713 16.952 </Samples>
		<Samples TimeTag="2024-12-26T18:15:49" DepthTag="4.104">1.699 17.212 40.745 0.000 45.925 17.212 </Samples>
		<Samples TimeTag="2024-12-26T18:15:59" DepthTag="4.206">0.663 17.151 41.069 0.000 47.999 17.151 </Samples>
		<Samples TimeTag="2024-12-26T18:16:08" DepthTag="4.308">0.680 16.983 37.629 0.000 44.472 16.983 </Samples>
		<Samples TimeTag="2024-12-26T18:16:12" DepthTag="4.410">1.464 17.167 39.335 0.000 38.757 17.167 </Samples>
		<Samples TimeTag="2024-12-26T18:16:15" DepthTag="4.513">1.713 17.289 39.227 0.000 38.308 17.289 </Samples>
		<Samples TimeTag="2024-12-26T18:16:18" DepthTag="4.619">2.143 17.442 39.527 0.000 37.057 17.442 </Samples>
		<Samples TimeTag="2024-12-26T18:16:22" DepthTag="4.719">1.878 17.595 41.073 0.000 47.505 17.595 </Samples>
		<Samples TimeTag="2024-12-26T18:16:27" DepthTag="4.821">1.204 17.381 41.778 0.000 49.346 17.381 </Samples>
		<Samples TimeTag="2024-12-26T18:16:32" DepthTag="4.922">1.169 17.457 39.098 0.000 46.850 17.457 </Samples>
		<Samples TimeTag="2024-12-26T18:16:39" DepthTag="5.024">0.807 17.274 40.160 0.000 50.478 17.274 </Samples>
		<Samples TimeTag="2024-12-26T18:16:45" DepthTag="5.127">1.103 17.549 39.442 0.000 50.015 17.549 </Samples>
		<Samples TimeTag="2024-12-26T18:16:51" DepthTag="5.229">1.017 17.564 39.928 0.000 51.730 17.564 </Samples>
		<Samples TimeTag="2024-12-26T18:16:58" DepthTag="5.332">0.939 17.610 39.650 0.000 57.547 17.610 </Samples>
		<Samples TimeTag="2024-12-26T18:17:01" DepthTag="5.435">2.033 17.763 39.352 0.000 38.068 17.763 </Samples>
		<Samples TimeTag="2024-12-26T18:17:05" DepthTag="5.537">1.471 17.748 41.706 0.000 45.619 17.748 </Samples>
		<Samples TimeTag="2024-12-26T18:17:08" DepthTag="5.643">1.759 17.901 40.608 0.000 46.525 17.901 </Samples>
		<Samples TimeTag="2024-12-26T18:17:11" DepthTag="5.744">2.347 17.962 40.277 0.000 35.570 17.962 </Samples>
		<Samples TimeTag="2024-12-26T18:17:14" DepthTag="5.852">2.452 18.253 40.304 0.000 32.621 18.253 </Samples>
		<Samples TimeTag="2024-12-26T18:17:16" DepthTag="5.956">2.223 18.421 40.509 0.000 37.619 18.421 </Samples>
		<Samples TimeTag="2024-12-26T18:17:19" DepthTag="6.059">2.276 18.482 40.092 0.000 40.848 18.482 </Samples>
		<Samples TimeTag="2024-12-26T18:17:22" DepthTag="6.160">1.885 18.635 41.617 0.000 43.029 18.635 </Samples>
		<Samples TimeTag="2024-12-26T18:17:26" DepthTag="6.266">1.760 18.574 37.701 0.000 50.989 18.574 </Samples>
		<Samples TimeTag="2024-12-26T18:17:29" DepthTag="6.369">1.930 18.482 39.017 0.000 49.950 18.482 </Samples>
		<Samples TimeTag="2024-12-26T18:17:33" DepthTag="6.475">1.838 18.391 39.871 0.000 51.148 18.391 </Samples>
		<Samples TimeTag="2024-12-26T18:17:36" DepthTag="6.580">2.133 18.375 39.504 0.000 54.686 18.375 </Samples>
		<Samples TimeTag="2024-12-26T18:17:39" DepthTag="6.680">1.592 18.360 39.752 0.000 52.326 18.360 </Samples>
		<Samples TimeTag="2024-12-26T18:17:42" DepthTag="6.786">2.261 18.406 39.923 0.000 42.224 18.406 </Samples>
		<Samples TimeTag="2024-12-26T18:17:45" DepthTag="6.892">2.260 18.329 39.459 0.000 42.648 18.329 </Samples>
		<Samples TimeTag="2024-12-26T18:17:48" DepthTag="7.001">2.475 18.299 40.973 0.000 42.750 18.299 </Samples>
		<Samples TimeTag="2024-12-26T18:17:51" DepthTag="7.103">2.065 18.284 40.459 0.000 51.130 18.284 </Samples>
		<Samples TimeTag="2024-12-26T18:17:53" DepthTag="7.207">2.221 18.284 42.882 0.000 53.358 18.284 </Samples>
		<Samples TimeTag="2024-12-26T18:17:58" DepthTag="7.311">1.422 18.115 41.170 0.000 61.626 18.115 </Samples>
		<Samples TimeTag="2024-12-26T18:18:01" DepthTag="7.415">2.218 18.146 40.807 0.000 41.229 18.146 </Samples>
		<Samples TimeTag="2024-12-26T18:18:03" DepthTag="7.517">2.178 18.161 37.874 0.000 43.819 18.161 </Samples>
		<Samples TimeTag="2024-12-26T18:18:06" DepthTag="7.627">2.745 18.207 40.375 0.000 43.517 18.207 </Samples>
		<Samples TimeTag="2024-12-26T18:18:08" DepthTag="7.729">2.640 18.100 38.176 0.000 45.527 18.100 </Samples>
		<Samples TimeTag="2024-12-26T18:19:03" DepthTag="7.836">0.940 2.861 11.635 0.000 26.725 2.861 </Samples>
		<Samples TimeTag="2024-12-26T18:19:55" DepthTag="7.945">1.624 4.835 27.237 0.000 43.400 4.835 </Samples>
	</CompactMWDdata>
	<IR:GenTrailer>
		<IR:FileCloseDate>2024-12-26T18:21:48</IR:FileCloseDate>
		<IR:ChkSum>1714708594</IR:ChkSum>
	</IR:GenTrailer>
</DRMWD>
