<?xml version="1.0" encoding="UTF-8"?>
<!-- Generated by the RCS System Epiroc Rock Drills AB -->
<DRMWD xmlns="http://www.iredes.org/xml/DrillRig" xmlns:IR="http://www.iredes.org/xml" xmlns:xsi="http://www.w3.org/2001/XMLSchema-instance" xsi:schemaLocation="http://www.iredes.org/xml/DrillRig C:\Iredes\IR_V1.2.3\xml\DR-DrillRig_V1.2\DrillRig.xsd" IRVersion="V 1.2AC" IRDownwCompat="V 1.2AC" DRMWDDownwCompat="V 1.2AC" DRMWDVersion="V 1.2AC">
	<IR:GenHead>
		<IR:FileCreateDate>2024-12-25T04:54:38</IR:FileCreateDate>
		<IR:IRversion DownwCompat="V 1.0">V 1.2AC</IR:IRversion>
		<IR:EquipmentInfo>
			<IR:EqpManufact>Epiroc</IR:EqpManufact>
			<IR:EqpType>SmartROC D65</IR:EqpType>
			<IR:EqpSerNo>8992013064</IR:EqpSerNo>
			<IR:EqpSysVer>6.28.1</IR:EqpSysVer>
			<IR:EqpInfo>DrillingMethod: DTH</IR:EqpInfo>
		</IR:EquipmentInfo>
	</IR:GenHead>
	<IR:ReportId>MWDRI250454</IR:ReportId>
	<IR:StartLogTime>2024-12-25T04:46:38</IR:StartLogTime>
	<IR:EndLogTime>2024-12-25T04:53:01</IR:EndLogTime>
	<IR:PlanIdRef>FRD03_11_0626_001_All</IR:PlanIdRef>
	<IR:PlanNameRef>FRD03_11_0626_001_All</IR:PlanNameRef>
	<MWDholeId>H4</MWDholeId>
	<QualityReportIdRef>DQRI241930</QualityReportIdRef>
	<SampleDistance>0.100</SampleDistance>
	<CompactMWDdata>
		<MWDparams>
			<Parameter Unit="m/min" Full="PenetrRate">PR</Parameter>
			<Parameter Unit="Bar" Full="PercPressure">PP</Parameter>
			<Parameter Unit="Bar" Full="FeedPressure">FP</Parameter>
			<Parameter Unit="Bar" Full="DampPressure">DP</Parameter>
			<Parameter Unit="Bar" Full="RotPressure">RP</Parameter>
			<Parameter Unit="Bar" Full="FlushPressure">FLP</Parameter>
		</MWDparams>
		<Samples TimeTag="2024-12-25T04:46:38" DepthTag="0.119">1.003 9.211 29.143 0.000 21.044 9.211 </Samples>
		<Samples TimeTag="2024-12-25T04:46:41" DepthTag="0.221">1.727 14.397 44.325 0.000 21.045 14.397 </Samples>
		<Samples TimeTag="2024-12-25T04:46:45" DepthTag="0.322">1.568 16.126 40.417 0.000 21.035 16.126 </Samples>
		<Samples TimeTag="2024-12-25T04:46:47" DepthTag="0.422">3.002 16.677 36.675 0.000 56.127 16.677 </Samples>
		<Samples TimeTag="2024-12-25T04:46:49" DepthTag="0.524">3.807 16.187 33.133 0.000 58.980 16.187 </Samples>
		<Samples TimeTag="2024-12-25T04:47:05" DepthTag="0.625">1.681 5.523 22.742 0.000 37.394 5.523 </Samples>
		<Samples TimeTag="2024-12-25T04:47:05" DepthTag="0.725">7.520 5.263 26.279 0.000 46.055 5.263 </Samples>
		<Samples TimeTag="2024-12-25T04:47:08" DepthTag="0.826">2.501 11.353 45.620 0.000 55.063 11.353 </Samples>
		<Samples TimeTag="2024-12-25T04:47:10" DepthTag="0.936">2.586 15.025 42.287 0.000 59.055 15.025 </Samples>
		<Samples TimeTag="2024-12-25T04:47:34" DepthTag="1.045">1.307 9.899 45.682 0.000 67.828 9.899 </Samples>
		<Samples TimeTag="2024-12-25T04:47:36" DepthTag="1.146">2.521 13.908 41.429 0.000 59.699 13.908 </Samples>
		<Samples TimeTag="2024-12-25T04:47:39" DepthTag="1.253">2.293 16.249 41.838 0.000 53.907 16.249 </Samples>
		<Samples TimeTag="2024-12-25T04:47:43" DepthTag="1.359">1.692 17.993 40.866 0.000 54.584 17.993 </Samples>
		<Samples TimeTag="2024-12-25T04:47:46" DepthTag="1.460">1.675 18.987 41.579 0.000 59.751 18.987 </Samples>
		<Samples TimeTag="2024-12-25T04:48:31" DepthTag="1.563">0.529 15.101 39.529 0.000 57.546 15.101 </Samples>
		<Samples TimeTag="2024-12-25T04:48:34" DepthTag="1.676">2.570 16.738 39.256 0.000 59.455 16.738 </Samples>
		<Samples TimeTag="2024-12-25T04:48:36" DepthTag="1.784">3.223 17.488 39.281 0.000 59.661 17.488 </Samples>
		<Samples TimeTag="2024-12-25T04:48:38" DepthTag="1.893">3.254 18.146 40.438 0.000 52.832 18.146 </Samples>
		<Samples TimeTag="2024-12-25T04:48:40" DepthTag="1.994">2.800 18.666 41.035 0.000 53.838 18.666 </Samples>
		<Samples TimeTag="2024-12-25T04:48:44" DepthTag="2.094">1.757 19.186 41.413 0.000 61.070 19.186 </Samples>
		<Samples TimeTag="2024-12-25T04:48:48" DepthTag="2.199">1.373 19.676 38.091 0.000 54.414 19.676 </Samples>
		<Samples TimeTag="2024-12-25T04:48:54" DepthTag="2.302">1.097 19.569 41.359 0.000 57.798 19.569 </Samples>
		<Samples TimeTag="2024-12-25T04:48:58" DepthTag="2.404">1.478 19.737 38.398 0.000 56.641 19.737 </Samples>
		<Samples TimeTag="2024-12-25T04:49:00" DepthTag="2.505">2.697 19.890 39.496 0.000 54.664 19.890 </Samples>
		<Samples TimeTag="2024-12-25T04:49:41" DepthTag="2.606">0.370 15.835 42.047 0.000 60.035 15.835 </Samples>
		<Samples TimeTag="2024-12-25T04:49:46" DepthTag="2.707">1.198 17.870 41.802 0.000 57.656 17.870 </Samples>
		<Samples TimeTag="2024-12-25T04:49:53" DepthTag="2.808">0.871 19.094 40.338 0.000 59.423 19.094 </Samples>
		<Samples TimeTag="2024-12-25T04:49:59" DepthTag="2.911">1.066 19.309 40.341 0.000 56.251 19.309 </Samples>
		<Samples TimeTag="2024-12-25T04:50:02" DepthTag="3.016">1.827 19.737 37.333 0.000 50.404 19.737 </Samples>
		<Samples TimeTag="2024-12-25T04:50:05" DepthTag="3.119">2.282 19.921 38.596 0.000 55.741 19.921 </Samples>
		<Samples TimeTag="2024-12-25T04:50:07" DepthTag="3.227">2.433 20.058 38.292 0.000 52.531 20.058 </Samples>
		<Samples TimeTag="2024-12-25T04:50:10" DepthTag="3.331">2.224 20.119 41.539 0.000 59.300 20.119 </Samples>
		<Samples TimeTag="2024-12-25T04:50:15" DepthTag="3.431">1.314 20.257 41.195 0.000 63.039 20.257 </Samples>
		<Samples TimeTag="2024-12-25T04:50:57" DepthTag="3.556">0.474 5.630 32.024 0.000 52.735 5.630 </Samples>
		<Samples TimeTag="2024-12-25T04:51:03" DepthTag="3.656">0.962 16.539 51.233 0.000 67.042 16.539 </Samples>
		<Samples TimeTag="2024-12-25T04:51:07" DepthTag="3.757">1.683 18.069 50.440 0.000 65.574 18.069 </Samples>
		<Samples TimeTag="2024-12-25T04:51:09" DepthTag="3.860">2.416 18.834 54.207 0.000 63.312 18.834 </Samples>
		<Samples TimeTag="2024-12-25T04:51:15" DepthTag="3.964">1.030 19.875 48.149 0.000 68.735 19.875 </Samples>
		<Samples TimeTag="2024-12-25T04:51:21" DepthTag="4.068">1.204 20.257 50.699 0.000 69.970 20.257 </Samples>
		<Samples TimeTag="2024-12-25T04:51:24" DepthTag="4.169">2.031 20.487 50.964 0.000 67.351 20.487 </Samples>
		<Samples TimeTag="2024-12-25T04:51:26" DepthTag="4.274">2.617 20.563 53.203 0.000 55.601 20.563 </Samples>
		<Samples TimeTag="2024-12-25T04:51:28" DepthTag="4.383">2.735 20.640 53.323 0.000 64.427 20.640 </Samples>
		<Samples TimeTag="2024-12-25T04:51:31" DepthTag="4.490">2.269 20.701 54.013 0.000 64.126 20.701 </Samples>
		<Samples TimeTag="2024-12-25T04:51:34" DepthTag="4.593">1.942 20.533 54.959 0.000 59.578 20.533 </Samples>
		<Samples TimeTag="2024-12-25T04:51:38" DepthTag="4.699">1.588 20.273 52.726 0.000 61.952 20.273 </Samples>
		<Samples TimeTag="2024-12-25T04:51:41" DepthTag="4.805">2.141 20.441 53.761 0.000 54.506 20.441 </Samples>
		<Samples TimeTag="2024-12-25T04:51:45" DepthTag="4.908">1.919 20.548 54.090 0.000 56.114 20.548 </Samples>
		<Samples TimeTag="2024-12-25T04:51:48" DepthTag="5.010">1.919 20.686 53.953 0.000 58.377 20.686 </Samples>
		<Samples TimeTag="2024-12-25T04:51:51" DepthTag="5.116">2.254 20.655 53.693 0.000 58.407 20.655 </Samples>
		<Samples TimeTag="2024-12-25T04:51:53" DepthTag="5.222">2.949 20.563 53.416 0.000 55.627 20.563 </Samples>
		<Samples TimeTag="2024-12-25T04:51:55" DepthTag="5.325">3.062 20.655 53.265 0.000 59.332 20.655 </Samples>
		<Samples TimeTag="2024-12-25T04:51:57" DepthTag="5.426">2.306 20.808 54.081 0.000 60.241 20.808 </Samples>
		<Samples TimeTag="2024-12-25T04:52:01" DepthTag="5.529">1.822 20.823 50.188 0.000 69.033 20.823 </Samples>
		<Samples TimeTag="2024-12-25T04:52:04" DepthTag="5.633">1.725 20.762 53.486 0.000 65.713 20.762 </Samples>
		<Samples TimeTag="2024-12-25T04:52:08" DepthTag="5.739">1.997 20.854 52.555 0.000 64.689 20.854 </Samples>
		<Samples TimeTag="2024-12-25T04:52:10" DepthTag="5.843">2.598 20.869 52.486 0.000 67.062 20.869 </Samples>
		<Samples TimeTag="2024-12-25T04:52:13" DepthTag="5.952">2.193 20.777 52.276 0.000 69.555 20.777 </Samples>
		<Samples TimeTag="2024-12-25T04:52:16" DepthTag="6.057">2.236 20.839 52.925 0.000 63.233 20.839 </Samples>
		<Samples TimeTag="2024-12-25T04:52:18" DepthTag="6.168">2.773 20.869 53.398 0.000 61.271 20.869 </Samples>
		<Samples TimeTag="2024-12-25T04:52:20" DepthTag="6.270">3.825 20.976 53.256 0.000 64.163 20.976 </Samples>
		<Samples TimeTag="2024-12-25T04:52:22" DepthTag="6.371">2.803 21.022 53.001 0.000 68.528 21.022 </Samples>
		<Samples TimeTag="2024-12-25T04:52:25" DepthTag="6.476">1.832 21.038 51.954 0.000 66.482 21.038 </Samples>
		<Samples TimeTag="2024-12-25T04:52:28" DepthTag="6.582">2.638 21.022 53.041 0.000 67.185 21.022 </Samples>
		<Samples TimeTag="2024-12-25T04:52:30" DepthTag="6.684">3.455 21.114 52.948 0.000 63.764 21.114 </Samples>
		<Samples TimeTag="2024-12-25T04:52:32" DepthTag="6.784">2.680 21.053 56.360 0.000 65.381 21.053 </Samples>
		<Samples TimeTag="2024-12-25T04:52:37" DepthTag="6.886">1.135 20.777 52.546 0.000 65.885 20.777 </Samples>
		<Samples TimeTag="2024-12-25T04:52:41" DepthTag="6.993">1.705 20.747 51.516 0.000 59.580 20.747 </Samples>
		<Samples TimeTag="2024-12-25T04:52:43" DepthTag="7.094">2.698 20.793 52.848 0.000 64.526 20.793 </Samples>
		<Samples TimeTag="2024-12-25T04:52:47" DepthTag="7.206">1.872 20.762 52.585 0.000 62.010 20.762 </Samples>
		<Samples TimeTag="2024-12-25T04:52:51" DepthTag="7.312">1.464 20.563 53.534 0.000 62.687 20.563 </Samples>
		<Samples TimeTag="2024-12-25T04:52:53" DepthTag="7.417">2.628 20.793 52.346 0.000 66.277 20.793 </Samples>
		<Samples TimeTag="2024-12-25T04:52:56" DepthTag="7.525">2.439 20.318 39.171 0.000 53.603 20.318 </Samples>
		<Samples TimeTag="2024-12-25T04:53:01" DepthTag="7.626">1.222 19.507 40.125 0.000 62.477 19.507 </Samples>
	</CompactMWDdata>
	<IR:GenTrailer>
		<IR:FileCloseDate>2024-12-25T04:54:38</IR:FileCloseDate>
		<IR:ChkSum>3826939583</IR:ChkSum>
	</IR:GenTrailer>
</DRMWD>
