<?xml version="1.0" encoding="UTF-8"?>
<!-- Generated by the RCS System Epiroc Rock Drills AB -->
<DRMWD xmlns="http://www.iredes.org/xml/DrillRig" xmlns:IR="http://www.iredes.org/xml" xmlns:xsi="http://www.w3.org/2001/XMLSchema-instance" xsi:schemaLocation="http://www.iredes.org/xml/DrillRig C:\Iredes\IR_V1.2.3\xml\DR-DrillRig_V1.2\DrillRig.xsd" IRVersion="V 1.2AC" IRDownwCompat="V 1.2AC" DRMWDDownwCompat="V 1.2AC" DRMWDVersion="V 1.2AC">
	<IR:GenHead>
		<IR:FileCreateDate>2024-12-26T17:48:52</IR:FileCreateDate>
		<IR:IRversion DownwCompat="V 1.0">V 1.2AC</IR:IRversion>
		<IR:EquipmentInfo>
			<IR:EqpManufact>Epiroc</IR:EqpManufact>
			<IR:EqpType>SmartROC D65</IR:EqpType>
			<IR:EqpSerNo>8992013064</IR:EqpSerNo>
			<IR:EqpSysVer>6.28.1</IR:EqpSysVer>
			<IR:EqpInfo>DrillingMethod: DTH</IR:EqpInfo>
		</IR:EquipmentInfo>
	</IR:GenHead>
	<IR:ReportId>MWDRI261748</IR:ReportId>
	<IR:StartLogTime>2024-12-26T17:41:25</IR:StartLogTime>
	<IR:EndLogTime>2024-12-26T17:47:19</IR:EndLogTime>
	<IR:PlanIdRef>FRD03_11_0626_001_All</IR:PlanIdRef>
	<IR:PlanNameRef>FRD03_11_0626_001_All</IR:PlanNameRef>
	<MWDholeId>A80</MWDholeId>
	<QualityReportIdRef>DQRI261457</QualityReportIdRef>
	<SampleDistance>0.100</SampleDistance>
	<CompactMWDdata>
		<MWDparams>
			<Parameter Unit="m/min" Full="PenetrRate">PR</Parameter>
			<Parameter Unit="Bar" Full="PercPressure">PP</Parameter>
			<Parameter Unit="Bar" Full="FeedPressure">FP</Parameter>
			<Parameter Unit="Bar" Full="DampPressure">DP</Parameter>
			<Parameter Unit="Bar" Full="RotPressure">RP</Parameter>
			<Parameter Unit="Bar" Full="FlushPressure">FLP</Parameter>
		</MWDparams>
		<Samples TimeTag="2024-12-26T17:41:25" DepthTag="0.101">1.411 13.969 35.464 0.000 20.320 13.969 </Samples>
		<Samples TimeTag="2024-12-26T17:41:28" DepthTag="0.207">2.266 14.474 43.954 0.000 20.458 14.474 </Samples>
		<Samples TimeTag="2024-12-26T17:41:31" DepthTag="0.307">1.710 14.933 43.928 0.000 20.182 14.933 </Samples>
		<Samples TimeTag="2024-12-26T17:41:36" DepthTag="0.408">1.250 15.055 40.321 0.000 44.871 15.055 </Samples>
		<Samples TimeTag="2024-12-26T17:41:38" DepthTag="0.508">2.687 15.071 39.048 0.000 42.262 15.071 </Samples>
		<Samples TimeTag="2024-12-26T17:42:02" DepthTag="0.610">0.797 14.902 41.228 0.000 45.612 14.902 </Samples>
		<Samples TimeTag="2024-12-26T17:42:05" DepthTag="0.713">1.787 14.994 41.395 0.000 41.516 14.994 </Samples>
		<Samples TimeTag="2024-12-26T17:42:09" DepthTag="0.817">1.722 15.025 39.609 0.000 49.324 15.025 </Samples>
		<Samples TimeTag="2024-12-26T17:42:12" DepthTag="0.924">2.170 14.948 38.777 0.000 46.964 14.948 </Samples>
		<Samples TimeTag="2024-12-26T17:42:36" DepthTag="1.041">0.900 3.244 22.742 0.000 36.771 3.244 </Samples>
		<Samples TimeTag="2024-12-26T17:42:41" DepthTag="1.142">1.309 10.786 44.051 0.000 50.455 10.786 </Samples>
		<Samples TimeTag="2024-12-26T17:42:46" DepthTag="1.245">1.244 13.617 41.245 0.000 45.215 13.617 </Samples>
		<Samples TimeTag="2024-12-26T17:42:50" DepthTag="1.348">1.398 14.443 39.380 0.000 40.991 14.443 </Samples>
		<Samples TimeTag="2024-12-26T17:42:55" DepthTag="1.448">1.363 14.810 40.161 0.000 53.757 14.810 </Samples>
		<Samples TimeTag="2024-12-26T17:43:27" DepthTag="1.549">0.550 11.536 45.572 0.000 54.588 11.536 </Samples>
		<Samples TimeTag="2024-12-26T17:43:33" DepthTag="1.649">0.975 15.943 39.550 0.000 55.220 15.943 </Samples>
		<Samples TimeTag="2024-12-26T17:43:37" DepthTag="1.754">1.636 16.769 39.484 0.000 49.775 16.769 </Samples>
		<Samples TimeTag="2024-12-26T17:43:40" DepthTag="1.855">1.785 17.243 39.853 0.000 44.006 17.243 </Samples>
		<Samples TimeTag="2024-12-26T17:43:44" DepthTag="1.958">1.539 17.518 40.632 0.000 43.446 17.518 </Samples>
		<Samples TimeTag="2024-12-26T17:43:48" DepthTag="2.062">1.504 17.656 40.683 0.000 44.860 17.656 </Samples>
		<Samples TimeTag="2024-12-26T17:43:52" DepthTag="2.166">1.842 17.779 38.807 0.000 41.310 17.779 </Samples>
		<Samples TimeTag="2024-12-26T17:43:57" DepthTag="2.266">1.249 17.932 42.181 0.000 50.826 17.932 </Samples>
		<Samples TimeTag="2024-12-26T17:44:05" DepthTag="2.368">0.710 17.993 39.275 0.000 53.000 17.993 </Samples>
		<Samples TimeTag="2024-12-26T17:44:10" DepthTag="2.470">1.283 18.039 35.147 0.000 43.174 18.039 </Samples>
		<Samples TimeTag="2024-12-26T17:44:38" DepthTag="2.570">1.109 4.651 21.559 0.000 20.638 4.651 </Samples>
		<Samples TimeTag="2024-12-26T17:44:42" DepthTag="2.671">1.512 12.699 44.370 0.000 45.584 12.699 </Samples>
		<Samples TimeTag="2024-12-26T17:44:46" DepthTag="2.780">1.628 15.514 39.708 0.000 39.193 15.514 </Samples>
		<Samples TimeTag="2024-12-26T17:44:50" DepthTag="2.881">1.714 16.570 40.624 0.000 45.902 16.570 </Samples>
		<Samples TimeTag="2024-12-26T17:44:57" DepthTag="2.981">0.852 17.442 41.309 0.000 45.596 17.442 </Samples>
		<Samples TimeTag="2024-12-26T17:45:04" DepthTag="3.083">0.840 17.702 38.735 0.000 44.949 17.702 </Samples>
		<Samples TimeTag="2024-12-26T17:45:07" DepthTag="3.188">2.013 17.886 39.202 0.000 46.848 17.886 </Samples>
		<Samples TimeTag="2024-12-26T17:45:10" DepthTag="3.292">2.358 17.993 39.529 0.000 47.777 17.993 </Samples>
		<Samples TimeTag="2024-12-26T17:45:13" DepthTag="3.394">2.063 18.085 40.021 0.000 46.939 18.085 </Samples>
		<Samples TimeTag="2024-12-26T17:45:16" DepthTag="3.495">1.770 18.131 39.643 0.000 46.871 18.131 </Samples>
		<Samples TimeTag="2024-12-26T17:45:53" DepthTag="3.596">0.559 7.007 43.624 0.000 55.070 7.007 </Samples>
		<Samples TimeTag="2024-12-26T17:45:59" DepthTag="3.701">1.080 15.009 39.389 0.000 52.335 15.009 </Samples>
		<Samples TimeTag="2024-12-26T17:46:02" DepthTag="3.803">1.906 16.187 40.219 0.000 46.909 16.187 </Samples>
		<Samples TimeTag="2024-12-26T17:46:05" DepthTag="3.909">2.952 16.677 38.588 0.000 43.553 16.677 </Samples>
		<Samples TimeTag="2024-12-26T17:46:07" DepthTag="4.013">2.210 17.258 41.006 0.000 41.846 17.258 </Samples>
		<Samples TimeTag="2024-12-26T17:46:10" DepthTag="4.118">2.260 17.549 40.627 0.000 53.225 17.549 </Samples>
		<Samples TimeTag="2024-12-26T17:46:13" DepthTag="4.222">2.420 17.794 39.302 0.000 44.490 17.794 </Samples>
		<Samples TimeTag="2024-12-26T17:46:15" DepthTag="4.331">2.462 18.008 40.118 0.000 44.973 18.008 </Samples>
		<Samples TimeTag="2024-12-26T17:46:19" DepthTag="4.433">1.907 18.268 39.973 0.000 39.221 18.268 </Samples>
		<Samples TimeTag="2024-12-26T17:46:22" DepthTag="4.534">1.948 18.314 40.082 0.000 47.867 18.314 </Samples>
		<Samples TimeTag="2024-12-26T17:46:24" DepthTag="4.643">2.903 18.284 40.001 0.000 42.813 18.284 </Samples>
		<Samples TimeTag="2024-12-26T17:46:27" DepthTag="4.749">2.268 18.268 40.120 0.000 51.204 18.268 </Samples>
		<Samples TimeTag="2024-12-26T17:46:29" DepthTag="4.851">3.059 18.222 39.288 0.000 39.626 18.222 </Samples>
		<Samples TimeTag="2024-12-26T17:46:31" DepthTag="4.952">2.364 18.253 40.226 0.000 48.087 18.253 </Samples>
		<Samples TimeTag="2024-12-26T17:46:34" DepthTag="5.058">2.133 18.207 41.419 0.000 49.238 18.207 </Samples>
		<Samples TimeTag="2024-12-26T17:46:37" DepthTag="5.163">2.067 18.268 39.281 0.000 46.671 18.268 </Samples>
		<Samples TimeTag="2024-12-26T17:46:41" DepthTag="5.276">2.106 18.284 39.326 0.000 46.647 18.284 </Samples>
		<Samples TimeTag="2024-12-26T17:46:43" DepthTag="5.384">2.526 18.253 38.925 0.000 43.528 18.253 </Samples>
		<Samples TimeTag="2024-12-26T17:46:46" DepthTag="5.485">2.529 18.268 39.726 0.000 45.210 18.268 </Samples>
		<Samples TimeTag="2024-12-26T17:46:48" DepthTag="5.585">2.686 18.253 39.925 0.000 44.986 18.253 </Samples>
		<Samples TimeTag="2024-12-26T17:46:50" DepthTag="5.692">2.493 18.222 39.937 0.000 43.562 18.222 </Samples>
		<Samples TimeTag="2024-12-26T17:46:52" DepthTag="5.799">3.624 18.222 38.856 0.000 46.404 18.222 </Samples>
		<Samples TimeTag="2024-12-26T17:46:54" DepthTag="5.899">3.263 18.192 40.298 0.000 44.508 18.192 </Samples>
		<Samples TimeTag="2024-12-26T17:46:57" DepthTag="6.006">2.500 18.176 40.534 0.000 43.905 18.176 </Samples>
		<Samples TimeTag="2024-12-26T17:47:00" DepthTag="6.110">2.058 18.146 40.813 0.000 44.547 18.146 </Samples>
		<Samples TimeTag="2024-12-26T17:47:02" DepthTag="6.211">2.359 18.131 39.690 0.000 39.298 18.131 </Samples>
		<Samples TimeTag="2024-12-26T17:47:05" DepthTag="6.314">2.184 18.115 40.023 0.000 37.915 18.115 </Samples>
		<Samples TimeTag="2024-12-26T17:47:08" DepthTag="6.417">2.093 17.962 40.077 0.000 38.842 17.962 </Samples>
		<Samples TimeTag="2024-12-26T17:47:11" DepthTag="6.517">1.973 17.886 39.726 0.000 40.570 17.886 </Samples>
		<Samples TimeTag="2024-12-26T17:47:14" DepthTag="6.618">2.038 17.855 39.931 0.000 44.045 17.855 </Samples>
		<Samples TimeTag="2024-12-26T17:47:16" DepthTag="6.722">2.599 17.809 38.772 0.000 47.256 17.809 </Samples>
		<Samples TimeTag="2024-12-26T17:47:19" DepthTag="6.829">2.660 17.809 37.170 0.000 46.584 17.809 </Samples>
	</CompactMWDdata>
	<IR:GenTrailer>
		<IR:FileCloseDate>2024-12-26T17:48:52</IR:FileCloseDate>
		<IR:ChkSum>2491767421</IR:ChkSum>
	</IR:GenTrailer>
</DRMWD>
