<?xml version="1.0" encoding="UTF-8"?>
<!-- Generated by the RCS System Epiroc Rock Drills AB -->
<DRMWD xmlns="http://www.iredes.org/xml/DrillRig" xmlns:IR="http://www.iredes.org/xml" xmlns:xsi="http://www.w3.org/2001/XMLSchema-instance" xsi:schemaLocation="http://www.iredes.org/xml/DrillRig C:\Iredes\IR_V1.2.3\xml\DR-DrillRig_V1.2\DrillRig.xsd" IRVersion="V 1.2AC" IRDownwCompat="V 1.2AC" DRMWDDownwCompat="V 1.2AC" DRMWDVersion="V 1.2AC">
	<IR:GenHead>
		<IR:FileCreateDate>2024-12-26T00:39:52</IR:FileCreateDate>
		<IR:IRversion DownwCompat="V 1.0">V 1.2AC</IR:IRversion>
		<IR:EquipmentInfo>
			<IR:EqpManufact>Epiroc</IR:EqpManufact>
			<IR:EqpType>SmartROC D65</IR:EqpType>
			<IR:EqpSerNo>8992013064</IR:EqpSerNo>
			<IR:EqpSysVer>6.28.1</IR:EqpSysVer>
			<IR:EqpInfo>DrillingMethod: DTH</IR:EqpInfo>
		</IR:EquipmentInfo>
	</IR:GenHead>
	<IR:ReportId>MWDRI260039</IR:ReportId>
	<IR:StartLogTime>2024-12-26T00:32:10</IR:StartLogTime>
	<IR:EndLogTime>2024-12-26T00:38:45</IR:EndLogTime>
	<IR:PlanIdRef>FRD03_11_0632_002_All</IR:PlanIdRef>
	<IR:PlanNameRef>FRD03_11_0632_002_All</IR:PlanNameRef>
	<MWDholeId>A2</MWDholeId>
	<QualityReportIdRef>DQRI252345</QualityReportIdRef>
	<SampleDistance>0.100</SampleDistance>
	<CompactMWDdata>
		<MWDparams>
			<Parameter Unit="m/min" Full="PenetrRate">PR</Parameter>
			<Parameter Unit="Bar" Full="PercPressure">PP</Parameter>
			<Parameter Unit="Bar" Full="FeedPressure">FP</Parameter>
			<Parameter Unit="Bar" Full="DampPressure">DP</Parameter>
			<Parameter Unit="Bar" Full="RotPressure">RP</Parameter>
			<Parameter Unit="Bar" Full="FlushPressure">FLP</Parameter>
		</MWDparams>
		<Samples TimeTag="2024-12-26T00:32:10" DepthTag="0.104">1.022 13.938 40.056 0.000 20.966 13.938 </Samples>
		<Samples TimeTag="2024-12-26T00:32:13" DepthTag="0.208">2.234 14.795 42.222 0.000 20.958 14.795 </Samples>
		<Samples TimeTag="2024-12-26T00:32:17" DepthTag="0.309">1.445 14.657 42.390 0.000 20.862 14.657 </Samples>
		<Samples TimeTag="2024-12-26T00:32:22" DepthTag="0.413">1.349 14.872 40.089 0.000 46.576 14.872 </Samples>
		<Samples TimeTag="2024-12-26T00:32:43" DepthTag="0.546">0.944 5.998 22.999 0.000 27.296 5.998 </Samples>
		<Samples TimeTag="2024-12-26T00:32:49" DepthTag="0.650">1.115 12.454 42.540 0.000 51.158 12.454 </Samples>
		<Samples TimeTag="2024-12-26T00:32:53" DepthTag="0.755">1.505 13.984 39.104 0.000 37.043 13.984 </Samples>
		<Samples TimeTag="2024-12-26T00:32:57" DepthTag="0.856">1.692 14.504 40.432 0.000 48.545 14.504 </Samples>
		<Samples TimeTag="2024-12-26T00:33:04" DepthTag="0.958">0.895 14.703 39.556 0.000 51.680 14.703 </Samples>
		<Samples TimeTag="2024-12-26T00:33:40" DepthTag="1.058">0.434 14.122 41.297 0.000 53.434 14.122 </Samples>
		<Samples TimeTag="2024-12-26T00:33:49" DepthTag="1.161">0.673 14.596 39.128 0.000 51.468 14.596 </Samples>
		<Samples TimeTag="2024-12-26T00:33:53" DepthTag="1.266">1.487 14.780 38.535 0.000 40.786 14.780 </Samples>
		<Samples TimeTag="2024-12-26T00:33:57" DepthTag="1.366">1.667 14.780 39.018 0.000 41.548 14.780 </Samples>
		<Samples TimeTag="2024-12-26T00:34:01" DepthTag="1.467">1.374 14.841 41.182 0.000 49.516 14.841 </Samples>
		<Samples TimeTag="2024-12-26T00:34:35" DepthTag="1.569">0.709 14.351 43.800 0.000 59.211 14.351 </Samples>
		<Samples TimeTag="2024-12-26T00:34:41" DepthTag="1.670">1.077 16.279 39.914 0.000 57.471 16.279 </Samples>
		<Samples TimeTag="2024-12-26T00:34:44" DepthTag="1.771">1.900 16.830 39.371 0.000 49.152 16.830 </Samples>
		<Samples TimeTag="2024-12-26T00:34:47" DepthTag="1.878">2.002 17.212 39.618 0.000 46.180 17.212 </Samples>
		<Samples TimeTag="2024-12-26T00:34:51" DepthTag="1.981">1.541 17.534 41.239 0.000 53.260 17.534 </Samples>
		<Samples TimeTag="2024-12-26T00:34:56" DepthTag="2.081">1.385 17.717 38.201 0.000 47.707 17.717 </Samples>
		<Samples TimeTag="2024-12-26T00:34:59" DepthTag="2.187">2.080 17.855 39.885 0.000 44.091 17.855 </Samples>
		<Samples TimeTag="2024-12-26T00:35:02" DepthTag="2.289">1.908 17.916 39.056 0.000 44.347 17.916 </Samples>
		<Samples TimeTag="2024-12-26T00:35:04" DepthTag="2.402">3.374 18.023 36.624 0.000 32.185 18.023 </Samples>
		<Samples TimeTag="2024-12-26T00:35:06" DepthTag="2.505">3.531 18.039 38.411 0.000 31.371 18.039 </Samples>
		<Samples TimeTag="2024-12-26T00:35:35" DepthTag="2.610">1.206 6.258 32.837 0.000 31.271 6.258 </Samples>
		<Samples TimeTag="2024-12-26T00:35:40" DepthTag="2.712">1.215 14.566 41.748 0.000 36.111 14.566 </Samples>
		<Samples TimeTag="2024-12-26T00:35:44" DepthTag="2.812">1.444 16.279 40.802 0.000 44.731 16.279 </Samples>
		<Samples TimeTag="2024-12-26T00:35:49" DepthTag="2.916">1.412 17.014 39.115 0.000 44.056 17.014 </Samples>
		<Samples TimeTag="2024-12-26T00:35:53" DepthTag="3.018">1.619 17.320 39.717 0.000 45.122 17.320 </Samples>
		<Samples TimeTag="2024-12-26T00:35:55" DepthTag="3.123">2.380 17.549 38.414 0.000 44.444 17.549 </Samples>
		<Samples TimeTag="2024-12-26T00:35:58" DepthTag="3.225">2.176 17.687 40.387 0.000 46.424 17.687 </Samples>
		<Samples TimeTag="2024-12-26T00:36:02" DepthTag="3.326">1.679 17.779 40.768 0.000 45.809 17.779 </Samples>
		<Samples TimeTag="2024-12-26T00:36:05" DepthTag="3.428">1.739 17.870 40.149 0.000 48.855 17.870 </Samples>
		<Samples TimeTag="2024-12-26T00:36:41" DepthTag="3.560">0.914 4.881 23.871 0.000 29.294 4.881 </Samples>
		<Samples TimeTag="2024-12-26T00:36:45" DepthTag="3.662">1.338 14.489 52.255 0.000 51.028 14.489 </Samples>
		<Samples TimeTag="2024-12-26T00:36:48" DepthTag="3.767">1.968 16.723 53.331 0.000 47.157 16.723 </Samples>
		<Samples TimeTag="2024-12-26T00:36:51" DepthTag="3.869">2.051 17.733 53.775 0.000 47.730 17.733 </Samples>
		<Samples TimeTag="2024-12-26T00:36:54" DepthTag="3.969">2.273 18.406 54.023 0.000 49.859 18.406 </Samples>
		<Samples TimeTag="2024-12-26T00:36:57" DepthTag="4.076">2.284 18.972 53.988 0.000 50.764 18.972 </Samples>
		<Samples TimeTag="2024-12-26T00:36:59" DepthTag="4.176">2.349 19.339 54.527 0.000 48.208 19.339 </Samples>
		<Samples TimeTag="2024-12-26T00:37:02" DepthTag="4.278">2.057 19.599 53.633 0.000 50.185 19.599 </Samples>
		<Samples TimeTag="2024-12-26T00:37:05" DepthTag="4.382">2.582 19.844 52.919 0.000 46.578 19.844 </Samples>
		<Samples TimeTag="2024-12-26T00:37:07" DepthTag="4.488">2.833 19.997 53.410 0.000 38.152 19.997 </Samples>
		<Samples TimeTag="2024-12-26T00:37:09" DepthTag="4.594">2.933 20.119 52.955 0.000 36.340 20.119 </Samples>
		<Samples TimeTag="2024-12-26T00:37:11" DepthTag="4.703">3.282 20.242 53.035 0.000 38.889 20.242 </Samples>
		<Samples TimeTag="2024-12-26T00:37:13" DepthTag="4.811">4.492 20.227 52.685 0.000 41.427 20.227 </Samples>
		<Samples TimeTag="2024-12-26T00:37:14" DepthTag="4.915">3.551 20.273 54.155 0.000 45.531 20.273 </Samples>
		<Samples TimeTag="2024-12-26T00:37:16" DepthTag="5.022">3.178 20.211 55.379 0.000 49.461 20.211 </Samples>
		<Samples TimeTag="2024-12-26T00:37:18" DepthTag="5.124">3.314 20.242 54.094 0.000 43.897 20.242 </Samples>
		<Samples TimeTag="2024-12-26T00:37:20" DepthTag="5.224">3.763 20.211 53.306 0.000 46.027 20.211 </Samples>
		<Samples TimeTag="2024-12-26T00:37:22" DepthTag="5.333">3.378 20.196 55.353 0.000 48.325 20.196 </Samples>
		<Samples TimeTag="2024-12-26T00:37:24" DepthTag="5.440">2.874 20.227 53.994 0.000 45.621 20.227 </Samples>
		<Samples TimeTag="2024-12-26T00:37:26" DepthTag="5.546">2.942 20.273 54.024 0.000 35.798 20.273 </Samples>
		<Samples TimeTag="2024-12-26T00:37:28" DepthTag="5.650">3.116 20.318 53.823 0.000 37.484 20.318 </Samples>
		<Samples TimeTag="2024-12-26T00:37:30" DepthTag="5.751">2.700 20.257 55.032 0.000 46.799 20.257 </Samples>
		<Samples TimeTag="2024-12-26T00:37:33" DepthTag="5.858">2.291 20.196 53.632 0.000 51.852 20.196 </Samples>
		<Samples TimeTag="2024-12-26T00:37:35" DepthTag="5.973">3.433 20.211 52.362 0.000 46.464 20.211 </Samples>
		<Samples TimeTag="2024-12-26T00:37:37" DepthTag="6.074">3.437 20.181 54.201 0.000 50.456 20.181 </Samples>
		<Samples TimeTag="2024-12-26T00:37:39" DepthTag="6.182">3.245 20.257 53.775 0.000 49.529 20.257 </Samples>
		<Samples TimeTag="2024-12-26T00:37:41" DepthTag="6.289">2.950 20.135 54.228 0.000 51.109 20.135 </Samples>
		<Samples TimeTag="2024-12-26T00:37:43" DepthTag="6.392">3.866 20.211 53.795 0.000 45.221 20.211 </Samples>
		<Samples TimeTag="2024-12-26T00:37:45" DepthTag="6.496">3.367 20.257 54.061 0.000 44.054 20.257 </Samples>
		<Samples TimeTag="2024-12-26T00:37:46" DepthTag="6.607">4.145 20.211 53.298 0.000 44.659 20.211 </Samples>
		<Samples TimeTag="2024-12-26T00:37:47" DepthTag="6.709">5.083 20.211 54.060 0.000 41.078 20.211 </Samples>
		<Samples TimeTag="2024-12-26T00:37:49" DepthTag="6.817">3.236 20.211 55.150 0.000 51.867 20.211 </Samples>
		<Samples TimeTag="2024-12-26T00:37:52" DepthTag="6.920">2.585 20.165 46.225 0.000 48.677 20.165 </Samples>
		<Samples TimeTag="2024-12-26T00:37:55" DepthTag="7.025">1.747 18.987 41.597 0.000 45.171 18.987 </Samples>
		<Samples TimeTag="2024-12-26T00:38:45" DepthTag="7.126">0.721 6.028 12.024 0.000 24.499 6.028 </Samples>
	</CompactMWDdata>
	<IR:GenTrailer>
		<IR:FileCloseDate>2024-12-26T00:39:52</IR:FileCloseDate>
		<IR:ChkSum>4003109277</IR:ChkSum>
	</IR:GenTrailer>
</DRMWD>
