<?xml version="1.0" encoding="UTF-8"?>
<!-- Generated by the RCS System Epiroc Rock Drills AB -->
<DRMWD xmlns="http://www.iredes.org/xml/DrillRig" xmlns:IR="http://www.iredes.org/xml" xmlns:xsi="http://www.w3.org/2001/XMLSchema-instance" xsi:schemaLocation="http://www.iredes.org/xml/DrillRig C:\Iredes\IR_V1.2.3\xml\DR-DrillRig_V1.2\DrillRig.xsd" IRVersion="V 1.2AC" IRDownwCompat="V 1.2AC" DRMWDDownwCompat="V 1.2AC" DRMWDVersion="V 1.2AC">
	<IR:GenHead>
		<IR:FileCreateDate>2024-12-26T19:12:19</IR:FileCreateDate>
		<IR:IRversion DownwCompat="V 1.0">V 1.2AC</IR:IRversion>
		<IR:EquipmentInfo>
			<IR:EqpManufact>Epiroc</IR:EqpManufact>
			<IR:EqpType>SmartROC D65</IR:EqpType>
			<IR:EqpSerNo>8992013064</IR:EqpSerNo>
			<IR:EqpSysVer>6.28.1</IR:EqpSysVer>
			<IR:EqpInfo>DrillingMethod: DTH</IR:EqpInfo>
		</IR:EquipmentInfo>
	</IR:GenHead>
	<IR:ReportId>MWDRI261912</IR:ReportId>
	<IR:StartLogTime>2024-12-26T18:45:40</IR:StartLogTime>
	<IR:EndLogTime>2024-12-26T18:52:46</IR:EndLogTime>
	<IR:PlanIdRef>FRD03_11_0626_001_All</IR:PlanIdRef>
	<IR:PlanNameRef>FRD03_11_0626_001_All</IR:PlanNameRef>
	<MWDholeId>J10</MWDholeId>
	<QualityReportIdRef>DQRI261457</QualityReportIdRef>
	<SampleDistance>0.100</SampleDistance>
	<CompactMWDdata>
		<MWDparams>
			<Parameter Unit="m/min" Full="PenetrRate">PR</Parameter>
			<Parameter Unit="Bar" Full="PercPressure">PP</Parameter>
			<Parameter Unit="Bar" Full="FeedPressure">FP</Parameter>
			<Parameter Unit="Bar" Full="DampPressure">DP</Parameter>
			<Parameter Unit="Bar" Full="RotPressure">RP</Parameter>
			<Parameter Unit="Bar" Full="FlushPressure">FLP</Parameter>
		</MWDparams>
		<Samples TimeTag="2024-12-26T18:45:40" DepthTag="0.108">2.429 14.030 35.275 0.000 21.401 14.030 </Samples>
		<Samples TimeTag="2024-12-26T18:45:43" DepthTag="0.208">1.663 14.688 43.611 0.000 21.400 14.688 </Samples>
		<Samples TimeTag="2024-12-26T18:45:49" DepthTag="0.314">1.223 15.453 41.381 0.000 37.443 15.453 </Samples>
		<Samples TimeTag="2024-12-26T18:45:52" DepthTag="0.415">2.055 15.346 38.178 0.000 48.521 15.346 </Samples>
		<Samples TimeTag="2024-12-26T18:45:54" DepthTag="0.521">3.147 15.315 39.350 0.000 44.378 15.315 </Samples>
		<Samples TimeTag="2024-12-26T18:46:12" DepthTag="0.623">0.938 9.731 45.447 0.000 46.245 9.731 </Samples>
		<Samples TimeTag="2024-12-26T18:46:16" DepthTag="0.726">1.710 12.684 43.233 0.000 50.204 12.684 </Samples>
		<Samples TimeTag="2024-12-26T18:46:20" DepthTag="0.828">1.523 14.214 41.723 0.000 47.712 14.214 </Samples>
		<Samples TimeTag="2024-12-26T18:46:24" DepthTag="0.931">1.396 14.734 40.642 0.000 51.507 14.734 </Samples>
		<Samples TimeTag="2024-12-26T18:46:53" DepthTag="1.038">0.804 11.659 43.197 0.000 64.468 11.659 </Samples>
		<Samples TimeTag="2024-12-26T18:46:57" DepthTag="1.139">1.608 13.831 40.158 0.000 56.040 13.831 </Samples>
		<Samples TimeTag="2024-12-26T18:46:59" DepthTag="1.242">2.206 14.397 40.291 0.000 45.791 14.397 </Samples>
		<Samples TimeTag="2024-12-26T18:47:02" DepthTag="1.347">2.238 14.688 39.996 0.000 46.966 14.688 </Samples>
		<Samples TimeTag="2024-12-26T18:47:05" DepthTag="1.447">2.145 14.780 40.858 0.000 39.419 14.780 </Samples>
		<Samples TimeTag="2024-12-26T18:47:37" DepthTag="1.551">0.774 11.949 43.245 0.000 48.653 11.949 </Samples>
		<Samples TimeTag="2024-12-26T18:47:42" DepthTag="1.653">1.058 15.790 40.796 0.000 47.112 15.790 </Samples>
		<Samples TimeTag="2024-12-26T18:47:47" DepthTag="1.754">1.378 16.799 40.762 0.000 45.719 16.799 </Samples>
		<Samples TimeTag="2024-12-26T18:47:53" DepthTag="1.856">1.019 17.457 41.041 0.000 49.501 17.457 </Samples>
		<Samples TimeTag="2024-12-26T18:47:57" DepthTag="1.958">1.468 17.733 39.086 0.000 44.130 17.733 </Samples>
		<Samples TimeTag="2024-12-26T18:48:00" DepthTag="2.060">1.999 17.855 37.877 0.000 34.003 17.855 </Samples>
		<Samples TimeTag="2024-12-26T18:48:03" DepthTag="2.165">2.261 17.825 39.587 0.000 37.962 17.825 </Samples>
		<Samples TimeTag="2024-12-26T18:48:05" DepthTag="2.271">2.463 17.855 39.472 0.000 41.739 17.855 </Samples>
		<Samples TimeTag="2024-12-26T18:48:08" DepthTag="2.375">2.226 17.932 41.591 0.000 45.105 17.932 </Samples>
		<Samples TimeTag="2024-12-26T18:48:12" DepthTag="2.478">1.701 17.993 40.656 0.000 47.445 17.993 </Samples>
		<Samples TimeTag="2024-12-26T18:48:48" DepthTag="2.579">0.462 5.829 26.501 0.000 29.702 5.829 </Samples>
		<Samples TimeTag="2024-12-26T18:48:56" DepthTag="2.680">0.777 15.468 40.897 0.000 41.266 15.468 </Samples>
		<Samples TimeTag="2024-12-26T18:49:00" DepthTag="2.784">1.504 16.570 38.960 0.000 40.259 16.570 </Samples>
		<Samples TimeTag="2024-12-26T18:49:04" DepthTag="2.885">1.503 17.059 41.574 0.000 43.854 17.059 </Samples>
		<Samples TimeTag="2024-12-26T18:49:10" DepthTag="2.987">1.023 17.365 39.580 0.000 46.556 17.365 </Samples>
		<Samples TimeTag="2024-12-26T18:49:18" DepthTag="3.088">0.718 17.304 39.520 0.000 52.197 17.304 </Samples>
		<Samples TimeTag="2024-12-26T18:49:25" DepthTag="3.189">0.897 17.411 39.227 0.000 49.416 17.411 </Samples>
		<Samples TimeTag="2024-12-26T18:49:32" DepthTag="3.291">0.924 17.442 39.063 0.000 49.998 17.442 </Samples>
		<Samples TimeTag="2024-12-26T18:49:36" DepthTag="3.393">1.402 17.702 40.821 0.000 48.602 17.702 </Samples>
		<Samples TimeTag="2024-12-26T18:49:40" DepthTag="3.493">1.412 17.763 40.544 0.000 43.809 17.763 </Samples>
		<Samples TimeTag="2024-12-26T18:50:24" DepthTag="3.596">0.352 13.387 44.879 0.000 56.439 13.387 </Samples>
		<Samples TimeTag="2024-12-26T18:50:34" DepthTag="3.698">0.604 16.616 45.211 0.000 56.989 16.616 </Samples>
		<Samples TimeTag="2024-12-26T18:50:39" DepthTag="3.801">1.239 17.243 44.666 0.000 50.417 17.243 </Samples>
		<Samples TimeTag="2024-12-26T18:50:44" DepthTag="3.902">1.083 17.717 45.424 0.000 48.680 17.717 </Samples>
		<Samples TimeTag="2024-12-26T18:50:49" DepthTag="4.003">1.194 17.916 44.393 0.000 48.885 17.916 </Samples>
		<Samples TimeTag="2024-12-26T18:50:53" DepthTag="4.111">1.935 17.993 44.998 0.000 47.973 17.993 </Samples>
		<Samples TimeTag="2024-12-26T18:50:56" DepthTag="4.216">2.245 18.100 42.809 0.000 34.556 18.100 </Samples>
		<Samples TimeTag="2024-12-26T18:50:58" DepthTag="4.317">3.021 18.131 43.077 0.000 32.216 18.131 </Samples>
		<Samples TimeTag="2024-12-26T18:51:00" DepthTag="4.419">2.532 18.176 43.142 0.000 32.520 18.176 </Samples>
		<Samples TimeTag="2024-12-26T18:51:03" DepthTag="4.524">1.968 18.131 46.344 0.000 46.392 18.131 </Samples>
		<Samples TimeTag="2024-12-26T18:51:06" DepthTag="4.626">2.248 18.161 45.698 0.000 43.426 18.161 </Samples>
		<Samples TimeTag="2024-12-26T18:51:09" DepthTag="4.729">2.331 18.100 46.753 0.000 43.274 18.100 </Samples>
		<Samples TimeTag="2024-12-26T18:51:12" DepthTag="4.834">1.753 18.100 46.777 0.000 52.730 18.100 </Samples>
		<Samples TimeTag="2024-12-26T18:51:17" DepthTag="4.936">1.174 17.993 44.854 0.000 54.059 17.993 </Samples>
		<Samples TimeTag="2024-12-26T18:51:22" DepthTag="5.039">1.399 18.069 45.362 0.000 52.442 18.069 </Samples>
		<Samples TimeTag="2024-12-26T18:51:26" DepthTag="5.139">1.593 18.131 44.713 0.000 52.435 18.131 </Samples>
		<Samples TimeTag="2024-12-26T18:51:29" DepthTag="5.239">1.592 18.176 45.383 0.000 52.667 18.176 </Samples>
		<Samples TimeTag="2024-12-26T18:51:33" DepthTag="5.341">1.589 18.207 45.073 0.000 53.064 18.207 </Samples>
		<Samples TimeTag="2024-12-26T18:51:38" DepthTag="5.443">1.226 18.253 44.693 0.000 48.845 18.253 </Samples>
		<Samples TimeTag="2024-12-26T18:51:44" DepthTag="5.545">1.056 18.268 43.836 0.000 53.030 18.268 </Samples>
		<Samples TimeTag="2024-12-26T18:51:49" DepthTag="5.651">1.365 18.253 44.370 0.000 53.644 18.253 </Samples>
		<Samples TimeTag="2024-12-26T18:51:52" DepthTag="5.753">1.738 18.299 44.697 0.000 54.952 18.299 </Samples>
		<Samples TimeTag="2024-12-26T18:51:55" DepthTag="5.859">2.269 18.253 43.815 0.000 51.236 18.253 </Samples>
		<Samples TimeTag="2024-12-26T18:51:57" DepthTag="5.966">2.673 18.284 44.361 0.000 46.821 18.284 </Samples>
		<Samples TimeTag="2024-12-26T18:52:00" DepthTag="6.068">2.533 18.314 44.036 0.000 43.219 18.314 </Samples>
		<Samples TimeTag="2024-12-26T18:52:03" DepthTag="6.175">2.109 18.329 45.538 0.000 50.024 18.329 </Samples>
		<Samples TimeTag="2024-12-26T18:52:06" DepthTag="6.277">1.949 18.345 45.866 0.000 57.414 18.345 </Samples>
		<Samples TimeTag="2024-12-26T18:52:10" DepthTag="6.380">1.605 18.375 45.687 0.000 53.539 18.375 </Samples>
		<Samples TimeTag="2024-12-26T18:52:13" DepthTag="6.495">2.474 18.314 42.905 0.000 48.061 18.314 </Samples>
		<Samples TimeTag="2024-12-26T18:52:15" DepthTag="6.596">2.807 18.314 45.385 0.000 41.434 18.314 </Samples>
		<Samples TimeTag="2024-12-26T18:52:18" DepthTag="6.700">2.216 18.345 45.116 0.000 46.085 18.345 </Samples>
		<Samples TimeTag="2024-12-26T18:52:20" DepthTag="6.806">2.263 18.544 44.841 0.000 38.271 18.544 </Samples>
		<Samples TimeTag="2024-12-26T18:52:24" DepthTag="6.915">2.041 18.635 44.737 0.000 51.493 18.635 </Samples>
		<Samples TimeTag="2024-12-26T18:52:27" DepthTag="7.024">1.728 19.416 44.361 0.000 44.042 19.416 </Samples>
		<Samples TimeTag="2024-12-26T18:52:30" DepthTag="7.131">2.300 19.156 44.738 0.000 49.392 19.156 </Samples>
		<Samples TimeTag="2024-12-26T18:52:33" DepthTag="7.239">2.119 18.941 44.871 0.000 47.728 18.941 </Samples>
		<Samples TimeTag="2024-12-26T18:52:36" DepthTag="7.341">2.388 18.727 44.723 0.000 48.463 18.727 </Samples>
		<Samples TimeTag="2024-12-26T18:52:38" DepthTag="7.442">2.355 18.559 43.281 0.000 41.683 18.559 </Samples>
		<Samples TimeTag="2024-12-26T18:52:41" DepthTag="7.554">2.547 18.467 43.407 0.000 49.519 18.467 </Samples>
		<Samples TimeTag="2024-12-26T18:52:43" DepthTag="7.659">2.610 18.314 39.800 0.000 45.803 18.314 </Samples>
		<Samples TimeTag="2024-12-26T18:52:46" DepthTag="7.759">2.777 18.100 38.307 0.000 47.524 18.100 </Samples>
	</CompactMWDdata>
	<IR:GenTrailer>
		<IR:FileCloseDate>2024-12-26T19:12:19</IR:FileCloseDate>
		<IR:ChkSum>3646833000</IR:ChkSum>
	</IR:GenTrailer>
</DRMWD>
