<?xml version="1.0" encoding="UTF-8"?>
<!-- Generated by the RCS System Epiroc Rock Drills AB -->
<DRMWD xmlns="http://www.iredes.org/xml/DrillRig" xmlns:IR="http://www.iredes.org/xml" xmlns:xsi="http://www.w3.org/2001/XMLSchema-instance" xsi:schemaLocation="http://www.iredes.org/xml/DrillRig C:\Iredes\IR_V1.2.3\xml\DR-DrillRig_V1.2\DrillRig.xsd" IRVersion="V 1.2AC" IRDownwCompat="V 1.2AC" DRMWDDownwCompat="V 1.2AC" DRMWDVersion="V 1.2AC">
	<IR:GenHead>
		<IR:FileCreateDate>2024-12-27T09:12:01</IR:FileCreateDate>
		<IR:IRversion DownwCompat="V 1.0">V 1.2AC</IR:IRversion>
		<IR:EquipmentInfo>
			<IR:EqpManufact>Epiroc</IR:EqpManufact>
			<IR:EqpType>SmartROC D65</IR:EqpType>
			<IR:EqpSerNo>8992013064</IR:EqpSerNo>
			<IR:EqpSysVer>6.28.1</IR:EqpSysVer>
			<IR:EqpInfo>DrillingMethod: DTH</IR:EqpInfo>
		</IR:EquipmentInfo>
	</IR:GenHead>
	<IR:ReportId>MWDRI270912</IR:ReportId>
	<IR:StartLogTime>2024-12-27T09:03:52</IR:StartLogTime>
	<IR:EndLogTime>2024-12-27T09:10:28</IR:EndLogTime>
	<IR:PlanIdRef>FRD03_11_0626_001_All</IR:PlanIdRef>
	<IR:PlanNameRef>FRD03_11_0626_001_All</IR:PlanNameRef>
	<MWDholeId>G14</MWDholeId>
	<QualityReportIdRef>DQRI270314</QualityReportIdRef>
	<SampleDistance>0.100</SampleDistance>
	<CompactMWDdata>
		<MWDparams>
			<Parameter Unit="m/min" Full="PenetrRate">PR</Parameter>
			<Parameter Unit="Bar" Full="PercPressure">PP</Parameter>
			<Parameter Unit="Bar" Full="FeedPressure">FP</Parameter>
			<Parameter Unit="Bar" Full="DampPressure">DP</Parameter>
			<Parameter Unit="Bar" Full="RotPressure">RP</Parameter>
			<Parameter Unit="Bar" Full="FlushPressure">FLP</Parameter>
		</MWDparams>
		<Samples TimeTag="2024-12-27T09:03:52" DepthTag="0.104">0.975 14.428 43.995 0.000 20.544 14.428 </Samples>
		<Samples TimeTag="2024-12-27T09:03:56" DepthTag="0.205">1.383 14.856 41.318 0.000 20.544 14.856 </Samples>
		<Samples TimeTag="2024-12-27T09:03:59" DepthTag="0.312">1.903 14.994 39.671 0.000 43.337 14.994 </Samples>
		<Samples TimeTag="2024-12-27T09:04:02" DepthTag="0.417">2.450 15.025 40.960 0.000 48.696 15.025 </Samples>
		<Samples TimeTag="2024-12-27T09:04:04" DepthTag="0.520">3.072 15.071 38.710 0.000 40.959 15.071 </Samples>
		<Samples TimeTag="2024-12-27T09:04:24" DepthTag="0.636">1.045 5.615 26.856 0.000 28.873 5.615 </Samples>
		<Samples TimeTag="2024-12-27T09:04:28" DepthTag="0.740">1.569 11.368 42.876 0.000 52.199 11.368 </Samples>
		<Samples TimeTag="2024-12-27T09:04:31" DepthTag="0.841">1.793 13.540 37.818 0.000 51.120 13.540 </Samples>
		<Samples TimeTag="2024-12-27T09:04:34" DepthTag="0.952">2.370 14.397 37.241 0.000 49.733 14.397 </Samples>
		<Samples TimeTag="2024-12-27T09:04:36" DepthTag="1.057">2.890 14.688 41.450 0.000 53.528 14.688 </Samples>
		<Samples TimeTag="2024-12-27T09:05:01" DepthTag="1.158">1.084 11.169 43.029 0.000 53.991 11.169 </Samples>
		<Samples TimeTag="2024-12-27T09:05:04" DepthTag="1.274">2.058 11.521 35.853 0.000 44.950 11.521 </Samples>
		<Samples TimeTag="2024-12-27T09:05:06" DepthTag="1.377">3.091 12.837 35.523 0.000 47.694 12.837 </Samples>
		<Samples TimeTag="2024-12-27T09:05:08" DepthTag="1.484">3.217 13.525 38.028 0.000 54.279 13.525 </Samples>
		<Samples TimeTag="2024-12-27T09:05:37" DepthTag="1.588">1.243 4.881 41.412 0.000 44.159 4.881 </Samples>
		<Samples TimeTag="2024-12-27T09:05:40" DepthTag="1.692">1.821 12.102 43.831 0.000 58.932 12.102 </Samples>
		<Samples TimeTag="2024-12-27T09:05:43" DepthTag="1.801">2.319 14.918 40.726 0.000 50.012 14.918 </Samples>
		<Samples TimeTag="2024-12-27T09:05:46" DepthTag="1.906">2.260 16.126 42.021 0.000 40.792 16.126 </Samples>
		<Samples TimeTag="2024-12-27T09:05:51" DepthTag="2.009">1.238 17.197 41.669 0.000 55.979 17.197 </Samples>
		<Samples TimeTag="2024-12-27T09:05:56" DepthTag="2.110">1.257 17.518 39.176 0.000 47.870 17.518 </Samples>
		<Samples TimeTag="2024-12-27T09:05:59" DepthTag="2.211">1.900 17.763 39.395 0.000 49.577 17.763 </Samples>
		<Samples TimeTag="2024-12-27T09:06:02" DepthTag="2.313">2.060 17.870 38.998 0.000 44.364 17.870 </Samples>
		<Samples TimeTag="2024-12-27T09:06:05" DepthTag="2.414">2.040 17.993 39.516 0.000 39.797 17.993 </Samples>
		<Samples TimeTag="2024-12-27T09:06:08" DepthTag="2.518">1.942 18.100 39.947 0.000 41.902 18.100 </Samples>
		<Samples TimeTag="2024-12-27T09:06:41" DepthTag="2.618">0.610 5.248 34.331 0.000 38.766 5.248 </Samples>
		<Samples TimeTag="2024-12-27T09:06:48" DepthTag="2.721">0.880 16.096 41.947 0.000 39.615 16.096 </Samples>
		<Samples TimeTag="2024-12-27T09:06:52" DepthTag="2.822">1.260 17.503 38.563 0.000 40.976 17.503 </Samples>
		<Samples TimeTag="2024-12-27T09:06:56" DepthTag="2.923">1.464 17.763 40.212 0.000 52.162 17.763 </Samples>
		<Samples TimeTag="2024-12-27T09:07:00" DepthTag="3.027">1.723 17.901 39.121 0.000 43.624 17.901 </Samples>
		<Samples TimeTag="2024-12-27T09:07:03" DepthTag="3.130">2.403 17.962 40.468 0.000 40.451 17.962 </Samples>
		<Samples TimeTag="2024-12-27T09:07:06" DepthTag="3.232">1.901 18.054 39.310 0.000 43.893 18.054 </Samples>
		<Samples TimeTag="2024-12-27T09:07:10" DepthTag="3.336">1.465 18.008 41.224 0.000 48.180 18.008 </Samples>
		<Samples TimeTag="2024-12-27T09:07:14" DepthTag="3.441">1.866 18.085 38.923 0.000 49.901 18.085 </Samples>
		<Samples TimeTag="2024-12-27T09:07:17" DepthTag="3.542">1.687 18.115 40.150 0.000 50.618 18.115 </Samples>
		<Samples TimeTag="2024-12-27T09:07:53" DepthTag="3.642">0.651 4.804 32.202 0.000 47.310 4.804 </Samples>
		<Samples TimeTag="2024-12-27T09:07:59" DepthTag="3.742">1.069 14.260 44.336 0.000 51.038 14.260 </Samples>
		<Samples TimeTag="2024-12-27T09:08:02" DepthTag="3.844">1.905 15.759 44.959 0.000 42.648 15.759 </Samples>
		<Samples TimeTag="2024-12-27T09:08:06" DepthTag="3.951">1.596 16.509 44.772 0.000 49.211 16.509 </Samples>
		<Samples TimeTag="2024-12-27T09:08:09" DepthTag="4.053">1.831 16.998 45.424 0.000 52.347 16.998 </Samples>
		<Samples TimeTag="2024-12-27T09:08:13" DepthTag="4.157">1.608 17.304 45.043 0.000 56.355 17.304 </Samples>
		<Samples TimeTag="2024-12-27T09:08:20" DepthTag="4.258">0.988 17.335 45.317 0.000 50.959 17.335 </Samples>
		<Samples TimeTag="2024-12-27T09:08:23" DepthTag="4.361">1.644 17.518 44.639 0.000 46.984 17.518 </Samples>
		<Samples TimeTag="2024-12-27T09:08:29" DepthTag="4.462">1.074 17.457 45.390 0.000 54.265 17.457 </Samples>
		<Samples TimeTag="2024-12-27T09:08:34" DepthTag="4.566">1.202 17.411 45.468 0.000 53.185 17.411 </Samples>
		<Samples TimeTag="2024-12-27T09:08:40" DepthTag="4.668">1.055 17.427 44.784 0.000 51.278 17.427 </Samples>
		<Samples TimeTag="2024-12-27T09:08:44" DepthTag="4.769">1.574 17.549 44.361 0.000 53.002 17.549 </Samples>
		<Samples TimeTag="2024-12-27T09:08:50" DepthTag="4.874">1.093 17.503 44.589 0.000 70.744 17.503 </Samples>
		<Samples TimeTag="2024-12-27T09:08:52" DepthTag="4.974">2.135 17.534 44.320 0.000 43.928 17.534 </Samples>
		<Samples TimeTag="2024-12-27T09:08:56" DepthTag="5.077">1.922 17.610 44.449 0.000 37.053 17.610 </Samples>
		<Samples TimeTag="2024-12-27T09:08:58" DepthTag="5.181">2.100 17.779 44.680 0.000 46.257 17.779 </Samples>
		<Samples TimeTag="2024-12-27T09:09:04" DepthTag="5.282">1.160 17.656 46.034 0.000 53.950 17.656 </Samples>
		<Samples TimeTag="2024-12-27T09:09:09" DepthTag="5.386">1.160 17.809 44.957 0.000 56.136 17.809 </Samples>
		<Samples TimeTag="2024-12-27T09:09:16" DepthTag="5.491">0.928 17.763 44.592 0.000 60.426 17.763 </Samples>
		<Samples TimeTag="2024-12-27T09:09:24" DepthTag="5.593">0.800 17.763 45.658 0.000 62.861 17.763 </Samples>
		<Samples TimeTag="2024-12-27T09:09:31" DepthTag="5.696">0.798 17.825 44.600 0.000 52.780 17.825 </Samples>
		<Samples TimeTag="2024-12-27T09:09:35" DepthTag="5.796">1.872 17.809 44.119 0.000 44.065 17.809 </Samples>
		<Samples TimeTag="2024-12-27T09:09:38" DepthTag="5.896">1.872 17.855 44.693 0.000 52.114 17.855 </Samples>
		<Samples TimeTag="2024-12-27T09:09:41" DepthTag="6.006">2.342 17.993 44.925 0.000 49.664 17.993 </Samples>
		<Samples TimeTag="2024-12-27T09:09:43" DepthTag="6.114">2.532 18.023 45.092 0.000 55.133 18.023 </Samples>
		<Samples TimeTag="2024-12-27T09:09:46" DepthTag="6.222">2.005 18.054 44.783 0.000 47.619 18.054 </Samples>
		<Samples TimeTag="2024-12-27T09:09:49" DepthTag="6.328">2.658 17.962 44.584 0.000 41.655 17.962 </Samples>
		<Samples TimeTag="2024-12-27T09:09:51" DepthTag="6.436">3.238 18.161 45.070 0.000 35.957 18.161 </Samples>
		<Samples TimeTag="2024-12-27T09:09:54" DepthTag="6.540">2.217 18.131 45.727 0.000 41.454 18.131 </Samples>
		<Samples TimeTag="2024-12-27T09:09:57" DepthTag="6.644">1.951 17.993 44.611 0.000 47.211 17.993 </Samples>
		<Samples TimeTag="2024-12-27T09:09:59" DepthTag="6.749">3.140 17.947 44.485 0.000 41.139 17.947 </Samples>
		<Samples TimeTag="2024-12-27T09:10:01" DepthTag="6.859">2.569 18.085 45.601 0.000 38.866 18.085 </Samples>
		<Samples TimeTag="2024-12-27T09:10:05" DepthTag="6.968">1.804 18.085 45.213 0.000 52.303 18.085 </Samples>
		<Samples TimeTag="2024-12-27T09:10:07" DepthTag="7.070">2.540 18.161 45.196 0.000 52.486 18.161 </Samples>
		<Samples TimeTag="2024-12-27T09:10:10" DepthTag="7.173">2.095 18.146 45.626 0.000 52.775 18.146 </Samples>
		<Samples TimeTag="2024-12-27T09:10:15" DepthTag="7.278">1.425 18.008 45.931 0.000 54.112 18.008 </Samples>
		<Samples TimeTag="2024-12-27T09:10:19" DepthTag="7.381">1.345 17.962 43.208 0.000 54.431 17.962 </Samples>
		<Samples TimeTag="2024-12-27T09:10:22" DepthTag="7.484">2.763 17.840 39.387 0.000 38.107 17.840 </Samples>
		<Samples TimeTag="2024-12-27T09:10:28" DepthTag="7.584">0.998 11.643 4.566 0.000 17.547 11.643 </Samples>
	</CompactMWDdata>
	<IR:GenTrailer>
		<IR:FileCloseDate>2024-12-27T09:12:01</IR:FileCloseDate>
		<IR:ChkSum>0505386873</IR:ChkSum>
	</IR:GenTrailer>
</DRMWD>
