<?xml version="1.0" encoding="UTF-8"?>
<!-- Generated by the RCS System Epiroc Rock Drills AB -->
<DRMWD xmlns="http://www.iredes.org/xml/DrillRig" xmlns:IR="http://www.iredes.org/xml" xmlns:xsi="http://www.w3.org/2001/XMLSchema-instance" xsi:schemaLocation="http://www.iredes.org/xml/DrillRig C:\Iredes\IR_V1.2.3\xml\DR-DrillRig_V1.2\DrillRig.xsd" IRVersion="V 1.2AC" IRDownwCompat="V 1.2AC" DRMWDDownwCompat="V 1.2AC" DRMWDVersion="V 1.2AC">
	<IR:GenHead>
		<IR:FileCreateDate>2024-12-25T02:38:27</IR:FileCreateDate>
		<IR:IRversion DownwCompat="V 1.0">V 1.2AC</IR:IRversion>
		<IR:EquipmentInfo>
			<IR:EqpManufact>Epiroc</IR:EqpManufact>
			<IR:EqpType>SmartROC D65</IR:EqpType>
			<IR:EqpSerNo>8992013064</IR:EqpSerNo>
			<IR:EqpSysVer>6.28.1</IR:EqpSysVer>
			<IR:EqpInfo>DrillingMethod: DTH</IR:EqpInfo>
		</IR:EquipmentInfo>
	</IR:GenHead>
	<IR:ReportId>MWDRI250238</IR:ReportId>
	<IR:StartLogTime>2024-12-25T02:30:54</IR:StartLogTime>
	<IR:EndLogTime>2024-12-25T02:37:37</IR:EndLogTime>
	<IR:PlanIdRef>FRD03_11_0626_001_All</IR:PlanIdRef>
	<IR:PlanNameRef>FRD03_11_0626_001_All</IR:PlanNameRef>
	<MWDholeId>G1</MWDholeId>
	<QualityReportIdRef>DQRI241930</QualityReportIdRef>
	<SampleDistance>0.100</SampleDistance>
	<CompactMWDdata>
		<MWDparams>
			<Parameter Unit="m/min" Full="PenetrRate">PR</Parameter>
			<Parameter Unit="Bar" Full="PercPressure">PP</Parameter>
			<Parameter Unit="Bar" Full="FeedPressure">FP</Parameter>
			<Parameter Unit="Bar" Full="DampPressure">DP</Parameter>
			<Parameter Unit="Bar" Full="RotPressure">RP</Parameter>
			<Parameter Unit="Bar" Full="FlushPressure">FLP</Parameter>
		</MWDparams>
		<Samples TimeTag="2024-12-25T02:30:54" DepthTag="0.108">1.353 10.939 36.637 0.000 20.544 10.939 </Samples>
		<Samples TimeTag="2024-12-25T02:30:57" DepthTag="0.208">1.662 14.979 44.383 0.000 20.553 14.979 </Samples>
		<Samples TimeTag="2024-12-25T02:31:01" DepthTag="0.312">1.733 16.249 41.001 0.000 20.544 16.249 </Samples>
		<Samples TimeTag="2024-12-25T02:31:03" DepthTag="0.413">2.796 16.830 38.321 0.000 53.171 16.830 </Samples>
		<Samples TimeTag="2024-12-25T02:31:05" DepthTag="0.520">3.464 17.212 39.491 0.000 54.265 17.212 </Samples>
		<Samples TimeTag="2024-12-25T02:31:23" DepthTag="0.636">1.459 5.936 32.675 0.000 51.078 5.936 </Samples>
		<Samples TimeTag="2024-12-25T02:31:27" DepthTag="0.743">1.453 4.039 21.986 0.000 43.205 4.039 </Samples>
		<Samples TimeTag="2024-12-25T02:31:30" DepthTag="0.849">2.261 10.679 45.265 0.000 64.943 10.679 </Samples>
		<Samples TimeTag="2024-12-25T02:31:32" DepthTag="0.950">2.348 14.290 42.523 0.000 60.428 14.290 </Samples>
		<Samples TimeTag="2024-12-25T02:31:56" DepthTag="1.056">1.137 7.191 46.972 0.000 67.067 7.191 </Samples>
		<Samples TimeTag="2024-12-25T02:31:58" DepthTag="1.157">2.532 11.965 43.499 0.000 62.601 11.965 </Samples>
		<Samples TimeTag="2024-12-25T02:32:00" DepthTag="1.265">3.225 14.504 42.319 0.000 66.405 14.504 </Samples>
		<Samples TimeTag="2024-12-25T02:32:02" DepthTag="1.380">3.916 15.560 34.717 0.000 57.801 15.560 </Samples>
		<Samples TimeTag="2024-12-25T02:32:03" DepthTag="1.493">5.596 16.019 35.492 0.000 58.972 16.019 </Samples>
		<Samples TimeTag="2024-12-25T02:32:37" DepthTag="1.611">1.555 5.156 22.007 0.000 39.418 5.156 </Samples>
		<Samples TimeTag="2024-12-25T02:32:39" DepthTag="1.714">2.414 11.858 46.515 0.000 59.972 11.858 </Samples>
		<Samples TimeTag="2024-12-25T02:32:42" DepthTag="1.817">2.404 15.453 42.660 0.000 57.746 15.453 </Samples>
		<Samples TimeTag="2024-12-25T02:32:44" DepthTag="1.919">2.181 16.968 39.724 0.000 64.968 16.968 </Samples>
		<Samples TimeTag="2024-12-25T02:32:46" DepthTag="2.020">4.193 17.488 35.022 0.000 56.373 17.488 </Samples>
		<Samples TimeTag="2024-12-25T02:32:48" DepthTag="2.121">2.802 18.131 43.150 0.000 54.538 18.131 </Samples>
		<Samples TimeTag="2024-12-25T02:32:52" DepthTag="2.226">1.635 18.911 41.981 0.000 56.507 18.911 </Samples>
		<Samples TimeTag="2024-12-25T02:32:56" DepthTag="2.326">1.447 19.431 40.469 0.000 58.126 19.431 </Samples>
		<Samples TimeTag="2024-12-25T02:32:59" DepthTag="2.436">2.344 19.676 38.395 0.000 57.342 19.676 </Samples>
		<Samples TimeTag="2024-12-25T02:33:01" DepthTag="2.536">2.783 18.758 36.013 0.000 57.960 18.758 </Samples>
		<Samples TimeTag="2024-12-25T02:33:32" DepthTag="2.639">0.918 11.597 46.238 0.000 65.184 11.597 </Samples>
		<Samples TimeTag="2024-12-25T02:33:36" DepthTag="2.744">1.471 16.233 42.660 0.000 60.241 16.233 </Samples>
		<Samples TimeTag="2024-12-25T02:33:39" DepthTag="2.846">2.198 17.488 39.503 0.000 52.795 17.488 </Samples>
		<Samples TimeTag="2024-12-25T02:33:42" DepthTag="2.951">2.443 18.222 40.889 0.000 54.265 18.222 </Samples>
		<Samples TimeTag="2024-12-25T02:33:45" DepthTag="3.058">1.864 18.880 40.690 0.000 62.275 18.880 </Samples>
		<Samples TimeTag="2024-12-25T02:33:48" DepthTag="3.160">1.823 19.247 38.148 0.000 61.779 19.247 </Samples>
		<Samples TimeTag="2024-12-25T02:33:52" DepthTag="3.264">1.548 19.416 42.027 0.000 61.933 19.416 </Samples>
		<Samples TimeTag="2024-12-25T02:33:58" DepthTag="3.369">1.121 19.523 38.477 0.000 61.960 19.523 </Samples>
		<Samples TimeTag="2024-12-25T02:34:01" DepthTag="3.472">2.419 19.768 40.046 0.000 57.076 19.768 </Samples>
		<Samples TimeTag="2024-12-25T02:34:40" DepthTag="3.572">0.462 10.113 44.718 0.000 64.546 10.113 </Samples>
		<Samples TimeTag="2024-12-25T02:34:48" DepthTag="3.674">0.800 17.564 51.941 0.000 66.122 17.564 </Samples>
		<Samples TimeTag="2024-12-25T02:34:54" DepthTag="3.778">1.035 18.972 53.120 0.000 65.227 18.972 </Samples>
		<Samples TimeTag="2024-12-25T02:34:58" DepthTag="3.885">1.604 19.553 53.348 0.000 62.149 19.553 </Samples>
		<Samples TimeTag="2024-12-25T02:35:00" DepthTag="3.989">2.236 19.951 53.142 0.000 58.762 19.951 </Samples>
		<Samples TimeTag="2024-12-25T02:35:03" DepthTag="4.090">2.787 20.119 53.915 0.000 53.294 20.119 </Samples>
		<Samples TimeTag="2024-12-25T02:35:06" DepthTag="4.192">2.011 20.334 51.826 0.000 67.189 20.334 </Samples>
		<Samples TimeTag="2024-12-25T02:35:11" DepthTag="4.294">1.186 20.502 53.144 0.000 65.863 20.502 </Samples>
		<Samples TimeTag="2024-12-25T02:35:16" DepthTag="4.397">1.110 20.502 53.434 0.000 67.479 20.502 </Samples>
		<Samples TimeTag="2024-12-25T02:35:19" DepthTag="4.505">2.299 20.594 53.294 0.000 59.686 20.594 </Samples>
		<Samples TimeTag="2024-12-25T02:35:23" DepthTag="4.611">1.588 20.670 52.627 0.000 67.191 20.670 </Samples>
		<Samples TimeTag="2024-12-25T02:35:26" DepthTag="4.715">2.219 20.716 51.716 0.000 66.602 20.716 </Samples>
		<Samples TimeTag="2024-12-25T02:35:29" DepthTag="4.819">1.848 20.747 51.040 0.000 65.197 20.747 </Samples>
		<Samples TimeTag="2024-12-25T02:35:31" DepthTag="4.925">3.462 20.747 52.163 0.000 60.549 20.747 </Samples>
		<Samples TimeTag="2024-12-25T02:35:33" DepthTag="5.029">2.870 20.670 55.053 0.000 65.190 20.670 </Samples>
		<Samples TimeTag="2024-12-25T02:35:35" DepthTag="5.134">3.150 20.762 53.741 0.000 55.829 20.762 </Samples>
		<Samples TimeTag="2024-12-25T02:35:38" DepthTag="5.243">2.469 20.823 51.852 0.000 67.741 20.823 </Samples>
		<Samples TimeTag="2024-12-25T02:35:39" DepthTag="5.345">4.518 20.701 51.243 0.000 57.916 20.701 </Samples>
		<Samples TimeTag="2024-12-25T02:35:41" DepthTag="5.455">3.712 20.594 54.576 0.000 55.130 20.594 </Samples>
		<Samples TimeTag="2024-12-25T02:35:44" DepthTag="5.558">2.039 20.441 54.424 0.000 61.836 20.441 </Samples>
		<Samples TimeTag="2024-12-25T02:35:47" DepthTag="5.659">2.359 20.609 53.450 0.000 54.046 20.609 </Samples>
		<Samples TimeTag="2024-12-25T02:35:50" DepthTag="5.764">2.247 20.624 54.519 0.000 55.556 20.624 </Samples>
		<Samples TimeTag="2024-12-25T02:35:52" DepthTag="5.866">2.309 20.716 53.707 0.000 60.923 20.716 </Samples>
		<Samples TimeTag="2024-12-25T02:35:55" DepthTag="5.976">2.747 20.456 52.813 0.000 59.301 20.456 </Samples>
		<Samples TimeTag="2024-12-25T02:35:56" DepthTag="6.083">3.329 20.426 53.592 0.000 62.108 20.426 </Samples>
		<Samples TimeTag="2024-12-25T02:35:58" DepthTag="6.188">3.140 20.594 53.990 0.000 59.992 20.594 </Samples>
		<Samples TimeTag="2024-12-25T02:36:00" DepthTag="6.290">3.317 20.701 53.820 0.000 59.476 20.701 </Samples>
		<Samples TimeTag="2024-12-25T02:36:03" DepthTag="6.393">2.201 20.594 53.700 0.000 61.277 20.594 </Samples>
		<Samples TimeTag="2024-12-25T02:36:07" DepthTag="6.504">1.858 20.487 50.827 0.000 69.166 20.487 </Samples>
		<Samples TimeTag="2024-12-25T02:36:09" DepthTag="6.621">3.484 20.640 51.655 0.000 64.051 20.640 </Samples>
		<Samples TimeTag="2024-12-25T02:36:11" DepthTag="6.722">2.520 20.579 54.876 0.000 67.423 20.579 </Samples>
		<Samples TimeTag="2024-12-25T02:36:14" DepthTag="6.822">2.212 20.640 51.392 0.000 66.327 20.640 </Samples>
		<Samples TimeTag="2024-12-25T02:36:17" DepthTag="6.925">1.918 20.426 54.668 0.000 63.678 20.426 </Samples>
		<Samples TimeTag="2024-12-25T02:36:20" DepthTag="7.034">2.147 20.563 52.208 0.000 66.553 20.563 </Samples>
		<Samples TimeTag="2024-12-25T02:36:23" DepthTag="7.135">2.044 20.579 53.300 0.000 68.360 20.579 </Samples>
		<Samples TimeTag="2024-12-25T02:36:26" DepthTag="7.237">2.166 20.624 54.515 0.000 67.093 20.624 </Samples>
		<Samples TimeTag="2024-12-25T02:36:31" DepthTag="7.339">1.177 20.334 54.951 0.000 64.356 20.334 </Samples>
		<Samples TimeTag="2024-12-25T02:36:36" DepthTag="7.442">1.353 20.303 49.243 0.000 68.216 20.303 </Samples>
		<Samples TimeTag="2024-12-25T02:36:41" DepthTag="7.542">1.254 19.462 42.232 0.000 58.812 19.462 </Samples>
		<Samples TimeTag="2024-12-25T02:37:37" DepthTag="7.661">0.543 6.212 14.261 0.000 46.124 6.212 </Samples>
	</CompactMWDdata>
	<IR:GenTrailer>
		<IR:FileCloseDate>2024-12-25T02:38:27</IR:FileCloseDate>
		<IR:ChkSum>2580275175</IR:ChkSum>
	</IR:GenTrailer>
</DRMWD>
