<?xml version="1.0" encoding="UTF-8"?>
<!-- Generated by the RCS System Epiroc Rock Drills AB -->
<DRMWD xmlns="http://www.iredes.org/xml/DrillRig" xmlns:IR="http://www.iredes.org/xml" xmlns:xsi="http://www.w3.org/2001/XMLSchema-instance" xsi:schemaLocation="http://www.iredes.org/xml/DrillRig C:\Iredes\IR_V1.2.3\xml\DR-DrillRig_V1.2\DrillRig.xsd" IRVersion="V 1.2AC" IRDownwCompat="V 1.2AC" DRMWDDownwCompat="V 1.2AC" DRMWDVersion="V 1.2AC">
	<IR:GenHead>
		<IR:FileCreateDate>2024-12-25T12:38:16</IR:FileCreateDate>
		<IR:IRversion DownwCompat="V 1.0">V 1.2AC</IR:IRversion>
		<IR:EquipmentInfo>
			<IR:EqpManufact>Epiroc</IR:EqpManufact>
			<IR:EqpType>SmartROC D65</IR:EqpType>
			<IR:EqpSerNo>8992013064</IR:EqpSerNo>
			<IR:EqpSysVer>6.28.1</IR:EqpSysVer>
			<IR:EqpInfo>DrillingMethod: DTH</IR:EqpInfo>
		</IR:EquipmentInfo>
	</IR:GenHead>
	<IR:ReportId>MWDRI251238</IR:ReportId>
	<IR:StartLogTime>2024-12-25T12:28:05</IR:StartLogTime>
	<IR:EndLogTime>2024-12-25T12:36:10</IR:EndLogTime>
	<IR:PlanIdRef>FRD03_11_0632_003_All</IR:PlanIdRef>
	<IR:PlanNameRef>FRD03_11_0632_003_All</IR:PlanNameRef>
	<MWDholeId>B7</MWDholeId>
	<QualityReportIdRef>DQRI250804</QualityReportIdRef>
	<SampleDistance>0.100</SampleDistance>
	<CompactMWDdata>
		<MWDparams>
			<Parameter Unit="m/min" Full="PenetrRate">PR</Parameter>
			<Parameter Unit="Bar" Full="PercPressure">PP</Parameter>
			<Parameter Unit="Bar" Full="FeedPressure">FP</Parameter>
			<Parameter Unit="Bar" Full="DampPressure">DP</Parameter>
			<Parameter Unit="Bar" Full="RotPressure">RP</Parameter>
			<Parameter Unit="Bar" Full="FlushPressure">FLP</Parameter>
		</MWDparams>
		<Samples TimeTag="2024-12-25T12:28:05" DepthTag="0.113">2.029 14.045 31.990 0.000 20.972 14.045 </Samples>
		<Samples TimeTag="2024-12-25T12:28:08" DepthTag="0.214">2.341 14.657 43.050 0.000 20.974 14.657 </Samples>
		<Samples TimeTag="2024-12-25T12:28:10" DepthTag="0.317">2.222 14.841 39.848 0.000 20.964 14.841 </Samples>
		<Samples TimeTag="2024-12-25T12:28:12" DepthTag="0.418">3.770 14.872 41.105 0.000 20.972 14.872 </Samples>
		<Samples TimeTag="2024-12-25T12:28:14" DepthTag="0.519">3.434 13.694 22.364 0.000 29.183 13.694 </Samples>
		<Samples TimeTag="2024-12-25T12:28:32" DepthTag="0.625">1.087 5.049 49.186 0.000 36.087 5.049 </Samples>
		<Samples TimeTag="2024-12-25T12:28:37" DepthTag="0.725">1.318 9.165 42.831 0.000 40.191 9.165 </Samples>
		<Samples TimeTag="2024-12-25T12:28:41" DepthTag="0.827">1.317 13.265 42.124 0.000 50.415 13.265 </Samples>
		<Samples TimeTag="2024-12-25T12:28:47" DepthTag="0.928">1.018 14.581 39.764 0.000 52.860 14.581 </Samples>
		<Samples TimeTag="2024-12-25T12:29:18" DepthTag="1.032">0.646 11.934 42.926 0.000 59.540 11.934 </Samples>
		<Samples TimeTag="2024-12-25T12:29:26" DepthTag="1.132">0.833 14.474 40.817 0.000 48.698 14.474 </Samples>
		<Samples TimeTag="2024-12-25T12:29:34" DepthTag="1.234">0.715 14.918 40.314 0.000 48.983 14.918 </Samples>
		<Samples TimeTag="2024-12-25T12:29:45" DepthTag="1.335">0.570 14.948 39.011 0.000 51.008 14.948 </Samples>
		<Samples TimeTag="2024-12-25T12:29:52" DepthTag="1.435">0.791 14.902 40.201 0.000 49.680 14.902 </Samples>
		<Samples TimeTag="2024-12-25T12:30:30" DepthTag="1.538">0.543 14.122 40.864 0.000 47.628 14.122 </Samples>
		<Samples TimeTag="2024-12-25T12:30:35" DepthTag="1.644">1.217 16.402 40.038 0.000 49.961 16.402 </Samples>
		<Samples TimeTag="2024-12-25T12:30:39" DepthTag="1.746">1.335 17.212 40.696 0.000 49.609 17.212 </Samples>
		<Samples TimeTag="2024-12-25T12:30:47" DepthTag="1.855">0.875 17.825 37.094 0.000 46.709 17.825 </Samples>
		<Samples TimeTag="2024-12-25T12:30:50" DepthTag="1.957">2.078 17.932 38.475 0.000 43.334 17.932 </Samples>
		<Samples TimeTag="2024-12-25T12:30:52" DepthTag="2.062">2.618 18.039 39.650 0.000 41.815 18.039 </Samples>
		<Samples TimeTag="2024-12-25T12:30:56" DepthTag="2.164">1.465 18.131 41.155 0.000 48.549 18.131 </Samples>
		<Samples TimeTag="2024-12-25T12:31:00" DepthTag="2.269">1.963 18.131 39.956 0.000 43.978 18.131 </Samples>
		<Samples TimeTag="2024-12-25T12:31:06" DepthTag="2.371">0.916 18.023 40.561 0.000 52.512 18.023 </Samples>
		<Samples TimeTag="2024-12-25T12:31:13" DepthTag="2.473">0.914 17.809 39.334 0.000 46.272 17.809 </Samples>
		<Samples TimeTag="2024-12-25T12:31:47" DepthTag="2.580">0.606 4.896 27.892 0.000 30.514 4.896 </Samples>
		<Samples TimeTag="2024-12-25T12:31:54" DepthTag="2.682">0.785 15.453 39.921 0.000 51.911 15.453 </Samples>
		<Samples TimeTag="2024-12-25T12:32:00" DepthTag="2.783">1.006 16.708 39.855 0.000 51.383 16.708 </Samples>
		<Samples TimeTag="2024-12-25T12:32:05" DepthTag="2.883">1.444 17.274 38.941 0.000 49.696 17.274 </Samples>
		<Samples TimeTag="2024-12-25T12:32:11" DepthTag="2.985">1.015 17.503 39.752 0.000 52.249 17.503 </Samples>
		<Samples TimeTag="2024-12-25T12:32:16" DepthTag="3.086">1.128 17.733 39.268 0.000 45.302 17.733 </Samples>
		<Samples TimeTag="2024-12-25T12:32:24" DepthTag="3.188">0.776 17.534 40.392 0.000 47.905 17.534 </Samples>
		<Samples TimeTag="2024-12-25T12:32:31" DepthTag="3.289">0.869 17.641 38.500 0.000 46.633 17.641 </Samples>
		<Samples TimeTag="2024-12-25T12:32:39" DepthTag="3.389">0.735 17.656 39.903 0.000 43.282 17.656 </Samples>
		<Samples TimeTag="2024-12-25T12:32:45" DepthTag="3.491">1.014 17.687 35.894 0.000 35.806 17.687 </Samples>
		<Samples TimeTag="2024-12-25T12:33:23" DepthTag="3.591">0.416 11.047 48.326 0.000 60.534 11.047 </Samples>
		<Samples TimeTag="2024-12-25T12:33:27" DepthTag="3.691">1.321 15.988 39.056 0.000 45.202 15.988 </Samples>
		<Samples TimeTag="2024-12-25T12:33:29" DepthTag="3.797">2.822 17.044 37.348 0.000 43.892 17.044 </Samples>
		<Samples TimeTag="2024-12-25T12:33:35" DepthTag="3.897">1.070 17.962 40.915 0.000 41.062 17.962 </Samples>
		<Samples TimeTag="2024-12-25T12:33:39" DepthTag="3.998">1.399 18.467 39.381 0.000 43.471 18.467 </Samples>
		<Samples TimeTag="2024-12-25T12:33:43" DepthTag="4.100">1.516 18.666 40.525 0.000 44.550 18.666 </Samples>
		<Samples TimeTag="2024-12-25T12:33:48" DepthTag="4.205">1.359 18.896 39.040 0.000 41.492 18.896 </Samples>
		<Samples TimeTag="2024-12-25T12:33:54" DepthTag="4.307">1.030 18.957 39.672 0.000 46.434 18.957 </Samples>
		<Samples TimeTag="2024-12-25T12:33:58" DepthTag="4.408">1.680 19.201 38.460 0.000 39.381 19.201 </Samples>
		<Samples TimeTag="2024-12-25T12:34:01" DepthTag="4.514">1.985 19.400 35.603 0.000 40.920 19.400 </Samples>
		<Samples TimeTag="2024-12-25T12:34:40" DepthTag="4.616">0.779 14.657 49.997 0.000 55.010 14.657 </Samples>
		<Samples TimeTag="2024-12-25T12:34:45" DepthTag="4.717">1.321 17.274 53.406 0.000 52.043 17.274 </Samples>
		<Samples TimeTag="2024-12-25T12:34:49" DepthTag="4.822">1.635 18.406 53.797 0.000 53.058 18.406 </Samples>
		<Samples TimeTag="2024-12-25T12:34:54" DepthTag="4.922">1.173 18.926 53.696 0.000 50.208 18.926 </Samples>
		<Samples TimeTag="2024-12-25T12:34:58" DepthTag="5.026">1.468 19.263 53.845 0.000 52.355 19.263 </Samples>
		<Samples TimeTag="2024-12-25T12:35:04" DepthTag="5.129">1.099 19.416 54.725 0.000 50.984 19.416 </Samples>
		<Samples TimeTag="2024-12-25T12:35:08" DepthTag="5.232">1.404 19.645 52.762 0.000 51.853 19.645 </Samples>
		<Samples TimeTag="2024-12-25T12:35:11" DepthTag="5.339">2.047 19.905 52.753 0.000 44.581 19.905 </Samples>
		<Samples TimeTag="2024-12-25T12:35:14" DepthTag="5.447">2.458 20.012 53.824 0.000 42.603 20.012 </Samples>
		<Samples TimeTag="2024-12-25T12:35:17" DepthTag="5.551">2.104 20.012 54.176 0.000 45.306 20.012 </Samples>
		<Samples TimeTag="2024-12-25T12:35:20" DepthTag="5.659">2.132 20.119 53.505 0.000 45.025 20.119 </Samples>
		<Samples TimeTag="2024-12-25T12:35:22" DepthTag="5.760">2.521 20.242 54.182 0.000 49.687 20.242 </Samples>
		<Samples TimeTag="2024-12-25T12:35:27" DepthTag="5.865">1.504 20.028 53.786 0.000 55.310 20.028 </Samples>
		<Samples TimeTag="2024-12-25T12:35:29" DepthTag="5.975">2.735 20.135 52.352 0.000 41.588 20.135 </Samples>
		<Samples TimeTag="2024-12-25T12:35:33" DepthTag="6.077">1.534 20.364 55.487 0.000 54.495 20.364 </Samples>
		<Samples TimeTag="2024-12-25T12:35:42" DepthTag="6.179">0.694 19.951 54.064 0.000 56.153 19.951 </Samples>
		<Samples TimeTag="2024-12-25T12:35:46" DepthTag="6.284">1.375 20.028 53.701 0.000 54.309 20.028 </Samples>
		<Samples TimeTag="2024-12-25T12:35:51" DepthTag="6.385">1.458 20.074 54.026 0.000 53.919 20.074 </Samples>
		<Samples TimeTag="2024-12-25T12:35:54" DepthTag="6.492">2.106 20.165 54.420 0.000 42.200 20.165 </Samples>
		<Samples TimeTag="2024-12-25T12:35:57" DepthTag="6.592">1.871 20.349 53.472 0.000 44.546 20.349 </Samples>
		<Samples TimeTag="2024-12-25T12:36:00" DepthTag="6.700">2.301 20.349 53.267 0.000 43.674 20.349 </Samples>
		<Samples TimeTag="2024-12-25T12:36:03" DepthTag="6.804">2.103 20.747 55.013 0.000 50.812 20.747 </Samples>
		<Samples TimeTag="2024-12-25T12:36:06" DepthTag="6.906">1.621 19.829 39.856 0.000 48.767 19.829 </Samples>
		<Samples TimeTag="2024-12-25T12:36:10" DepthTag="7.015">1.899 19.125 39.296 0.000 46.940 19.125 </Samples>
	</CompactMWDdata>
	<IR:GenTrailer>
		<IR:FileCloseDate>2024-12-25T12:38:16</IR:FileCloseDate>
		<IR:ChkSum>2223518520</IR:ChkSum>
	</IR:GenTrailer>
</DRMWD>
