<?xml version="1.0" encoding="UTF-8"?>
<!-- Generated by the RCS System Epiroc Rock Drills AB -->
<DRMWD xmlns="http://www.iredes.org/xml/DrillRig" xmlns:IR="http://www.iredes.org/xml" xmlns:xsi="http://www.w3.org/2001/XMLSchema-instance" xsi:schemaLocation="http://www.iredes.org/xml/DrillRig C:\Iredes\IR_V1.2.3\xml\DR-DrillRig_V1.2\DrillRig.xsd" IRVersion="V 1.2AC" IRDownwCompat="V 1.2AC" DRMWDDownwCompat="V 1.2AC" DRMWDVersion="V 1.2AC">
	<IR:GenHead>
		<IR:FileCreateDate>2024-12-26T20:18:49</IR:FileCreateDate>
		<IR:IRversion DownwCompat="V 1.0">V 1.2AC</IR:IRversion>
		<IR:EquipmentInfo>
			<IR:EqpManufact>Epiroc</IR:EqpManufact>
			<IR:EqpType>SmartROC D65</IR:EqpType>
			<IR:EqpSerNo>8992013064</IR:EqpSerNo>
			<IR:EqpSysVer>6.28.1</IR:EqpSysVer>
			<IR:EqpInfo>DrillingMethod: DTH</IR:EqpInfo>
		</IR:EquipmentInfo>
	</IR:GenHead>
	<IR:ReportId>MWDRI262018</IR:ReportId>
	<IR:StartLogTime>2024-12-26T20:09:19</IR:StartLogTime>
	<IR:EndLogTime>2024-12-26T20:17:17</IR:EndLogTime>
	<IR:PlanIdRef>FRD03_11_0626_001_All</IR:PlanIdRef>
	<IR:PlanNameRef>FRD03_11_0626_001_All</IR:PlanNameRef>
	<MWDholeId>A86</MWDholeId>
	<QualityReportIdRef>DQRI261457</QualityReportIdRef>
	<SampleDistance>0.100</SampleDistance>
	<CompactMWDdata>
		<MWDparams>
			<Parameter Unit="m/min" Full="PenetrRate">PR</Parameter>
			<Parameter Unit="Bar" Full="PercPressure">PP</Parameter>
			<Parameter Unit="Bar" Full="FeedPressure">FP</Parameter>
			<Parameter Unit="Bar" Full="DampPressure">DP</Parameter>
			<Parameter Unit="Bar" Full="RotPressure">RP</Parameter>
			<Parameter Unit="Bar" Full="FlushPressure">FLP</Parameter>
		</MWDparams>
		<Samples TimeTag="2024-12-26T20:09:19" DepthTag="0.107">1.268 14.061 31.409 0.000 20.682 14.061 </Samples>
		<Samples TimeTag="2024-12-26T20:09:22" DepthTag="0.209">2.014 14.673 41.924 0.000 20.770 14.673 </Samples>
		<Samples TimeTag="2024-12-26T20:09:25" DepthTag="0.313">1.721 14.902 41.937 0.000 20.626 14.902 </Samples>
		<Samples TimeTag="2024-12-26T20:09:30" DepthTag="0.419">1.534 15.055 42.173 0.000 54.350 15.055 </Samples>
		<Samples TimeTag="2024-12-26T20:09:50" DepthTag="0.523">1.010 12.347 43.830 0.000 53.531 12.347 </Samples>
		<Samples TimeTag="2024-12-26T20:09:53" DepthTag="0.624">1.886 9.700 37.864 0.000 50.734 9.700 </Samples>
		<Samples TimeTag="2024-12-26T20:09:56" DepthTag="0.727">1.923 10.312 42.171 0.000 54.657 10.312 </Samples>
		<Samples TimeTag="2024-12-26T20:10:00" DepthTag="0.830">1.719 11.750 35.435 0.000 51.315 11.750 </Samples>
		<Samples TimeTag="2024-12-26T20:10:03" DepthTag="0.933">1.918 9.593 38.825 0.000 52.501 9.593 </Samples>
		<Samples TimeTag="2024-12-26T20:10:48" DepthTag="1.038">0.950 3.244 16.985 0.000 35.787 3.244 </Samples>
		<Samples TimeTag="2024-12-26T20:12:21" DepthTag="1.145">1.119 11.077 38.561 0.000 56.654 11.077 </Samples>
		<Samples TimeTag="2024-12-26T20:12:25" DepthTag="1.249">1.469 9.394 42.316 0.000 60.225 9.394 </Samples>
		<Samples TimeTag="2024-12-26T20:12:33" DepthTag="1.349">0.815 14.703 40.526 0.000 53.276 14.703 </Samples>
		<Samples TimeTag="2024-12-26T20:12:42" DepthTag="1.453">0.681 16.356 38.274 0.000 49.643 16.356 </Samples>
		<Samples TimeTag="2024-12-26T20:13:18" DepthTag="1.569">0.770 15.499 39.123 0.000 43.304 15.499 </Samples>
		<Samples TimeTag="2024-12-26T20:13:20" DepthTag="1.669">2.147 16.310 39.702 0.000 38.557 16.310 </Samples>
		<Samples TimeTag="2024-12-26T20:13:23" DepthTag="1.771">2.826 16.753 40.739 0.000 36.336 16.753 </Samples>
		<Samples TimeTag="2024-12-26T20:13:26" DepthTag="1.876">2.125 17.182 41.500 0.000 36.844 17.182 </Samples>
		<Samples TimeTag="2024-12-26T20:13:29" DepthTag="1.983">1.855 17.580 41.522 0.000 37.152 17.580 </Samples>
		<Samples TimeTag="2024-12-26T20:13:34" DepthTag="2.084">1.220 17.825 40.528 0.000 49.716 17.825 </Samples>
		<Samples TimeTag="2024-12-26T20:13:40" DepthTag="2.186">0.988 17.962 40.735 0.000 51.570 17.962 </Samples>
		<Samples TimeTag="2024-12-26T20:13:46" DepthTag="2.287">1.034 18.008 38.405 0.000 51.381 18.008 </Samples>
		<Samples TimeTag="2024-12-26T20:13:51" DepthTag="2.388">1.226 17.993 39.894 0.000 48.983 17.993 </Samples>
		<Samples TimeTag="2024-12-26T20:13:56" DepthTag="2.492">1.299 18.023 39.145 0.000 46.042 18.023 </Samples>
		<Samples TimeTag="2024-12-26T20:14:33" DepthTag="2.593">0.424 10.190 45.886 0.000 54.821 10.190 </Samples>
		<Samples TimeTag="2024-12-26T20:14:40" DepthTag="2.697">0.899 16.034 40.773 0.000 46.424 16.034 </Samples>
		<Samples TimeTag="2024-12-26T20:14:46" DepthTag="2.801">0.965 17.212 40.833 0.000 48.807 17.212 </Samples>
		<Samples TimeTag="2024-12-26T20:14:52" DepthTag="2.904">0.999 17.717 39.153 0.000 51.213 17.717 </Samples>
		<Samples TimeTag="2024-12-26T20:14:58" DepthTag="3.006">1.060 17.932 40.192 0.000 51.917 17.932 </Samples>
		<Samples TimeTag="2024-12-26T20:15:03" DepthTag="3.110">1.297 18.054 38.918 0.000 47.054 18.054 </Samples>
		<Samples TimeTag="2024-12-26T20:15:06" DepthTag="3.210">2.140 18.069 39.133 0.000 39.223 18.069 </Samples>
		<Samples TimeTag="2024-12-26T20:15:08" DepthTag="3.310">2.140 18.100 38.572 0.000 40.085 18.100 </Samples>
		<Samples TimeTag="2024-12-26T20:15:10" DepthTag="3.410">2.996 18.069 39.021 0.000 35.938 18.069 </Samples>
		<Samples TimeTag="2024-12-26T20:15:15" DepthTag="3.511">1.454 11.613 0.480 0.000 17.801 11.613 </Samples>
		<Samples TimeTag="2024-12-26T20:15:46" DepthTag="3.611">1.103 10.817 42.622 0.000 40.095 10.817 </Samples>
		<Samples TimeTag="2024-12-26T20:15:50" DepthTag="3.716">1.566 15.300 44.313 0.000 33.710 15.300 </Samples>
		<Samples TimeTag="2024-12-26T20:15:53" DepthTag="3.822">2.138 16.417 44.818 0.000 33.980 16.417 </Samples>
		<Samples TimeTag="2024-12-26T20:15:57" DepthTag="3.930">1.888 17.182 45.289 0.000 40.129 17.182 </Samples>
		<Samples TimeTag="2024-12-26T20:16:00" DepthTag="4.033">1.833 17.580 45.219 0.000 39.462 17.580 </Samples>
		<Samples TimeTag="2024-12-26T20:16:03" DepthTag="4.135">1.769 17.825 44.914 0.000 41.710 17.825 </Samples>
		<Samples TimeTag="2024-12-26T20:16:07" DepthTag="4.241">1.987 17.978 45.672 0.000 47.030 17.978 </Samples>
		<Samples TimeTag="2024-12-26T20:16:09" DepthTag="4.342">2.353 18.054 44.526 0.000 45.603 18.054 </Samples>
		<Samples TimeTag="2024-12-26T20:16:12" DepthTag="4.447">2.620 18.115 45.007 0.000 45.857 18.115 </Samples>
		<Samples TimeTag="2024-12-26T20:16:14" DepthTag="4.552">2.609 18.115 44.910 0.000 41.180 18.115 </Samples>
		<Samples TimeTag="2024-12-26T20:16:16" DepthTag="4.658">2.666 18.146 45.259 0.000 44.722 18.146 </Samples>
		<Samples TimeTag="2024-12-26T20:16:19" DepthTag="4.768">2.725 18.207 44.784 0.000 40.713 18.207 </Samples>
		<Samples TimeTag="2024-12-26T20:16:21" DepthTag="4.869">3.030 18.207 45.078 0.000 45.435 18.207 </Samples>
		<Samples TimeTag="2024-12-26T20:16:23" DepthTag="4.969">2.770 18.222 44.689 0.000 43.493 18.222 </Samples>
		<Samples TimeTag="2024-12-26T20:16:25" DepthTag="5.074">2.619 18.238 45.109 0.000 43.903 18.238 </Samples>
		<Samples TimeTag="2024-12-26T20:16:28" DepthTag="5.177">2.397 18.314 45.477 0.000 48.146 18.314 </Samples>
		<Samples TimeTag="2024-12-26T20:16:32" DepthTag="5.284">1.515 18.284 45.755 0.000 49.457 18.284 </Samples>
		<Samples TimeTag="2024-12-26T20:16:35" DepthTag="5.387">2.205 18.268 45.014 0.000 54.401 18.268 </Samples>
		<Samples TimeTag="2024-12-26T20:16:38" DepthTag="5.489">2.049 18.284 44.987 0.000 51.721 18.284 </Samples>
		<Samples TimeTag="2024-12-26T20:16:42" DepthTag="5.589">1.444 18.054 45.329 0.000 53.164 18.054 </Samples>
		<Samples TimeTag="2024-12-26T20:16:46" DepthTag="5.691">1.531 17.993 44.406 0.000 54.146 17.993 </Samples>
		<Samples TimeTag="2024-12-26T20:16:51" DepthTag="5.796">1.201 17.717 44.269 0.000 53.461 17.717 </Samples>
		<Samples TimeTag="2024-12-26T20:16:56" DepthTag="5.898">1.344 17.564 44.851 0.000 45.816 17.564 </Samples>
		<Samples TimeTag="2024-12-26T20:17:00" DepthTag="6.005">1.596 17.580 44.344 0.000 47.345 17.580 </Samples>
		<Samples TimeTag="2024-12-26T20:17:03" DepthTag="6.108">1.928 17.671 44.635 0.000 47.244 17.671 </Samples>
		<Samples TimeTag="2024-12-26T20:17:06" DepthTag="6.212">2.237 17.809 44.955 0.000 45.192 17.809 </Samples>
		<Samples TimeTag="2024-12-26T20:17:09" DepthTag="6.318">1.970 17.702 45.232 0.000 45.460 17.702 </Samples>
		<Samples TimeTag="2024-12-26T20:17:14" DepthTag="6.425">1.460 17.564 41.467 0.000 53.428 17.564 </Samples>
		<Samples TimeTag="2024-12-26T20:17:17" DepthTag="6.534">1.811 17.427 40.247 0.000 51.828 17.427 </Samples>
	</CompactMWDdata>
	<IR:GenTrailer>
		<IR:FileCloseDate>2024-12-26T20:18:49</IR:FileCloseDate>
		<IR:ChkSum>3267699796</IR:ChkSum>
	</IR:GenTrailer>
</DRMWD>
