<?xml version="1.0" encoding="UTF-8"?>
<!-- Generated by the RCS System Epiroc Rock Drills AB -->
<DRMWD xmlns="http://www.iredes.org/xml/DrillRig" xmlns:IR="http://www.iredes.org/xml" xmlns:xsi="http://www.w3.org/2001/XMLSchema-instance" xsi:schemaLocation="http://www.iredes.org/xml/DrillRig C:\Iredes\IR_V1.2.3\xml\DR-DrillRig_V1.2\DrillRig.xsd" IRVersion="V 1.2AC" IRDownwCompat="V 1.2AC" DRMWDDownwCompat="V 1.2AC" DRMWDVersion="V 1.2AC">
	<IR:GenHead>
		<IR:FileCreateDate>2024-12-27T12:04:36</IR:FileCreateDate>
		<IR:IRversion DownwCompat="V 1.0">V 1.2AC</IR:IRversion>
		<IR:EquipmentInfo>
			<IR:EqpManufact>Epiroc</IR:EqpManufact>
			<IR:EqpType>SmartROC D65</IR:EqpType>
			<IR:EqpSerNo>8992013064</IR:EqpSerNo>
			<IR:EqpSysVer>6.28.1</IR:EqpSysVer>
			<IR:EqpInfo>DrillingMethod: DTH</IR:EqpInfo>
		</IR:EquipmentInfo>
	</IR:GenHead>
	<IR:ReportId>MWDRI271204</IR:ReportId>
	<IR:StartLogTime>2024-12-27T11:57:17</IR:StartLogTime>
	<IR:EndLogTime>2024-12-27T12:02:46</IR:EndLogTime>
	<IR:PlanIdRef>FRD03_11_0626_001_All</IR:PlanIdRef>
	<IR:PlanNameRef>FRD03_11_0626_001_All</IR:PlanNameRef>
	<MWDholeId>E6</MWDholeId>
	<QualityReportIdRef>DQRI270314</QualityReportIdRef>
	<SampleDistance>0.100</SampleDistance>
	<CompactMWDdata>
		<MWDparams>
			<Parameter Unit="m/min" Full="PenetrRate">PR</Parameter>
			<Parameter Unit="Bar" Full="PercPressure">PP</Parameter>
			<Parameter Unit="Bar" Full="FeedPressure">FP</Parameter>
			<Parameter Unit="Bar" Full="DampPressure">DP</Parameter>
			<Parameter Unit="Bar" Full="RotPressure">RP</Parameter>
			<Parameter Unit="Bar" Full="FlushPressure">FLP</Parameter>
		</MWDparams>
		<Samples TimeTag="2024-12-27T11:57:17" DepthTag="0.104">1.497 12.515 44.766 0.000 20.972 12.515 </Samples>
		<Samples TimeTag="2024-12-27T11:57:20" DepthTag="0.208">1.952 13.770 42.653 0.000 20.958 13.770 </Samples>
		<Samples TimeTag="2024-12-27T11:57:23" DepthTag="0.310">2.056 14.321 41.337 0.000 20.905 14.321 </Samples>
		<Samples TimeTag="2024-12-27T11:57:26" DepthTag="0.416">2.472 14.520 41.268 0.000 37.701 14.520 </Samples>
		<Samples TimeTag="2024-12-27T11:57:46" DepthTag="0.554">1.151 4.422 21.781 0.000 27.174 4.422 </Samples>
		<Samples TimeTag="2024-12-27T11:57:48" DepthTag="0.656">2.538 8.140 49.776 0.000 54.094 8.140 </Samples>
		<Samples TimeTag="2024-12-27T11:57:52" DepthTag="0.757">1.426 12.378 41.582 0.000 51.663 12.378 </Samples>
		<Samples TimeTag="2024-12-27T11:57:55" DepthTag="0.863">2.148 13.648 40.005 0.000 50.483 13.648 </Samples>
		<Samples TimeTag="2024-12-27T11:57:59" DepthTag="0.964">1.798 14.306 40.039 0.000 58.991 14.306 </Samples>
		<Samples TimeTag="2024-12-27T11:58:22" DepthTag="1.072">1.032 3.320 26.893 0.000 33.783 3.320 </Samples>
		<Samples TimeTag="2024-12-27T11:58:29" DepthTag="1.173">0.920 12.332 42.195 0.000 55.903 12.332 </Samples>
		<Samples TimeTag="2024-12-27T11:58:33" DepthTag="1.273">1.315 14.076 39.119 0.000 50.163 14.076 </Samples>
		<Samples TimeTag="2024-12-27T11:58:37" DepthTag="1.379">1.845 14.504 39.643 0.000 47.166 14.504 </Samples>
		<Samples TimeTag="2024-12-27T11:58:40" DepthTag="1.482">1.933 14.642 40.209 0.000 49.129 14.642 </Samples>
		<Samples TimeTag="2024-12-27T11:59:09" DepthTag="1.582">0.892 7.298 47.649 0.000 61.912 7.298 </Samples>
		<Samples TimeTag="2024-12-27T11:59:15" DepthTag="1.691">1.011 15.208 39.675 0.000 58.025 15.208 </Samples>
		<Samples TimeTag="2024-12-27T11:59:19" DepthTag="1.797">1.587 16.371 41.736 0.000 53.481 16.371 </Samples>
		<Samples TimeTag="2024-12-27T11:59:24" DepthTag="1.897">1.322 17.029 39.810 0.000 48.718 17.029 </Samples>
		<Samples TimeTag="2024-12-27T11:59:28" DepthTag="2.002">1.483 17.411 39.641 0.000 52.204 17.411 </Samples>
		<Samples TimeTag="2024-12-27T11:59:32" DepthTag="2.111">1.733 17.549 39.294 0.000 48.570 17.549 </Samples>
		<Samples TimeTag="2024-12-27T11:59:35" DepthTag="2.213">1.816 17.656 39.400 0.000 52.303 17.656 </Samples>
		<Samples TimeTag="2024-12-27T11:59:39" DepthTag="2.314">1.415 17.702 38.636 0.000 48.864 17.702 </Samples>
		<Samples TimeTag="2024-12-27T11:59:43" DepthTag="2.415">1.617 17.763 38.235 0.000 43.872 17.763 </Samples>
		<Samples TimeTag="2024-12-27T12:00:16" DepthTag="2.559">0.841 4.330 26.122 0.000 34.570 4.330 </Samples>
		<Samples TimeTag="2024-12-27T12:00:21" DepthTag="2.660">1.326 13.127 43.766 0.000 55.433 13.127 </Samples>
		<Samples TimeTag="2024-12-27T12:00:26" DepthTag="2.762">1.172 16.050 40.074 0.000 50.705 16.050 </Samples>
		<Samples TimeTag="2024-12-27T12:00:30" DepthTag="2.866">1.561 16.906 40.123 0.000 49.838 16.906 </Samples>
		<Samples TimeTag="2024-12-27T12:00:33" DepthTag="2.970">2.099 17.228 36.870 0.000 42.141 17.228 </Samples>
		<Samples TimeTag="2024-12-27T12:00:35" DepthTag="3.076">2.648 17.442 39.575 0.000 40.888 17.442 </Samples>
		<Samples TimeTag="2024-12-27T12:00:39" DepthTag="3.178">1.584 17.473 41.093 0.000 52.434 17.473 </Samples>
		<Samples TimeTag="2024-12-27T12:00:42" DepthTag="3.280">2.071 17.595 39.980 0.000 46.701 17.595 </Samples>
		<Samples TimeTag="2024-12-27T12:00:45" DepthTag="3.382">2.545 17.687 39.554 0.000 42.371 17.687 </Samples>
		<Samples TimeTag="2024-12-27T12:00:48" DepthTag="3.489">1.989 17.794 40.137 0.000 48.632 17.794 </Samples>
		<Samples TimeTag="2024-12-27T12:01:22" DepthTag="3.591">0.789 6.594 41.427 0.000 42.172 6.594 </Samples>
		<Samples TimeTag="2024-12-27T12:01:28" DepthTag="3.698">1.106 14.581 44.578 0.000 40.253 14.581 </Samples>
		<Samples TimeTag="2024-12-27T12:01:32" DepthTag="3.799">1.524 15.835 44.491 0.000 44.717 15.835 </Samples>
		<Samples TimeTag="2024-12-27T12:01:36" DepthTag="3.904">1.740 16.570 44.914 0.000 39.016 16.570 </Samples>
		<Samples TimeTag="2024-12-27T12:01:39" DepthTag="4.013">1.726 16.891 45.106 0.000 50.615 16.891 </Samples>
		<Samples TimeTag="2024-12-27T12:01:42" DepthTag="4.116">2.220 17.090 44.791 0.000 47.521 17.090 </Samples>
		<Samples TimeTag="2024-12-27T12:01:46" DepthTag="4.219">1.918 17.457 44.850 0.000 39.861 17.457 </Samples>
		<Samples TimeTag="2024-12-27T12:01:49" DepthTag="4.325">1.884 17.641 44.634 0.000 47.631 17.641 </Samples>
		<Samples TimeTag="2024-12-27T12:01:56" DepthTag="4.425">0.865 17.442 45.375 0.000 58.626 17.442 </Samples>
		<Samples TimeTag="2024-12-27T12:02:01" DepthTag="4.526">1.110 17.473 45.231 0.000 54.120 17.473 </Samples>
		<Samples TimeTag="2024-12-27T12:02:07" DepthTag="4.629">1.151 17.411 45.042 0.000 54.539 17.411 </Samples>
		<Samples TimeTag="2024-12-27T12:02:11" DepthTag="4.733">1.466 17.473 44.598 0.000 50.945 17.473 </Samples>
		<Samples TimeTag="2024-12-27T12:02:14" DepthTag="4.843">1.953 17.564 44.895 0.000 49.136 17.564 </Samples>
		<Samples TimeTag="2024-12-27T12:02:18" DepthTag="4.946">1.937 17.534 44.883 0.000 40.499 17.534 </Samples>
		<Samples TimeTag="2024-12-27T12:02:21" DepthTag="5.049">1.710 17.320 46.031 0.000 46.290 17.320 </Samples>
		<Samples TimeTag="2024-12-27T12:02:24" DepthTag="5.151">2.167 17.473 45.269 0.000 50.755 17.473 </Samples>
		<Samples TimeTag="2024-12-27T12:02:26" DepthTag="5.254">2.576 17.427 45.018 0.000 45.101 17.427 </Samples>
		<Samples TimeTag="2024-12-27T12:02:30" DepthTag="5.357">1.833 17.442 45.314 0.000 50.569 17.442 </Samples>
		<Samples TimeTag="2024-12-27T12:02:33" DepthTag="5.459">1.905 17.687 45.700 0.000 51.233 17.687 </Samples>
		<Samples TimeTag="2024-12-27T12:02:38" DepthTag="5.561">1.173 17.626 45.401 0.000 54.650 17.626 </Samples>
		<Samples TimeTag="2024-12-27T12:02:46" DepthTag="5.663">0.748 17.335 45.041 0.000 60.596 17.335 </Samples>
	</CompactMWDdata>
	<IR:GenTrailer>
		<IR:FileCloseDate>2024-12-27T12:04:36</IR:FileCloseDate>
		<IR:ChkSum>2352589856</IR:ChkSum>
	</IR:GenTrailer>
</DRMWD>
