<?xml version="1.0" encoding="UTF-8"?>
<!-- Generated by the RCS System Epiroc Rock Drills AB -->
<DRMWD xmlns="http://www.iredes.org/xml/DrillRig" xmlns:IR="http://www.iredes.org/xml" xmlns:xsi="http://www.w3.org/2001/XMLSchema-instance" xsi:schemaLocation="http://www.iredes.org/xml/DrillRig C:\Iredes\IR_V1.2.3\xml\DR-DrillRig_V1.2\DrillRig.xsd" IRVersion="V 1.2AC" IRDownwCompat="V 1.2AC" DRMWDDownwCompat="V 1.2AC" DRMWDVersion="V 1.2AC">
	<IR:GenHead>
		<IR:FileCreateDate>2024-12-27T00:48:58</IR:FileCreateDate>
		<IR:IRversion DownwCompat="V 1.0">V 1.2AC</IR:IRversion>
		<IR:EquipmentInfo>
			<IR:EqpManufact>Epiroc</IR:EqpManufact>
			<IR:EqpType>SmartROC D65</IR:EqpType>
			<IR:EqpSerNo>8992013064</IR:EqpSerNo>
			<IR:EqpSysVer>6.28.1</IR:EqpSysVer>
			<IR:EqpInfo>DrillingMethod: DTH</IR:EqpInfo>
		</IR:EquipmentInfo>
	</IR:GenHead>
	<IR:ReportId>MWDRI270048</IR:ReportId>
	<IR:StartLogTime>2024-12-27T00:38:57</IR:StartLogTime>
	<IR:EndLogTime>2024-12-27T00:47:18</IR:EndLogTime>
	<IR:PlanIdRef>FRD03_11_0626_001_All</IR:PlanIdRef>
	<IR:PlanNameRef>FRD03_11_0626_001_All</IR:PlanNameRef>
	<MWDholeId>G9</MWDholeId>
	<QualityReportIdRef>DQRI262053</QualityReportIdRef>
	<SampleDistance>0.100</SampleDistance>
	<CompactMWDdata>
		<MWDparams>
			<Parameter Unit="m/min" Full="PenetrRate">PR</Parameter>
			<Parameter Unit="Bar" Full="PercPressure">PP</Parameter>
			<Parameter Unit="Bar" Full="FeedPressure">FP</Parameter>
			<Parameter Unit="Bar" Full="DampPressure">DP</Parameter>
			<Parameter Unit="Bar" Full="RotPressure">RP</Parameter>
			<Parameter Unit="Bar" Full="FlushPressure">FLP</Parameter>
		</MWDparams>
		<Samples TimeTag="2024-12-27T00:38:57" DepthTag="0.103">0.972 10.848 46.207 0.000 21.165 10.848 </Samples>
		<Samples TimeTag="2024-12-27T00:39:03" DepthTag="0.204">1.008 14.229 42.115 0.000 20.969 14.229 </Samples>
		<Samples TimeTag="2024-12-27T00:39:06" DepthTag="0.311">1.773 14.780 34.295 0.000 42.937 14.780 </Samples>
		<Samples TimeTag="2024-12-27T00:39:08" DepthTag="0.416">3.912 14.810 37.975 0.000 44.629 14.810 </Samples>
		<Samples TimeTag="2024-12-27T00:39:10" DepthTag="0.520">2.889 14.902 37.574 0.000 46.435 14.902 </Samples>
		<Samples TimeTag="2024-12-27T00:39:29" DepthTag="0.640">1.226 4.039 23.841 0.000 31.410 4.039 </Samples>
		<Samples TimeTag="2024-12-27T00:39:32" DepthTag="0.740">1.886 9.042 45.622 0.000 61.539 9.042 </Samples>
		<Samples TimeTag="2024-12-27T00:39:35" DepthTag="0.848">1.873 12.347 41.329 0.000 50.482 12.347 </Samples>
		<Samples TimeTag="2024-12-27T00:39:39" DepthTag="0.953">1.970 13.709 38.927 0.000 51.328 13.709 </Samples>
		<Samples TimeTag="2024-12-27T00:40:07" DepthTag="1.055">0.855 6.548 42.826 0.000 54.706 6.548 </Samples>
		<Samples TimeTag="2024-12-27T00:40:11" DepthTag="1.165">1.826 11.261 37.764 0.000 49.497 11.261 </Samples>
		<Samples TimeTag="2024-12-27T00:40:14" DepthTag="1.270">1.744 10.924 38.958 0.000 56.388 10.924 </Samples>
		<Samples TimeTag="2024-12-27T00:40:19" DepthTag="1.377">1.549 8.109 38.287 0.000 52.552 8.109 </Samples>
		<Samples TimeTag="2024-12-27T00:40:20" DepthTag="1.485">3.484 7.558 39.573 0.000 55.666 7.558 </Samples>
		<Samples TimeTag="2024-12-27T00:40:50" DepthTag="1.586">1.125 10.450 43.164 0.000 54.882 10.450 </Samples>
		<Samples TimeTag="2024-12-27T00:40:52" DepthTag="1.694">2.462 10.144 41.060 0.000 46.432 10.144 </Samples>
		<Samples TimeTag="2024-12-27T00:40:54" DepthTag="1.812">3.519 9.884 34.511 0.000 45.160 9.884 </Samples>
		<Samples TimeTag="2024-12-27T00:40:57" DepthTag="1.918">2.275 13.694 43.490 0.000 57.263 13.694 </Samples>
		<Samples TimeTag="2024-12-27T00:41:01" DepthTag="2.021">1.752 15.790 40.504 0.000 54.972 15.790 </Samples>
		<Samples TimeTag="2024-12-27T00:41:04" DepthTag="2.124">1.928 16.784 41.492 0.000 53.353 16.784 </Samples>
		<Samples TimeTag="2024-12-27T00:41:10" DepthTag="2.227">1.100 18.513 40.852 0.000 54.639 18.513 </Samples>
		<Samples TimeTag="2024-12-27T00:41:18" DepthTag="2.328">0.752 21.252 39.671 0.000 41.526 21.252 </Samples>
		<Samples TimeTag="2024-12-27T00:41:29" DepthTag="2.428">0.549 14.168 35.249 0.000 35.602 14.168 </Samples>
		<Samples TimeTag="2024-12-27T00:43:23" DepthTag="2.529">0.413 15.009 41.151 0.000 46.116 15.009 </Samples>
		<Samples TimeTag="2024-12-27T00:43:27" DepthTag="2.639">1.649 16.463 40.127 0.000 48.310 16.463 </Samples>
		<Samples TimeTag="2024-12-27T00:43:31" DepthTag="2.739">1.783 17.105 41.435 0.000 50.262 17.105 </Samples>
		<Samples TimeTag="2024-12-27T00:43:36" DepthTag="2.840">1.196 17.626 40.018 0.000 53.654 17.626 </Samples>
		<Samples TimeTag="2024-12-27T00:43:41" DepthTag="2.940">1.119 17.763 37.976 0.000 44.520 17.763 </Samples>
		<Samples TimeTag="2024-12-27T00:43:44" DepthTag="3.043">2.192 17.870 40.052 0.000 43.293 17.870 </Samples>
		<Samples TimeTag="2024-12-27T00:43:48" DepthTag="3.151">1.804 17.962 40.253 0.000 39.986 17.962 </Samples>
		<Samples TimeTag="2024-12-27T00:43:51" DepthTag="3.258">1.990 18.008 39.445 0.000 39.131 18.008 </Samples>
		<Samples TimeTag="2024-12-27T00:43:54" DepthTag="3.366">2.317 18.054 39.743 0.000 40.035 18.054 </Samples>
		<Samples TimeTag="2024-12-27T00:43:59" DepthTag="3.474">1.293 17.962 40.370 0.000 53.364 17.962 </Samples>
		<Samples TimeTag="2024-12-27T00:44:46" DepthTag="3.580">0.571 18.681 41.439 0.000 47.645 18.681 </Samples>
		<Samples TimeTag="2024-12-27T00:44:49" DepthTag="3.682">1.893 18.467 44.688 0.000 51.393 18.467 </Samples>
		<Samples TimeTag="2024-12-27T00:44:53" DepthTag="3.782">1.598 18.284 44.821 0.000 52.519 18.284 </Samples>
		<Samples TimeTag="2024-12-27T00:44:59" DepthTag="3.887">0.984 18.023 45.104 0.000 57.553 18.023 </Samples>
		<Samples TimeTag="2024-12-27T00:45:04" DepthTag="3.992">1.258 17.993 44.471 0.000 54.762 17.993 </Samples>
		<Samples TimeTag="2024-12-27T00:45:09" DepthTag="4.096">1.469 17.962 45.204 0.000 54.661 17.962 </Samples>
		<Samples TimeTag="2024-12-27T00:45:12" DepthTag="4.200">1.862 17.932 44.689 0.000 53.895 17.932 </Samples>
		<Samples TimeTag="2024-12-27T00:45:15" DepthTag="4.302">2.386 17.947 44.818 0.000 47.223 17.947 </Samples>
		<Samples TimeTag="2024-12-27T00:45:18" DepthTag="4.404">1.683 17.870 45.184 0.000 48.017 17.870 </Samples>
		<Samples TimeTag="2024-12-27T00:45:22" DepthTag="4.504">1.675 17.947 44.833 0.000 50.392 17.947 </Samples>
		<Samples TimeTag="2024-12-27T00:45:25" DepthTag="4.605">1.673 17.901 45.172 0.000 57.265 17.901 </Samples>
		<Samples TimeTag="2024-12-27T00:45:29" DepthTag="4.709">1.942 18.069 45.266 0.000 54.454 18.069 </Samples>
		<Samples TimeTag="2024-12-27T00:45:33" DepthTag="4.814">1.435 17.978 44.366 0.000 59.593 17.978 </Samples>
		<Samples TimeTag="2024-12-27T00:45:36" DepthTag="4.917">2.187 17.901 44.951 0.000 58.330 17.901 </Samples>
		<Samples TimeTag="2024-12-27T00:45:40" DepthTag="5.021">1.657 17.870 46.407 0.000 53.678 17.870 </Samples>
		<Samples TimeTag="2024-12-27T00:45:46" DepthTag="5.124">0.998 17.702 44.634 0.000 53.360 17.702 </Samples>
		<Samples TimeTag="2024-12-27T00:45:52" DepthTag="5.226">1.053 17.626 45.196 0.000 51.213 17.626 </Samples>
		<Samples TimeTag="2024-12-27T00:45:56" DepthTag="5.327">1.440 17.626 44.501 0.000 45.125 17.626 </Samples>
		<Samples TimeTag="2024-12-27T00:46:00" DepthTag="5.431">1.664 17.687 44.281 0.000 43.921 17.687 </Samples>
		<Samples TimeTag="2024-12-27T00:46:03" DepthTag="5.540">2.137 17.809 45.049 0.000 46.413 17.809 </Samples>
		<Samples TimeTag="2024-12-27T00:46:06" DepthTag="5.646">1.992 17.978 45.313 0.000 58.291 17.978 </Samples>
		<Samples TimeTag="2024-12-27T00:46:10" DepthTag="5.747">1.609 17.840 45.880 0.000 57.195 17.840 </Samples>
		<Samples TimeTag="2024-12-27T00:46:16" DepthTag="5.851">1.005 17.671 44.756 0.000 64.766 17.671 </Samples>
		<Samples TimeTag="2024-12-27T00:46:20" DepthTag="5.955">1.345 17.763 45.132 0.000 60.719 17.763 </Samples>
		<Samples TimeTag="2024-12-27T00:46:26" DepthTag="6.057">1.094 17.901 45.535 0.000 56.273 17.901 </Samples>
		<Samples TimeTag="2024-12-27T00:46:36" DepthTag="6.158">0.619 17.809 45.132 0.000 62.722 17.809 </Samples>
		<Samples TimeTag="2024-12-27T00:46:40" DepthTag="6.263">1.433 17.855 43.915 0.000 45.690 17.855 </Samples>
		<Samples TimeTag="2024-12-27T00:46:43" DepthTag="6.365">2.056 18.039 44.799 0.000 42.931 18.039 </Samples>
		<Samples TimeTag="2024-12-27T00:46:46" DepthTag="6.468">2.201 18.069 44.790 0.000 52.486 18.069 </Samples>
		<Samples TimeTag="2024-12-27T00:46:49" DepthTag="6.573">1.870 18.192 44.701 0.000 52.164 18.192 </Samples>
		<Samples TimeTag="2024-12-27T00:46:51" DepthTag="6.675">3.051 18.375 44.377 0.000 36.018 18.375 </Samples>
		<Samples TimeTag="2024-12-27T00:46:53" DepthTag="6.784">3.526 18.544 43.572 0.000 36.020 18.544 </Samples>
		<Samples TimeTag="2024-12-27T00:46:56" DepthTag="6.890">2.662 18.605 45.755 0.000 47.189 18.605 </Samples>
		<Samples TimeTag="2024-12-27T00:46:59" DepthTag="6.997">1.987 19.278 44.904 0.000 39.047 19.278 </Samples>
		<Samples TimeTag="2024-12-27T00:47:03" DepthTag="7.104">1.549 19.110 45.437 0.000 61.704 19.110 </Samples>
		<Samples TimeTag="2024-12-27T00:47:05" DepthTag="7.207">2.849 18.972 44.315 0.000 48.544 18.972 </Samples>
		<Samples TimeTag="2024-12-27T00:47:08" DepthTag="7.311">1.933 18.850 44.876 0.000 54.301 18.850 </Samples>
		<Samples TimeTag="2024-12-27T00:47:11" DepthTag="7.412">2.716 18.758 44.137 0.000 46.041 18.758 </Samples>
		<Samples TimeTag="2024-12-27T00:47:13" DepthTag="7.518">3.287 18.712 44.041 0.000 41.943 18.712 </Samples>
		<Samples TimeTag="2024-12-27T00:47:15" DepthTag="7.625">2.661 18.635 40.099 0.000 42.589 18.635 </Samples>
		<Samples TimeTag="2024-12-27T00:47:18" DepthTag="7.725">2.139 16.983 24.554 0.000 44.770 16.983 </Samples>
	</CompactMWDdata>
	<IR:GenTrailer>
		<IR:FileCloseDate>2024-12-27T00:48:58</IR:FileCloseDate>
		<IR:ChkSum>0743614715</IR:ChkSum>
	</IR:GenTrailer>
</DRMWD>
