<?xml version="1.0" encoding="UTF-8"?>
<!-- Generated by the RCS System Epiroc Rock Drills AB -->
<DRMWD xmlns="http://www.iredes.org/xml/DrillRig" xmlns:IR="http://www.iredes.org/xml" xmlns:xsi="http://www.w3.org/2001/XMLSchema-instance" xsi:schemaLocation="http://www.iredes.org/xml/DrillRig C:\Iredes\IR_V1.2.3\xml\DR-DrillRig_V1.2\DrillRig.xsd" IRVersion="V 1.2AC" IRDownwCompat="V 1.2AC" DRMWDDownwCompat="V 1.2AC" DRMWDVersion="V 1.2AC">
	<IR:GenHead>
		<IR:FileCreateDate>2024-12-27T02:24:17</IR:FileCreateDate>
		<IR:IRversion DownwCompat="V 1.0">V 1.2AC</IR:IRversion>
		<IR:EquipmentInfo>
			<IR:EqpManufact>Epiroc</IR:EqpManufact>
			<IR:EqpType>SmartROC D65</IR:EqpType>
			<IR:EqpSerNo>8992013064</IR:EqpSerNo>
			<IR:EqpSysVer>6.28.1</IR:EqpSysVer>
			<IR:EqpInfo>DrillingMethod: DTH</IR:EqpInfo>
		</IR:EquipmentInfo>
	</IR:GenHead>
	<IR:ReportId>MWDRI270224</IR:ReportId>
	<IR:StartLogTime>2024-12-27T02:14:56</IR:StartLogTime>
	<IR:EndLogTime>2024-12-27T02:21:55</IR:EndLogTime>
	<IR:PlanIdRef>FRD03_11_0626_001_All</IR:PlanIdRef>
	<IR:PlanNameRef>FRD03_11_0626_001_All</IR:PlanNameRef>
	<MWDholeId>G10</MWDholeId>
	<QualityReportIdRef>DQRI262053</QualityReportIdRef>
	<SampleDistance>0.100</SampleDistance>
	<CompactMWDdata>
		<MWDparams>
			<Parameter Unit="m/min" Full="PenetrRate">PR</Parameter>
			<Parameter Unit="Bar" Full="PercPressure">PP</Parameter>
			<Parameter Unit="Bar" Full="FeedPressure">FP</Parameter>
			<Parameter Unit="Bar" Full="DampPressure">DP</Parameter>
			<Parameter Unit="Bar" Full="RotPressure">RP</Parameter>
			<Parameter Unit="Bar" Full="FlushPressure">FLP</Parameter>
		</MWDparams>
		<Samples TimeTag="2024-12-27T02:14:56" DepthTag="0.101">0.862 10.771 41.666 0.000 21.168 10.771 </Samples>
		<Samples TimeTag="2024-12-27T02:14:59" DepthTag="0.204">2.034 13.082 42.232 0.000 21.386 13.082 </Samples>
		<Samples TimeTag="2024-12-27T02:15:03" DepthTag="0.306">1.810 14.214 42.688 0.000 21.050 14.214 </Samples>
		<Samples TimeTag="2024-12-27T02:15:07" DepthTag="0.409">1.403 14.810 42.341 0.000 46.353 14.810 </Samples>
		<Samples TimeTag="2024-12-27T02:15:12" DepthTag="0.509">1.247 15.009 40.545 0.000 56.592 15.009 </Samples>
		<Samples TimeTag="2024-12-27T02:15:35" DepthTag="0.610">0.616 13.097 41.865 0.000 50.034 13.097 </Samples>
		<Samples TimeTag="2024-12-27T02:15:39" DepthTag="0.716">1.761 14.214 40.202 0.000 45.090 14.214 </Samples>
		<Samples TimeTag="2024-12-27T02:15:43" DepthTag="0.822">1.444 14.657 39.353 0.000 51.257 14.657 </Samples>
		<Samples TimeTag="2024-12-27T02:15:48" DepthTag="0.922">1.316 14.887 40.318 0.000 51.786 14.887 </Samples>
		<Samples TimeTag="2024-12-27T02:16:13" DepthTag="1.041">0.955 3.335 29.860 0.000 42.781 3.335 </Samples>
		<Samples TimeTag="2024-12-27T02:16:19" DepthTag="1.144">0.908 12.531 41.079 0.000 57.563 12.531 </Samples>
		<Samples TimeTag="2024-12-27T02:16:24" DepthTag="1.246">1.465 14.137 41.791 0.000 57.055 14.137 </Samples>
		<Samples TimeTag="2024-12-27T02:16:27" DepthTag="1.348">1.635 14.611 40.025 0.000 51.477 14.611 </Samples>
		<Samples TimeTag="2024-12-27T02:16:31" DepthTag="1.450">1.761 14.795 39.956 0.000 50.387 14.795 </Samples>
		<Samples TimeTag="2024-12-27T02:17:01" DepthTag="1.566">0.895 4.651 30.461 0.000 41.943 4.651 </Samples>
		<Samples TimeTag="2024-12-27T02:17:08" DepthTag="1.668">0.957 14.963 40.898 0.000 52.804 14.963 </Samples>
		<Samples TimeTag="2024-12-27T02:17:12" DepthTag="1.772">1.440 16.478 39.746 0.000 54.421 16.478 </Samples>
		<Samples TimeTag="2024-12-27T02:17:15" DepthTag="1.875">1.785 17.105 40.727 0.000 49.947 17.105 </Samples>
		<Samples TimeTag="2024-12-27T02:17:19" DepthTag="1.977">1.702 17.518 37.892 0.000 47.058 17.518 </Samples>
		<Samples TimeTag="2024-12-27T02:17:23" DepthTag="2.078">1.706 17.702 40.649 0.000 51.135 17.702 </Samples>
		<Samples TimeTag="2024-12-27T02:17:26" DepthTag="2.182">2.049 17.886 39.172 0.000 46.439 17.886 </Samples>
		<Samples TimeTag="2024-12-27T02:17:29" DepthTag="2.285">1.925 18.039 39.746 0.000 46.625 18.039 </Samples>
		<Samples TimeTag="2024-12-27T02:17:32" DepthTag="2.389">1.740 18.131 40.644 0.000 57.277 18.131 </Samples>
		<Samples TimeTag="2024-12-27T02:17:36" DepthTag="2.493">1.930 18.146 40.748 0.000 47.413 18.146 </Samples>
		<Samples TimeTag="2024-12-27T02:18:09" DepthTag="2.603">0.639 5.233 37.262 0.000 48.131 5.233 </Samples>
		<Samples TimeTag="2024-12-27T02:18:13" DepthTag="2.704">1.268 13.938 42.748 0.000 53.607 13.938 </Samples>
		<Samples TimeTag="2024-12-27T02:18:17" DepthTag="2.807">1.626 15.866 38.806 0.000 47.602 15.866 </Samples>
		<Samples TimeTag="2024-12-27T02:18:20" DepthTag="2.907">1.873 16.555 40.765 0.000 51.803 16.555 </Samples>
		<Samples TimeTag="2024-12-27T02:18:24" DepthTag="3.012">1.680 16.998 38.708 0.000 48.856 16.998 </Samples>
		<Samples TimeTag="2024-12-27T02:18:27" DepthTag="3.116">2.216 17.274 40.794 0.000 45.972 17.274 </Samples>
		<Samples TimeTag="2024-12-27T02:18:30" DepthTag="3.220">2.221 17.564 38.915 0.000 47.809 17.564 </Samples>
		<Samples TimeTag="2024-12-27T02:18:35" DepthTag="3.323">1.244 17.503 40.278 0.000 51.503 17.503 </Samples>
		<Samples TimeTag="2024-12-27T02:18:38" DepthTag="3.425">1.913 17.671 39.738 0.000 37.928 17.671 </Samples>
		<Samples TimeTag="2024-12-27T02:19:13" DepthTag="3.571">1.078 4.865 21.388 0.000 21.415 4.865 </Samples>
		<Samples TimeTag="2024-12-27T02:19:19" DepthTag="3.671">1.043 14.290 43.943 0.000 43.997 14.290 </Samples>
		<Samples TimeTag="2024-12-27T02:19:22" DepthTag="3.777">1.756 15.790 44.336 0.000 42.008 15.790 </Samples>
		<Samples TimeTag="2024-12-27T02:19:26" DepthTag="3.883">1.581 16.769 44.700 0.000 52.005 16.769 </Samples>
		<Samples TimeTag="2024-12-27T02:19:29" DepthTag="3.990">2.290 17.197 45.058 0.000 50.722 17.197 </Samples>
		<Samples TimeTag="2024-12-27T02:19:32" DepthTag="4.094">1.944 17.549 45.423 0.000 46.900 17.549 </Samples>
		<Samples TimeTag="2024-12-27T02:19:37" DepthTag="4.195">1.397 17.901 45.522 0.000 54.524 17.901 </Samples>
		<Samples TimeTag="2024-12-27T02:19:42" DepthTag="4.295">1.249 18.054 44.571 0.000 55.739 18.054 </Samples>
		<Samples TimeTag="2024-12-27T02:19:45" DepthTag="4.405">2.165 18.146 43.811 0.000 48.605 18.146 </Samples>
		<Samples TimeTag="2024-12-27T02:19:47" DepthTag="4.505">2.508 18.085 45.237 0.000 46.233 18.085 </Samples>
		<Samples TimeTag="2024-12-27T02:19:50" DepthTag="4.614">2.326 18.100 45.330 0.000 47.692 18.100 </Samples>
		<Samples TimeTag="2024-12-27T02:19:53" DepthTag="4.717">2.268 18.100 44.815 0.000 55.386 18.100 </Samples>
		<Samples TimeTag="2024-12-27T02:19:56" DepthTag="4.820">1.597 17.916 45.354 0.000 46.575 17.916 </Samples>
		<Samples TimeTag="2024-12-27T02:20:00" DepthTag="4.922">1.698 17.840 44.337 0.000 50.552 17.840 </Samples>
		<Samples TimeTag="2024-12-27T02:20:03" DepthTag="5.025">2.414 17.855 44.746 0.000 48.062 17.855 </Samples>
		<Samples TimeTag="2024-12-27T02:20:06" DepthTag="5.128">2.023 17.901 44.854 0.000 53.779 17.901 </Samples>
		<Samples TimeTag="2024-12-27T02:20:10" DepthTag="5.233">1.374 17.748 45.385 0.000 55.506 17.748 </Samples>
		<Samples TimeTag="2024-12-27T02:20:13" DepthTag="5.338">1.968 17.916 45.350 0.000 45.826 17.916 </Samples>
		<Samples TimeTag="2024-12-27T02:20:22" DepthTag="5.440">0.727 17.580 45.558 0.000 55.377 17.580 </Samples>
		<Samples TimeTag="2024-12-27T02:20:28" DepthTag="5.543">1.066 17.610 45.632 0.000 50.585 17.610 </Samples>
		<Samples TimeTag="2024-12-27T02:20:32" DepthTag="5.648">1.433 17.656 43.513 0.000 45.708 17.656 </Samples>
		<Samples TimeTag="2024-12-27T02:20:35" DepthTag="5.751">1.923 17.733 44.263 0.000 43.767 17.733 </Samples>
		<Samples TimeTag="2024-12-27T02:20:38" DepthTag="5.854">1.980 17.717 44.118 0.000 40.584 17.717 </Samples>
		<Samples TimeTag="2024-12-27T02:20:41" DepthTag="5.964">2.164 17.870 45.257 0.000 43.163 17.870 </Samples>
		<Samples TimeTag="2024-12-27T02:20:45" DepthTag="6.065">1.804 17.932 45.094 0.000 53.896 17.932 </Samples>
		<Samples TimeTag="2024-12-27T02:20:51" DepthTag="6.169">0.972 17.825 45.170 0.000 59.972 17.825 </Samples>
		<Samples TimeTag="2024-12-27T02:20:58" DepthTag="6.273">0.908 17.794 45.377 0.000 66.801 17.794 </Samples>
		<Samples TimeTag="2024-12-27T02:21:07" DepthTag="6.374">0.694 17.916 43.964 0.000 60.066 17.916 </Samples>
		<Samples TimeTag="2024-12-27T02:21:15" DepthTag="6.475">0.759 18.131 45.341 0.000 60.367 18.131 </Samples>
		<Samples TimeTag="2024-12-27T02:21:22" DepthTag="6.575">0.806 17.947 45.367 0.000 58.260 17.947 </Samples>
		<Samples TimeTag="2024-12-27T02:21:25" DepthTag="6.677">1.954 18.176 44.227 0.000 44.205 18.176 </Samples>
		<Samples TimeTag="2024-12-27T02:21:28" DepthTag="6.783">2.088 18.222 44.783 0.000 53.149 18.222 </Samples>
		<Samples TimeTag="2024-12-27T02:21:32" DepthTag="6.884">1.876 18.268 45.162 0.000 53.032 18.268 </Samples>
		<Samples TimeTag="2024-12-27T02:21:34" DepthTag="6.987">2.202 18.391 43.993 0.000 43.747 18.391 </Samples>
		<Samples TimeTag="2024-12-27T02:21:37" DepthTag="7.093">2.931 18.559 44.459 0.000 37.016 18.559 </Samples>
		<Samples TimeTag="2024-12-27T02:21:40" DepthTag="7.194">2.047 18.559 45.308 0.000 46.555 18.559 </Samples>
		<Samples TimeTag="2024-12-27T02:21:42" DepthTag="7.295">2.162 18.666 45.427 0.000 38.103 18.666 </Samples>
		<Samples TimeTag="2024-12-27T02:21:46" DepthTag="7.402">1.856 18.758 44.393 0.000 52.006 18.758 </Samples>
		<Samples TimeTag="2024-12-27T02:21:48" DepthTag="7.506">2.433 18.651 44.282 0.000 54.559 18.651 </Samples>
		<Samples TimeTag="2024-12-27T02:21:51" DepthTag="7.606">2.152 18.590 41.085 0.000 46.429 18.590 </Samples>
		<Samples TimeTag="2024-12-27T02:21:55" DepthTag="7.711">1.732 18.406 39.646 0.000 49.721 18.406 </Samples>
	</CompactMWDdata>
	<IR:GenTrailer>
		<IR:FileCloseDate>2024-12-27T02:24:17</IR:FileCloseDate>
		<IR:ChkSum>1489019153</IR:ChkSum>
	</IR:GenTrailer>
</DRMWD>
