<?xml version="1.0" encoding="UTF-8"?>
<!-- Generated by the RCS System Epiroc Rock Drills AB -->
<DRMWD xmlns="http://www.iredes.org/xml/DrillRig" xmlns:IR="http://www.iredes.org/xml" xmlns:xsi="http://www.w3.org/2001/XMLSchema-instance" xsi:schemaLocation="http://www.iredes.org/xml/DrillRig C:\Iredes\IR_V1.2.3\xml\DR-DrillRig_V1.2\DrillRig.xsd" IRVersion="V 1.2AC" IRDownwCompat="V 1.2AC" DRMWDDownwCompat="V 1.2AC" DRMWDVersion="V 1.2AC">
	<IR:GenHead>
		<IR:FileCreateDate>2024-12-25T22:05:48</IR:FileCreateDate>
		<IR:IRversion DownwCompat="V 1.0">V 1.2AC</IR:IRversion>
		<IR:EquipmentInfo>
			<IR:EqpManufact>Epiroc</IR:EqpManufact>
			<IR:EqpType>SmartROC D65</IR:EqpType>
			<IR:EqpSerNo>8992013064</IR:EqpSerNo>
			<IR:EqpSysVer>6.28.1</IR:EqpSysVer>
			<IR:EqpInfo>DrillingMethod: DTH</IR:EqpInfo>
		</IR:EquipmentInfo>
	</IR:GenHead>
	<IR:ReportId>MWDRI252205</IR:ReportId>
	<IR:StartLogTime>2024-12-25T21:58:33</IR:StartLogTime>
	<IR:EndLogTime>2024-12-25T22:04:17</IR:EndLogTime>
	<IR:PlanIdRef>FRD03_11_0632_003_All</IR:PlanIdRef>
	<IR:PlanNameRef>FRD03_11_0632_003_All</IR:PlanNameRef>
	<MWDholeId>A10</MWDholeId>
	<QualityReportIdRef>DQRI250804</QualityReportIdRef>
	<SampleDistance>0.100</SampleDistance>
	<CompactMWDdata>
		<MWDparams>
			<Parameter Unit="m/min" Full="PenetrRate">PR</Parameter>
			<Parameter Unit="Bar" Full="PercPressure">PP</Parameter>
			<Parameter Unit="Bar" Full="FeedPressure">FP</Parameter>
			<Parameter Unit="Bar" Full="DampPressure">DP</Parameter>
			<Parameter Unit="Bar" Full="RotPressure">RP</Parameter>
			<Parameter Unit="Bar" Full="FlushPressure">FLP</Parameter>
		</MWDparams>
		<Samples TimeTag="2024-12-25T21:58:33" DepthTag="0.102">0.969 13.847 36.735 0.000 20.972 13.847 </Samples>
		<Samples TimeTag="2024-12-25T21:58:38" DepthTag="0.204">1.389 14.703 42.709 0.000 20.972 14.703 </Samples>
		<Samples TimeTag="2024-12-25T21:58:41" DepthTag="0.306">1.830 14.933 39.421 0.000 17.360 14.933 </Samples>
		<Samples TimeTag="2024-12-25T21:58:43" DepthTag="0.410">3.092 14.963 39.688 0.000 39.717 14.963 </Samples>
		<Samples TimeTag="2024-12-25T21:58:45" DepthTag="0.514">3.898 14.963 31.329 0.000 34.628 14.963 </Samples>
		<Samples TimeTag="2024-12-25T21:59:01" DepthTag="0.623">1.701 5.049 21.181 0.000 20.485 5.049 </Samples>
		<Samples TimeTag="2024-12-25T21:59:03" DepthTag="0.727">3.877 8.109 46.248 0.000 39.722 8.109 </Samples>
		<Samples TimeTag="2024-12-25T21:59:05" DepthTag="0.829">2.749 10.970 45.131 0.000 38.568 10.970 </Samples>
		<Samples TimeTag="2024-12-25T21:59:07" DepthTag="0.940">3.307 12.485 38.912 0.000 38.385 12.485 </Samples>
		<Samples TimeTag="2024-12-25T21:59:31" DepthTag="1.049">1.178 3.381 21.911 0.000 31.787 3.381 </Samples>
		<Samples TimeTag="2024-12-25T21:59:34" DepthTag="1.152">1.930 9.149 45.621 0.000 58.158 9.149 </Samples>
		<Samples TimeTag="2024-12-25T21:59:38" DepthTag="1.254">1.445 12.913 41.842 0.000 53.854 12.913 </Samples>
		<Samples TimeTag="2024-12-25T21:59:42" DepthTag="1.355">1.536 14.275 40.972 0.000 50.922 14.275 </Samples>
		<Samples TimeTag="2024-12-25T21:59:46" DepthTag="1.455">1.494 14.810 40.694 0.000 48.795 14.810 </Samples>
		<Samples TimeTag="2024-12-25T22:00:23" DepthTag="1.558">0.567 15.530 42.310 0.000 55.684 15.530 </Samples>
		<Samples TimeTag="2024-12-25T22:00:31" DepthTag="1.658">0.756 17.258 39.677 0.000 54.358 17.258 </Samples>
		<Samples TimeTag="2024-12-25T22:00:36" DepthTag="1.759">1.257 17.687 38.433 0.000 51.238 17.687 </Samples>
		<Samples TimeTag="2024-12-25T22:00:40" DepthTag="1.862">1.452 17.932 39.440 0.000 53.233 17.932 </Samples>
		<Samples TimeTag="2024-12-25T22:00:43" DepthTag="1.969">2.160 17.993 37.626 0.000 39.933 17.993 </Samples>
		<Samples TimeTag="2024-12-25T22:00:46" DepthTag="2.069">1.873 17.978 41.940 0.000 47.172 17.978 </Samples>
		<Samples TimeTag="2024-12-25T22:00:49" DepthTag="2.170">1.886 18.085 38.674 0.000 45.071 18.085 </Samples>
		<Samples TimeTag="2024-12-25T22:00:53" DepthTag="2.275">1.753 18.100 41.411 0.000 46.553 18.100 </Samples>
		<Samples TimeTag="2024-12-25T22:00:59" DepthTag="2.377">1.104 17.886 39.213 0.000 45.168 17.886 </Samples>
		<Samples TimeTag="2024-12-25T22:01:01" DepthTag="2.482">2.793 17.978 37.046 0.000 40.905 17.978 </Samples>
		<Samples TimeTag="2024-12-25T22:01:34" DepthTag="2.587">0.750 12.240 44.029 0.000 57.042 12.240 </Samples>
		<Samples TimeTag="2024-12-25T22:01:38" DepthTag="2.691">1.495 15.637 41.950 0.000 34.880 15.637 </Samples>
		<Samples TimeTag="2024-12-25T22:01:42" DepthTag="2.792">1.687 16.769 40.778 0.000 33.745 16.769 </Samples>
		<Samples TimeTag="2024-12-25T22:01:45" DepthTag="2.898">1.752 17.427 40.814 0.000 40.292 17.427 </Samples>
		<Samples TimeTag="2024-12-25T22:01:50" DepthTag="3.003">1.383 17.641 37.891 0.000 45.417 17.641 </Samples>
		<Samples TimeTag="2024-12-25T22:01:53" DepthTag="3.111">2.130 17.794 39.173 0.000 45.384 17.794 </Samples>
		<Samples TimeTag="2024-12-25T22:01:56" DepthTag="3.215">2.102 17.932 38.936 0.000 41.059 17.932 </Samples>
		<Samples TimeTag="2024-12-25T22:01:59" DepthTag="3.317">2.174 18.039 39.651 0.000 47.360 18.039 </Samples>
		<Samples TimeTag="2024-12-25T22:02:07" DepthTag="3.417">0.715 17.825 39.539 0.000 44.806 17.825 </Samples>
		<Samples TimeTag="2024-12-25T22:02:51" DepthTag="3.551">0.542 17.687 30.358 0.000 32.643 17.687 </Samples>
		<Samples TimeTag="2024-12-25T22:02:55" DepthTag="3.652">1.373 18.773 54.264 0.000 57.146 18.773 </Samples>
		<Samples TimeTag="2024-12-25T22:02:59" DepthTag="3.756">1.630 19.263 51.492 0.000 51.715 19.263 </Samples>
		<Samples TimeTag="2024-12-25T22:03:01" DepthTag="3.859">3.067 19.553 52.529 0.000 36.351 19.553 </Samples>
		<Samples TimeTag="2024-12-25T22:03:04" DepthTag="3.967">2.535 19.813 53.162 0.000 39.088 19.813 </Samples>
		<Samples TimeTag="2024-12-25T22:03:06" DepthTag="4.072">2.912 19.936 53.140 0.000 38.560 19.936 </Samples>
		<Samples TimeTag="2024-12-25T22:03:08" DepthTag="4.183">2.947 20.074 54.872 0.000 45.206 20.074 </Samples>
		<Samples TimeTag="2024-12-25T22:03:10" DepthTag="4.283">2.789 20.165 53.233 0.000 45.582 20.165 </Samples>
		<Samples TimeTag="2024-12-25T22:03:13" DepthTag="4.388">2.365 20.227 54.758 0.000 44.274 20.227 </Samples>
		<Samples TimeTag="2024-12-25T22:03:16" DepthTag="4.493">2.249 20.150 53.892 0.000 45.204 20.150 </Samples>
		<Samples TimeTag="2024-12-25T22:03:18" DepthTag="4.593">2.785 20.273 53.944 0.000 44.694 20.273 </Samples>
		<Samples TimeTag="2024-12-25T22:03:21" DepthTag="4.695">1.897 20.303 55.462 0.000 48.130 20.303 </Samples>
		<Samples TimeTag="2024-12-25T22:03:27" DepthTag="4.796">0.943 19.951 54.462 0.000 55.623 19.951 </Samples>
		<Samples TimeTag="2024-12-25T22:03:33" DepthTag="4.900">1.203 20.104 53.456 0.000 54.192 20.104 </Samples>
		<Samples TimeTag="2024-12-25T22:03:38" DepthTag="5.002">1.194 19.921 53.922 0.000 51.952 19.921 </Samples>
		<Samples TimeTag="2024-12-25T22:03:41" DepthTag="5.104">2.178 20.089 51.952 0.000 43.369 20.089 </Samples>
		<Samples TimeTag="2024-12-25T22:03:43" DepthTag="5.211">2.283 20.242 53.718 0.000 40.133 20.242 </Samples>
		<Samples TimeTag="2024-12-25T22:03:46" DepthTag="5.315">2.366 20.364 53.513 0.000 43.851 20.364 </Samples>
		<Samples TimeTag="2024-12-25T22:03:49" DepthTag="5.424">2.315 20.487 54.036 0.000 47.009 20.487 </Samples>
		<Samples TimeTag="2024-12-25T22:03:52" DepthTag="5.528">1.767 20.364 54.585 0.000 57.966 20.364 </Samples>
		<Samples TimeTag="2024-12-25T22:03:57" DepthTag="5.633">1.486 20.334 53.910 0.000 60.746 20.334 </Samples>
		<Samples TimeTag="2024-12-25T22:04:00" DepthTag="5.734">1.602 20.227 56.034 0.000 57.686 20.227 </Samples>
		<Samples TimeTag="2024-12-25T22:04:04" DepthTag="5.835">1.521 20.334 54.016 0.000 57.519 20.334 </Samples>
		<Samples TimeTag="2024-12-25T22:04:09" DepthTag="5.938">1.474 20.364 53.393 0.000 61.388 20.364 </Samples>
		<Samples TimeTag="2024-12-25T22:04:14" DepthTag="6.039">1.077 18.957 40.350 0.000 54.462 18.957 </Samples>
		<Samples TimeTag="2024-12-25T22:04:17" DepthTag="6.144">2.249 18.651 40.470 0.000 46.913 18.651 </Samples>
	</CompactMWDdata>
	<IR:GenTrailer>
		<IR:FileCloseDate>2024-12-25T22:05:48</IR:FileCloseDate>
		<IR:ChkSum>1003600074</IR:ChkSum>
	</IR:GenTrailer>
</DRMWD>
