<?xml version="1.0" encoding="UTF-8"?>
<!-- Generated by the RCS System Epiroc Rock Drills AB -->
<DRMWD xmlns="http://www.iredes.org/xml/DrillRig" xmlns:IR="http://www.iredes.org/xml" xmlns:xsi="http://www.w3.org/2001/XMLSchema-instance" xsi:schemaLocation="http://www.iredes.org/xml/DrillRig C:\Iredes\IR_V1.2.3\xml\DR-DrillRig_V1.2\DrillRig.xsd" IRVersion="V 1.2AC" IRDownwCompat="V 1.2AC" DRMWDDownwCompat="V 1.2AC" DRMWDVersion="V 1.2AC">
	<IR:GenHead>
		<IR:FileCreateDate>2024-12-26T17:39:13</IR:FileCreateDate>
		<IR:IRversion DownwCompat="V 1.0">V 1.2AC</IR:IRversion>
		<IR:EquipmentInfo>
			<IR:EqpManufact>Epiroc</IR:EqpManufact>
			<IR:EqpType>SmartROC D65</IR:EqpType>
			<IR:EqpSerNo>8992013064</IR:EqpSerNo>
			<IR:EqpSysVer>6.28.1</IR:EqpSysVer>
			<IR:EqpInfo>DrillingMethod: DTH</IR:EqpInfo>
		</IR:EquipmentInfo>
	</IR:GenHead>
	<IR:ReportId>MWDRI261739</IR:ReportId>
	<IR:StartLogTime>2024-12-26T17:28:18</IR:StartLogTime>
	<IR:EndLogTime>2024-12-26T17:37:18</IR:EndLogTime>
	<IR:PlanIdRef>FRD03_11_0626_001_All</IR:PlanIdRef>
	<IR:PlanNameRef>FRD03_11_0626_001_All</IR:PlanNameRef>
	<MWDholeId>J9</MWDholeId>
	<QualityReportIdRef>DQRI261457</QualityReportIdRef>
	<SampleDistance>0.100</SampleDistance>
	<CompactMWDdata>
		<MWDparams>
			<Parameter Unit="m/min" Full="PenetrRate">PR</Parameter>
			<Parameter Unit="Bar" Full="PercPressure">PP</Parameter>
			<Parameter Unit="Bar" Full="FeedPressure">FP</Parameter>
			<Parameter Unit="Bar" Full="DampPressure">DP</Parameter>
			<Parameter Unit="Bar" Full="RotPressure">RP</Parameter>
			<Parameter Unit="Bar" Full="FlushPressure">FLP</Parameter>
		</MWDparams>
		<Samples TimeTag="2024-12-26T17:28:18" DepthTag="0.103">2.224 14.153 45.864 0.000 20.544 14.153 </Samples>
		<Samples TimeTag="2024-12-26T17:28:22" DepthTag="0.207">1.554 14.902 35.227 0.000 20.522 14.902 </Samples>
		<Samples TimeTag="2024-12-26T17:28:23" DepthTag="0.313">3.948 14.902 39.814 0.000 20.544 14.902 </Samples>
		<Samples TimeTag="2024-12-26T17:28:26" DepthTag="0.418">2.913 14.918 42.428 0.000 41.988 14.918 </Samples>
		<Samples TimeTag="2024-12-26T17:28:47" DepthTag="0.521">0.774 8.491 47.813 0.000 51.462 8.491 </Samples>
		<Samples TimeTag="2024-12-26T17:28:51" DepthTag="0.627">1.688 12.179 41.462 0.000 52.289 12.179 </Samples>
		<Samples TimeTag="2024-12-26T17:28:54" DepthTag="0.736">2.138 13.556 39.320 0.000 49.157 13.556 </Samples>
		<Samples TimeTag="2024-12-26T17:28:56" DepthTag="0.841">2.706 14.061 39.139 0.000 46.485 14.061 </Samples>
		<Samples TimeTag="2024-12-26T17:28:58" DepthTag="0.941">2.684 14.367 40.747 0.000 47.773 14.367 </Samples>
		<Samples TimeTag="2024-12-26T17:29:22" DepthTag="1.047">0.999 3.703 22.188 0.000 26.329 3.703 </Samples>
		<Samples TimeTag="2024-12-26T17:29:26" DepthTag="1.148">1.511 10.542 43.961 0.000 41.359 10.542 </Samples>
		<Samples TimeTag="2024-12-26T17:29:30" DepthTag="1.249">1.460 13.433 41.177 0.000 49.676 13.433 </Samples>
		<Samples TimeTag="2024-12-26T17:29:33" DepthTag="1.355">1.975 14.214 39.863 0.000 48.707 14.214 </Samples>
		<Samples TimeTag="2024-12-26T17:29:37" DepthTag="1.463">1.686 14.566 40.469 0.000 48.396 14.566 </Samples>
		<Samples TimeTag="2024-12-26T17:30:09" DepthTag="1.567">0.783 14.581 42.103 0.000 50.995 14.581 </Samples>
		<Samples TimeTag="2024-12-26T17:30:13" DepthTag="1.671">1.557 16.126 40.475 0.000 44.735 16.126 </Samples>
		<Samples TimeTag="2024-12-26T17:30:18" DepthTag="1.774">1.401 16.968 40.709 0.000 51.365 16.968 </Samples>
		<Samples TimeTag="2024-12-26T17:30:22" DepthTag="1.876">1.468 17.365 39.856 0.000 50.657 17.365 </Samples>
		<Samples TimeTag="2024-12-26T17:30:26" DepthTag="1.976">1.663 17.580 40.404 0.000 47.205 17.580 </Samples>
		<Samples TimeTag="2024-12-26T17:30:30" DepthTag="2.077">1.513 17.763 39.068 0.000 44.607 17.763 </Samples>
		<Samples TimeTag="2024-12-26T17:30:33" DepthTag="2.180">1.836 17.886 40.177 0.000 41.769 17.886 </Samples>
		<Samples TimeTag="2024-12-26T17:30:37" DepthTag="2.284">1.724 17.886 40.756 0.000 40.464 17.886 </Samples>
		<Samples TimeTag="2024-12-26T17:30:40" DepthTag="2.386">1.908 17.932 39.903 0.000 34.994 17.932 </Samples>
		<Samples TimeTag="2024-12-26T17:30:43" DepthTag="2.492">1.973 17.932 40.133 0.000 43.779 17.932 </Samples>
		<Samples TimeTag="2024-12-26T17:31:23" DepthTag="2.595">0.347 13.938 43.115 0.000 51.975 13.938 </Samples>
		<Samples TimeTag="2024-12-26T17:31:32" DepthTag="2.702">0.719 16.692 38.352 0.000 49.361 16.692 </Samples>
		<Samples TimeTag="2024-12-26T17:31:39" DepthTag="2.804">0.843 17.396 40.895 0.000 49.697 17.396 </Samples>
		<Samples TimeTag="2024-12-26T17:31:50" DepthTag="2.905">0.554 17.396 38.674 0.000 45.357 17.396 </Samples>
		<Samples TimeTag="2024-12-26T17:32:01" DepthTag="3.006">0.545 17.381 39.783 0.000 46.321 17.381 </Samples>
		<Samples TimeTag="2024-12-26T17:32:10" DepthTag="3.108">0.742 17.595 40.406 0.000 47.406 17.595 </Samples>
		<Samples TimeTag="2024-12-26T17:32:17" DepthTag="3.213">0.831 17.580 38.177 0.000 49.503 17.580 </Samples>
		<Samples TimeTag="2024-12-26T17:32:22" DepthTag="3.314">1.378 17.840 40.041 0.000 43.429 17.840 </Samples>
		<Samples TimeTag="2024-12-26T17:32:28" DepthTag="3.414">0.881 17.794 39.974 0.000 47.150 17.794 </Samples>
		<Samples TimeTag="2024-12-26T17:33:08" DepthTag="3.564">0.674 5.064 31.178 0.000 35.341 5.064 </Samples>
		<Samples TimeTag="2024-12-26T17:33:14" DepthTag="3.665">1.078 14.504 40.792 0.000 46.093 14.504 </Samples>
		<Samples TimeTag="2024-12-26T17:33:17" DepthTag="3.767">1.822 15.958 40.164 0.000 38.338 15.958 </Samples>
		<Samples TimeTag="2024-12-26T17:33:21" DepthTag="3.872">1.827 16.662 40.077 0.000 45.290 16.662 </Samples>
		<Samples TimeTag="2024-12-26T17:33:24" DepthTag="3.972">2.030 17.136 39.446 0.000 39.039 17.136 </Samples>
		<Samples TimeTag="2024-12-26T17:33:26" DepthTag="4.073">2.290 17.411 40.138 0.000 36.572 17.411 </Samples>
		<Samples TimeTag="2024-12-26T17:33:31" DepthTag="4.173">1.269 17.733 40.537 0.000 47.308 17.733 </Samples>
		<Samples TimeTag="2024-12-26T17:33:36" DepthTag="4.277">1.230 17.840 39.586 0.000 49.708 17.840 </Samples>
		<Samples TimeTag="2024-12-26T17:33:40" DepthTag="4.377">1.596 17.947 40.442 0.000 46.387 17.947 </Samples>
		<Samples TimeTag="2024-12-26T17:33:44" DepthTag="4.482">1.474 18.008 40.430 0.000 43.985 18.008 </Samples>
		<Samples TimeTag="2024-12-26T17:33:48" DepthTag="4.589">1.701 18.008 40.297 0.000 50.677 18.008 </Samples>
		<Samples TimeTag="2024-12-26T17:33:52" DepthTag="4.689">1.503 18.054 40.444 0.000 48.934 18.054 </Samples>
		<Samples TimeTag="2024-12-26T17:33:58" DepthTag="4.791">1.019 18.054 40.449 0.000 47.984 18.054 </Samples>
		<Samples TimeTag="2024-12-26T17:34:03" DepthTag="4.892">1.175 17.886 38.143 0.000 45.993 17.886 </Samples>
		<Samples TimeTag="2024-12-26T17:34:07" DepthTag="4.995">1.460 17.962 39.817 0.000 51.030 17.962 </Samples>
		<Samples TimeTag="2024-12-26T17:34:12" DepthTag="5.098">1.287 18.023 40.861 0.000 47.187 18.023 </Samples>
		<Samples TimeTag="2024-12-26T17:34:19" DepthTag="5.200">0.869 17.962 40.725 0.000 48.243 17.962 </Samples>
		<Samples TimeTag="2024-12-26T17:34:27" DepthTag="5.305">0.832 17.794 40.021 0.000 47.445 17.794 </Samples>
		<Samples TimeTag="2024-12-26T17:34:29" DepthTag="5.405">2.497 17.901 39.118 0.000 47.300 17.901 </Samples>
		<Samples TimeTag="2024-12-26T17:34:32" DepthTag="5.511">2.146 17.978 39.814 0.000 48.152 17.978 </Samples>
		<Samples TimeTag="2024-12-26T17:34:35" DepthTag="5.615">1.841 17.993 39.870 0.000 51.516 17.993 </Samples>
		<Samples TimeTag="2024-12-26T17:34:38" DepthTag="5.720">2.068 18.039 39.486 0.000 44.707 18.039 </Samples>
		<Samples TimeTag="2024-12-26T17:34:42" DepthTag="5.824">1.726 18.054 39.496 0.000 50.471 18.054 </Samples>
		<Samples TimeTag="2024-12-26T17:34:46" DepthTag="5.926">1.708 18.161 39.817 0.000 43.450 18.161 </Samples>
		<Samples TimeTag="2024-12-26T17:34:49" DepthTag="6.028">2.052 18.176 40.039 0.000 49.471 18.176 </Samples>
		<Samples TimeTag="2024-12-26T17:34:52" DepthTag="6.130">1.902 18.176 40.097 0.000 50.009 18.176 </Samples>
		<Samples TimeTag="2024-12-26T17:34:55" DepthTag="6.235">1.969 18.222 40.295 0.000 50.191 18.222 </Samples>
		<Samples TimeTag="2024-12-26T17:34:58" DepthTag="6.337">2.184 18.253 39.991 0.000 51.946 18.253 </Samples>
		<Samples TimeTag="2024-12-26T17:35:01" DepthTag="6.445">1.918 18.238 40.026 0.000 51.931 18.238 </Samples>
		<Samples TimeTag="2024-12-26T17:35:05" DepthTag="6.548">1.835 18.192 39.290 0.000 47.866 18.192 </Samples>
		<Samples TimeTag="2024-12-26T17:35:08" DepthTag="6.648">1.884 18.207 39.888 0.000 47.168 18.207 </Samples>
		<Samples TimeTag="2024-12-26T17:35:11" DepthTag="6.754">2.073 18.207 39.566 0.000 45.917 18.207 </Samples>
		<Samples TimeTag="2024-12-26T17:35:14" DepthTag="6.856">2.060 18.238 40.686 0.000 44.164 18.238 </Samples>
		<Samples TimeTag="2024-12-26T17:35:17" DepthTag="6.956">2.026 18.268 40.869 0.000 48.483 18.268 </Samples>
		<Samples TimeTag="2024-12-26T17:35:20" DepthTag="7.060">2.044 18.207 40.799 0.000 47.074 18.207 </Samples>
		<Samples TimeTag="2024-12-26T17:35:23" DepthTag="7.163">2.213 18.222 40.800 0.000 48.290 18.222 </Samples>
		<Samples TimeTag="2024-12-26T17:35:25" DepthTag="7.267">2.419 18.268 39.009 0.000 45.593 18.268 </Samples>
		<Samples TimeTag="2024-12-26T17:35:28" DepthTag="7.367">2.278 18.222 39.396 0.000 45.624 18.222 </Samples>
		<Samples TimeTag="2024-12-26T17:35:30" DepthTag="7.476">2.713 18.253 38.750 0.000 48.451 18.253 </Samples>
		<Samples TimeTag="2024-12-26T17:35:32" DepthTag="7.576">3.130 18.299 38.967 0.000 43.627 18.299 </Samples>
		<Samples TimeTag="2024-12-26T17:35:34" DepthTag="7.692">3.099 18.100 38.123 0.000 38.824 18.100 </Samples>
		<Samples TimeTag="2024-12-26T17:35:36" DepthTag="7.794">3.797 18.023 33.514 0.000 34.064 18.023 </Samples>
		<Samples TimeTag="2024-12-26T17:37:18" DepthTag="7.907">0.848 4.758 29.410 0.000 34.388 4.758 </Samples>
	</CompactMWDdata>
	<IR:GenTrailer>
		<IR:FileCloseDate>2024-12-26T17:39:13</IR:FileCloseDate>
		<IR:ChkSum>0361244366</IR:ChkSum>
	</IR:GenTrailer>
</DRMWD>
