<?xml version="1.0" encoding="UTF-8"?>
<!-- Generated by the RCS System Epiroc Rock Drills AB -->
<DRMWD xmlns="http://www.iredes.org/xml/DrillRig" xmlns:IR="http://www.iredes.org/xml" xmlns:xsi="http://www.w3.org/2001/XMLSchema-instance" xsi:schemaLocation="http://www.iredes.org/xml/DrillRig C:\Iredes\IR_V1.2.3\xml\DR-DrillRig_V1.2\DrillRig.xsd" IRVersion="V 1.2AC" IRDownwCompat="V 1.2AC" DRMWDDownwCompat="V 1.2AC" DRMWDVersion="V 1.2AC">
	<IR:GenHead>
		<IR:FileCreateDate>2024-12-26T23:33:33</IR:FileCreateDate>
		<IR:IRversion DownwCompat="V 1.0">V 1.2AC</IR:IRversion>
		<IR:EquipmentInfo>
			<IR:EqpManufact>Epiroc</IR:EqpManufact>
			<IR:EqpType>SmartROC D65</IR:EqpType>
			<IR:EqpSerNo>8992013064</IR:EqpSerNo>
			<IR:EqpSysVer>6.28.1</IR:EqpSysVer>
			<IR:EqpInfo>DrillingMethod: DTH</IR:EqpInfo>
		</IR:EquipmentInfo>
	</IR:GenHead>
	<IR:ReportId>MWDRI262333</IR:ReportId>
	<IR:StartLogTime>2024-12-26T23:25:28</IR:StartLogTime>
	<IR:EndLogTime>2024-12-26T23:32:45</IR:EndLogTime>
	<IR:PlanIdRef>FRD03_11_0626_001_All</IR:PlanIdRef>
	<IR:PlanNameRef>FRD03_11_0626_001_All</IR:PlanNameRef>
	<MWDholeId>A77</MWDholeId>
	<QualityReportIdRef>DQRI262053</QualityReportIdRef>
	<SampleDistance>0.100</SampleDistance>
	<CompactMWDdata>
		<MWDparams>
			<Parameter Unit="m/min" Full="PenetrRate">PR</Parameter>
			<Parameter Unit="Bar" Full="PercPressure">PP</Parameter>
			<Parameter Unit="Bar" Full="FeedPressure">FP</Parameter>
			<Parameter Unit="Bar" Full="DampPressure">DP</Parameter>
			<Parameter Unit="Bar" Full="RotPressure">RP</Parameter>
			<Parameter Unit="Bar" Full="FlushPressure">FLP</Parameter>
		</MWDparams>
		<Samples TimeTag="2024-12-26T23:25:28" DepthTag="0.108">1.030 14.107 39.803 0.000 20.976 14.107 </Samples>
		<Samples TimeTag="2024-12-26T23:25:32" DepthTag="0.215">1.541 14.611 42.553 0.000 20.995 14.611 </Samples>
		<Samples TimeTag="2024-12-26T23:25:37" DepthTag="0.318">1.399 14.810 41.678 0.000 46.653 14.810 </Samples>
		<Samples TimeTag="2024-12-26T23:25:40" DepthTag="0.422">2.090 14.902 40.641 0.000 46.349 14.902 </Samples>
		<Samples TimeTag="2024-12-26T23:25:59" DepthTag="0.554">1.099 4.360 21.171 0.000 30.180 4.360 </Samples>
		<Samples TimeTag="2024-12-26T23:26:01" DepthTag="0.654">3.268 7.313 49.109 0.000 55.807 7.313 </Samples>
		<Samples TimeTag="2024-12-26T23:26:06" DepthTag="0.758">1.216 13.403 41.358 0.000 37.452 13.403 </Samples>
		<Samples TimeTag="2024-12-26T23:26:11" DepthTag="0.861">1.328 14.826 40.674 0.000 42.258 14.826 </Samples>
		<Samples TimeTag="2024-12-26T23:26:17" DepthTag="0.965">1.110 15.208 40.004 0.000 44.584 15.208 </Samples>
		<Samples TimeTag="2024-12-26T23:26:46" DepthTag="1.067">0.640 10.175 43.577 0.000 57.142 10.175 </Samples>
		<Samples TimeTag="2024-12-26T23:26:51" DepthTag="1.172">1.264 13.770 40.584 0.000 43.132 13.770 </Samples>
		<Samples TimeTag="2024-12-26T23:26:55" DepthTag="1.280">1.724 14.627 38.366 0.000 48.266 14.627 </Samples>
		<Samples TimeTag="2024-12-26T23:26:57" DepthTag="1.389">2.923 14.826 39.238 0.000 35.957 14.826 </Samples>
		<Samples TimeTag="2024-12-26T23:27:01" DepthTag="1.490">1.526 15.224 40.581 0.000 41.083 15.224 </Samples>
		<Samples TimeTag="2024-12-26T23:27:33" DepthTag="1.590">0.714 10.312 46.673 0.000 56.761 10.312 </Samples>
		<Samples TimeTag="2024-12-26T23:27:37" DepthTag="1.693">1.411 15.178 41.755 0.000 50.328 15.178 </Samples>
		<Samples TimeTag="2024-12-26T23:27:41" DepthTag="1.796">1.627 16.417 41.092 0.000 49.597 16.417 </Samples>
		<Samples TimeTag="2024-12-26T23:27:45" DepthTag="1.905">1.545 17.105 38.488 0.000 44.167 17.105 </Samples>
		<Samples TimeTag="2024-12-26T23:27:48" DepthTag="2.009">1.843 17.473 41.386 0.000 40.311 17.473 </Samples>
		<Samples TimeTag="2024-12-26T23:27:53" DepthTag="2.110">1.378 17.870 40.312 0.000 39.630 17.870 </Samples>
		<Samples TimeTag="2024-12-26T23:27:57" DepthTag="2.215">1.571 17.932 37.455 0.000 40.917 17.932 </Samples>
		<Samples TimeTag="2024-12-26T23:28:00" DepthTag="2.319">1.846 17.993 39.454 0.000 45.685 17.993 </Samples>
		<Samples TimeTag="2024-12-26T23:28:04" DepthTag="2.421">1.702 18.039 41.236 0.000 47.845 18.039 </Samples>
		<Samples TimeTag="2024-12-26T23:28:42" DepthTag="2.543">0.484 4.360 22.884 0.000 29.309 4.360 </Samples>
		<Samples TimeTag="2024-12-26T23:28:47" DepthTag="2.644">1.113 13.954 43.621 0.000 48.301 13.954 </Samples>
		<Samples TimeTag="2024-12-26T23:28:54" DepthTag="2.747">0.971 16.340 37.174 0.000 44.367 16.340 </Samples>
		<Samples TimeTag="2024-12-26T23:29:00" DepthTag="2.847">0.999 17.258 40.884 0.000 47.630 17.258 </Samples>
		<Samples TimeTag="2024-12-26T23:29:05" DepthTag="2.953">1.133 17.733 38.775 0.000 49.979 17.733 </Samples>
		<Samples TimeTag="2024-12-26T23:29:10" DepthTag="3.056">1.398 17.932 39.035 0.000 45.599 17.932 </Samples>
		<Samples TimeTag="2024-12-26T23:29:13" DepthTag="3.159">1.707 18.039 40.538 0.000 46.441 18.039 </Samples>
		<Samples TimeTag="2024-12-26T23:29:18" DepthTag="3.262">1.240 18.161 41.056 0.000 47.825 18.161 </Samples>
		<Samples TimeTag="2024-12-26T23:29:23" DepthTag="3.367">1.278 18.146 38.265 0.000 48.970 18.146 </Samples>
		<Samples TimeTag="2024-12-26T23:29:27" DepthTag="3.469">1.585 18.176 40.390 0.000 48.801 18.176 </Samples>
		<Samples TimeTag="2024-12-26T23:30:12" DepthTag="3.570">0.338 13.877 45.283 0.000 58.965 13.877 </Samples>
		<Samples TimeTag="2024-12-26T23:30:19" DepthTag="3.672">0.843 16.723 45.137 0.000 52.804 16.723 </Samples>
		<Samples TimeTag="2024-12-26T23:30:24" DepthTag="3.774">1.237 17.381 44.629 0.000 47.459 17.381 </Samples>
		<Samples TimeTag="2024-12-26T23:30:27" DepthTag="3.874">2.141 17.671 44.124 0.000 38.593 17.671 </Samples>
		<Samples TimeTag="2024-12-26T23:30:29" DepthTag="3.982">2.676 17.901 44.632 0.000 34.220 17.901 </Samples>
		<Samples TimeTag="2024-12-26T23:30:31" DepthTag="4.082">2.781 18.023 44.731 0.000 33.854 18.023 </Samples>
		<Samples TimeTag="2024-12-26T23:30:34" DepthTag="4.188">2.264 18.085 45.718 0.000 46.573 18.085 </Samples>
		<Samples TimeTag="2024-12-26T23:30:37" DepthTag="4.291">2.396 18.146 44.657 0.000 37.867 18.146 </Samples>
		<Samples TimeTag="2024-12-26T23:30:41" DepthTag="4.394">1.328 17.932 45.619 0.000 48.254 17.932 </Samples>
		<Samples TimeTag="2024-12-26T23:30:49" DepthTag="4.495">0.803 17.687 45.448 0.000 55.039 17.687 </Samples>
		<Samples TimeTag="2024-12-26T23:30:54" DepthTag="4.599">1.145 17.779 44.966 0.000 50.478 17.779 </Samples>
		<Samples TimeTag="2024-12-26T23:30:59" DepthTag="4.700">1.380 17.916 45.228 0.000 49.406 17.916 </Samples>
		<Samples TimeTag="2024-12-26T23:31:03" DepthTag="4.807">1.543 18.023 44.568 0.000 65.296 18.023 </Samples>
		<Samples TimeTag="2024-12-26T23:31:08" DepthTag="4.911">1.192 18.085 44.799 0.000 56.263 18.085 </Samples>
		<Samples TimeTag="2024-12-26T23:31:13" DepthTag="5.015">1.192 18.054 44.899 0.000 57.238 18.054 </Samples>
		<Samples TimeTag="2024-12-26T23:31:17" DepthTag="5.117">1.905 18.207 45.455 0.000 56.214 18.207 </Samples>
		<Samples TimeTag="2024-12-26T23:31:21" DepthTag="5.220">1.573 18.284 45.454 0.000 52.220 18.284 </Samples>
		<Samples TimeTag="2024-12-26T23:31:24" DepthTag="5.320">1.566 18.345 44.565 0.000 51.955 18.345 </Samples>
		<Samples TimeTag="2024-12-26T23:31:29" DepthTag="5.423">1.396 18.360 44.195 0.000 55.208 18.360 </Samples>
		<Samples TimeTag="2024-12-26T23:31:32" DepthTag="5.530">1.904 18.437 44.096 0.000 52.477 18.437 </Samples>
		<Samples TimeTag="2024-12-26T23:31:35" DepthTag="5.637">2.671 18.437 44.648 0.000 44.257 18.437 </Samples>
		<Samples TimeTag="2024-12-26T23:31:37" DepthTag="5.737">2.778 18.544 44.959 0.000 46.717 18.544 </Samples>
		<Samples TimeTag="2024-12-26T23:31:39" DepthTag="5.845">2.444 19.018 45.132 0.000 47.501 19.018 </Samples>
		<Samples TimeTag="2024-12-26T23:31:42" DepthTag="5.946">2.368 18.865 44.324 0.000 51.946 18.865 </Samples>
		<Samples TimeTag="2024-12-26T23:31:44" DepthTag="6.048">2.544 18.743 45.520 0.000 51.802 18.743 </Samples>
		<Samples TimeTag="2024-12-26T23:31:47" DepthTag="6.154">2.138 18.620 45.090 0.000 47.468 18.620 </Samples>
		<Samples TimeTag="2024-12-26T23:31:50" DepthTag="6.258">2.219 18.559 44.800 0.000 51.295 18.559 </Samples>
		<Samples TimeTag="2024-12-26T23:31:53" DepthTag="6.363">2.372 18.528 45.318 0.000 56.095 18.528 </Samples>
		<Samples TimeTag="2024-12-26T23:31:56" DepthTag="6.467">2.237 18.513 43.427 0.000 48.483 18.513 </Samples>
		<Samples TimeTag="2024-12-26T23:31:59" DepthTag="6.573">1.878 18.329 38.356 0.000 46.093 18.329 </Samples>
		<Samples TimeTag="2024-12-26T23:32:45" DepthTag="6.694">1.312 4.437 15.416 0.000 23.902 4.437 </Samples>
	</CompactMWDdata>
	<IR:GenTrailer>
		<IR:FileCloseDate>2024-12-26T23:33:33</IR:FileCloseDate>
		<IR:ChkSum>3601208625</IR:ChkSum>
	</IR:GenTrailer>
</DRMWD>
