<?xml version="1.0" encoding="UTF-8"?>
<!-- Generated by the RCS System Epiroc Rock Drills AB -->
<DRMWD xmlns="http://www.iredes.org/xml/DrillRig" xmlns:IR="http://www.iredes.org/xml" xmlns:xsi="http://www.w3.org/2001/XMLSchema-instance" xsi:schemaLocation="http://www.iredes.org/xml/DrillRig C:\Iredes\IR_V1.2.3\xml\DR-DrillRig_V1.2\DrillRig.xsd" IRVersion="V 1.2AC" IRDownwCompat="V 1.2AC" DRMWDDownwCompat="V 1.2AC" DRMWDVersion="V 1.2AC">
	<IR:GenHead>
		<IR:FileCreateDate>2024-12-26T23:23:36</IR:FileCreateDate>
		<IR:IRversion DownwCompat="V 1.0">V 1.2AC</IR:IRversion>
		<IR:EquipmentInfo>
			<IR:EqpManufact>Epiroc</IR:EqpManufact>
			<IR:EqpType>SmartROC D65</IR:EqpType>
			<IR:EqpSerNo>8992013064</IR:EqpSerNo>
			<IR:EqpSysVer>6.28.1</IR:EqpSysVer>
			<IR:EqpInfo>DrillingMethod: DTH</IR:EqpInfo>
		</IR:EquipmentInfo>
	</IR:GenHead>
	<IR:ReportId>MWDRI262323</IR:ReportId>
	<IR:StartLogTime>2024-12-26T23:15:26</IR:StartLogTime>
	<IR:EndLogTime>2024-12-26T23:21:59</IR:EndLogTime>
	<IR:PlanIdRef>FRD03_11_0626_001_All</IR:PlanIdRef>
	<IR:PlanNameRef>FRD03_11_0626_001_All</IR:PlanNameRef>
	<MWDholeId>A78</MWDholeId>
	<QualityReportIdRef>DQRI262053</QualityReportIdRef>
	<SampleDistance>0.100</SampleDistance>
	<CompactMWDdata>
		<MWDparams>
			<Parameter Unit="m/min" Full="PenetrRate">PR</Parameter>
			<Parameter Unit="Bar" Full="PercPressure">PP</Parameter>
			<Parameter Unit="Bar" Full="FeedPressure">FP</Parameter>
			<Parameter Unit="Bar" Full="DampPressure">DP</Parameter>
			<Parameter Unit="Bar" Full="RotPressure">RP</Parameter>
			<Parameter Unit="Bar" Full="FlushPressure">FLP</Parameter>
		</MWDparams>
		<Samples TimeTag="2024-12-26T23:15:26" DepthTag="0.104">1.329 14.153 43.852 0.000 20.972 14.153 </Samples>
		<Samples TimeTag="2024-12-26T23:15:28" DepthTag="0.205">2.517 14.550 45.010 0.000 20.972 14.550 </Samples>
		<Samples TimeTag="2024-12-26T23:15:30" DepthTag="0.307">3.060 14.703 41.954 0.000 20.972 14.703 </Samples>
		<Samples TimeTag="2024-12-26T23:15:34" DepthTag="0.411">1.843 14.856 37.504 0.000 30.863 14.856 </Samples>
		<Samples TimeTag="2024-12-26T23:15:35" DepthTag="0.515">4.581 14.918 39.235 0.000 43.854 14.918 </Samples>
		<Samples TimeTag="2024-12-26T23:15:55" DepthTag="0.626">1.191 3.886 21.660 0.000 26.717 3.886 </Samples>
		<Samples TimeTag="2024-12-26T23:15:58" DepthTag="0.727">1.745 9.333 45.538 0.000 42.363 9.333 </Samples>
		<Samples TimeTag="2024-12-26T23:16:03" DepthTag="0.829">1.142 13.892 40.103 0.000 47.310 13.892 </Samples>
		<Samples TimeTag="2024-12-26T23:16:07" DepthTag="0.933">1.940 14.550 39.676 0.000 48.256 14.550 </Samples>
		<Samples TimeTag="2024-12-26T23:16:09" DepthTag="1.042">2.336 14.780 39.492 0.000 40.026 14.780 </Samples>
		<Samples TimeTag="2024-12-26T23:16:37" DepthTag="1.144">0.766 11.108 43.887 0.000 54.303 11.108 </Samples>
		<Samples TimeTag="2024-12-26T23:16:41" DepthTag="1.245">1.671 13.449 40.533 0.000 49.486 13.449 </Samples>
		<Samples TimeTag="2024-12-26T23:16:45" DepthTag="1.350">1.579 14.413 40.455 0.000 59.900 14.413 </Samples>
		<Samples TimeTag="2024-12-26T23:16:50" DepthTag="1.457">1.396 14.764 40.099 0.000 51.808 14.764 </Samples>
		<Samples TimeTag="2024-12-26T23:16:54" DepthTag="1.559">1.525 14.918 40.778 0.000 55.156 14.918 </Samples>
		<Samples TimeTag="2024-12-26T23:17:28" DepthTag="1.659">0.796 14.749 41.345 0.000 47.004 14.749 </Samples>
		<Samples TimeTag="2024-12-26T23:17:33" DepthTag="1.763">1.350 16.417 40.546 0.000 42.740 16.417 </Samples>
		<Samples TimeTag="2024-12-26T23:17:37" DepthTag="1.871">1.545 16.952 38.697 0.000 40.051 16.952 </Samples>
		<Samples TimeTag="2024-12-26T23:17:40" DepthTag="1.972">1.897 17.274 40.274 0.000 41.352 17.274 </Samples>
		<Samples TimeTag="2024-12-26T23:17:44" DepthTag="2.074">1.524 17.488 40.184 0.000 49.147 17.488 </Samples>
		<Samples TimeTag="2024-12-26T23:17:49" DepthTag="2.177">1.428 17.733 40.874 0.000 54.268 17.733 </Samples>
		<Samples TimeTag="2024-12-26T23:17:55" DepthTag="2.279">0.914 17.671 40.335 0.000 50.402 17.671 </Samples>
		<Samples TimeTag="2024-12-26T23:18:08" DepthTag="2.380">0.467 17.258 40.292 0.000 50.388 17.258 </Samples>
		<Samples TimeTag="2024-12-26T23:18:20" DepthTag="2.482">0.539 17.411 39.191 0.000 50.397 17.411 </Samples>
		<Samples TimeTag="2024-12-26T23:19:02" DepthTag="2.615">0.411 4.743 31.116 0.000 38.616 4.743 </Samples>
		<Samples TimeTag="2024-12-26T23:19:13" DepthTag="2.715">0.535 16.295 40.509 0.000 45.617 16.295 </Samples>
		<Samples TimeTag="2024-12-26T23:19:18" DepthTag="2.815">1.316 17.029 37.026 0.000 43.954 17.029 </Samples>
		<Samples TimeTag="2024-12-26T23:19:21" DepthTag="2.915">2.141 17.365 39.925 0.000 46.451 17.365 </Samples>
		<Samples TimeTag="2024-12-26T23:19:24" DepthTag="3.019">1.719 17.656 40.642 0.000 52.163 17.656 </Samples>
		<Samples TimeTag="2024-12-26T23:19:29" DepthTag="3.122">1.287 17.916 39.502 0.000 49.740 17.916 </Samples>
		<Samples TimeTag="2024-12-26T23:19:34" DepthTag="3.225">1.352 18.054 40.273 0.000 51.122 18.054 </Samples>
		<Samples TimeTag="2024-12-26T23:19:38" DepthTag="3.331">1.367 18.176 39.922 0.000 54.924 18.176 </Samples>
		<Samples TimeTag="2024-12-26T23:19:41" DepthTag="3.432">2.362 18.207 38.948 0.000 41.325 18.207 </Samples>
		<Samples TimeTag="2024-12-26T23:19:43" DepthTag="3.542">2.941 18.329 39.018 0.000 32.950 18.329 </Samples>
		<Samples TimeTag="2024-12-26T23:20:17" DepthTag="3.643">0.943 11.949 40.433 0.000 38.935 11.949 </Samples>
		<Samples TimeTag="2024-12-26T23:20:22" DepthTag="3.745">1.264 15.866 45.028 0.000 45.776 15.866 </Samples>
		<Samples TimeTag="2024-12-26T23:20:27" DepthTag="3.849">1.205 17.014 44.355 0.000 56.124 17.014 </Samples>
		<Samples TimeTag="2024-12-26T23:20:31" DepthTag="3.958">1.935 17.365 43.887 0.000 42.670 17.365 </Samples>
		<Samples TimeTag="2024-12-26T23:20:34" DepthTag="4.062">2.106 17.702 45.017 0.000 45.540 17.702 </Samples>
		<Samples TimeTag="2024-12-26T23:20:36" DepthTag="4.163">2.518 17.794 45.319 0.000 49.101 17.794 </Samples>
		<Samples TimeTag="2024-12-26T23:20:39" DepthTag="4.265">1.897 17.978 45.721 0.000 56.859 17.978 </Samples>
		<Samples TimeTag="2024-12-26T23:20:49" DepthTag="4.366">0.646 17.671 44.403 0.000 49.222 17.671 </Samples>
		<Samples TimeTag="2024-12-26T23:20:55" DepthTag="4.467">0.944 17.671 45.467 0.000 54.473 17.671 </Samples>
		<Samples TimeTag="2024-12-26T23:21:00" DepthTag="4.570">1.286 17.962 44.429 0.000 53.203 17.962 </Samples>
		<Samples TimeTag="2024-12-26T23:21:03" DepthTag="4.675">1.745 18.161 45.082 0.000 51.861 18.161 </Samples>
		<Samples TimeTag="2024-12-26T23:21:07" DepthTag="4.778">1.833 18.314 45.314 0.000 53.574 18.314 </Samples>
		<Samples TimeTag="2024-12-26T23:21:11" DepthTag="4.878">1.423 18.406 45.474 0.000 56.079 18.406 </Samples>
		<Samples TimeTag="2024-12-26T23:21:15" DepthTag="4.981">1.394 18.452 44.999 0.000 58.317 18.452 </Samples>
		<Samples TimeTag="2024-12-26T23:21:19" DepthTag="5.082">1.949 18.467 44.646 0.000 54.470 18.467 </Samples>
		<Samples TimeTag="2024-12-26T23:21:22" DepthTag="5.189">2.104 18.513 44.240 0.000 54.125 18.513 </Samples>
		<Samples TimeTag="2024-12-26T23:21:24" DepthTag="5.293">2.424 18.513 44.954 0.000 56.964 18.513 </Samples>
		<Samples TimeTag="2024-12-26T23:21:26" DepthTag="5.396">3.076 18.528 44.310 0.000 45.965 18.528 </Samples>
		<Samples TimeTag="2024-12-26T23:21:29" DepthTag="5.498">2.023 18.574 45.432 0.000 52.801 18.574 </Samples>
		<Samples TimeTag="2024-12-26T23:21:32" DepthTag="5.604">2.130 18.544 44.885 0.000 55.418 18.544 </Samples>
		<Samples TimeTag="2024-12-26T23:21:36" DepthTag="5.705">1.805 18.544 44.504 0.000 52.606 18.544 </Samples>
		<Samples TimeTag="2024-12-26T23:21:39" DepthTag="5.807">2.006 18.559 45.157 0.000 48.601 18.559 </Samples>
		<Samples TimeTag="2024-12-26T23:21:41" DepthTag="5.920">2.815 18.528 44.337 0.000 41.903 18.528 </Samples>
		<Samples TimeTag="2024-12-26T23:21:43" DepthTag="6.023">2.852 18.620 44.610 0.000 51.015 18.620 </Samples>
		<Samples TimeTag="2024-12-26T23:21:45" DepthTag="6.127">2.773 18.880 45.085 0.000 43.789 18.880 </Samples>
		<Samples TimeTag="2024-12-26T23:21:48" DepthTag="6.229">2.075 18.911 45.743 0.000 49.240 18.911 </Samples>
		<Samples TimeTag="2024-12-26T23:21:52" DepthTag="6.339">2.040 18.819 45.455 0.000 51.725 18.819 </Samples>
		<Samples TimeTag="2024-12-26T23:21:54" DepthTag="6.449">2.360 18.743 45.274 0.000 48.761 18.743 </Samples>
		<Samples TimeTag="2024-12-26T23:21:57" DepthTag="6.550">2.520 18.605 39.330 0.000 48.246 18.605 </Samples>
		<Samples TimeTag="2024-12-26T23:21:59" DepthTag="6.654">3.101 18.482 39.608 0.000 41.196 18.482 </Samples>
	</CompactMWDdata>
	<IR:GenTrailer>
		<IR:FileCloseDate>2024-12-26T23:23:36</IR:FileCloseDate>
		<IR:ChkSum>0190600877</IR:ChkSum>
	</IR:GenTrailer>
</DRMWD>
