<?xml version="1.0" encoding="UTF-8"?>
<!-- Generated by the RCS System Epiroc Rock Drills AB -->
<DRMWD xmlns="http://www.iredes.org/xml/DrillRig" xmlns:IR="http://www.iredes.org/xml" xmlns:xsi="http://www.w3.org/2001/XMLSchema-instance" xsi:schemaLocation="http://www.iredes.org/xml/DrillRig C:\Iredes\IR_V1.2.3\xml\DR-DrillRig_V1.2\DrillRig.xsd" IRVersion="V 1.2AC" IRDownwCompat="V 1.2AC" DRMWDDownwCompat="V 1.2AC" DRMWDVersion="V 1.2AC">
	<IR:GenHead>
		<IR:FileCreateDate>2024-12-27T04:29:00</IR:FileCreateDate>
		<IR:IRversion DownwCompat="V 1.0">V 1.2AC</IR:IRversion>
		<IR:EquipmentInfo>
			<IR:EqpManufact>Epiroc</IR:EqpManufact>
			<IR:EqpType>SmartROC D65</IR:EqpType>
			<IR:EqpSerNo>8992013064</IR:EqpSerNo>
			<IR:EqpSysVer>6.28.1</IR:EqpSysVer>
			<IR:EqpInfo>DrillingMethod: DTH</IR:EqpInfo>
		</IR:EquipmentInfo>
	</IR:GenHead>
	<IR:ReportId>MWDRI270429</IR:ReportId>
	<IR:StartLogTime>2024-12-27T04:21:04</IR:StartLogTime>
	<IR:EndLogTime>2024-12-27T04:27:22</IR:EndLogTime>
	<IR:PlanIdRef>FRD03_11_0626_001_All</IR:PlanIdRef>
	<IR:PlanNameRef>FRD03_11_0626_001_All</IR:PlanNameRef>
	<MWDholeId>J15</MWDholeId>
	<QualityReportIdRef>DQRI270314</QualityReportIdRef>
	<SampleDistance>0.100</SampleDistance>
	<CompactMWDdata>
		<MWDparams>
			<Parameter Unit="m/min" Full="PenetrRate">PR</Parameter>
			<Parameter Unit="Bar" Full="PercPressure">PP</Parameter>
			<Parameter Unit="Bar" Full="FeedPressure">FP</Parameter>
			<Parameter Unit="Bar" Full="DampPressure">DP</Parameter>
			<Parameter Unit="Bar" Full="RotPressure">RP</Parameter>
			<Parameter Unit="Bar" Full="FlushPressure">FLP</Parameter>
		</MWDparams>
		<Samples TimeTag="2024-12-27T04:21:04" DepthTag="0.103">0.946 14.566 45.986 0.000 21.401 14.566 </Samples>
		<Samples TimeTag="2024-12-27T04:21:06" DepthTag="0.205">3.323 14.719 38.480 0.000 21.414 14.719 </Samples>
		<Samples TimeTag="2024-12-27T04:21:07" DepthTag="0.306">5.395 14.764 35.238 0.000 21.570 14.764 </Samples>
		<Samples TimeTag="2024-12-27T04:21:08" DepthTag="0.419">6.551 14.841 33.267 0.000 21.409 14.841 </Samples>
		<Samples TimeTag="2024-12-27T04:21:11" DepthTag="0.521">2.052 15.759 44.872 0.000 27.862 15.759 </Samples>
		<Samples TimeTag="2024-12-27T04:21:33" DepthTag="0.623">0.664 11.414 44.976 0.000 40.200 11.414 </Samples>
		<Samples TimeTag="2024-12-27T04:21:38" DepthTag="0.724">1.378 14.642 38.391 0.000 35.912 14.642 </Samples>
		<Samples TimeTag="2024-12-27T04:21:40" DepthTag="0.835">2.349 14.872 39.842 0.000 41.528 14.872 </Samples>
		<Samples TimeTag="2024-12-27T04:21:43" DepthTag="0.935">2.342 14.979 37.981 0.000 39.353 14.979 </Samples>
		<Samples TimeTag="2024-12-27T04:21:45" DepthTag="1.038">3.103 15.055 36.232 0.000 43.814 15.055 </Samples>
		<Samples TimeTag="2024-12-27T04:22:12" DepthTag="1.140">0.707 12.607 43.463 0.000 47.725 12.607 </Samples>
		<Samples TimeTag="2024-12-27T04:22:16" DepthTag="1.241">1.455 14.627 41.492 0.000 40.306 14.627 </Samples>
		<Samples TimeTag="2024-12-27T04:22:20" DepthTag="1.344">1.599 14.994 39.460 0.000 39.007 14.994 </Samples>
		<Samples TimeTag="2024-12-27T04:22:23" DepthTag="1.450">2.044 15.162 37.741 0.000 37.926 15.162 </Samples>
		<Samples TimeTag="2024-12-27T04:22:53" DepthTag="1.579">1.096 5.049 26.790 0.000 37.060 5.049 </Samples>
		<Samples TimeTag="2024-12-27T04:22:57" DepthTag="1.681">1.332 13.770 44.089 0.000 52.771 13.770 </Samples>
		<Samples TimeTag="2024-12-27T04:23:01" DepthTag="1.785">1.620 15.927 39.455 0.000 46.816 15.927 </Samples>
		<Samples TimeTag="2024-12-27T04:23:04" DepthTag="1.890">2.125 16.692 39.167 0.000 42.908 16.692 </Samples>
		<Samples TimeTag="2024-12-27T04:23:07" DepthTag="1.996">1.980 17.167 40.396 0.000 40.056 17.167 </Samples>
		<Samples TimeTag="2024-12-27T04:23:11" DepthTag="2.099">1.828 17.534 42.006 0.000 48.865 17.534 </Samples>
		<Samples TimeTag="2024-12-27T04:23:18" DepthTag="2.199">0.817 17.870 40.572 0.000 52.600 17.870 </Samples>
		<Samples TimeTag="2024-12-27T04:23:25" DepthTag="2.303">0.914 18.054 38.017 0.000 44.627 18.054 </Samples>
		<Samples TimeTag="2024-12-27T04:23:28" DepthTag="2.404">1.747 18.008 38.764 0.000 37.110 18.008 </Samples>
		<Samples TimeTag="2024-12-27T04:23:31" DepthTag="2.504">2.030 17.993 37.829 0.000 33.716 17.993 </Samples>
		<Samples TimeTag="2024-12-27T04:24:01" DepthTag="2.613">1.047 5.906 32.125 0.000 33.179 5.906 </Samples>
		<Samples TimeTag="2024-12-27T04:24:09" DepthTag="2.714">0.741 15.621 42.180 0.000 56.378 15.621 </Samples>
		<Samples TimeTag="2024-12-27T04:24:16" DepthTag="2.818">0.918 16.952 38.423 0.000 41.434 16.952 </Samples>
		<Samples TimeTag="2024-12-27T04:24:20" DepthTag="2.922">1.488 17.427 38.495 0.000 45.782 17.427 </Samples>
		<Samples TimeTag="2024-12-27T04:24:23" DepthTag="3.024">1.692 17.748 38.476 0.000 47.318 17.748 </Samples>
		<Samples TimeTag="2024-12-27T04:24:32" DepthTag="3.124">0.686 17.779 39.719 0.000 51.009 17.779 </Samples>
		<Samples TimeTag="2024-12-27T04:24:42" DepthTag="3.224">0.591 17.687 40.747 0.000 50.531 17.687 </Samples>
		<Samples TimeTag="2024-12-27T04:24:49" DepthTag="3.326">0.980 17.702 37.475 0.000 49.133 17.702 </Samples>
		<Samples TimeTag="2024-12-27T04:24:53" DepthTag="3.427">1.445 17.763 37.458 0.000 49.783 17.763 </Samples>
		<Samples TimeTag="2024-12-27T04:24:56" DepthTag="3.528">1.757 17.075 32.274 0.000 45.121 17.075 </Samples>
		<Samples TimeTag="2024-12-27T04:25:32" DepthTag="3.628">0.700 8.384 44.906 0.000 46.719 8.384 </Samples>
		<Samples TimeTag="2024-12-27T04:25:36" DepthTag="3.730">1.271 14.887 43.701 0.000 34.198 14.887 </Samples>
		<Samples TimeTag="2024-12-27T04:25:39" DepthTag="3.831">2.050 16.295 44.906 0.000 32.258 16.295 </Samples>
		<Samples TimeTag="2024-12-27T04:25:42" DepthTag="3.935">2.211 17.075 44.768 0.000 36.690 17.075 </Samples>
		<Samples TimeTag="2024-12-27T04:25:45" DepthTag="4.036">2.056 17.610 45.622 0.000 40.380 17.610 </Samples>
		<Samples TimeTag="2024-12-27T04:25:48" DepthTag="4.138">2.005 18.069 44.826 0.000 39.959 18.069 </Samples>
		<Samples TimeTag="2024-12-27T04:25:51" DepthTag="4.241">1.923 18.329 44.922 0.000 47.534 18.329 </Samples>
		<Samples TimeTag="2024-12-27T04:25:54" DepthTag="4.348">2.281 18.299 44.138 0.000 50.720 18.299 </Samples>
		<Samples TimeTag="2024-12-27T04:25:57" DepthTag="4.450">2.554 18.360 45.036 0.000 44.265 18.360 </Samples>
		<Samples TimeTag="2024-12-27T04:25:59" DepthTag="4.552">2.380 18.329 44.461 0.000 48.088 18.329 </Samples>
		<Samples TimeTag="2024-12-27T04:26:01" DepthTag="4.660">2.875 18.375 45.077 0.000 49.087 18.375 </Samples>
		<Samples TimeTag="2024-12-27T04:26:04" DepthTag="4.762">2.640 18.360 44.752 0.000 53.257 18.360 </Samples>
		<Samples TimeTag="2024-12-27T04:26:06" DepthTag="4.867">2.396 18.375 44.899 0.000 50.444 18.375 </Samples>
		<Samples TimeTag="2024-12-27T04:26:09" DepthTag="4.968">2.347 18.467 44.843 0.000 43.059 18.467 </Samples>
		<Samples TimeTag="2024-12-27T04:26:12" DepthTag="5.073">2.375 18.406 44.808 0.000 46.622 18.406 </Samples>
		<Samples TimeTag="2024-12-27T04:26:14" DepthTag="5.175">2.399 18.452 44.488 0.000 47.494 18.452 </Samples>
		<Samples TimeTag="2024-12-27T04:26:19" DepthTag="5.281">1.262 18.329 44.099 0.000 58.902 18.329 </Samples>
		<Samples TimeTag="2024-12-27T04:26:22" DepthTag="5.384">2.393 18.299 44.027 0.000 47.647 18.299 </Samples>
		<Samples TimeTag="2024-12-27T04:26:25" DepthTag="5.487">2.193 19.018 45.424 0.000 38.089 19.018 </Samples>
		<Samples TimeTag="2024-12-27T04:26:28" DepthTag="5.590">1.843 19.584 44.924 0.000 42.884 19.584 </Samples>
		<Samples TimeTag="2024-12-27T04:26:31" DepthTag="5.691">1.763 19.492 44.185 0.000 53.972 19.492 </Samples>
		<Samples TimeTag="2024-12-27T04:26:34" DepthTag="5.797">2.932 19.278 43.620 0.000 51.611 19.278 </Samples>
		<Samples TimeTag="2024-12-27T04:26:36" DepthTag="5.907">2.578 19.079 44.783 0.000 52.621 19.079 </Samples>
		<Samples TimeTag="2024-12-27T04:26:39" DepthTag="6.012">2.607 18.941 45.021 0.000 44.163 18.941 </Samples>
		<Samples TimeTag="2024-12-27T04:26:41" DepthTag="6.118">2.403 18.880 45.981 0.000 49.300 18.880 </Samples>
		<Samples TimeTag="2024-12-27T04:26:44" DepthTag="6.219">2.530 18.819 43.760 0.000 52.610 18.819 </Samples>
		<Samples TimeTag="2024-12-27T04:26:46" DepthTag="6.323">3.092 18.635 44.275 0.000 43.049 18.635 </Samples>
		<Samples TimeTag="2024-12-27T04:26:48" DepthTag="6.434">2.777 18.513 43.277 0.000 48.866 18.513 </Samples>
		<Samples TimeTag="2024-12-27T04:26:50" DepthTag="6.535">2.785 18.345 45.620 0.000 47.294 18.345 </Samples>
		<Samples TimeTag="2024-12-27T04:26:53" DepthTag="6.639">1.950 18.023 46.515 0.000 43.015 18.023 </Samples>
		<Samples TimeTag="2024-12-27T04:26:58" DepthTag="6.741">1.342 17.671 45.242 0.000 53.316 17.671 </Samples>
		<Samples TimeTag="2024-12-27T04:27:01" DepthTag="6.842">1.881 17.580 44.526 0.000 50.694 17.580 </Samples>
		<Samples TimeTag="2024-12-27T04:27:05" DepthTag="6.944">1.634 17.564 44.877 0.000 45.247 17.564 </Samples>
		<Samples TimeTag="2024-12-27T04:27:08" DepthTag="7.048">1.800 17.534 44.264 0.000 44.371 17.534 </Samples>
		<Samples TimeTag="2024-12-27T04:27:12" DepthTag="7.151">1.707 17.702 45.401 0.000 52.348 17.702 </Samples>
		<Samples TimeTag="2024-12-27T04:27:15" DepthTag="7.258">2.304 18.023 44.309 0.000 34.485 18.023 </Samples>
		<Samples TimeTag="2024-12-27T04:27:17" DepthTag="7.360">2.540 18.192 44.783 0.000 39.252 18.192 </Samples>
		<Samples TimeTag="2024-12-27T04:27:21" DepthTag="7.474">2.034 17.947 36.186 0.000 42.956 17.947 </Samples>
		<Samples TimeTag="2024-12-27T04:27:22" DepthTag="7.578">3.863 17.886 39.668 0.000 43.165 17.886 </Samples>
	</CompactMWDdata>
	<IR:GenTrailer>
		<IR:FileCloseDate>2024-12-27T04:29:00</IR:FileCloseDate>
		<IR:ChkSum>1638903815</IR:ChkSum>
	</IR:GenTrailer>
</DRMWD>
