<?xml version="1.0" encoding="UTF-8"?>
<!-- Generated by the RCS System Epiroc Rock Drills AB -->
<DRMWD xmlns="http://www.iredes.org/xml/DrillRig" xmlns:IR="http://www.iredes.org/xml" xmlns:xsi="http://www.w3.org/2001/XMLSchema-instance" xsi:schemaLocation="http://www.iredes.org/xml/DrillRig C:\Iredes\IR_V1.2.3\xml\DR-DrillRig_V1.2\DrillRig.xsd" IRVersion="V 1.2AC" IRDownwCompat="V 1.2AC" DRMWDDownwCompat="V 1.2AC" DRMWDVersion="V 1.2AC">
	<IR:GenHead>
		<IR:FileCreateDate>2024-12-28T14:43:46</IR:FileCreateDate>
		<IR:IRversion DownwCompat="V 1.0">V 1.2AC</IR:IRversion>
		<IR:EquipmentInfo>
			<IR:EqpManufact>Epiroc</IR:EqpManufact>
			<IR:EqpType>SmartROC D65</IR:EqpType>
			<IR:EqpSerNo>8992013064</IR:EqpSerNo>
			<IR:EqpSysVer>6.28.1</IR:EqpSysVer>
			<IR:EqpInfo>DrillingMethod: DTH</IR:EqpInfo>
		</IR:EquipmentInfo>
	</IR:GenHead>
	<IR:ReportId>MWDRI281443</IR:ReportId>
	<IR:StartLogTime>2024-12-28T14:37:05</IR:StartLogTime>
	<IR:EndLogTime>2024-12-28T14:42:20</IR:EndLogTime>
	<IR:PlanIdRef>TRN08_21_0530_001_All</IR:PlanIdRef>
	<IR:PlanNameRef>TRN08_21_0530_001_All</IR:PlanNameRef>
	<MWDholeId>F56</MWDholeId>
	<QualityReportIdRef>DQRI272324</QualityReportIdRef>
	<SampleDistance>0.100</SampleDistance>
	<CompactMWDdata>
		<MWDparams>
			<Parameter Unit="m/min" Full="PenetrRate">PR</Parameter>
			<Parameter Unit="Bar" Full="PercPressure">PP</Parameter>
			<Parameter Unit="Bar" Full="FeedPressure">FP</Parameter>
			<Parameter Unit="Bar" Full="DampPressure">DP</Parameter>
			<Parameter Unit="Bar" Full="RotPressure">RP</Parameter>
			<Parameter Unit="Bar" Full="FlushPressure">FLP</Parameter>
		</MWDparams>
		<Samples TimeTag="2024-12-28T14:37:05" DepthTag="0.107">1.929 14.137 33.301 0.000 20.903 14.137 </Samples>
		<Samples TimeTag="2024-12-28T14:37:10" DepthTag="0.211">1.499 14.657 43.953 0.000 20.972 14.657 </Samples>
		<Samples TimeTag="2024-12-28T14:37:16" DepthTag="0.316">1.050 15.988 39.326 0.000 38.270 15.988 </Samples>
		<Samples TimeTag="2024-12-28T14:37:19" DepthTag="0.422">1.761 15.667 41.289 0.000 42.889 15.667 </Samples>
		<Samples TimeTag="2024-12-28T14:37:23" DepthTag="0.523">1.449 14.153 24.006 0.000 33.693 14.153 </Samples>
		<Samples TimeTag="2024-12-28T14:37:45" DepthTag="0.624">0.711 11.353 44.056 0.000 46.181 11.353 </Samples>
		<Samples TimeTag="2024-12-28T14:37:50" DepthTag="0.726">1.228 13.464 40.390 0.000 42.036 13.464 </Samples>
		<Samples TimeTag="2024-12-28T14:37:55" DepthTag="0.828">1.390 14.275 40.406 0.000 42.887 14.275 </Samples>
		<Samples TimeTag="2024-12-28T14:37:59" DepthTag="0.929">1.319 14.458 40.217 0.000 45.114 14.458 </Samples>
		<Samples TimeTag="2024-12-28T14:38:29" DepthTag="1.032">0.681 9.899 45.409 0.000 47.597 9.899 </Samples>
		<Samples TimeTag="2024-12-28T14:38:36" DepthTag="1.132">0.814 14.015 40.977 0.000 43.430 14.015 </Samples>
		<Samples TimeTag="2024-12-28T14:38:43" DepthTag="1.232">0.917 14.948 39.936 0.000 41.817 14.948 </Samples>
		<Samples TimeTag="2024-12-28T14:38:48" DepthTag="1.335">1.225 14.856 39.150 0.000 43.103 14.856 </Samples>
		<Samples TimeTag="2024-12-28T14:38:52" DepthTag="1.442">1.396 14.856 38.618 0.000 43.412 14.856 </Samples>
		<Samples TimeTag="2024-12-28T14:39:29" DepthTag="1.542">0.652 17.197 42.367 0.000 45.948 17.197 </Samples>
		<Samples TimeTag="2024-12-28T14:39:33" DepthTag="1.643">1.511 17.641 44.050 0.000 46.197 17.641 </Samples>
		<Samples TimeTag="2024-12-28T14:39:37" DepthTag="1.746">1.563 17.809 45.153 0.000 44.011 17.809 </Samples>
		<Samples TimeTag="2024-12-28T14:39:42" DepthTag="1.851">1.360 18.085 45.099 0.000 48.203 18.085 </Samples>
		<Samples TimeTag="2024-12-28T14:39:47" DepthTag="1.957">1.220 18.406 44.871 0.000 46.520 18.406 </Samples>
		<Samples TimeTag="2024-12-28T14:39:51" DepthTag="2.057">1.317 18.406 45.377 0.000 52.083 18.406 </Samples>
		<Samples TimeTag="2024-12-28T14:39:56" DepthTag="2.161">1.407 18.590 44.588 0.000 52.240 18.590 </Samples>
		<Samples TimeTag="2024-12-28T14:40:00" DepthTag="2.263">1.388 18.513 45.342 0.000 45.202 18.513 </Samples>
		<Samples TimeTag="2024-12-28T14:40:04" DepthTag="2.368">1.577 18.697 44.810 0.000 43.218 18.697 </Samples>
		<Samples TimeTag="2024-12-28T14:40:10" DepthTag="2.469">0.981 19.982 45.188 0.000 48.613 19.982 </Samples>
		<Samples TimeTag="2024-12-28T14:40:17" DepthTag="2.572">0.999 20.318 45.287 0.000 38.994 20.318 </Samples>
		<Samples TimeTag="2024-12-28T14:40:23" DepthTag="2.673">0.947 20.548 44.905 0.000 41.450 20.548 </Samples>
		<Samples TimeTag="2024-12-28T14:40:29" DepthTag="2.775">1.087 20.624 44.849 0.000 40.823 20.624 </Samples>
		<Samples TimeTag="2024-12-28T14:40:34" DepthTag="2.875">1.212 20.701 44.710 0.000 42.414 20.701 </Samples>
		<Samples TimeTag="2024-12-28T14:40:38" DepthTag="2.978">1.387 20.380 44.957 0.000 45.717 20.380 </Samples>
		<Samples TimeTag="2024-12-28T14:40:43" DepthTag="3.078">1.208 20.211 45.486 0.000 41.975 20.211 </Samples>
		<Samples TimeTag="2024-12-28T14:40:48" DepthTag="3.182">1.236 20.456 45.188 0.000 40.550 20.456 </Samples>
		<Samples TimeTag="2024-12-28T14:40:54" DepthTag="3.286">1.089 20.808 45.272 0.000 40.444 20.808 </Samples>
		<Samples TimeTag="2024-12-28T14:40:59" DepthTag="3.390">1.186 21.175 45.195 0.000 47.812 21.175 </Samples>
		<Samples TimeTag="2024-12-28T14:41:04" DepthTag="3.490">1.174 21.542 45.018 0.000 42.018 21.542 </Samples>
		<Samples TimeTag="2024-12-28T14:41:10" DepthTag="3.591">1.033 21.619 44.823 0.000 40.092 21.619 </Samples>
		<Samples TimeTag="2024-12-28T14:41:16" DepthTag="3.693">1.089 22.261 44.701 0.000 40.393 22.261 </Samples>
		<Samples TimeTag="2024-12-28T14:41:21" DepthTag="3.795">1.054 23.057 44.962 0.000 44.285 23.057 </Samples>
		<Samples TimeTag="2024-12-28T14:41:26" DepthTag="3.898">1.287 22.384 45.137 0.000 47.448 22.384 </Samples>
		<Samples TimeTag="2024-12-28T14:41:31" DepthTag="4.002">1.377 21.527 44.966 0.000 48.142 21.527 </Samples>
		<Samples TimeTag="2024-12-28T14:41:36" DepthTag="4.103">1.153 21.986 45.011 0.000 54.656 21.986 </Samples>
		<Samples TimeTag="2024-12-28T14:41:43" DepthTag="4.205">0.854 21.971 45.449 0.000 47.228 21.971 </Samples>
		<Samples TimeTag="2024-12-28T14:41:48" DepthTag="4.307">1.335 21.772 44.745 0.000 40.879 21.772 </Samples>
		<Samples TimeTag="2024-12-28T14:41:53" DepthTag="4.409">1.264 22.017 44.648 0.000 47.146 22.017 </Samples>
		<Samples TimeTag="2024-12-28T14:42:00" DepthTag="4.511">0.851 23.455 45.063 0.000 50.732 23.455 </Samples>
		<Samples TimeTag="2024-12-28T14:42:07" DepthTag="4.612">0.896 24.480 44.995 0.000 44.143 24.480 </Samples>
		<Samples TimeTag="2024-12-28T14:42:14" DepthTag="4.712">0.855 24.602 37.676 0.000 36.939 24.602 </Samples>
		<Samples TimeTag="2024-12-28T14:42:20" DepthTag="4.813">0.955 24.618 38.592 0.000 36.538 24.618 </Samples>
	</CompactMWDdata>
	<IR:GenTrailer>
		<IR:FileCloseDate>2024-12-28T14:43:46</IR:FileCloseDate>
		<IR:ChkSum>3641154801</IR:ChkSum>
	</IR:GenTrailer>
</DRMWD>
