<?xml version="1.0" encoding="UTF-8"?>
<!-- Generated by the RCS System Epiroc Rock Drills AB -->
<DRMWD xmlns="http://www.iredes.org/xml/DrillRig" xmlns:IR="http://www.iredes.org/xml" xmlns:xsi="http://www.w3.org/2001/XMLSchema-instance" xsi:schemaLocation="http://www.iredes.org/xml/DrillRig C:\Iredes\IR_V1.2.3\xml\DR-DrillRig_V1.2\DrillRig.xsd" IRVersion="V 1.2AC" IRDownwCompat="V 1.2AC" DRMWDDownwCompat="V 1.2AC" DRMWDVersion="V 1.2AC">
	<IR:GenHead>
		<IR:FileCreateDate>2024-12-29T10:00:13</IR:FileCreateDate>
		<IR:IRversion DownwCompat="V 1.0">V 1.2AC</IR:IRversion>
		<IR:EquipmentInfo>
			<IR:EqpManufact>Epiroc</IR:EqpManufact>
			<IR:EqpType>SmartROC D65</IR:EqpType>
			<IR:EqpSerNo>8992013064</IR:EqpSerNo>
			<IR:EqpSysVer>6.28.1</IR:EqpSysVer>
			<IR:EqpInfo>DrillingMethod: DTH</IR:EqpInfo>
		</IR:EquipmentInfo>
	</IR:GenHead>
	<IR:ReportId>MWDRI291000</IR:ReportId>
	<IR:StartLogTime>2024-12-29T09:54:00</IR:StartLogTime>
	<IR:EndLogTime>2024-12-29T09:58:47</IR:EndLogTime>
	<IR:PlanIdRef>TRN08_21_0530_001_All</IR:PlanIdRef>
	<IR:PlanNameRef>TRN08_21_0530_001_All</IR:PlanNameRef>
	<MWDholeId>J42</MWDholeId>
	<QualityReportIdRef>DQRI272324</QualityReportIdRef>
	<SampleDistance>0.100</SampleDistance>
	<CompactMWDdata>
		<MWDparams>
			<Parameter Unit="m/min" Full="PenetrRate">PR</Parameter>
			<Parameter Unit="Bar" Full="PercPressure">PP</Parameter>
			<Parameter Unit="Bar" Full="FeedPressure">FP</Parameter>
			<Parameter Unit="Bar" Full="DampPressure">DP</Parameter>
			<Parameter Unit="Bar" Full="RotPressure">RP</Parameter>
			<Parameter Unit="Bar" Full="FlushPressure">FLP</Parameter>
		</MWDparams>
		<Samples TimeTag="2024-12-29T09:54:00" DepthTag="0.102">1.301 14.198 46.393 0.000 20.549 14.198 </Samples>
		<Samples TimeTag="2024-12-29T09:54:04" DepthTag="0.206">1.650 14.596 42.705 0.000 20.573 14.596 </Samples>
		<Samples TimeTag="2024-12-29T09:54:07" DepthTag="0.308">1.591 15.239 39.844 0.000 36.013 15.239 </Samples>
		<Samples TimeTag="2024-12-29T09:54:10" DepthTag="0.408">2.499 15.178 39.693 0.000 44.925 15.178 </Samples>
		<Samples TimeTag="2024-12-29T09:54:12" DepthTag="0.512">2.419 15.071 39.956 0.000 47.660 15.071 </Samples>
		<Samples TimeTag="2024-12-29T09:54:32" DepthTag="0.613">0.846 8.599 48.801 0.000 48.459 8.599 </Samples>
		<Samples TimeTag="2024-12-29T09:54:37" DepthTag="0.718">1.479 12.791 41.358 0.000 42.617 12.791 </Samples>
		<Samples TimeTag="2024-12-29T09:54:40" DepthTag="0.821">1.637 13.938 40.715 0.000 45.256 13.938 </Samples>
		<Samples TimeTag="2024-12-29T09:54:44" DepthTag="0.925">1.555 14.336 40.884 0.000 48.730 14.336 </Samples>
		<Samples TimeTag="2024-12-29T09:55:11" DepthTag="1.039">0.765 4.146 38.244 0.000 42.016 4.146 </Samples>
		<Samples TimeTag="2024-12-29T09:55:19" DepthTag="1.142">0.822 13.571 41.465 0.000 51.599 13.571 </Samples>
		<Samples TimeTag="2024-12-29T09:55:25" DepthTag="1.244">1.038 15.269 39.303 0.000 45.108 15.269 </Samples>
		<Samples TimeTag="2024-12-29T09:55:29" DepthTag="1.347">1.536 15.009 39.234 0.000 44.716 15.009 </Samples>
		<Samples TimeTag="2024-12-29T09:55:33" DepthTag="1.447">1.500 15.040 40.372 0.000 47.737 15.040 </Samples>
		<Samples TimeTag="2024-12-29T09:55:58" DepthTag="1.553">0.878 5.845 23.711 0.000 27.873 5.845 </Samples>
		<Samples TimeTag="2024-12-29T09:56:02" DepthTag="1.659">1.653 12.929 45.232 0.000 52.302 12.929 </Samples>
		<Samples TimeTag="2024-12-29T09:56:06" DepthTag="1.761">1.466 15.897 44.931 0.000 55.857 15.897 </Samples>
		<Samples TimeTag="2024-12-29T09:56:12" DepthTag="1.862">1.009 18.023 45.242 0.000 45.952 18.023 </Samples>
		<Samples TimeTag="2024-12-29T09:56:17" DepthTag="1.964">1.232 18.421 44.998 0.000 48.769 18.421 </Samples>
		<Samples TimeTag="2024-12-29T09:56:21" DepthTag="2.066">1.769 18.437 44.367 0.000 53.143 18.437 </Samples>
		<Samples TimeTag="2024-12-29T09:56:26" DepthTag="2.169">1.241 19.553 44.068 0.000 52.297 19.553 </Samples>
		<Samples TimeTag="2024-12-29T09:56:31" DepthTag="2.272">1.187 19.829 44.922 0.000 54.076 19.829 </Samples>
		<Samples TimeTag="2024-12-29T09:56:36" DepthTag="2.375">1.289 19.798 44.507 0.000 53.299 19.798 </Samples>
		<Samples TimeTag="2024-12-29T09:56:39" DepthTag="2.476">1.709 19.247 44.790 0.000 48.908 19.247 </Samples>
		<Samples TimeTag="2024-12-29T09:56:43" DepthTag="2.577">1.759 19.079 45.146 0.000 48.498 19.079 </Samples>
		<Samples TimeTag="2024-12-29T09:56:47" DepthTag="2.678">1.381 19.263 45.380 0.000 46.002 19.263 </Samples>
		<Samples TimeTag="2024-12-29T09:56:50" DepthTag="2.781">2.075 19.125 44.308 0.000 45.443 19.125 </Samples>
		<Samples TimeTag="2024-12-29T09:56:54" DepthTag="2.882">1.762 19.171 45.964 0.000 49.199 19.171 </Samples>
		<Samples TimeTag="2024-12-29T09:56:57" DepthTag="2.989">1.695 19.324 45.259 0.000 48.317 19.324 </Samples>
		<Samples TimeTag="2024-12-29T09:57:01" DepthTag="3.091">1.527 19.645 45.209 0.000 46.886 19.645 </Samples>
		<Samples TimeTag="2024-12-29T09:57:05" DepthTag="3.194">1.548 19.982 44.669 0.000 48.960 19.982 </Samples>
		<Samples TimeTag="2024-12-29T09:57:10" DepthTag="3.295">1.262 20.961 45.286 0.000 48.734 20.961 </Samples>
		<Samples TimeTag="2024-12-29T09:57:14" DepthTag="3.396">1.537 20.946 44.417 0.000 47.973 20.946 </Samples>
		<Samples TimeTag="2024-12-29T09:57:19" DepthTag="3.497">1.379 20.992 44.512 0.000 52.832 20.992 </Samples>
		<Samples TimeTag="2024-12-29T09:57:23" DepthTag="3.598">1.300 21.374 45.374 0.000 49.110 21.374 </Samples>
		<Samples TimeTag="2024-12-29T09:57:28" DepthTag="3.698">1.172 22.384 45.277 0.000 48.192 22.384 </Samples>
		<Samples TimeTag="2024-12-29T09:57:34" DepthTag="3.800">1.176 23.164 44.714 0.000 47.373 23.164 </Samples>
		<Samples TimeTag="2024-12-29T09:57:39" DepthTag="3.903">1.131 23.730 44.995 0.000 44.799 23.730 </Samples>
		<Samples TimeTag="2024-12-29T09:57:44" DepthTag="4.006">1.151 23.868 45.121 0.000 47.077 23.868 </Samples>
		<Samples TimeTag="2024-12-29T09:57:52" DepthTag="4.107">0.773 20.885 41.854 0.000 40.745 20.885 </Samples>
		<Samples TimeTag="2024-12-29T09:57:57" DepthTag="4.209">1.324 22.323 45.056 0.000 51.663 22.323 </Samples>
		<Samples TimeTag="2024-12-29T09:58:02" DepthTag="4.310">1.090 23.333 44.699 0.000 53.829 23.333 </Samples>
		<Samples TimeTag="2024-12-29T09:58:09" DepthTag="4.413">0.930 24.403 44.285 0.000 43.877 24.403 </Samples>
		<Samples TimeTag="2024-12-29T09:58:17" DepthTag="4.516">0.782 13.479 44.323 0.000 49.104 13.479 </Samples>
		<Samples TimeTag="2024-12-29T09:58:23" DepthTag="4.617">1.004 18.926 44.643 0.000 49.140 18.926 </Samples>
		<Samples TimeTag="2024-12-29T09:58:29" DepthTag="4.722">1.042 22.246 44.927 0.000 47.959 22.246 </Samples>
		<Samples TimeTag="2024-12-29T09:58:42" DepthTag="4.827">0.486 12.240 38.136 0.000 47.912 12.240 </Samples>
		<Samples TimeTag="2024-12-29T09:58:47" DepthTag="4.927">1.123 17.427 40.284 0.000 50.529 17.427 </Samples>
	</CompactMWDdata>
	<IR:GenTrailer>
		<IR:FileCloseDate>2024-12-29T10:00:13</IR:FileCloseDate>
		<IR:ChkSum>2590122021</IR:ChkSum>
	</IR:GenTrailer>
</DRMWD>
