<?xml version="1.0" encoding="UTF-8"?>
<!-- Generated by the RCS System Epiroc Rock Drills AB -->
<DRMWD xmlns="http://www.iredes.org/xml/DrillRig" xmlns:IR="http://www.iredes.org/xml" xmlns:xsi="http://www.w3.org/2001/XMLSchema-instance" xsi:schemaLocation="http://www.iredes.org/xml/DrillRig C:\Iredes\IR_V1.2.3\xml\DR-DrillRig_V1.2\DrillRig.xsd" IRVersion="V 1.2AC" IRDownwCompat="V 1.2AC" DRMWDDownwCompat="V 1.2AC" DRMWDVersion="V 1.2AC">
	<IR:GenHead>
		<IR:FileCreateDate>2024-12-29T00:24:48</IR:FileCreateDate>
		<IR:IRversion DownwCompat="V 1.0">V 1.2AC</IR:IRversion>
		<IR:EquipmentInfo>
			<IR:EqpManufact>Epiroc</IR:EqpManufact>
			<IR:EqpType>SmartROC D65</IR:EqpType>
			<IR:EqpSerNo>8992013064</IR:EqpSerNo>
			<IR:EqpSysVer>6.28.1</IR:EqpSysVer>
			<IR:EqpInfo>DrillingMethod: DTH</IR:EqpInfo>
		</IR:EquipmentInfo>
	</IR:GenHead>
	<IR:ReportId>MWDRI290024</IR:ReportId>
	<IR:StartLogTime>2024-12-29T00:16:11</IR:StartLogTime>
	<IR:EndLogTime>2024-12-29T00:21:44</IR:EndLogTime>
	<IR:PlanIdRef>TRN08_21_0530_001_All</IR:PlanIdRef>
	<IR:PlanNameRef>TRN08_21_0530_001_All</IR:PlanNameRef>
	<MWDholeId>H50</MWDholeId>
	<QualityReportIdRef>DQRI272324</QualityReportIdRef>
	<SampleDistance>0.100</SampleDistance>
	<CompactMWDdata>
		<MWDparams>
			<Parameter Unit="m/min" Full="PenetrRate">PR</Parameter>
			<Parameter Unit="Bar" Full="PercPressure">PP</Parameter>
			<Parameter Unit="Bar" Full="FeedPressure">FP</Parameter>
			<Parameter Unit="Bar" Full="DampPressure">DP</Parameter>
			<Parameter Unit="Bar" Full="RotPressure">RP</Parameter>
			<Parameter Unit="Bar" Full="FlushPressure">FLP</Parameter>
		</MWDparams>
		<Samples TimeTag="2024-12-29T00:16:11" DepthTag="0.100">0.779 13.433 43.808 0.000 20.652 13.433 </Samples>
		<Samples TimeTag="2024-12-29T00:16:17" DepthTag="0.205">0.951 16.065 39.863 0.000 40.627 16.065 </Samples>
		<Samples TimeTag="2024-12-29T00:16:22" DepthTag="0.306">1.219 15.881 39.822 0.000 43.575 15.881 </Samples>
		<Samples TimeTag="2024-12-29T00:16:28" DepthTag="0.407">1.159 15.851 39.442 0.000 45.730 15.851 </Samples>
		<Samples TimeTag="2024-12-29T00:16:32" DepthTag="0.508">1.261 14.367 23.573 0.000 41.974 14.367 </Samples>
		<Samples TimeTag="2024-12-29T00:16:54" DepthTag="0.613">0.766 14.994 44.270 0.000 50.500 14.994 </Samples>
		<Samples TimeTag="2024-12-29T00:17:00" DepthTag="0.716">1.096 15.269 39.858 0.000 47.621 15.269 </Samples>
		<Samples TimeTag="2024-12-29T00:17:04" DepthTag="0.818">1.556 14.918 39.945 0.000 45.482 14.918 </Samples>
		<Samples TimeTag="2024-12-29T00:17:08" DepthTag="0.919">1.572 14.918 40.367 0.000 48.647 14.918 </Samples>
		<Samples TimeTag="2024-12-29T00:17:40" DepthTag="1.023">0.610 12.378 39.933 0.000 48.033 12.378 </Samples>
		<Samples TimeTag="2024-12-29T00:17:44" DepthTag="1.124">1.513 13.632 41.196 0.000 47.288 13.632 </Samples>
		<Samples TimeTag="2024-12-29T00:17:49" DepthTag="1.227">1.282 14.458 40.853 0.000 49.328 14.458 </Samples>
		<Samples TimeTag="2024-12-29T00:17:54" DepthTag="1.327">1.269 14.749 40.288 0.000 50.432 14.749 </Samples>
		<Samples TimeTag="2024-12-29T00:17:59" DepthTag="1.430">1.220 15.086 40.249 0.000 47.667 15.086 </Samples>
		<Samples TimeTag="2024-12-29T00:18:30" DepthTag="1.541">0.709 16.402 37.760 0.000 39.377 16.402 </Samples>
		<Samples TimeTag="2024-12-29T00:18:32" DepthTag="1.643">2.544 16.708 43.252 0.000 47.826 16.708 </Samples>
		<Samples TimeTag="2024-12-29T00:18:36" DepthTag="1.744">1.683 17.809 46.147 0.000 49.248 17.809 </Samples>
		<Samples TimeTag="2024-12-29T00:18:41" DepthTag="1.845">1.216 19.079 44.567 0.000 50.467 19.079 </Samples>
		<Samples TimeTag="2024-12-29T00:18:46" DepthTag="1.946">1.266 19.921 44.831 0.000 51.927 19.921 </Samples>
		<Samples TimeTag="2024-12-29T00:18:51" DepthTag="2.047">1.162 20.992 46.056 0.000 48.124 20.992 </Samples>
		<Samples TimeTag="2024-12-29T00:18:56" DepthTag="2.153">1.235 21.175 44.367 0.000 49.130 21.175 </Samples>
		<Samples TimeTag="2024-12-29T00:19:01" DepthTag="2.254">1.165 21.619 45.271 0.000 49.104 21.619 </Samples>
		<Samples TimeTag="2024-12-29T00:19:07" DepthTag="2.355">1.117 21.588 44.646 0.000 48.423 21.588 </Samples>
		<Samples TimeTag="2024-12-29T00:19:11" DepthTag="2.457">1.329 21.451 44.504 0.000 48.448 21.451 </Samples>
		<Samples TimeTag="2024-12-29T00:19:17" DepthTag="2.557">1.075 21.818 45.243 0.000 52.465 21.818 </Samples>
		<Samples TimeTag="2024-12-29T00:19:23" DepthTag="2.659">0.927 22.185 44.728 0.000 54.425 22.185 </Samples>
		<Samples TimeTag="2024-12-29T00:19:30" DepthTag="2.759">0.939 22.323 44.960 0.000 43.839 22.323 </Samples>
		<Samples TimeTag="2024-12-29T00:19:36" DepthTag="2.859">0.999 22.904 44.383 0.000 40.604 22.904 </Samples>
		<Samples TimeTag="2024-12-29T00:19:46" DepthTag="2.963">0.601 9.104 39.966 0.000 40.046 9.104 </Samples>
		<Samples TimeTag="2024-12-29T00:19:52" DepthTag="3.063">1.002 17.029 45.784 0.000 54.418 17.029 </Samples>
		<Samples TimeTag="2024-12-29T00:19:58" DepthTag="3.164">1.005 19.569 44.545 0.000 50.644 19.569 </Samples>
		<Samples TimeTag="2024-12-29T00:20:03" DepthTag="3.266">1.168 21.114 45.391 0.000 52.396 21.114 </Samples>
		<Samples TimeTag="2024-12-29T00:20:10" DepthTag="3.366">0.866 23.669 44.935 0.000 48.221 23.669 </Samples>
		<Samples TimeTag="2024-12-29T00:20:17" DepthTag="3.470">0.969 24.021 44.911 0.000 43.227 24.021 </Samples>
		<Samples TimeTag="2024-12-29T00:20:24" DepthTag="3.571">0.867 19.737 44.378 0.000 57.095 19.737 </Samples>
		<Samples TimeTag="2024-12-29T00:20:31" DepthTag="3.673">0.875 21.512 44.922 0.000 46.499 21.512 </Samples>
		<Samples TimeTag="2024-12-29T00:20:36" DepthTag="3.774">1.117 22.170 44.628 0.000 44.710 22.170 </Samples>
		<Samples TimeTag="2024-12-29T00:20:42" DepthTag="3.877">1.072 23.103 45.096 0.000 44.386 23.103 </Samples>
		<Samples TimeTag="2024-12-29T00:20:48" DepthTag="3.978">1.007 24.373 44.974 0.000 47.961 24.373 </Samples>
		<Samples TimeTag="2024-12-29T00:20:54" DepthTag="4.080">0.990 25.107 44.618 0.000 49.852 25.107 </Samples>
		<Samples TimeTag="2024-12-29T00:21:00" DepthTag="4.181">0.971 25.505 45.156 0.000 44.073 25.505 </Samples>
		<Samples TimeTag="2024-12-29T00:21:09" DepthTag="4.293">0.783 16.142 40.715 0.000 41.308 16.142 </Samples>
		<Samples TimeTag="2024-12-29T00:21:22" DepthTag="4.397">0.472 25.750 44.432 0.000 37.612 25.750 </Samples>
		<Samples TimeTag="2024-12-29T00:21:37" DepthTag="4.497">0.669 11.873 41.309 0.000 51.821 11.873 </Samples>
		<Samples TimeTag="2024-12-29T00:21:44" DepthTag="4.598">0.819 17.916 40.595 0.000 50.695 17.916 </Samples>
	</CompactMWDdata>
	<IR:GenTrailer>
		<IR:FileCloseDate>2024-12-29T00:24:48</IR:FileCloseDate>
		<IR:ChkSum>3990715887</IR:ChkSum>
	</IR:GenTrailer>
</DRMWD>
