<?xml version="1.0" encoding="UTF-8"?>
<!-- Generated by the RCS System Epiroc Rock Drills AB -->
<DRMWD xmlns="http://www.iredes.org/xml/DrillRig" xmlns:IR="http://www.iredes.org/xml" xmlns:xsi="http://www.w3.org/2001/XMLSchema-instance" xsi:schemaLocation="http://www.iredes.org/xml/DrillRig C:\Iredes\IR_V1.2.3\xml\DR-DrillRig_V1.2\DrillRig.xsd" IRVersion="V 1.2AC" IRDownwCompat="V 1.2AC" DRMWDDownwCompat="V 1.2AC" DRMWDVersion="V 1.2AC">
	<IR:GenHead>
		<IR:FileCreateDate>2025-01-01T05:07:04</IR:FileCreateDate>
		<IR:IRversion DownwCompat="V 1.0">V 1.2AC</IR:IRversion>
		<IR:EquipmentInfo>
			<IR:EqpManufact>Epiroc</IR:EqpManufact>
			<IR:EqpType>SmartROC D65</IR:EqpType>
			<IR:EqpSerNo>8992013064</IR:EqpSerNo>
			<IR:EqpSysVer>6.28.1</IR:EqpSysVer>
			<IR:EqpInfo>DrillingMethod: DTH</IR:EqpInfo>
		</IR:EquipmentInfo>
	</IR:GenHead>
	<IR:ReportId>MWDRI010507</IR:ReportId>
	<IR:StartLogTime>2025-01-01T04:11:43</IR:StartLogTime>
	<IR:EndLogTime>2025-01-01T04:57:09</IR:EndLogTime>
	<IR:PlanIdRef>TRN09_24_0486_015_All</IR:PlanIdRef>
	<IR:PlanNameRef>TRN09_24_0486_015_All</IR:PlanNameRef>
	<MWDholeId>U49</MWDholeId>
	<QualityReportIdRef>DQRI311609</QualityReportIdRef>
	<SampleDistance>0.100</SampleDistance>
	<CompactMWDdata>
		<MWDparams>
			<Parameter Unit="m/min" Full="PenetrRate">PR</Parameter>
			<Parameter Unit="Bar" Full="PercPressure">PP</Parameter>
			<Parameter Unit="Bar" Full="FeedPressure">FP</Parameter>
			<Parameter Unit="Bar" Full="DampPressure">DP</Parameter>
			<Parameter Unit="Bar" Full="RotPressure">RP</Parameter>
			<Parameter Unit="Bar" Full="FlushPressure">FLP</Parameter>
		</MWDparams>
		<Samples TimeTag="2025-01-01T04:11:43" DepthTag="0.100">0.805 12.776 43.934 0.000 21.003 12.776 </Samples>
		<Samples TimeTag="2025-01-01T04:11:50" DepthTag="0.204">1.005 15.315 39.833 0.000 44.713 15.315 </Samples>
		<Samples TimeTag="2025-01-01T04:11:55" DepthTag="0.305">1.035 15.224 40.858 0.000 49.098 15.224 </Samples>
		<Samples TimeTag="2025-01-01T04:12:03" DepthTag="0.406">0.821 15.331 40.857 0.000 46.650 15.331 </Samples>
		<Samples TimeTag="2025-01-01T04:12:09" DepthTag="0.506">0.943 15.147 41.084 0.000 51.284 15.147 </Samples>
		<Samples TimeTag="2025-01-01T04:12:15" DepthTag="0.608">1.057 15.086 40.098 0.000 47.561 15.086 </Samples>
		<Samples TimeTag="2025-01-01T04:12:20" DepthTag="0.708">1.122 13.173 22.532 0.000 39.473 13.173 </Samples>
		<Samples TimeTag="2025-01-01T04:12:46" DepthTag="0.809">0.903 14.994 41.229 0.000 40.948 14.994 </Samples>
		<Samples TimeTag="2025-01-01T04:12:52" DepthTag="0.913">1.078 17.197 40.525 0.000 35.261 17.197 </Samples>
		<Samples TimeTag="2025-01-01T04:12:56" DepthTag="1.015">1.529 17.580 40.116 0.000 37.519 17.580 </Samples>
		<Samples TimeTag="2025-01-01T04:12:59" DepthTag="1.120">2.017 18.115 36.869 0.000 31.730 18.115 </Samples>
		<Samples TimeTag="2025-01-01T04:13:02" DepthTag="1.223">2.571 18.284 36.362 0.000 32.085 18.284 </Samples>
		<Samples TimeTag="2025-01-01T04:13:06" DepthTag="1.325">1.522 18.666 42.359 0.000 37.863 18.666 </Samples>
		<Samples TimeTag="2025-01-01T04:13:37" DepthTag="1.433">0.822 8.813 43.661 0.000 33.148 8.813 </Samples>
		<Samples TimeTag="2025-01-01T04:13:41" DepthTag="1.538">1.383 14.979 40.920 0.000 34.985 14.979 </Samples>
		<Samples TimeTag="2025-01-01T04:13:46" DepthTag="1.638">1.209 17.779 41.455 0.000 33.054 17.779 </Samples>
		<Samples TimeTag="2025-01-01T04:13:49" DepthTag="1.740">2.306 17.748 37.073 0.000 39.226 17.748 </Samples>
		<Samples TimeTag="2025-01-01T04:13:51" DepthTag="1.844">3.113 17.320 37.741 0.000 36.244 17.320 </Samples>
		<Samples TimeTag="2025-01-01T04:13:53" DepthTag="1.949">2.626 17.350 40.505 0.000 35.785 17.350 </Samples>
		<Samples TimeTag="2025-01-01T04:13:56" DepthTag="2.054">2.229 17.717 39.297 0.000 32.191 17.717 </Samples>
		<Samples TimeTag="2025-01-01T04:14:30" DepthTag="2.155">1.267 6.059 20.873 0.000 23.969 6.059 </Samples>
		<Samples TimeTag="2025-01-01T04:14:36" DepthTag="2.257">1.090 15.484 41.913 0.000 46.292 15.484 </Samples>
		<Samples TimeTag="2025-01-01T04:14:41" DepthTag="2.358">1.321 17.396 39.557 0.000 48.558 17.396 </Samples>
		<Samples TimeTag="2025-01-01T04:14:44" DepthTag="2.463">1.875 18.207 38.593 0.000 47.680 18.207 </Samples>
		<Samples TimeTag="2025-01-01T04:14:48" DepthTag="2.566">1.712 16.998 40.349 0.000 52.555 16.998 </Samples>
		<Samples TimeTag="2025-01-01T04:14:52" DepthTag="2.667">1.510 17.932 40.234 0.000 45.686 17.932 </Samples>
		<Samples TimeTag="2025-01-01T04:14:55" DepthTag="2.767">1.875 18.299 37.530 0.000 45.202 18.299 </Samples>
		<Samples TimeTag="2025-01-01T04:14:57" DepthTag="2.874">2.419 16.922 38.899 0.000 43.772 16.922 </Samples>
		<Samples TimeTag="2025-01-01T04:15:00" DepthTag="2.974">2.772 17.289 38.890 0.000 39.681 17.289 </Samples>
		<Samples TimeTag="2025-01-01T04:15:02" DepthTag="3.076">2.389 17.932 40.964 0.000 48.902 17.932 </Samples>
		<Samples TimeTag="2025-01-01T04:15:41" DepthTag="3.195">1.331 5.630 20.916 0.000 28.003 5.630 </Samples>
		<Samples TimeTag="2025-01-01T04:15:44" DepthTag="3.297">2.165 12.424 43.762 0.000 56.189 12.424 </Samples>
		<Samples TimeTag="2025-01-01T04:15:47" DepthTag="3.398">1.809 15.820 40.834 0.000 53.598 15.820 </Samples>
		<Samples TimeTag="2025-01-01T04:15:51" DepthTag="3.507">1.896 17.136 40.302 0.000 54.714 17.136 </Samples>
		<Samples TimeTag="2025-01-01T04:16:22" DepthTag="3.609">1.101 6.135 29.531 0.000 43.902 6.135 </Samples>
		<Samples TimeTag="2025-01-01T04:16:26" DepthTag="3.710">1.576 14.198 50.856 0.000 69.176 14.198 </Samples>
		<Samples TimeTag="2025-01-01T04:16:38" DepthTag="3.814">0.775 5.875 32.945 0.000 54.895 5.875 </Samples>
		<Samples TimeTag="2025-01-01T04:16:55" DepthTag="3.915">0.375 17.580 115.444 0.000 21.756 17.580 </Samples>
		<Samples TimeTag="2025-01-01T04:17:07" DepthTag="4.017">0.492 21.053 115.795 0.000 21.742 21.053 </Samples>
		<Samples TimeTag="2025-01-01T04:17:18" DepthTag="4.117">0.548 22.154 115.640 0.000 21.828 22.154 </Samples>
		<Samples TimeTag="2025-01-01T04:17:23" DepthTag="4.222">1.250 21.649 109.689 0.000 21.742 21.649 </Samples>
		<Samples TimeTag="2025-01-01T04:17:26" DepthTag="4.324">1.814 22.277 115.232 0.000 21.828 22.277 </Samples>
		<Samples TimeTag="2025-01-01T04:18:55" DepthTag="4.426">1.470 15.331 54.414 0.000 59.893 15.331 </Samples>
		<Samples TimeTag="2025-01-01T04:18:58" DepthTag="4.532">1.763 17.014 55.051 0.000 61.700 17.014 </Samples>
		<Samples TimeTag="2025-01-01T04:19:02" DepthTag="4.638">1.685 18.008 54.233 0.000 61.516 18.008 </Samples>
		<Samples TimeTag="2025-01-01T04:19:05" DepthTag="4.740">2.369 18.406 54.807 0.000 61.806 18.406 </Samples>
		<Samples TimeTag="2025-01-01T04:19:08" DepthTag="4.847">1.668 18.865 54.367 0.000 62.042 18.865 </Samples>
		<Samples TimeTag="2025-01-01T04:19:12" DepthTag="4.951">1.957 19.110 54.650 0.000 63.118 19.110 </Samples>
		<Samples TimeTag="2025-01-01T04:19:14" DepthTag="5.054">2.203 19.263 55.165 0.000 58.919 19.263 </Samples>
		<Samples TimeTag="2025-01-01T04:19:18" DepthTag="5.158">1.981 19.324 53.605 0.000 55.790 19.324 </Samples>
		<Samples TimeTag="2025-01-01T04:19:20" DepthTag="5.260">2.176 19.446 54.980 0.000 55.306 19.446 </Samples>
		<Samples TimeTag="2025-01-01T04:19:23" DepthTag="5.360">1.982 19.462 55.507 0.000 61.257 19.462 </Samples>
		<Samples TimeTag="2025-01-01T04:19:27" DepthTag="5.463">1.639 19.523 55.237 0.000 54.948 19.523 </Samples>
		<Samples TimeTag="2025-01-01T04:19:30" DepthTag="5.569">1.970 19.569 55.270 0.000 59.158 19.569 </Samples>
		<Samples TimeTag="2025-01-01T04:19:34" DepthTag="5.673">1.737 19.523 54.615 0.000 60.108 19.523 </Samples>
		<Samples TimeTag="2025-01-01T04:19:37" DepthTag="5.776">1.925 19.569 55.591 0.000 57.169 19.569 </Samples>
		<Samples TimeTag="2025-01-01T04:19:41" DepthTag="5.879">1.707 19.599 55.132 0.000 58.261 19.599 </Samples>
		<Samples TimeTag="2025-01-01T04:19:44" DepthTag="5.982">2.097 19.630 54.354 0.000 61.838 19.630 </Samples>
		<Samples TimeTag="2025-01-01T04:19:46" DepthTag="6.092">2.494 19.660 54.597 0.000 58.836 19.660 </Samples>
		<Samples TimeTag="2025-01-01T04:19:49" DepthTag="6.196">2.088 19.660 55.106 0.000 60.526 19.660 </Samples>
		<Samples TimeTag="2025-01-01T04:19:52" DepthTag="6.298">2.073 19.737 55.134 0.000 67.602 19.737 </Samples>
		<Samples TimeTag="2025-01-01T04:19:55" DepthTag="6.402">2.219 19.752 55.704 0.000 61.735 19.752 </Samples>
		<Samples TimeTag="2025-01-01T04:19:58" DepthTag="6.502">2.272 19.768 54.216 0.000 56.557 19.768 </Samples>
		<Samples TimeTag="2025-01-01T04:20:00" DepthTag="6.612">2.741 19.829 53.681 0.000 57.296 19.829 </Samples>
		<Samples TimeTag="2025-01-01T04:20:02" DepthTag="6.717">2.897 19.844 54.578 0.000 54.005 19.844 </Samples>
		<Samples TimeTag="2025-01-01T04:20:05" DepthTag="6.826">2.712 19.905 54.817 0.000 56.355 19.905 </Samples>
		<Samples TimeTag="2025-01-01T04:20:08" DepthTag="6.928">1.829 20.028 55.420 0.000 55.256 20.028 </Samples>
		<Samples TimeTag="2025-01-01T04:20:12" DepthTag="7.029">1.749 20.028 55.674 0.000 55.803 20.028 </Samples>
		<Samples TimeTag="2025-01-01T04:20:15" DepthTag="7.134">2.133 19.936 55.021 0.000 54.774 19.936 </Samples>
		<Samples TimeTag="2025-01-01T04:20:17" DepthTag="7.236">2.163 19.905 55.583 0.000 56.872 19.905 </Samples>
		<Samples TimeTag="2025-01-01T04:20:20" DepthTag="7.340">2.436 19.905 55.272 0.000 54.960 19.905 </Samples>
		<Samples TimeTag="2025-01-01T04:20:23" DepthTag="7.440">2.272 19.890 55.042 0.000 57.956 19.890 </Samples>
		<Samples TimeTag="2025-01-01T04:20:25" DepthTag="7.545">2.244 19.798 55.023 0.000 57.644 19.798 </Samples>
		<Samples TimeTag="2025-01-01T04:20:29" DepthTag="7.650">1.966 17.671 43.119 0.000 52.385 17.671 </Samples>
		<Samples TimeTag="2025-01-01T04:20:34" DepthTag="7.752">1.062 17.228 40.875 0.000 47.943 17.228 </Samples>
		<Samples TimeTag="2025-01-01T04:26:57" DepthTag="7.885">0.687 5.646 20.313 0.000 40.828 5.646 </Samples>
		<Samples TimeTag="2025-01-01T04:26:58" DepthTag="7.999">7.106 5.722 21.532 0.000 36.852 5.722 </Samples>
		<Samples TimeTag="2025-01-01T04:27:07" DepthTag="8.100">0.705 15.621 50.395 0.000 67.299 15.621 </Samples>
		<Samples TimeTag="2025-01-01T04:27:19" DepthTag="8.200">0.483 18.008 55.674 0.000 61.406 18.008 </Samples>
		<Samples TimeTag="2025-01-01T04:27:29" DepthTag="8.301">0.646 18.758 53.478 0.000 62.312 18.758 </Samples>
		<Samples TimeTag="2025-01-01T04:27:36" DepthTag="8.401">0.832 18.911 54.788 0.000 58.183 18.911 </Samples>
		<Samples TimeTag="2025-01-01T04:27:40" DepthTag="8.502">1.450 17.335 41.427 0.000 51.406 17.335 </Samples>
		<Samples TimeTag="2025-01-01T04:27:43" DepthTag="8.603">1.898 18.069 42.499 0.000 55.529 18.069 </Samples>
		<Samples TimeTag="2025-01-01T04:45:38" DepthTag="8.710">0.979 4.483 22.180 0.000 48.319 4.483 </Samples>
		<Samples TimeTag="2025-01-01T04:46:30" DepthTag="8.812">0.933 5.324 42.917 0.000 63.699 5.324 </Samples>
		<Samples TimeTag="2025-01-01T04:46:58" DepthTag="8.913">0.368 9.761 46.468 0.000 63.345 9.761 </Samples>
		<Samples TimeTag="2025-01-01T04:47:04" DepthTag="9.015">1.195 14.596 45.959 0.000 56.090 14.596 </Samples>
		<Samples TimeTag="2025-01-01T04:47:07" DepthTag="9.116">1.754 16.034 52.839 0.000 67.172 16.034 </Samples>
		<Samples TimeTag="2025-01-01T04:47:11" DepthTag="9.216">1.593 16.983 53.904 0.000 61.202 16.983 </Samples>
		<Samples TimeTag="2025-01-01T04:47:14" DepthTag="9.323">2.093 17.518 54.055 0.000 60.209 17.518 </Samples>
		<Samples TimeTag="2025-01-01T04:47:18" DepthTag="9.425">1.346 17.916 55.751 0.000 63.018 17.916 </Samples>
		<Samples TimeTag="2025-01-01T04:47:25" DepthTag="9.526">0.885 17.993 55.214 0.000 60.290 17.993 </Samples>
		<Samples TimeTag="2025-01-01T04:47:35" DepthTag="9.628">0.600 17.978 55.255 0.000 50.604 17.978 </Samples>
		<Samples TimeTag="2025-01-01T04:47:45" DepthTag="9.728">0.640 17.901 55.221 0.000 55.021 17.901 </Samples>
		<Samples TimeTag="2025-01-01T04:47:53" DepthTag="9.831">0.756 17.809 54.933 0.000 55.467 17.809 </Samples>
		<Samples TimeTag="2025-01-01T04:48:00" DepthTag="9.933">0.832 18.039 55.167 0.000 57.623 18.039 </Samples>
		<Samples TimeTag="2025-01-01T04:48:09" DepthTag="10.033">0.728 18.192 55.169 0.000 55.295 18.192 </Samples>
		<Samples TimeTag="2025-01-01T04:48:17" DepthTag="10.134">0.699 18.314 54.797 0.000 52.850 18.314 </Samples>
		<Samples TimeTag="2025-01-01T04:48:26" DepthTag="10.235">0.720 18.375 55.268 0.000 53.459 18.375 </Samples>
		<Samples TimeTag="2025-01-01T04:48:39" DepthTag="10.335">0.464 18.131 55.445 0.000 49.671 18.131 </Samples>
		<Samples TimeTag="2025-01-01T04:48:48" DepthTag="10.436">0.633 18.100 55.463 0.000 56.846 18.100 </Samples>
		<Samples TimeTag="2025-01-01T04:48:52" DepthTag="10.537">1.578 18.437 52.825 0.000 64.048 18.437 </Samples>
		<Samples TimeTag="2025-01-01T04:48:56" DepthTag="10.639">1.698 18.620 53.266 0.000 64.936 18.620 </Samples>
		<Samples TimeTag="2025-01-01T04:48:58" DepthTag="10.753">2.838 18.743 52.228 0.000 55.740 18.743 </Samples>
		<Samples TimeTag="2025-01-01T04:49:00" DepthTag="10.857">3.537 18.804 54.567 0.000 56.028 18.804 </Samples>
		<Samples TimeTag="2025-01-01T04:49:07" DepthTag="10.957">0.862 18.865 55.987 0.000 51.754 18.865 </Samples>
		<Samples TimeTag="2025-01-01T04:49:20" DepthTag="11.057">0.462 18.192 54.645 0.000 55.161 18.192 </Samples>
		<Samples TimeTag="2025-01-01T04:49:30" DepthTag="11.160">0.626 18.253 54.714 0.000 53.418 18.253 </Samples>
		<Samples TimeTag="2025-01-01T04:49:43" DepthTag="11.262">0.454 18.069 54.758 0.000 53.548 18.069 </Samples>
		<Samples TimeTag="2025-01-01T04:49:52" DepthTag="11.364">0.716 17.993 54.477 0.000 63.549 17.993 </Samples>
		<Samples TimeTag="2025-01-01T04:49:58" DepthTag="11.465">0.924 18.100 55.245 0.000 51.446 18.100 </Samples>
		<Samples TimeTag="2025-01-01T04:50:07" DepthTag="11.568">0.717 18.192 53.896 0.000 55.791 18.192 </Samples>
		<Samples TimeTag="2025-01-01T04:50:11" DepthTag="11.668">1.364 18.498 53.193 0.000 60.941 18.498 </Samples>
		<Samples TimeTag="2025-01-01T04:50:19" DepthTag="11.768">0.764 18.437 55.079 0.000 49.864 18.437 </Samples>
		<Samples TimeTag="2025-01-01T04:50:28" DepthTag="11.869">0.674 18.268 54.742 0.000 58.045 18.268 </Samples>
		<Samples TimeTag="2025-01-01T04:50:34" DepthTag="11.970">0.945 18.421 54.353 0.000 61.317 18.421 </Samples>
		<Samples TimeTag="2025-01-01T04:50:42" DepthTag="12.071">0.824 18.467 54.896 0.000 52.930 18.467 </Samples>
		<Samples TimeTag="2025-01-01T04:50:50" DepthTag="12.174">0.769 18.620 54.746 0.000 54.084 18.620 </Samples>
		<Samples TimeTag="2025-01-01T04:50:58" DepthTag="12.275">0.726 18.666 55.922 0.000 51.998 18.666 </Samples>
		<Samples TimeTag="2025-01-01T04:51:10" DepthTag="12.376">0.513 18.467 55.043 0.000 51.909 18.467 </Samples>
		<Samples TimeTag="2025-01-01T04:51:23" DepthTag="12.476">0.477 18.054 55.542 0.000 50.145 18.054 </Samples>
		<Samples TimeTag="2025-01-01T04:51:34" DepthTag="12.578">0.542 18.085 54.872 0.000 54.212 18.085 </Samples>
		<Samples TimeTag="2025-01-01T04:51:45" DepthTag="12.680">0.530 17.978 55.456 0.000 55.290 17.978 </Samples>
		<Samples TimeTag="2025-01-01T04:51:53" DepthTag="12.781">0.775 18.207 54.995 0.000 53.820 18.207 </Samples>
		<Samples TimeTag="2025-01-01T04:52:06" DepthTag="12.883">0.485 18.039 55.209 0.000 59.235 18.039 </Samples>
		<Samples TimeTag="2025-01-01T04:52:17" DepthTag="12.984">0.515 18.023 55.475 0.000 45.945 18.023 </Samples>
		<Samples TimeTag="2025-01-01T04:52:23" DepthTag="13.084">1.123 18.360 54.009 0.000 63.111 18.360 </Samples>
		<Samples TimeTag="2025-01-01T04:52:38" DepthTag="13.185">0.402 18.161 54.992 0.000 46.745 18.161 </Samples>
		<Samples TimeTag="2025-01-01T04:52:49" DepthTag="13.286">0.540 17.978 54.241 0.000 48.977 17.978 </Samples>
		<Samples TimeTag="2025-01-01T04:52:56" DepthTag="13.389">0.909 18.299 54.103 0.000 53.122 18.299 </Samples>
		<Samples TimeTag="2025-01-01T04:53:05" DepthTag="13.490">0.688 18.284 55.689 0.000 52.370 18.284 </Samples>
		<Samples TimeTag="2025-01-01T04:53:17" DepthTag="13.591">0.488 18.192 55.983 0.000 50.051 18.192 </Samples>
		<Samples TimeTag="2025-01-01T04:53:33" DepthTag="13.693">0.393 18.452 55.675 0.000 45.995 18.452 </Samples>
		<Samples TimeTag="2025-01-01T04:53:44" DepthTag="13.794">0.542 19.110 55.786 0.000 47.378 19.110 </Samples>
		<Samples TimeTag="2025-01-01T04:53:58" DepthTag="13.894">0.441 19.278 54.877 0.000 50.617 19.278 </Samples>
		<Samples TimeTag="2025-01-01T04:54:10" DepthTag="13.995">0.481 19.324 54.960 0.000 49.989 19.324 </Samples>
		<Samples TimeTag="2025-01-01T04:54:25" DepthTag="14.095">0.396 19.339 53.942 0.000 50.380 19.339 </Samples>
		<Samples TimeTag="2025-01-01T04:54:37" DepthTag="14.196">0.539 19.400 55.274 0.000 50.824 19.400 </Samples>
		<Samples TimeTag="2025-01-01T04:54:48" DepthTag="14.297">0.550 19.431 54.961 0.000 53.375 19.431 </Samples>
		<Samples TimeTag="2025-01-01T04:54:58" DepthTag="14.397">0.579 19.431 55.633 0.000 46.023 19.431 </Samples>
		<Samples TimeTag="2025-01-01T04:55:10" DepthTag="14.498">0.514 19.416 55.671 0.000 46.696 19.416 </Samples>
		<Samples TimeTag="2025-01-01T04:55:21" DepthTag="14.599">0.539 19.462 54.067 0.000 49.697 19.462 </Samples>
		<Samples TimeTag="2025-01-01T04:55:32" DepthTag="14.699">0.566 19.462 55.254 0.000 58.730 19.462 </Samples>
		<Samples TimeTag="2025-01-01T04:55:46" DepthTag="14.802">0.423 19.431 54.155 0.000 50.046 19.431 </Samples>
		<Samples TimeTag="2025-01-01T04:55:55" DepthTag="14.903">0.693 19.706 54.951 0.000 57.556 19.706 </Samples>
		<Samples TimeTag="2025-01-01T04:56:04" DepthTag="15.005">0.691 19.691 54.563 0.000 51.015 19.691 </Samples>
		<Samples TimeTag="2025-01-01T04:56:16" DepthTag="15.106">0.516 19.569 55.227 0.000 53.619 19.569 </Samples>
		<Samples TimeTag="2025-01-01T04:56:24" DepthTag="15.208">0.762 19.523 54.472 0.000 49.246 19.523 </Samples>
		<Samples TimeTag="2025-01-01T04:56:35" DepthTag="15.310">0.525 19.538 55.215 0.000 49.761 19.538 </Samples>
		<Samples TimeTag="2025-01-01T04:56:46" DepthTag="15.410">0.569 19.538 56.185 0.000 52.175 19.538 </Samples>
		<Samples TimeTag="2025-01-01T04:56:56" DepthTag="15.512">0.588 19.691 54.484 0.000 48.335 19.691 </Samples>
		<Samples TimeTag="2025-01-01T04:57:09" DepthTag="15.614">0.462 17.197 41.234 0.000 49.571 17.197 </Samples>
	</CompactMWDdata>
	<IR:GenTrailer>
		<IR:FileCloseDate>2025-01-01T05:07:04</IR:FileCloseDate>
		<IR:ChkSum>1737970562</IR:ChkSum>
	</IR:GenTrailer>
</DRMWD>
