<?xml version="1.0" encoding="UTF-8"?>
<!-- Generated by the RCS System Epiroc Rock Drills AB -->
<DRMWD xmlns="http://www.iredes.org/xml/DrillRig" xmlns:IR="http://www.iredes.org/xml" xmlns:xsi="http://www.w3.org/2001/XMLSchema-instance" xsi:schemaLocation="http://www.iredes.org/xml/DrillRig C:\Iredes\IR_V1.2.3\xml\DR-DrillRig_V1.2\DrillRig.xsd" IRVersion="V 1.2AC" IRDownwCompat="V 1.2AC" DRMWDDownwCompat="V 1.2AC" DRMWDVersion="V 1.2AC">
	<IR:GenHead>
		<IR:FileCreateDate>2025-01-01T05:50:06</IR:FileCreateDate>
		<IR:IRversion DownwCompat="V 1.0">V 1.2AC</IR:IRversion>
		<IR:EquipmentInfo>
			<IR:EqpManufact>Epiroc</IR:EqpManufact>
			<IR:EqpType>SmartROC D65</IR:EqpType>
			<IR:EqpSerNo>8992013064</IR:EqpSerNo>
			<IR:EqpSysVer>6.28.1</IR:EqpSysVer>
			<IR:EqpInfo>DrillingMethod: DTH</IR:EqpInfo>
		</IR:EquipmentInfo>
	</IR:GenHead>
	<IR:ReportId>MWDRI010550</IR:ReportId>
	<IR:StartLogTime>2025-01-01T05:32:46</IR:StartLogTime>
	<IR:EndLogTime>2025-01-01T05:47:52</IR:EndLogTime>
	<IR:PlanIdRef>TRN09_24_0486_015_All</IR:PlanIdRef>
	<IR:PlanNameRef>TRN09_24_0486_015_All</IR:PlanNameRef>
	<MWDholeId>U47</MWDholeId>
	<QualityReportIdRef>DQRI311609</QualityReportIdRef>
	<SampleDistance>0.100</SampleDistance>
	<CompactMWDdata>
		<MWDparams>
			<Parameter Unit="m/min" Full="PenetrRate">PR</Parameter>
			<Parameter Unit="Bar" Full="PercPressure">PP</Parameter>
			<Parameter Unit="Bar" Full="FeedPressure">FP</Parameter>
			<Parameter Unit="Bar" Full="DampPressure">DP</Parameter>
			<Parameter Unit="Bar" Full="RotPressure">RP</Parameter>
			<Parameter Unit="Bar" Full="FlushPressure">FLP</Parameter>
		</MWDparams>
		<Samples TimeTag="2025-01-01T05:32:46" DepthTag="0.103">0.514 10.939 43.686 0.000 21.169 10.939 </Samples>
		<Samples TimeTag="2025-01-01T05:32:54" DepthTag="0.204">0.843 14.321 41.451 0.000 46.350 14.321 </Samples>
		<Samples TimeTag="2025-01-01T05:33:01" DepthTag="0.305">0.871 14.902 39.422 0.000 46.453 14.902 </Samples>
		<Samples TimeTag="2025-01-01T05:33:07" DepthTag="0.408">0.982 15.132 40.006 0.000 45.422 15.132 </Samples>
		<Samples TimeTag="2025-01-01T05:33:13" DepthTag="0.509">0.926 15.132 40.997 0.000 44.513 15.132 </Samples>
		<Samples TimeTag="2025-01-01T05:33:19" DepthTag="0.610">1.072 15.422 39.490 0.000 37.840 15.422 </Samples>
		<Samples TimeTag="2025-01-01T05:33:26" DepthTag="0.710">0.814 4.483 2.764 0.000 24.769 4.483 </Samples>
		<Samples TimeTag="2025-01-01T05:33:49" DepthTag="0.813">1.040 16.325 40.750 0.000 38.730 16.325 </Samples>
		<Samples TimeTag="2025-01-01T05:33:54" DepthTag="0.917">1.413 17.564 40.778 0.000 40.113 17.564 </Samples>
		<Samples TimeTag="2025-01-01T05:33:58" DepthTag="1.021">1.297 17.182 39.351 0.000 39.856 17.182 </Samples>
		<Samples TimeTag="2025-01-01T05:34:02" DepthTag="1.130">1.825 16.906 38.545 0.000 39.457 16.906 </Samples>
		<Samples TimeTag="2025-01-01T05:34:05" DepthTag="1.234">1.838 16.861 39.847 0.000 40.392 16.861 </Samples>
		<Samples TimeTag="2025-01-01T05:34:09" DepthTag="1.334">1.883 16.738 39.019 0.000 39.750 16.738 </Samples>
		<Samples TimeTag="2025-01-01T05:34:36" DepthTag="1.467">1.488 6.671 26.769 0.000 30.020 6.671 </Samples>
		<Samples TimeTag="2025-01-01T05:34:41" DepthTag="1.573">1.273 13.785 41.445 0.000 34.941 13.785 </Samples>
		<Samples TimeTag="2025-01-01T05:34:44" DepthTag="1.676">1.923 15.575 40.087 0.000 32.451 15.575 </Samples>
		<Samples TimeTag="2025-01-01T05:34:47" DepthTag="1.780">2.352 16.356 39.475 0.000 32.168 16.356 </Samples>
		<Samples TimeTag="2025-01-01T05:34:49" DepthTag="1.886">2.646 16.769 39.309 0.000 32.082 16.769 </Samples>
		<Samples TimeTag="2025-01-01T05:34:52" DepthTag="1.994">2.688 17.197 39.603 0.000 32.888 17.197 </Samples>
		<Samples TimeTag="2025-01-01T05:34:54" DepthTag="2.095">2.809 17.534 40.244 0.000 35.261 17.534 </Samples>
		<Samples TimeTag="2025-01-01T05:35:29" DepthTag="2.195">1.040 11.031 47.152 0.000 42.015 11.031 </Samples>
		<Samples TimeTag="2025-01-01T05:35:33" DepthTag="2.306">1.430 17.595 39.821 0.000 35.973 17.595 </Samples>
		<Samples TimeTag="2025-01-01T05:35:35" DepthTag="2.412">2.940 18.590 37.139 0.000 37.693 18.590 </Samples>
		<Samples TimeTag="2025-01-01T05:35:37" DepthTag="2.522">3.582 17.059 37.144 0.000 36.335 17.059 </Samples>
		<Samples TimeTag="2025-01-01T05:35:39" DepthTag="2.639">4.390 17.641 36.026 0.000 31.571 17.641 </Samples>
		<Samples TimeTag="2025-01-01T05:35:40" DepthTag="2.753">4.986 18.360 35.875 0.000 29.169 18.360 </Samples>
		<Samples TimeTag="2025-01-01T05:35:41" DepthTag="2.870">5.836 18.421 35.529 0.000 28.081 18.421 </Samples>
		<Samples TimeTag="2025-01-01T05:35:43" DepthTag="2.970">4.438 17.626 40.123 0.000 28.932 17.626 </Samples>
		<Samples TimeTag="2025-01-01T05:35:44" DepthTag="3.074">5.137 18.146 41.994 0.000 35.084 18.146 </Samples>
		<Samples TimeTag="2025-01-01T05:36:24" DepthTag="3.189">1.013 4.896 21.806 0.000 27.112 4.896 </Samples>
		<Samples TimeTag="2025-01-01T05:36:29" DepthTag="3.293">1.256 15.025 41.538 0.000 48.362 15.025 </Samples>
		<Samples TimeTag="2025-01-01T05:36:32" DepthTag="3.395">2.184 16.585 40.285 0.000 45.874 16.585 </Samples>
		<Samples TimeTag="2025-01-01T05:36:34" DepthTag="3.497">2.184 17.473 39.621 0.000 45.277 17.473 </Samples>
		<Samples TimeTag="2025-01-01T05:37:06" DepthTag="3.603">1.132 5.355 20.531 0.000 28.491 5.355 </Samples>
		<Samples TimeTag="2025-01-01T05:37:09" DepthTag="3.706">2.341 12.699 46.267 0.000 46.206 12.699 </Samples>
		<Samples TimeTag="2025-01-01T05:37:12" DepthTag="3.811">2.001 16.279 54.728 0.000 53.893 16.279 </Samples>
		<Samples TimeTag="2025-01-01T05:37:15" DepthTag="3.916">2.389 17.595 53.341 0.000 49.460 17.595 </Samples>
		<Samples TimeTag="2025-01-01T05:37:17" DepthTag="4.025">2.712 18.467 54.714 0.000 51.746 18.467 </Samples>
		<Samples TimeTag="2025-01-01T05:37:19" DepthTag="4.127">2.539 19.064 55.705 0.000 50.036 19.064 </Samples>
		<Samples TimeTag="2025-01-01T05:37:22" DepthTag="4.228">2.523 19.538 55.551 0.000 56.274 19.538 </Samples>
		<Samples TimeTag="2025-01-01T05:37:25" DepthTag="4.332">1.949 19.951 56.184 0.000 54.061 19.951 </Samples>
		<Samples TimeTag="2025-01-01T05:37:30" DepthTag="4.432">1.210 20.349 55.316 0.000 52.829 20.349 </Samples>
		<Samples TimeTag="2025-01-01T05:37:34" DepthTag="4.535">1.472 20.487 54.517 0.000 52.365 20.487 </Samples>
		<Samples TimeTag="2025-01-01T05:37:38" DepthTag="4.638">1.612 20.563 55.836 0.000 54.153 20.563 </Samples>
		<Samples TimeTag="2025-01-01T05:37:42" DepthTag="4.740">1.524 20.533 54.564 0.000 52.857 20.533 </Samples>
		<Samples TimeTag="2025-01-01T05:37:45" DepthTag="4.843">2.089 20.563 54.962 0.000 48.588 20.563 </Samples>
		<Samples TimeTag="2025-01-01T05:37:52" DepthTag="4.944">0.836 20.334 55.528 0.000 46.714 20.334 </Samples>
		<Samples TimeTag="2025-01-01T05:38:03" DepthTag="5.046">0.577 19.844 56.051 0.000 46.273 19.844 </Samples>
		<Samples TimeTag="2025-01-01T05:38:10" DepthTag="5.149">0.810 19.890 53.823 0.000 49.956 19.890 </Samples>
		<Samples TimeTag="2025-01-01T05:38:15" DepthTag="5.255">1.528 20.089 54.963 0.000 52.256 20.089 </Samples>
		<Samples TimeTag="2025-01-01T05:38:21" DepthTag="5.355">0.883 20.196 55.892 0.000 44.190 20.196 </Samples>
		<Samples TimeTag="2025-01-01T05:38:29" DepthTag="5.455">0.833 19.936 55.016 0.000 45.505 19.936 </Samples>
		<Samples TimeTag="2025-01-01T05:38:34" DepthTag="5.560">1.141 19.997 54.074 0.000 58.246 19.997 </Samples>
		<Samples TimeTag="2025-01-01T05:38:38" DepthTag="5.661">1.499 20.318 55.278 0.000 48.037 20.318 </Samples>
		<Samples TimeTag="2025-01-01T05:38:46" DepthTag="5.763">0.804 20.318 55.003 0.000 47.110 20.318 </Samples>
		<Samples TimeTag="2025-01-01T05:38:54" DepthTag="5.864">0.742 20.487 55.405 0.000 51.016 20.487 </Samples>
		<Samples TimeTag="2025-01-01T05:39:00" DepthTag="5.965">0.946 20.655 54.157 0.000 49.263 20.655 </Samples>
		<Samples TimeTag="2025-01-01T05:39:04" DepthTag="6.075">1.825 20.701 53.769 0.000 50.442 20.701 </Samples>
		<Samples TimeTag="2025-01-01T05:39:12" DepthTag="6.175">0.776 20.242 54.335 0.000 44.980 20.242 </Samples>
		<Samples TimeTag="2025-01-01T05:39:24" DepthTag="6.276">0.500 19.584 54.942 0.000 49.358 19.584 </Samples>
		<Samples TimeTag="2025-01-01T05:39:33" DepthTag="6.378">0.636 19.615 54.700 0.000 55.196 19.615 </Samples>
		<Samples TimeTag="2025-01-01T05:39:41" DepthTag="6.480">0.827 20.012 55.534 0.000 51.734 20.012 </Samples>
		<Samples TimeTag="2025-01-01T05:39:47" DepthTag="6.580">0.948 20.380 55.183 0.000 50.183 20.380 </Samples>
		<Samples TimeTag="2025-01-01T05:39:53" DepthTag="6.683">1.055 20.716 55.135 0.000 50.720 20.716 </Samples>
		<Samples TimeTag="2025-01-01T05:39:58" DepthTag="6.784">1.266 20.915 53.776 0.000 59.633 20.915 </Samples>
		<Samples TimeTag="2025-01-01T05:40:02" DepthTag="6.891">1.702 20.976 52.057 0.000 54.431 20.976 </Samples>
		<Samples TimeTag="2025-01-01T05:40:10" DepthTag="6.992">1.195 11.307 40.666 0.000 64.274 11.307 </Samples>
		<Samples TimeTag="2025-01-01T05:40:13" DepthTag="7.096">2.585 15.453 38.617 0.000 48.134 15.453 </Samples>
		<Samples TimeTag="2025-01-01T05:40:26" DepthTag="7.196">0.448 18.911 55.600 0.000 44.402 18.911 </Samples>
		<Samples TimeTag="2025-01-01T05:40:43" DepthTag="7.296">0.358 19.339 54.313 0.000 39.998 19.339 </Samples>
		<Samples TimeTag="2025-01-01T05:40:56" DepthTag="7.396">0.468 19.400 54.886 0.000 45.588 19.400 </Samples>
		<Samples TimeTag="2025-01-01T05:41:12" DepthTag="7.497">0.369 19.507 55.016 0.000 44.540 19.507 </Samples>
		<Samples TimeTag="2025-01-01T05:41:26" DepthTag="7.597">0.425 19.293 43.161 0.000 43.027 19.293 </Samples>
		<Samples TimeTag="2025-01-01T05:42:06" DepthTag="7.699">0.226 16.432 40.242 0.000 46.148 16.432 </Samples>
		<Samples TimeTag="2025-01-01T05:43:13" DepthTag="7.800">0.290 3.917 89.178 0.000 119.352 3.917 </Samples>
		<Samples TimeTag="2025-01-01T05:45:29" DepthTag="7.901">0.220 16.952 54.570 0.000 46.502 16.952 </Samples>
		<Samples TimeTag="2025-01-01T05:45:44" DepthTag="8.003">0.400 18.727 55.254 0.000 48.357 18.727 </Samples>
		<Samples TimeTag="2025-01-01T05:45:58" DepthTag="8.104">0.436 19.064 55.042 0.000 42.804 19.064 </Samples>
		<Samples TimeTag="2025-01-01T05:46:12" DepthTag="8.204">0.432 19.140 54.865 0.000 48.826 19.140 </Samples>
		<Samples TimeTag="2025-01-01T05:46:23" DepthTag="8.306">0.576 19.263 55.650 0.000 45.645 19.263 </Samples>
		<Samples TimeTag="2025-01-01T05:46:38" DepthTag="8.408">0.385 19.278 54.696 0.000 48.151 19.278 </Samples>
		<Samples TimeTag="2025-01-01T05:46:55" DepthTag="8.508">0.355 19.247 55.354 0.000 42.219 19.247 </Samples>
		<Samples TimeTag="2025-01-01T05:47:12" DepthTag="8.609">0.369 6.533 40.343 0.000 53.037 6.533 </Samples>
		<Samples TimeTag="2025-01-01T05:47:52" DepthTag="8.709">0.221 16.034 39.993 0.000 40.827 16.034 </Samples>
	</CompactMWDdata>
	<IR:GenTrailer>
		<IR:FileCloseDate>2025-01-01T05:50:06</IR:FileCloseDate>
		<IR:ChkSum>4019007706</IR:ChkSum>
	</IR:GenTrailer>
</DRMWD>
