<?xml version="1.0" encoding="UTF-8"?>
<!-- Generated by the RCS System Epiroc Rock Drills AB -->
<DRMWD xmlns="http://www.iredes.org/xml/DrillRig" xmlns:IR="http://www.iredes.org/xml" xmlns:xsi="http://www.w3.org/2001/XMLSchema-instance" xsi:schemaLocation="http://www.iredes.org/xml/DrillRig C:\Iredes\IR_V1.2.3\xml\DR-DrillRig_V1.2\DrillRig.xsd" IRVersion="V 1.2AC" IRDownwCompat="V 1.2AC" DRMWDDownwCompat="V 1.2AC" DRMWDVersion="V 1.2AC">
	<IR:GenHead>
		<IR:FileCreateDate>2024-12-30T01:25:35</IR:FileCreateDate>
		<IR:IRversion DownwCompat="V 1.0">V 1.2AC</IR:IRversion>
		<IR:EquipmentInfo>
			<IR:EqpManufact>Epiroc</IR:EqpManufact>
			<IR:EqpType>SmartROC D65</IR:EqpType>
			<IR:EqpSerNo>8992013064</IR:EqpSerNo>
			<IR:EqpSysVer>6.28.1</IR:EqpSysVer>
			<IR:EqpInfo>DrillingMethod: DTH</IR:EqpInfo>
		</IR:EquipmentInfo>
	</IR:GenHead>
	<IR:ReportId>MWDRI300125</IR:ReportId>
	<IR:StartLogTime>2024-12-30T01:19:24</IR:StartLogTime>
	<IR:EndLogTime>2024-12-30T01:24:10</IR:EndLogTime>
	<IR:PlanIdRef>TRN09_24_0486_015_All</IR:PlanIdRef>
	<IR:PlanNameRef>TRN09_24_0486_015_All</IR:PlanNameRef>
	<MWDholeId>X43</MWDholeId>
	<QualityReportIdRef>DQRI291907</QualityReportIdRef>
	<SampleDistance>0.100</SampleDistance>
	<CompactMWDdata>
		<MWDparams>
			<Parameter Unit="m/min" Full="PenetrRate">PR</Parameter>
			<Parameter Unit="Bar" Full="PercPressure">PP</Parameter>
			<Parameter Unit="Bar" Full="FeedPressure">FP</Parameter>
			<Parameter Unit="Bar" Full="DampPressure">DP</Parameter>
			<Parameter Unit="Bar" Full="RotPressure">RP</Parameter>
			<Parameter Unit="Bar" Full="FlushPressure">FLP</Parameter>
		</MWDparams>
		<Samples TimeTag="2024-12-30T01:19:24" DepthTag="0.107">0.717 12.255 41.285 0.000 20.928 12.255 </Samples>
		<Samples TimeTag="2024-12-30T01:19:30" DepthTag="0.207">1.011 15.422 39.458 0.000 32.778 15.422 </Samples>
		<Samples TimeTag="2024-12-30T01:19:34" DepthTag="0.309">1.593 16.432 41.745 0.000 35.854 16.432 </Samples>
		<Samples TimeTag="2024-12-30T01:19:39" DepthTag="0.411">1.082 18.023 40.930 0.000 36.069 18.023 </Samples>
		<Samples TimeTag="2024-12-30T01:19:45" DepthTag="0.513">1.140 16.585 22.757 0.000 27.761 16.585 </Samples>
		<Samples TimeTag="2024-12-30T01:20:03" DepthTag="0.616">1.104 6.365 43.811 0.000 33.256 6.365 </Samples>
		<Samples TimeTag="2024-12-30T01:20:11" DepthTag="0.717">0.775 16.432 40.519 0.000 40.218 16.432 </Samples>
		<Samples TimeTag="2024-12-30T01:20:15" DepthTag="0.822">1.513 17.090 37.852 0.000 35.462 17.090 </Samples>
		<Samples TimeTag="2024-12-30T01:20:18" DepthTag="0.924">2.189 17.014 39.198 0.000 35.337 17.014 </Samples>
		<Samples TimeTag="2024-12-30T01:20:43" DepthTag="1.066">1.292 5.034 21.271 0.000 20.793 5.034 </Samples>
		<Samples TimeTag="2024-12-30T01:20:48" DepthTag="1.167">1.427 15.560 42.825 0.000 30.441 15.560 </Samples>
		<Samples TimeTag="2024-12-30T01:20:51" DepthTag="1.269">1.618 18.850 40.680 0.000 29.145 18.850 </Samples>
		<Samples TimeTag="2024-12-30T01:20:56" DepthTag="1.374">1.435 18.544 37.775 0.000 26.393 18.544 </Samples>
		<Samples TimeTag="2024-12-30T01:20:59" DepthTag="1.477">1.641 17.870 40.106 0.000 40.676 17.870 </Samples>
		<Samples TimeTag="2024-12-30T01:21:03" DepthTag="1.581">2.046 18.207 40.426 0.000 41.827 18.207 </Samples>
		<Samples TimeTag="2024-12-30T01:21:08" DepthTag="1.688">1.232 18.192 40.083 0.000 44.951 18.192 </Samples>
		<Samples TimeTag="2024-12-30T01:21:13" DepthTag="1.789">1.175 17.595 39.253 0.000 45.937 17.595 </Samples>
		<Samples TimeTag="2024-12-30T01:21:16" DepthTag="1.889">1.977 18.314 37.794 0.000 42.344 18.314 </Samples>
		<Samples TimeTag="2024-12-30T01:21:20" DepthTag="1.994">1.748 17.411 39.764 0.000 44.031 17.411 </Samples>
		<Samples TimeTag="2024-12-30T01:21:23" DepthTag="2.098">1.935 18.360 42.192 0.000 51.234 18.360 </Samples>
		<Samples TimeTag="2024-12-30T01:21:27" DepthTag="2.203">1.460 17.840 39.588 0.000 49.401 17.840 </Samples>
		<Samples TimeTag="2024-12-30T01:21:33" DepthTag="2.306">1.096 17.595 39.641 0.000 47.222 17.595 </Samples>
		<Samples TimeTag="2024-12-30T01:21:38" DepthTag="2.409">1.220 17.335 40.346 0.000 49.389 17.335 </Samples>
		<Samples TimeTag="2024-12-30T01:21:41" DepthTag="2.509">1.602 18.482 38.390 0.000 46.525 18.482 </Samples>
		<Samples TimeTag="2024-12-30T01:21:45" DepthTag="2.611">1.685 17.717 40.086 0.000 51.823 17.717 </Samples>
		<Samples TimeTag="2024-12-30T01:21:48" DepthTag="2.713">1.912 18.069 39.339 0.000 50.839 18.069 </Samples>
		<Samples TimeTag="2024-12-30T01:21:51" DepthTag="2.814">2.155 17.641 39.223 0.000 52.325 17.641 </Samples>
		<Samples TimeTag="2024-12-30T01:21:54" DepthTag="2.917">2.410 18.406 38.829 0.000 42.196 18.406 </Samples>
		<Samples TimeTag="2024-12-30T01:21:56" DepthTag="3.018">2.363 17.151 39.936 0.000 45.724 17.151 </Samples>
		<Samples TimeTag="2024-12-30T01:21:59" DepthTag="3.122">2.053 18.054 40.575 0.000 39.593 18.054 </Samples>
		<Samples TimeTag="2024-12-30T01:22:02" DepthTag="3.226">2.102 18.069 40.500 0.000 40.276 18.069 </Samples>
		<Samples TimeTag="2024-12-30T01:22:05" DepthTag="3.327">1.986 17.503 40.368 0.000 39.121 17.503 </Samples>
		<Samples TimeTag="2024-12-30T01:22:09" DepthTag="3.431">1.754 18.284 41.069 0.000 45.915 18.284 </Samples>
		<Samples TimeTag="2024-12-30T01:22:47" DepthTag="3.540">0.680 4.253 35.598 0.000 48.814 4.253 </Samples>
		<Samples TimeTag="2024-12-30T01:22:50" DepthTag="3.641">1.593 12.607 45.591 0.000 49.674 12.607 </Samples>
		<Samples TimeTag="2024-12-30T01:22:54" DepthTag="3.745">1.659 15.774 46.682 0.000 45.551 15.774 </Samples>
		<Samples TimeTag="2024-12-30T01:22:57" DepthTag="3.845">1.977 16.876 46.951 0.000 49.366 16.876 </Samples>
		<Samples TimeTag="2024-12-30T01:23:01" DepthTag="3.952">1.896 17.626 48.431 0.000 50.458 17.626 </Samples>
		<Samples TimeTag="2024-12-30T01:23:04" DepthTag="4.060">1.874 18.100 47.846 0.000 50.569 18.100 </Samples>
		<Samples TimeTag="2024-12-30T01:23:08" DepthTag="4.161">1.615 18.421 47.142 0.000 46.699 18.421 </Samples>
		<Samples TimeTag="2024-12-30T01:23:11" DepthTag="4.265">2.224 18.528 47.528 0.000 46.834 18.528 </Samples>
		<Samples TimeTag="2024-12-30T01:23:13" DepthTag="4.369">2.425 18.635 48.510 0.000 45.880 18.635 </Samples>
		<Samples TimeTag="2024-12-30T01:23:16" DepthTag="4.469">2.277 18.620 47.920 0.000 45.181 18.620 </Samples>
		<Samples TimeTag="2024-12-30T01:23:19" DepthTag="4.575">2.262 18.681 48.943 0.000 52.179 18.681 </Samples>
		<Samples TimeTag="2024-12-30T01:23:28" DepthTag="4.677">0.679 18.345 48.660 0.000 40.286 18.345 </Samples>
		<Samples TimeTag="2024-12-30T01:23:34" DepthTag="4.780">1.034 18.222 48.334 0.000 45.395 18.222 </Samples>
		<Samples TimeTag="2024-12-30T01:23:38" DepthTag="4.881">1.371 18.238 47.313 0.000 39.388 18.238 </Samples>
		<Samples TimeTag="2024-12-30T01:23:42" DepthTag="4.984">1.645 18.406 47.129 0.000 46.885 18.406 </Samples>
		<Samples TimeTag="2024-12-30T01:23:51" DepthTag="5.085">0.655 18.605 48.107 0.000 38.912 18.605 </Samples>
		<Samples TimeTag="2024-12-30T01:24:00" DepthTag="5.187">0.667 18.192 47.670 0.000 36.083 18.192 </Samples>
		<Samples TimeTag="2024-12-30T01:24:05" DepthTag="5.291">1.241 16.937 40.703 0.000 48.792 16.937 </Samples>
		<Samples TimeTag="2024-12-30T01:24:10" DepthTag="5.394">1.279 18.314 40.301 0.000 42.804 18.314 </Samples>
	</CompactMWDdata>
	<IR:GenTrailer>
		<IR:FileCloseDate>2024-12-30T01:25:35</IR:FileCloseDate>
		<IR:ChkSum>3250647972</IR:ChkSum>
	</IR:GenTrailer>
</DRMWD>
