<?xml version="1.0" encoding="UTF-8"?>
<!-- Generated by the RCS System Epiroc Rock Drills AB -->
<DRMWD xmlns="http://www.iredes.org/xml/DrillRig" xmlns:IR="http://www.iredes.org/xml" xmlns:xsi="http://www.w3.org/2001/XMLSchema-instance" xsi:schemaLocation="http://www.iredes.org/xml/DrillRig C:\Iredes\IR_V1.2.3\xml\DR-DrillRig_V1.2\DrillRig.xsd" IRVersion="V 1.2AC" IRDownwCompat="V 1.2AC" DRMWDDownwCompat="V 1.2AC" DRMWDVersion="V 1.2AC">
	<IR:GenHead>
		<IR:FileCreateDate>2024-12-28T21:58:22</IR:FileCreateDate>
		<IR:IRversion DownwCompat="V 1.0">V 1.2AC</IR:IRversion>
		<IR:EquipmentInfo>
			<IR:EqpManufact>Epiroc</IR:EqpManufact>
			<IR:EqpType>SmartROC D65</IR:EqpType>
			<IR:EqpSerNo>8992013064</IR:EqpSerNo>
			<IR:EqpSysVer>6.28.1</IR:EqpSysVer>
			<IR:EqpInfo>DrillingMethod: DTH</IR:EqpInfo>
		</IR:EquipmentInfo>
	</IR:GenHead>
	<IR:ReportId>MWDRI282158</IR:ReportId>
	<IR:StartLogTime>2024-12-28T21:53:02</IR:StartLogTime>
	<IR:EndLogTime>2024-12-28T21:56:57</IR:EndLogTime>
	<IR:PlanIdRef>TRN08_21_0530_001_All</IR:PlanIdRef>
	<IR:PlanNameRef>TRN08_21_0530_001_All</IR:PlanNameRef>
	<MWDholeId>K47</MWDholeId>
	<QualityReportIdRef>DQRI272324</QualityReportIdRef>
	<SampleDistance>0.100</SampleDistance>
	<CompactMWDdata>
		<MWDparams>
			<Parameter Unit="m/min" Full="PenetrRate">PR</Parameter>
			<Parameter Unit="Bar" Full="PercPressure">PP</Parameter>
			<Parameter Unit="Bar" Full="FeedPressure">FP</Parameter>
			<Parameter Unit="Bar" Full="DampPressure">DP</Parameter>
			<Parameter Unit="Bar" Full="RotPressure">RP</Parameter>
			<Parameter Unit="Bar" Full="FlushPressure">FLP</Parameter>
		</MWDparams>
		<Samples TimeTag="2024-12-28T21:53:02" DepthTag="0.100">0.726 18.146 43.290 0.000 20.556 18.146 </Samples>
		<Samples TimeTag="2024-12-28T21:53:07" DepthTag="0.201">1.262 17.978 36.528 0.000 36.743 17.978 </Samples>
		<Samples TimeTag="2024-12-28T21:53:09" DepthTag="0.310">2.469 17.029 38.981 0.000 40.868 17.029 </Samples>
		<Samples TimeTag="2024-12-28T21:53:12" DepthTag="0.414">2.206 16.402 41.527 0.000 46.406 16.402 </Samples>
		<Samples TimeTag="2024-12-28T21:53:15" DepthTag="0.514">1.786 15.881 39.940 0.000 43.729 15.881 </Samples>
		<Samples TimeTag="2024-12-28T21:53:35" DepthTag="0.614">0.937 5.324 33.766 0.000 37.121 5.324 </Samples>
		<Samples TimeTag="2024-12-28T21:53:41" DepthTag="0.716">1.018 12.623 43.363 0.000 49.707 12.623 </Samples>
		<Samples TimeTag="2024-12-28T21:53:45" DepthTag="0.822">1.384 14.091 38.403 0.000 43.897 14.091 </Samples>
		<Samples TimeTag="2024-12-28T21:53:49" DepthTag="0.925">1.545 14.382 39.278 0.000 41.483 14.382 </Samples>
		<Samples TimeTag="2024-12-28T21:53:53" DepthTag="1.032">2.001 14.535 40.453 0.000 47.500 14.535 </Samples>
		<Samples TimeTag="2024-12-28T21:54:19" DepthTag="1.136">0.756 8.644 45.480 0.000 50.872 8.644 </Samples>
		<Samples TimeTag="2024-12-28T21:54:24" DepthTag="1.240">1.157 12.760 40.287 0.000 46.624 12.760 </Samples>
		<Samples TimeTag="2024-12-28T21:54:28" DepthTag="1.342">1.702 14.260 40.266 0.000 43.969 14.260 </Samples>
		<Samples TimeTag="2024-12-28T21:54:32" DepthTag="1.449">1.787 14.841 39.920 0.000 43.451 14.841 </Samples>
		<Samples TimeTag="2024-12-28T21:54:59" DepthTag="1.577">0.920 5.875 21.470 0.000 25.203 5.875 </Samples>
		<Samples TimeTag="2024-12-28T21:55:03" DepthTag="1.680">1.544 13.250 45.626 0.000 49.513 13.250 </Samples>
		<Samples TimeTag="2024-12-28T21:55:07" DepthTag="1.782">1.513 15.698 44.701 0.000 45.910 15.698 </Samples>
		<Samples TimeTag="2024-12-28T21:55:12" DepthTag="1.886">1.297 17.503 45.003 0.000 45.479 17.503 </Samples>
		<Samples TimeTag="2024-12-28T21:55:15" DepthTag="1.991">1.671 18.452 44.805 0.000 45.290 18.452 </Samples>
		<Samples TimeTag="2024-12-28T21:55:18" DepthTag="2.093">2.067 18.788 44.130 0.000 42.940 18.788 </Samples>
		<Samples TimeTag="2024-12-28T21:55:20" DepthTag="2.194">3.023 19.232 44.457 0.000 46.832 19.232 </Samples>
		<Samples TimeTag="2024-12-28T21:55:24" DepthTag="2.300">1.841 20.257 44.484 0.000 56.077 20.257 </Samples>
		<Samples TimeTag="2024-12-28T21:55:26" DepthTag="2.402">2.825 20.288 44.260 0.000 44.463 20.288 </Samples>
		<Samples TimeTag="2024-12-28T21:55:28" DepthTag="2.515">3.681 20.533 44.787 0.000 49.207 20.533 </Samples>
		<Samples TimeTag="2024-12-28T21:55:32" DepthTag="2.615">1.594 22.277 45.257 0.000 44.191 22.277 </Samples>
		<Samples TimeTag="2024-12-28T21:55:37" DepthTag="2.716">1.157 22.108 44.765 0.000 42.785 22.108 </Samples>
		<Samples TimeTag="2024-12-28T21:55:40" DepthTag="2.822">1.770 21.175 45.270 0.000 41.292 21.175 </Samples>
		<Samples TimeTag="2024-12-28T21:55:44" DepthTag="2.923">1.883 20.579 45.067 0.000 39.871 20.579 </Samples>
		<Samples TimeTag="2024-12-28T21:55:47" DepthTag="3.031">2.179 20.150 45.176 0.000 40.625 20.150 </Samples>
		<Samples TimeTag="2024-12-28T21:55:50" DepthTag="3.134">1.936 19.645 45.385 0.000 40.117 19.645 </Samples>
		<Samples TimeTag="2024-12-28T21:55:53" DepthTag="3.239">1.872 19.309 46.322 0.000 42.498 19.309 </Samples>
		<Samples TimeTag="2024-12-28T21:55:57" DepthTag="3.342">1.708 18.880 45.344 0.000 37.600 18.880 </Samples>
		<Samples TimeTag="2024-12-28T21:56:00" DepthTag="3.446">1.856 18.590 45.523 0.000 43.066 18.590 </Samples>
		<Samples TimeTag="2024-12-28T21:56:03" DepthTag="3.554">2.120 18.482 44.671 0.000 44.847 18.482 </Samples>
		<Samples TimeTag="2024-12-28T21:56:06" DepthTag="3.656">1.899 18.498 44.096 0.000 40.410 18.498 </Samples>
		<Samples TimeTag="2024-12-28T21:56:10" DepthTag="3.758">1.915 18.482 45.089 0.000 44.537 18.482 </Samples>
		<Samples TimeTag="2024-12-28T21:56:13" DepthTag="3.862">1.653 18.207 44.997 0.000 41.424 18.207 </Samples>
		<Samples TimeTag="2024-12-28T21:56:17" DepthTag="3.963">1.802 18.085 44.533 0.000 41.217 18.085 </Samples>
		<Samples TimeTag="2024-12-28T21:56:20" DepthTag="4.069">1.849 17.932 44.676 0.000 39.111 17.932 </Samples>
		<Samples TimeTag="2024-12-28T21:56:23" DepthTag="4.175">1.978 17.932 46.654 0.000 40.132 17.932 </Samples>
		<Samples TimeTag="2024-12-28T21:56:27" DepthTag="4.279">1.580 17.916 44.609 0.000 38.002 17.916 </Samples>
		<Samples TimeTag="2024-12-28T21:56:32" DepthTag="4.382">1.458 17.916 45.502 0.000 35.862 17.916 </Samples>
		<Samples TimeTag="2024-12-28T21:56:36" DepthTag="4.490">1.465 17.901 45.298 0.000 39.468 17.901 </Samples>
		<Samples TimeTag="2024-12-28T21:56:40" DepthTag="4.596">1.442 17.901 45.578 0.000 40.367 17.901 </Samples>
		<Samples TimeTag="2024-12-28T21:56:45" DepthTag="4.702">1.402 17.901 45.269 0.000 41.471 17.901 </Samples>
		<Samples TimeTag="2024-12-28T21:56:49" DepthTag="4.809">1.443 17.932 45.268 0.000 41.302 17.932 </Samples>
		<Samples TimeTag="2024-12-28T21:56:53" DepthTag="4.915">1.589 17.840 39.549 0.000 36.321 17.840 </Samples>
		<Samples TimeTag="2024-12-28T21:56:57" DepthTag="5.018">1.646 17.763 40.339 0.000 38.881 17.763 </Samples>
	</CompactMWDdata>
	<IR:GenTrailer>
		<IR:FileCloseDate>2024-12-28T21:58:22</IR:FileCloseDate>
		<IR:ChkSum>2330225803</IR:ChkSum>
	</IR:GenTrailer>
</DRMWD>
