<?xml version="1.0" encoding="UTF-8"?>
<!-- Generated by the RCS System Epiroc Rock Drills AB -->
<DRMWD xmlns="http://www.iredes.org/xml/DrillRig" xmlns:IR="http://www.iredes.org/xml" xmlns:xsi="http://www.w3.org/2001/XMLSchema-instance" xsi:schemaLocation="http://www.iredes.org/xml/DrillRig C:\Iredes\IR_V1.2.3\xml\DR-DrillRig_V1.2\DrillRig.xsd" IRVersion="V 1.2AC" IRDownwCompat="V 1.2AC" DRMWDDownwCompat="V 1.2AC" DRMWDVersion="V 1.2AC">
	<IR:GenHead>
		<IR:FileCreateDate>2024-12-30T07:53:18</IR:FileCreateDate>
		<IR:IRversion DownwCompat="V 1.0">V 1.2AC</IR:IRversion>
		<IR:EquipmentInfo>
			<IR:EqpManufact>Epiroc</IR:EqpManufact>
			<IR:EqpType>SmartROC D65</IR:EqpType>
			<IR:EqpSerNo>8992013064</IR:EqpSerNo>
			<IR:EqpSysVer>6.28.1</IR:EqpSysVer>
			<IR:EqpInfo>DrillingMethod: DTH</IR:EqpInfo>
		</IR:EquipmentInfo>
	</IR:GenHead>
	<IR:ReportId>MWDRI300753</IR:ReportId>
	<IR:StartLogTime>2024-12-30T07:45:46</IR:StartLogTime>
	<IR:EndLogTime>2024-12-30T07:51:54</IR:EndLogTime>
	<IR:PlanIdRef>TRN09_24_0486_015_All</IR:PlanIdRef>
	<IR:PlanNameRef>TRN09_24_0486_015_All</IR:PlanNameRef>
	<MWDholeId>W25</MWDholeId>
	<QualityReportIdRef>DQRI291907</QualityReportIdRef>
	<SampleDistance>0.100</SampleDistance>
	<CompactMWDdata>
		<MWDparams>
			<Parameter Unit="m/min" Full="PenetrRate">PR</Parameter>
			<Parameter Unit="Bar" Full="PercPressure">PP</Parameter>
			<Parameter Unit="Bar" Full="FeedPressure">FP</Parameter>
			<Parameter Unit="Bar" Full="DampPressure">DP</Parameter>
			<Parameter Unit="Bar" Full="RotPressure">RP</Parameter>
			<Parameter Unit="Bar" Full="FlushPressure">FLP</Parameter>
		</MWDparams>
		<Samples TimeTag="2024-12-30T07:45:46" DepthTag="0.334">1.993 0.000 0.000 0.000 19.310 0.000 </Samples>
		<Samples TimeTag="2024-12-30T07:45:48" DepthTag="0.450">2.729 4.957 29.441 0.000 39.918 4.957 </Samples>
		<Samples TimeTag="2024-12-30T07:46:06" DepthTag="0.552">1.431 3.519 20.112 0.000 21.966 3.519 </Samples>
		<Samples TimeTag="2024-12-30T07:46:07" DepthTag="0.656">5.207 6.074 41.029 0.000 33.058 6.074 </Samples>
		<Samples TimeTag="2024-12-30T07:46:39" DepthTag="0.775">0.343 3.488 17.419 0.000 14.803 3.488 </Samples>
		<Samples TimeTag="2024-12-30T07:46:40" DepthTag="0.890">7.173 3.550 21.101 0.000 25.109 3.550 </Samples>
		<Samples TimeTag="2024-12-30T07:46:41" DepthTag="0.997">5.331 4.529 41.583 0.000 35.405 4.529 </Samples>
		<Samples TimeTag="2024-12-30T07:47:02" DepthTag="1.108">2.700 4.911 21.478 0.000 26.118 4.911 </Samples>
		<Samples TimeTag="2024-12-30T07:47:05" DepthTag="1.210">2.061 12.087 43.319 0.000 38.229 12.087 </Samples>
		<Samples TimeTag="2024-12-30T07:47:07" DepthTag="1.321">3.310 14.749 37.477 0.000 33.812 14.749 </Samples>
		<Samples TimeTag="2024-12-30T07:47:08" DepthTag="1.428">4.008 15.988 39.506 0.000 32.072 15.988 </Samples>
		<Samples TimeTag="2024-12-30T07:47:11" DepthTag="1.542">3.037 17.151 40.336 0.000 36.938 17.151 </Samples>
		<Samples TimeTag="2024-12-30T07:47:13" DepthTag="1.644">3.055 17.809 40.925 0.000 48.859 17.809 </Samples>
		<Samples TimeTag="2024-12-30T07:47:14" DepthTag="1.745">3.434 18.268 36.288 0.000 36.318 18.268 </Samples>
		<Samples TimeTag="2024-12-30T07:47:16" DepthTag="1.845">3.412 17.136 43.569 0.000 36.726 17.136 </Samples>
		<Samples TimeTag="2024-12-30T07:47:20" DepthTag="1.951">1.847 17.733 40.520 0.000 49.805 17.733 </Samples>
		<Samples TimeTag="2024-12-30T07:47:23" DepthTag="2.053">1.624 18.299 42.389 0.000 49.857 18.299 </Samples>
		<Samples TimeTag="2024-12-30T07:47:28" DepthTag="2.160">1.512 17.488 40.250 0.000 47.942 17.488 </Samples>
		<Samples TimeTag="2024-12-30T07:47:33" DepthTag="2.267">1.281 18.314 39.061 0.000 46.149 18.314 </Samples>
		<Samples TimeTag="2024-12-30T07:47:37" DepthTag="2.369">1.394 17.518 40.170 0.000 50.079 17.518 </Samples>
		<Samples TimeTag="2024-12-30T07:47:40" DepthTag="2.471">1.914 18.039 38.910 0.000 44.625 18.039 </Samples>
		<Samples TimeTag="2024-12-30T07:47:48" DepthTag="2.572">0.820 17.396 40.320 0.000 40.963 17.396 </Samples>
		<Samples TimeTag="2024-12-30T07:47:54" DepthTag="2.673">0.884 18.238 40.611 0.000 39.838 18.238 </Samples>
		<Samples TimeTag="2024-12-30T07:48:02" DepthTag="2.773">0.770 17.641 40.257 0.000 35.106 17.641 </Samples>
		<Samples TimeTag="2024-12-30T07:48:09" DepthTag="2.873">0.937 18.069 40.188 0.000 40.217 18.069 </Samples>
		<Samples TimeTag="2024-12-30T07:48:12" DepthTag="2.974">1.681 17.993 39.942 0.000 44.514 17.993 </Samples>
		<Samples TimeTag="2024-12-30T07:48:22" DepthTag="3.076">0.614 17.840 39.662 0.000 40.161 17.840 </Samples>
		<Samples TimeTag="2024-12-30T07:48:28" DepthTag="3.183">1.002 18.207 36.127 0.000 41.387 18.207 </Samples>
		<Samples TimeTag="2024-12-30T07:48:35" DepthTag="3.283">0.974 17.044 41.083 0.000 41.636 17.044 </Samples>
		<Samples TimeTag="2024-12-30T07:48:43" DepthTag="3.383">0.713 17.825 39.954 0.000 40.847 17.825 </Samples>
		<Samples TimeTag="2024-12-30T07:48:50" DepthTag="3.485">0.846 18.131 39.591 0.000 39.697 18.131 </Samples>
		<Samples TimeTag="2024-12-30T07:49:46" DepthTag="3.586">0.291 17.626 47.558 0.000 37.772 17.626 </Samples>
		<Samples TimeTag="2024-12-30T07:49:57" DepthTag="3.686">0.569 17.626 48.369 0.000 36.990 17.626 </Samples>
		<Samples TimeTag="2024-12-30T07:50:11" DepthTag="3.787">0.426 17.687 47.348 0.000 37.431 17.687 </Samples>
		<Samples TimeTag="2024-12-30T07:50:22" DepthTag="3.887">0.527 17.809 48.319 0.000 34.952 17.809 </Samples>
		<Samples TimeTag="2024-12-30T07:50:30" DepthTag="3.989">0.775 17.932 47.245 0.000 40.884 17.932 </Samples>
		<Samples TimeTag="2024-12-30T07:50:38" DepthTag="4.091">0.811 18.039 48.490 0.000 45.759 18.039 </Samples>
		<Samples TimeTag="2024-12-30T07:50:47" DepthTag="4.191">0.625 17.916 47.252 0.000 38.067 17.916 </Samples>
		<Samples TimeTag="2024-12-30T07:50:56" DepthTag="4.292">0.691 17.763 49.150 0.000 36.853 17.763 </Samples>
		<Samples TimeTag="2024-12-30T07:51:07" DepthTag="4.395">0.581 17.733 48.460 0.000 39.284 17.733 </Samples>
		<Samples TimeTag="2024-12-30T07:51:18" DepthTag="4.496">0.554 17.763 48.034 0.000 38.595 17.763 </Samples>
		<Samples TimeTag="2024-12-30T07:51:28" DepthTag="4.597">0.595 17.825 48.309 0.000 36.255 17.825 </Samples>
		<Samples TimeTag="2024-12-30T07:51:38" DepthTag="4.698">0.601 17.855 47.538 0.000 38.964 17.855 </Samples>
		<Samples TimeTag="2024-12-30T07:51:45" DepthTag="4.801">0.888 17.886 46.948 0.000 45.731 17.886 </Samples>
		<Samples TimeTag="2024-12-30T07:51:49" DepthTag="4.910">1.893 18.054 44.317 0.000 37.923 18.054 </Samples>
		<Samples TimeTag="2024-12-30T07:51:50" DepthTag="5.012">3.463 18.023 38.714 0.000 36.494 18.023 </Samples>
		<Samples TimeTag="2024-12-30T07:51:54" DepthTag="5.112">1.504 11.919 0.420 0.000 17.982 11.919 </Samples>
	</CompactMWDdata>
	<IR:GenTrailer>
		<IR:FileCloseDate>2024-12-30T07:53:18</IR:FileCloseDate>
		<IR:ChkSum>3068869282</IR:ChkSum>
	</IR:GenTrailer>
</DRMWD>
