<?xml version="1.0" encoding="UTF-8"?>
<!-- Generated by the RCS System Epiroc Rock Drills AB -->
<DRMWD xmlns="http://www.iredes.org/xml/DrillRig" xmlns:IR="http://www.iredes.org/xml" xmlns:xsi="http://www.w3.org/2001/XMLSchema-instance" xsi:schemaLocation="http://www.iredes.org/xml/DrillRig C:\Iredes\IR_V1.2.3\xml\DR-DrillRig_V1.2\DrillRig.xsd" IRVersion="V 1.2AC" IRDownwCompat="V 1.2AC" DRMWDDownwCompat="V 1.2AC" DRMWDVersion="V 1.2AC">
	<IR:GenHead>
		<IR:FileCreateDate>2024-12-28T10:35:09</IR:FileCreateDate>
		<IR:IRversion DownwCompat="V 1.0">V 1.2AC</IR:IRversion>
		<IR:EquipmentInfo>
			<IR:EqpManufact>Epiroc</IR:EqpManufact>
			<IR:EqpType>SmartROC D65</IR:EqpType>
			<IR:EqpSerNo>8992013064</IR:EqpSerNo>
			<IR:EqpSysVer>6.28.1</IR:EqpSysVer>
			<IR:EqpInfo>DrillingMethod: DTH</IR:EqpInfo>
		</IR:EquipmentInfo>
	</IR:GenHead>
	<IR:ReportId>MWDRI281035</IR:ReportId>
	<IR:StartLogTime>2024-12-28T10:28:37</IR:StartLogTime>
	<IR:EndLogTime>2024-12-28T10:33:44</IR:EndLogTime>
	<IR:PlanIdRef>TRN08_21_0530_001_All</IR:PlanIdRef>
	<IR:PlanNameRef>TRN08_21_0530_001_All</IR:PlanNameRef>
	<MWDholeId>D60</MWDholeId>
	<QualityReportIdRef>DQRI272324</QualityReportIdRef>
	<SampleDistance>0.100</SampleDistance>
	<CompactMWDdata>
		<MWDparams>
			<Parameter Unit="m/min" Full="PenetrRate">PR</Parameter>
			<Parameter Unit="Bar" Full="PercPressure">PP</Parameter>
			<Parameter Unit="Bar" Full="FeedPressure">FP</Parameter>
			<Parameter Unit="Bar" Full="DampPressure">DP</Parameter>
			<Parameter Unit="Bar" Full="RotPressure">RP</Parameter>
			<Parameter Unit="Bar" Full="FlushPressure">FLP</Parameter>
		</MWDparams>
		<Samples TimeTag="2024-12-28T10:28:37" DepthTag="0.102">1.201 10.572 44.087 0.000 21.400 10.572 </Samples>
		<Samples TimeTag="2024-12-28T10:28:46" DepthTag="0.207">0.712 17.886 36.716 0.000 35.213 17.886 </Samples>
		<Samples TimeTag="2024-12-28T10:28:49" DepthTag="0.316">2.322 17.136 39.665 0.000 41.730 17.136 </Samples>
		<Samples TimeTag="2024-12-28T10:28:53" DepthTag="0.421">1.750 16.570 40.734 0.000 44.466 16.570 </Samples>
		<Samples TimeTag="2024-12-28T10:29:14" DepthTag="0.530">0.748 4.911 32.481 0.000 32.522 4.911 </Samples>
		<Samples TimeTag="2024-12-28T10:29:19" DepthTag="0.630">1.026 12.470 42.518 0.000 46.474 12.470 </Samples>
		<Samples TimeTag="2024-12-28T10:29:24" DepthTag="0.734">1.249 14.719 40.563 0.000 45.845 14.719 </Samples>
		<Samples TimeTag="2024-12-28T10:29:29" DepthTag="0.835">1.382 14.856 38.775 0.000 42.621 14.856 </Samples>
		<Samples TimeTag="2024-12-28T10:29:33" DepthTag="0.936">1.372 14.887 39.630 0.000 43.336 14.887 </Samples>
		<Samples TimeTag="2024-12-28T10:30:02" DepthTag="1.037">0.534 11.842 46.378 0.000 45.474 11.842 </Samples>
		<Samples TimeTag="2024-12-28T10:30:09" DepthTag="1.140">0.909 14.703 39.620 0.000 45.568 14.703 </Samples>
		<Samples TimeTag="2024-12-28T10:30:13" DepthTag="1.241">1.368 14.749 39.340 0.000 42.436 14.749 </Samples>
		<Samples TimeTag="2024-12-28T10:30:18" DepthTag="1.343">1.334 14.918 39.955 0.000 42.568 14.918 </Samples>
		<Samples TimeTag="2024-12-28T10:30:22" DepthTag="1.445">1.339 15.071 39.779 0.000 41.601 15.071 </Samples>
		<Samples TimeTag="2024-12-28T10:30:48" DepthTag="1.556">0.848 6.732 30.377 0.000 33.040 6.732 </Samples>
		<Samples TimeTag="2024-12-28T10:30:53" DepthTag="1.660">1.419 15.055 45.211 0.000 48.826 15.055 </Samples>
		<Samples TimeTag="2024-12-28T10:30:58" DepthTag="1.760">1.212 18.008 44.834 0.000 47.797 18.008 </Samples>
		<Samples TimeTag="2024-12-28T10:31:02" DepthTag="1.866">1.648 18.635 44.322 0.000 43.128 18.635 </Samples>
		<Samples TimeTag="2024-12-28T10:31:05" DepthTag="1.970">1.651 19.263 44.743 0.000 43.296 19.263 </Samples>
		<Samples TimeTag="2024-12-28T10:31:09" DepthTag="2.072">1.620 19.722 45.398 0.000 42.279 19.722 </Samples>
		<Samples TimeTag="2024-12-28T10:31:13" DepthTag="2.177">1.636 19.829 45.227 0.000 41.965 19.829 </Samples>
		<Samples TimeTag="2024-12-28T10:31:17" DepthTag="2.278">1.604 20.257 45.748 0.000 45.594 20.257 </Samples>
		<Samples TimeTag="2024-12-28T10:31:21" DepthTag="2.381">1.544 20.380 45.252 0.000 40.931 20.380 </Samples>
		<Samples TimeTag="2024-12-28T10:31:25" DepthTag="2.486">1.567 20.823 45.294 0.000 47.196 20.823 </Samples>
		<Samples TimeTag="2024-12-28T10:31:30" DepthTag="2.586">1.253 21.665 45.110 0.000 41.582 21.665 </Samples>
		<Samples TimeTag="2024-12-28T10:31:34" DepthTag="2.688">1.339 21.695 44.907 0.000 35.850 21.695 </Samples>
		<Samples TimeTag="2024-12-28T10:31:39" DepthTag="2.791">1.400 21.757 44.436 0.000 42.275 21.757 </Samples>
		<Samples TimeTag="2024-12-28T10:31:44" DepthTag="2.893">1.192 22.323 45.181 0.000 40.805 22.323 </Samples>
		<Samples TimeTag="2024-12-28T10:31:49" DepthTag="2.997">1.233 22.277 45.908 0.000 41.258 22.277 </Samples>
		<Samples TimeTag="2024-12-28T10:31:54" DepthTag="3.098">1.255 22.353 45.697 0.000 44.193 22.353 </Samples>
		<Samples TimeTag="2024-12-28T10:31:59" DepthTag="3.201">1.249 22.491 44.907 0.000 40.115 22.491 </Samples>
		<Samples TimeTag="2024-12-28T10:32:04" DepthTag="3.302">1.162 22.858 45.143 0.000 40.768 22.858 </Samples>
		<Samples TimeTag="2024-12-28T10:32:09" DepthTag="3.403">1.160 23.302 45.430 0.000 36.237 23.302 </Samples>
		<Samples TimeTag="2024-12-28T10:32:14" DepthTag="3.505">1.285 23.470 44.612 0.000 38.713 23.470 </Samples>
		<Samples TimeTag="2024-12-28T10:32:19" DepthTag="3.605">1.152 24.296 45.069 0.000 43.915 24.296 </Samples>
		<Samples TimeTag="2024-12-28T10:32:25" DepthTag="3.708">1.109 25.169 44.988 0.000 39.685 25.169 </Samples>
		<Samples TimeTag="2024-12-28T10:32:30" DepthTag="3.810">1.041 25.995 44.930 0.000 42.334 25.995 </Samples>
		<Samples TimeTag="2024-12-28T10:32:35" DepthTag="3.911">1.276 25.628 44.603 0.000 45.593 25.628 </Samples>
		<Samples TimeTag="2024-12-28T10:32:40" DepthTag="4.012">1.311 25.536 44.943 0.000 43.728 25.536 </Samples>
		<Samples TimeTag="2024-12-28T10:32:44" DepthTag="4.118">1.444 25.276 45.644 0.000 46.172 25.276 </Samples>
		<Samples TimeTag="2024-12-28T10:32:50" DepthTag="4.220">1.135 25.857 45.350 0.000 44.805 25.857 </Samples>
		<Samples TimeTag="2024-12-28T10:32:59" DepthTag="4.322">0.634 14.382 45.084 0.000 59.281 14.382 </Samples>
		<Samples TimeTag="2024-12-28T10:33:06" DepthTag="4.422">0.896 20.028 44.541 0.000 58.047 20.028 </Samples>
		<Samples TimeTag="2024-12-28T10:33:12" DepthTag="4.524">0.954 22.751 45.303 0.000 54.348 22.751 </Samples>
		<Samples TimeTag="2024-12-28T10:33:18" DepthTag="4.626">1.013 24.801 45.067 0.000 55.333 24.801 </Samples>
		<Samples TimeTag="2024-12-28T10:33:37" DepthTag="4.734">0.348 13.265 32.532 0.000 37.015 13.265 </Samples>
		<Samples TimeTag="2024-12-28T10:33:44" DepthTag="4.836">0.879 18.482 39.385 0.000 48.338 18.482 </Samples>
	</CompactMWDdata>
	<IR:GenTrailer>
		<IR:FileCloseDate>2024-12-28T10:35:09</IR:FileCloseDate>
		<IR:ChkSum>4225492375</IR:ChkSum>
	</IR:GenTrailer>
</DRMWD>
