<?xml version="1.0" encoding="UTF-8"?>
<!-- Generated by the RCS System Epiroc Rock Drills AB -->
<DRMWD xmlns="http://www.iredes.org/xml/DrillRig" xmlns:IR="http://www.iredes.org/xml" xmlns:xsi="http://www.w3.org/2001/XMLSchema-instance" xsi:schemaLocation="http://www.iredes.org/xml/DrillRig C:\Iredes\IR_V1.2.3\xml\DR-DrillRig_V1.2\DrillRig.xsd" IRVersion="V 1.2AC" IRDownwCompat="V 1.2AC" DRMWDDownwCompat="V 1.2AC" DRMWDVersion="V 1.2AC">
	<IR:GenHead>
		<IR:FileCreateDate>2024-12-30T08:41:28</IR:FileCreateDate>
		<IR:IRversion DownwCompat="V 1.0">V 1.2AC</IR:IRversion>
		<IR:EquipmentInfo>
			<IR:EqpManufact>Epiroc</IR:EqpManufact>
			<IR:EqpType>SmartROC D65</IR:EqpType>
			<IR:EqpSerNo>8992013064</IR:EqpSerNo>
			<IR:EqpSysVer>6.28.1</IR:EqpSysVer>
			<IR:EqpInfo>DrillingMethod: DTH</IR:EqpInfo>
		</IR:EquipmentInfo>
	</IR:GenHead>
	<IR:ReportId>MWDRI300841</IR:ReportId>
	<IR:StartLogTime>2024-12-30T08:35:22</IR:StartLogTime>
	<IR:EndLogTime>2024-12-30T08:40:02</IR:EndLogTime>
	<IR:PlanIdRef>TRN09_24_0486_015_All</IR:PlanIdRef>
	<IR:PlanNameRef>TRN09_24_0486_015_All</IR:PlanNameRef>
	<MWDholeId>W23</MWDholeId>
	<QualityReportIdRef>DQRI291907</QualityReportIdRef>
	<SampleDistance>0.100</SampleDistance>
	<CompactMWDdata>
		<MWDparams>
			<Parameter Unit="m/min" Full="PenetrRate">PR</Parameter>
			<Parameter Unit="Bar" Full="PercPressure">PP</Parameter>
			<Parameter Unit="Bar" Full="FeedPressure">FP</Parameter>
			<Parameter Unit="Bar" Full="DampPressure">DP</Parameter>
			<Parameter Unit="Bar" Full="RotPressure">RP</Parameter>
			<Parameter Unit="Bar" Full="FlushPressure">FLP</Parameter>
		</MWDparams>
		<Samples TimeTag="2024-12-30T08:35:22" DepthTag="0.104">0.489 17.809 38.757 0.000 29.562 17.809 </Samples>
		<Samples TimeTag="2024-12-30T08:35:29" DepthTag="0.206">0.915 18.222 41.241 0.000 31.868 18.222 </Samples>
		<Samples TimeTag="2024-12-30T08:35:34" DepthTag="0.313">1.234 18.605 38.501 0.000 30.795 18.605 </Samples>
		<Samples TimeTag="2024-12-30T08:35:36" DepthTag="0.418">2.919 17.365 36.820 0.000 27.211 17.365 </Samples>
		<Samples TimeTag="2024-12-30T08:35:40" DepthTag="0.521">1.637 18.544 40.432 0.000 29.862 18.544 </Samples>
		<Samples TimeTag="2024-12-30T08:36:02" DepthTag="0.623">0.704 8.675 49.055 0.000 35.516 8.675 </Samples>
		<Samples TimeTag="2024-12-30T08:36:08" DepthTag="0.724">1.048 16.371 39.399 0.000 30.427 16.371 </Samples>
		<Samples TimeTag="2024-12-30T08:36:11" DepthTag="0.827">1.636 17.243 39.760 0.000 33.953 17.243 </Samples>
		<Samples TimeTag="2024-12-30T08:36:13" DepthTag="0.928">3.039 16.906 35.288 0.000 29.893 16.906 </Samples>
		<Samples TimeTag="2024-12-30T08:36:15" DepthTag="1.038">3.274 16.769 32.354 0.000 32.021 16.769 </Samples>
		<Samples TimeTag="2024-12-30T08:36:38" DepthTag="1.151">1.413 4.758 37.765 0.000 46.081 4.758 </Samples>
		<Samples TimeTag="2024-12-30T08:36:40" DepthTag="1.257">4.397 7.987 46.717 0.000 39.869 7.987 </Samples>
		<Samples TimeTag="2024-12-30T08:36:42" DepthTag="1.358">3.784 11.613 37.078 0.000 28.201 11.613 </Samples>
		<Samples TimeTag="2024-12-30T08:36:43" DepthTag="1.475">5.855 13.709 28.805 0.000 25.090 13.709 </Samples>
		<Samples TimeTag="2024-12-30T08:36:44" DepthTag="1.587">6.963 15.009 28.229 0.000 24.622 15.009 </Samples>
		<Samples TimeTag="2024-12-30T08:36:45" DepthTag="1.691">6.494 16.142 30.950 0.000 24.009 16.142 </Samples>
		<Samples TimeTag="2024-12-30T08:36:46" DepthTag="1.806">6.614 17.335 29.058 0.000 22.942 17.335 </Samples>
		<Samples TimeTag="2024-12-30T08:36:47" DepthTag="1.908">4.506 18.008 42.130 0.000 31.580 18.008 </Samples>
		<Samples TimeTag="2024-12-30T08:36:49" DepthTag="2.018">3.565 18.559 42.132 0.000 34.849 18.559 </Samples>
		<Samples TimeTag="2024-12-30T08:36:51" DepthTag="2.126">3.679 17.228 41.811 0.000 31.627 17.228 </Samples>
		<Samples TimeTag="2024-12-30T08:36:53" DepthTag="2.229">3.090 18.314 37.362 0.000 31.740 18.314 </Samples>
		<Samples TimeTag="2024-12-30T08:36:54" DepthTag="2.340">4.603 17.993 38.335 0.000 29.786 17.993 </Samples>
		<Samples TimeTag="2024-12-30T08:36:56" DepthTag="2.450">3.058 17.503 40.166 0.000 34.550 17.503 </Samples>
		<Samples TimeTag="2024-12-30T08:37:00" DepthTag="2.552">1.456 17.916 42.532 0.000 46.694 17.916 </Samples>
		<Samples TimeTag="2024-12-30T08:37:04" DepthTag="2.652">1.496 17.733 41.851 0.000 40.302 17.733 </Samples>
		<Samples TimeTag="2024-12-30T08:37:08" DepthTag="2.756">1.729 18.284 39.778 0.000 36.002 18.284 </Samples>
		<Samples TimeTag="2024-12-30T08:37:11" DepthTag="2.857">1.901 17.014 38.892 0.000 41.460 17.014 </Samples>
		<Samples TimeTag="2024-12-30T08:37:14" DepthTag="2.961">1.947 17.748 41.420 0.000 43.438 17.748 </Samples>
		<Samples TimeTag="2024-12-30T08:37:18" DepthTag="3.068">1.893 18.115 39.247 0.000 42.625 18.115 </Samples>
		<Samples TimeTag="2024-12-30T08:37:20" DepthTag="3.170">2.567 18.360 39.688 0.000 44.775 18.360 </Samples>
		<Samples TimeTag="2024-12-30T08:37:23" DepthTag="3.273">2.741 17.044 39.378 0.000 50.202 17.044 </Samples>
		<Samples TimeTag="2024-12-30T08:37:31" DepthTag="3.374">0.722 17.916 39.998 0.000 40.725 17.916 </Samples>
		<Samples TimeTag="2024-12-30T08:37:42" DepthTag="3.476">0.574 18.222 40.656 0.000 39.186 18.222 </Samples>
		<Samples TimeTag="2024-12-30T08:38:25" DepthTag="3.577">0.370 8.186 44.688 0.000 49.293 8.186 </Samples>
		<Samples TimeTag="2024-12-30T08:38:29" DepthTag="3.678">1.271 14.780 46.835 0.000 48.571 14.780 </Samples>
		<Samples TimeTag="2024-12-30T08:38:34" DepthTag="3.780">1.387 16.356 47.706 0.000 50.836 16.356 </Samples>
		<Samples TimeTag="2024-12-30T08:38:39" DepthTag="3.882">1.261 17.090 47.707 0.000 50.673 17.090 </Samples>
		<Samples TimeTag="2024-12-30T08:38:43" DepthTag="3.983">1.326 17.396 49.107 0.000 41.545 17.396 </Samples>
		<Samples TimeTag="2024-12-30T08:38:49" DepthTag="4.084">1.132 17.564 48.580 0.000 40.183 17.564 </Samples>
		<Samples TimeTag="2024-12-30T08:38:57" DepthTag="4.187">0.746 17.411 47.733 0.000 39.591 17.411 </Samples>
		<Samples TimeTag="2024-12-30T08:39:02" DepthTag="4.292">1.273 17.503 47.599 0.000 43.779 17.503 </Samples>
		<Samples TimeTag="2024-12-30T08:39:07" DepthTag="4.395">1.180 17.595 48.006 0.000 52.072 17.595 </Samples>
		<Samples TimeTag="2024-12-30T08:39:14" DepthTag="4.495">0.833 17.610 48.154 0.000 45.997 17.610 </Samples>
		<Samples TimeTag="2024-12-30T08:39:22" DepthTag="4.596">0.781 17.534 48.269 0.000 39.123 17.534 </Samples>
		<Samples TimeTag="2024-12-30T08:39:31" DepthTag="4.698">0.677 17.442 47.387 0.000 36.820 17.442 </Samples>
		<Samples TimeTag="2024-12-30T08:39:38" DepthTag="4.798">0.860 17.503 49.340 0.000 37.955 17.503 </Samples>
		<Samples TimeTag="2024-12-30T08:39:45" DepthTag="4.901">0.879 17.488 47.611 0.000 37.270 17.488 </Samples>
		<Samples TimeTag="2024-12-30T08:39:53" DepthTag="5.003">0.787 16.799 40.583 0.000 36.020 16.799 </Samples>
		<Samples TimeTag="2024-12-30T08:40:02" DepthTag="5.105">0.649 16.815 39.227 0.000 35.161 16.815 </Samples>
	</CompactMWDdata>
	<IR:GenTrailer>
		<IR:FileCloseDate>2024-12-30T08:41:28</IR:FileCloseDate>
		<IR:ChkSum>1845340690</IR:ChkSum>
	</IR:GenTrailer>
</DRMWD>
