<?xml version="1.0" encoding="UTF-8"?>
<!-- Generated by the RCS System Epiroc Rock Drills AB -->
<DRMWD xmlns="http://www.iredes.org/xml/DrillRig" xmlns:IR="http://www.iredes.org/xml" xmlns:xsi="http://www.w3.org/2001/XMLSchema-instance" xsi:schemaLocation="http://www.iredes.org/xml/DrillRig C:\Iredes\IR_V1.2.3\xml\DR-DrillRig_V1.2\DrillRig.xsd" IRVersion="V 1.2AC" IRDownwCompat="V 1.2AC" DRMWDDownwCompat="V 1.2AC" DRMWDVersion="V 1.2AC">
	<IR:GenHead>
		<IR:FileCreateDate>2024-12-30T12:01:40</IR:FileCreateDate>
		<IR:IRversion DownwCompat="V 1.0">V 1.2AC</IR:IRversion>
		<IR:EquipmentInfo>
			<IR:EqpManufact>Epiroc</IR:EqpManufact>
			<IR:EqpType>SmartROC D65</IR:EqpType>
			<IR:EqpSerNo>8992013064</IR:EqpSerNo>
			<IR:EqpSysVer>6.28.1</IR:EqpSysVer>
			<IR:EqpInfo>DrillingMethod: DTH</IR:EqpInfo>
		</IR:EquipmentInfo>
	</IR:GenHead>
	<IR:ReportId>MWDRI301201</IR:ReportId>
	<IR:StartLogTime>2024-12-30T11:55:06</IR:StartLogTime>
	<IR:EndLogTime>2024-12-30T12:00:20</IR:EndLogTime>
	<IR:PlanIdRef>TRN09_24_0486_015_All</IR:PlanIdRef>
	<IR:PlanNameRef>TRN09_24_0486_015_All</IR:PlanNameRef>
	<MWDholeId>Y27</MWDholeId>
	<QualityReportIdRef>DQRI291907</QualityReportIdRef>
	<SampleDistance>0.100</SampleDistance>
	<CompactMWDdata>
		<MWDparams>
			<Parameter Unit="m/min" Full="PenetrRate">PR</Parameter>
			<Parameter Unit="Bar" Full="PercPressure">PP</Parameter>
			<Parameter Unit="Bar" Full="FeedPressure">FP</Parameter>
			<Parameter Unit="Bar" Full="DampPressure">DP</Parameter>
			<Parameter Unit="Bar" Full="RotPressure">RP</Parameter>
			<Parameter Unit="Bar" Full="FlushPressure">FLP</Parameter>
		</MWDparams>
		<Samples TimeTag="2024-12-30T11:55:06" DepthTag="0.107">0.461 18.008 37.209 0.000 28.550 18.008 </Samples>
		<Samples TimeTag="2024-12-30T11:55:10" DepthTag="0.211">1.580 17.794 39.418 0.000 28.898 17.794 </Samples>
		<Samples TimeTag="2024-12-30T11:55:14" DepthTag="0.317">1.651 16.937 39.979 0.000 34.758 16.937 </Samples>
		<Samples TimeTag="2024-12-30T11:55:16" DepthTag="0.420">2.084 16.340 39.655 0.000 35.111 16.340 </Samples>
		<Samples TimeTag="2024-12-30T11:55:37" DepthTag="0.545">0.936 5.202 36.178 0.000 28.470 5.202 </Samples>
		<Samples TimeTag="2024-12-30T11:55:44" DepthTag="0.648">0.961 13.403 41.174 0.000 37.605 13.403 </Samples>
		<Samples TimeTag="2024-12-30T11:55:47" DepthTag="0.749">1.901 14.382 38.048 0.000 32.563 14.382 </Samples>
		<Samples TimeTag="2024-12-30T11:55:49" DepthTag="0.855">2.935 14.657 36.947 0.000 31.076 14.657 </Samples>
		<Samples TimeTag="2024-12-30T11:55:51" DepthTag="0.959">3.096 14.902 38.183 0.000 27.906 14.902 </Samples>
		<Samples TimeTag="2024-12-30T11:56:14" DepthTag="1.080">1.294 4.789 21.262 0.000 23.827 4.789 </Samples>
		<Samples TimeTag="2024-12-30T11:56:18" DepthTag="1.184">1.861 13.296 44.309 0.000 31.070 13.296 </Samples>
		<Samples TimeTag="2024-12-30T11:56:20" DepthTag="1.289">2.234 16.830 41.813 0.000 28.924 16.830 </Samples>
		<Samples TimeTag="2024-12-30T11:56:24" DepthTag="1.392">1.924 18.727 40.985 0.000 28.435 18.727 </Samples>
		<Samples TimeTag="2024-12-30T11:56:27" DepthTag="1.495">1.937 18.758 39.222 0.000 25.608 18.758 </Samples>
		<Samples TimeTag="2024-12-30T11:56:29" DepthTag="1.600">2.440 17.809 40.718 0.000 28.271 17.809 </Samples>
		<Samples TimeTag="2024-12-30T11:56:32" DepthTag="1.700">2.152 17.564 40.402 0.000 29.949 17.564 </Samples>
		<Samples TimeTag="2024-12-30T11:56:37" DepthTag="1.803">1.184 17.212 37.036 0.000 32.692 17.212 </Samples>
		<Samples TimeTag="2024-12-30T11:56:40" DepthTag="1.903">2.141 17.901 39.675 0.000 40.236 17.901 </Samples>
		<Samples TimeTag="2024-12-30T11:56:44" DepthTag="2.006">1.831 17.687 39.620 0.000 42.378 17.687 </Samples>
		<Samples TimeTag="2024-12-30T11:56:47" DepthTag="2.110">1.622 17.886 40.465 0.000 47.287 17.886 </Samples>
		<Samples TimeTag="2024-12-30T11:56:52" DepthTag="2.218">1.609 17.014 39.432 0.000 40.016 17.014 </Samples>
		<Samples TimeTag="2024-12-30T11:56:55" DepthTag="2.325">2.162 17.473 40.102 0.000 36.234 17.473 </Samples>
		<Samples TimeTag="2024-12-30T11:56:58" DepthTag="2.426">1.798 18.115 40.204 0.000 35.208 18.115 </Samples>
		<Samples TimeTag="2024-12-30T11:57:00" DepthTag="2.530">2.593 18.329 36.992 0.000 32.752 18.329 </Samples>
		<Samples TimeTag="2024-12-30T11:57:03" DepthTag="2.635">2.824 16.922 39.263 0.000 34.069 16.922 </Samples>
		<Samples TimeTag="2024-12-30T11:57:09" DepthTag="2.736">1.002 17.916 41.294 0.000 37.684 17.916 </Samples>
		<Samples TimeTag="2024-12-30T11:57:16" DepthTag="2.839">0.838 17.320 40.552 0.000 36.904 17.320 </Samples>
		<Samples TimeTag="2024-12-30T11:57:22" DepthTag="2.940">0.920 17.702 39.748 0.000 35.456 17.702 </Samples>
		<Samples TimeTag="2024-12-30T11:57:29" DepthTag="3.040">0.860 18.192 40.612 0.000 38.332 18.192 </Samples>
		<Samples TimeTag="2024-12-30T11:57:36" DepthTag="3.143">0.960 16.906 39.762 0.000 41.238 16.906 </Samples>
		<Samples TimeTag="2024-12-30T11:57:45" DepthTag="3.243">0.681 17.932 40.393 0.000 40.015 17.932 </Samples>
		<Samples TimeTag="2024-12-30T11:57:52" DepthTag="3.344">0.780 18.161 37.458 0.000 38.674 18.161 </Samples>
		<Samples TimeTag="2024-12-30T11:57:57" DepthTag="3.446">1.476 16.922 37.450 0.000 46.029 16.922 </Samples>
		<Samples TimeTag="2024-12-30T11:58:40" DepthTag="3.548">0.349 10.328 44.793 0.000 42.130 10.328 </Samples>
		<Samples TimeTag="2024-12-30T11:58:49" DepthTag="3.650">0.685 16.325 46.885 0.000 41.099 16.325 </Samples>
		<Samples TimeTag="2024-12-30T11:58:55" DepthTag="3.752">1.020 17.274 47.832 0.000 42.580 17.274 </Samples>
		<Samples TimeTag="2024-12-30T11:59:03" DepthTag="3.856">0.812 17.534 47.387 0.000 45.252 17.534 </Samples>
		<Samples TimeTag="2024-12-30T11:59:09" DepthTag="3.960">1.114 17.518 48.089 0.000 39.477 17.518 </Samples>
		<Samples TimeTag="2024-12-30T11:59:14" DepthTag="4.062">1.033 17.488 49.403 0.000 40.781 17.488 </Samples>
		<Samples TimeTag="2024-12-30T11:59:19" DepthTag="4.165">1.228 17.687 48.239 0.000 34.342 17.687 </Samples>
		<Samples TimeTag="2024-12-30T11:59:32" DepthTag="4.265">0.493 17.534 48.604 0.000 37.737 17.534 </Samples>
		<Samples TimeTag="2024-12-30T11:59:46" DepthTag="4.366">0.413 13.387 40.422 0.000 35.152 13.387 </Samples>
		<Samples TimeTag="2024-12-30T12:00:20" DepthTag="4.466">0.276 15.774 40.086 0.000 33.831 15.774 </Samples>
	</CompactMWDdata>
	<IR:GenTrailer>
		<IR:FileCloseDate>2024-12-30T12:01:40</IR:FileCloseDate>
		<IR:ChkSum>1384701284</IR:ChkSum>
	</IR:GenTrailer>
</DRMWD>
