<?xml version="1.0" encoding="UTF-8"?>
<!-- Generated by the RCS System Epiroc Rock Drills AB -->
<DRMWD xmlns="http://www.iredes.org/xml/DrillRig" xmlns:IR="http://www.iredes.org/xml" xmlns:xsi="http://www.w3.org/2001/XMLSchema-instance" xsi:schemaLocation="http://www.iredes.org/xml/DrillRig C:\Iredes\IR_V1.2.3\xml\DR-DrillRig_V1.2\DrillRig.xsd" IRVersion="V 1.2AC" IRDownwCompat="V 1.2AC" DRMWDDownwCompat="V 1.2AC" DRMWDVersion="V 1.2AC">
	<IR:GenHead>
		<IR:FileCreateDate>2024-12-28T19:24:32</IR:FileCreateDate>
		<IR:IRversion DownwCompat="V 1.0">V 1.2AC</IR:IRversion>
		<IR:EquipmentInfo>
			<IR:EqpManufact>Epiroc</IR:EqpManufact>
			<IR:EqpType>SmartROC D65</IR:EqpType>
			<IR:EqpSerNo>8992013064</IR:EqpSerNo>
			<IR:EqpSysVer>6.28.1</IR:EqpSysVer>
			<IR:EqpInfo>DrillingMethod: DTH</IR:EqpInfo>
		</IR:EquipmentInfo>
	</IR:GenHead>
	<IR:ReportId>MWDRI281924</IR:ReportId>
	<IR:StartLogTime>2024-12-28T19:18:06</IR:StartLogTime>
	<IR:EndLogTime>2024-12-28T19:23:07</IR:EndLogTime>
	<IR:PlanIdRef>TRN08_21_0530_001_All</IR:PlanIdRef>
	<IR:PlanNameRef>TRN08_21_0530_001_All</IR:PlanNameRef>
	<MWDholeId>J49</MWDholeId>
	<QualityReportIdRef>DQRI272324</QualityReportIdRef>
	<SampleDistance>0.100</SampleDistance>
	<CompactMWDdata>
		<MWDparams>
			<Parameter Unit="m/min" Full="PenetrRate">PR</Parameter>
			<Parameter Unit="Bar" Full="PercPressure">PP</Parameter>
			<Parameter Unit="Bar" Full="FeedPressure">FP</Parameter>
			<Parameter Unit="Bar" Full="DampPressure">DP</Parameter>
			<Parameter Unit="Bar" Full="RotPressure">RP</Parameter>
			<Parameter Unit="Bar" Full="FlushPressure">FLP</Parameter>
		</MWDparams>
		<Samples TimeTag="2024-12-28T19:18:06" DepthTag="0.111">0.516 19.752 34.787 0.000 29.878 19.752 </Samples>
		<Samples TimeTag="2024-12-28T19:18:09" DepthTag="0.217">2.654 18.329 38.017 0.000 38.507 18.329 </Samples>
		<Samples TimeTag="2024-12-28T19:18:11" DepthTag="0.333">2.891 17.427 36.785 0.000 39.101 17.427 </Samples>
		<Samples TimeTag="2024-12-28T19:18:14" DepthTag="0.444">2.235 16.677 40.296 0.000 44.525 16.677 </Samples>
		<Samples TimeTag="2024-12-28T19:18:35" DepthTag="0.564">0.930 4.177 33.675 0.000 40.742 4.177 </Samples>
		<Samples TimeTag="2024-12-28T19:18:42" DepthTag="0.668">0.858 13.127 41.409 0.000 50.084 13.127 </Samples>
		<Samples TimeTag="2024-12-28T19:18:49" DepthTag="0.770">0.936 14.948 40.087 0.000 50.487 14.948 </Samples>
		<Samples TimeTag="2024-12-28T19:18:54" DepthTag="0.871">1.128 15.377 38.425 0.000 45.553 15.377 </Samples>
		<Samples TimeTag="2024-12-28T19:19:01" DepthTag="0.972">0.919 15.958 41.472 0.000 58.331 15.958 </Samples>
		<Samples TimeTag="2024-12-28T19:19:34" DepthTag="1.074">0.423 13.969 41.531 0.000 53.623 13.969 </Samples>
		<Samples TimeTag="2024-12-28T19:19:42" DepthTag="1.179">0.853 15.116 39.163 0.000 45.561 15.116 </Samples>
		<Samples TimeTag="2024-12-28T19:19:47" DepthTag="1.281">1.138 15.392 40.205 0.000 45.920 15.392 </Samples>
		<Samples TimeTag="2024-12-28T19:19:52" DepthTag="1.385">1.332 15.499 39.460 0.000 43.496 15.499 </Samples>
		<Samples TimeTag="2024-12-28T19:19:57" DepthTag="1.485">1.278 15.468 39.256 0.000 46.121 15.468 </Samples>
		<Samples TimeTag="2024-12-28T19:20:23" DepthTag="1.588">0.859 8.201 42.715 0.000 47.806 8.201 </Samples>
		<Samples TimeTag="2024-12-28T19:20:27" DepthTag="1.689">1.381 14.428 45.376 0.000 49.999 14.428 </Samples>
		<Samples TimeTag="2024-12-28T19:20:31" DepthTag="1.790">1.419 16.142 44.450 0.000 48.470 16.142 </Samples>
		<Samples TimeTag="2024-12-28T19:20:35" DepthTag="1.894">1.561 16.830 44.910 0.000 45.473 16.830 </Samples>
		<Samples TimeTag="2024-12-28T19:20:39" DepthTag="1.997">1.747 17.289 45.437 0.000 46.627 17.289 </Samples>
		<Samples TimeTag="2024-12-28T19:20:43" DepthTag="2.102">1.639 17.549 44.847 0.000 47.631 17.549 </Samples>
		<Samples TimeTag="2024-12-28T19:20:46" DepthTag="2.205">1.717 17.671 45.170 0.000 45.932 17.671 </Samples>
		<Samples TimeTag="2024-12-28T19:20:50" DepthTag="2.311">1.682 17.916 45.716 0.000 47.032 17.916 </Samples>
		<Samples TimeTag="2024-12-28T19:20:54" DepthTag="2.413">1.627 17.870 45.107 0.000 41.272 17.870 </Samples>
		<Samples TimeTag="2024-12-28T19:20:57" DepthTag="2.514">1.748 17.932 44.931 0.000 43.230 17.932 </Samples>
		<Samples TimeTag="2024-12-28T19:21:01" DepthTag="2.622">1.797 17.947 45.265 0.000 43.229 17.947 </Samples>
		<Samples TimeTag="2024-12-28T19:21:05" DepthTag="2.725">1.637 18.131 45.763 0.000 49.002 18.131 </Samples>
		<Samples TimeTag="2024-12-28T19:21:08" DepthTag="2.827">1.623 18.192 44.597 0.000 45.303 18.192 </Samples>
		<Samples TimeTag="2024-12-28T19:21:12" DepthTag="2.932">1.633 18.788 45.368 0.000 49.022 18.788 </Samples>
		<Samples TimeTag="2024-12-28T19:21:18" DepthTag="3.036">1.044 19.813 44.617 0.000 47.406 19.813 </Samples>
		<Samples TimeTag="2024-12-28T19:21:23" DepthTag="3.137">1.318 19.921 44.325 0.000 45.823 19.921 </Samples>
		<Samples TimeTag="2024-12-28T19:21:27" DepthTag="3.239">1.526 19.645 45.543 0.000 49.047 19.645 </Samples>
		<Samples TimeTag="2024-12-28T19:21:31" DepthTag="3.339">1.504 19.446 45.118 0.000 42.905 19.446 </Samples>
		<Samples TimeTag="2024-12-28T19:21:35" DepthTag="3.441">1.525 19.768 45.436 0.000 49.764 19.768 </Samples>
		<Samples TimeTag="2024-12-28T19:21:41" DepthTag="3.543">1.033 20.364 45.264 0.000 42.582 20.364 </Samples>
		<Samples TimeTag="2024-12-28T19:21:45" DepthTag="3.644">1.303 20.609 44.750 0.000 46.235 20.609 </Samples>
		<Samples TimeTag="2024-12-28T19:21:52" DepthTag="3.747">0.936 20.992 45.446 0.000 44.325 20.992 </Samples>
		<Samples TimeTag="2024-12-28T19:21:59" DepthTag="3.848">0.920 21.527 45.158 0.000 44.788 21.527 </Samples>
		<Samples TimeTag="2024-12-28T19:22:05" DepthTag="3.949">0.922 22.017 44.622 0.000 49.998 22.017 </Samples>
		<Samples TimeTag="2024-12-28T19:22:11" DepthTag="4.050">1.074 22.629 44.920 0.000 49.842 22.629 </Samples>
		<Samples TimeTag="2024-12-28T19:22:17" DepthTag="4.151">0.967 22.904 45.008 0.000 49.547 22.904 </Samples>
		<Samples TimeTag="2024-12-28T19:22:23" DepthTag="4.254">1.072 23.424 45.183 0.000 46.144 23.424 </Samples>
		<Samples TimeTag="2024-12-28T19:22:32" DepthTag="4.355">0.675 20.028 46.228 0.000 52.694 20.028 </Samples>
		<Samples TimeTag="2024-12-28T19:22:44" DepthTag="4.460">0.499 22.261 42.453 0.000 37.897 22.261 </Samples>
		<Samples TimeTag="2024-12-28T19:22:51" DepthTag="4.562">0.881 24.159 45.034 0.000 42.816 24.159 </Samples>
		<Samples TimeTag="2024-12-28T19:22:56" DepthTag="4.663">1.301 23.761 44.578 0.000 42.790 23.761 </Samples>
		<Samples TimeTag="2024-12-28T19:23:01" DepthTag="4.765">1.267 23.623 40.237 0.000 43.545 23.623 </Samples>
		<Samples TimeTag="2024-12-28T19:23:07" DepthTag="4.866">1.028 23.944 39.995 0.000 38.619 23.944 </Samples>
	</CompactMWDdata>
	<IR:GenTrailer>
		<IR:FileCloseDate>2024-12-28T19:24:32</IR:FileCloseDate>
		<IR:ChkSum>2955105446</IR:ChkSum>
	</IR:GenTrailer>
</DRMWD>
