<?xml version="1.0" encoding="UTF-8"?>
<!-- Generated by the RCS System Epiroc Rock Drills AB -->
<DRMWD xmlns="http://www.iredes.org/xml/DrillRig" xmlns:IR="http://www.iredes.org/xml" xmlns:xsi="http://www.w3.org/2001/XMLSchema-instance" xsi:schemaLocation="http://www.iredes.org/xml/DrillRig C:\Iredes\IR_V1.2.3\xml\DR-DrillRig_V1.2\DrillRig.xsd" IRVersion="V 1.2AC" IRDownwCompat="V 1.2AC" DRMWDDownwCompat="V 1.2AC" DRMWDVersion="V 1.2AC">
	<IR:GenHead>
		<IR:FileCreateDate>2024-12-30T06:46:53</IR:FileCreateDate>
		<IR:IRversion DownwCompat="V 1.0">V 1.2AC</IR:IRversion>
		<IR:EquipmentInfo>
			<IR:EqpManufact>Epiroc</IR:EqpManufact>
			<IR:EqpType>SmartROC D65</IR:EqpType>
			<IR:EqpSerNo>8992013064</IR:EqpSerNo>
			<IR:EqpSysVer>6.28.1</IR:EqpSysVer>
			<IR:EqpInfo>DrillingMethod: DTH</IR:EqpInfo>
		</IR:EquipmentInfo>
	</IR:GenHead>
	<IR:ReportId>MWDRI300646</IR:ReportId>
	<IR:StartLogTime>2024-12-30T06:39:45</IR:StartLogTime>
	<IR:EndLogTime>2024-12-30T06:45:31</IR:EndLogTime>
	<IR:PlanIdRef>TRN09_24_0486_015_All</IR:PlanIdRef>
	<IR:PlanNameRef>TRN09_24_0486_015_All</IR:PlanNameRef>
	<MWDholeId>W27</MWDholeId>
	<QualityReportIdRef>DQRI291907</QualityReportIdRef>
	<SampleDistance>0.100</SampleDistance>
	<CompactMWDdata>
		<MWDparams>
			<Parameter Unit="m/min" Full="PenetrRate">PR</Parameter>
			<Parameter Unit="Bar" Full="PercPressure">PP</Parameter>
			<Parameter Unit="Bar" Full="FeedPressure">FP</Parameter>
			<Parameter Unit="Bar" Full="DampPressure">DP</Parameter>
			<Parameter Unit="Bar" Full="RotPressure">RP</Parameter>
			<Parameter Unit="Bar" Full="FlushPressure">FLP</Parameter>
		</MWDparams>
		<Samples TimeTag="2024-12-30T06:39:45" DepthTag="0.102">1.374 11.796 46.566 0.000 21.400 11.796 </Samples>
		<Samples TimeTag="2024-12-30T06:39:51" DepthTag="0.207">1.022 17.320 36.543 0.000 28.146 17.320 </Samples>
		<Samples TimeTag="2024-12-30T06:39:53" DepthTag="0.311">3.867 17.779 38.246 0.000 27.137 17.779 </Samples>
		<Samples TimeTag="2024-12-30T06:39:55" DepthTag="0.415">3.112 17.855 38.813 0.000 34.537 17.855 </Samples>
		<Samples TimeTag="2024-12-30T06:39:56" DepthTag="0.525">4.136 16.845 26.871 0.000 26.474 16.845 </Samples>
		<Samples TimeTag="2024-12-30T06:40:13" DepthTag="0.631">1.528 5.156 23.303 0.000 22.701 5.156 </Samples>
		<Samples TimeTag="2024-12-30T06:40:16" DepthTag="0.734">2.067 10.557 46.108 0.000 40.996 10.557 </Samples>
		<Samples TimeTag="2024-12-30T06:40:19" DepthTag="0.837">2.219 14.122 41.382 0.000 33.199 14.122 </Samples>
		<Samples TimeTag="2024-12-30T06:40:21" DepthTag="0.940">3.349 14.872 37.066 0.000 29.814 14.872 </Samples>
		<Samples TimeTag="2024-12-30T06:40:44" DepthTag="1.069">1.337 4.819 20.845 0.000 21.764 4.819 </Samples>
		<Samples TimeTag="2024-12-30T06:40:45" DepthTag="1.172">5.141 6.548 43.484 0.000 34.346 6.548 </Samples>
		<Samples TimeTag="2024-12-30T06:40:50" DepthTag="1.275">1.225 15.744 41.786 0.000 43.075 15.744 </Samples>
		<Samples TimeTag="2024-12-30T06:40:54" DepthTag="1.379">1.939 17.121 39.248 0.000 46.648 17.121 </Samples>
		<Samples TimeTag="2024-12-30T06:40:56" DepthTag="1.482">2.860 18.008 36.496 0.000 37.696 18.008 </Samples>
		<Samples TimeTag="2024-12-30T06:40:59" DepthTag="1.585">2.035 17.794 39.924 0.000 46.576 17.794 </Samples>
		<Samples TimeTag="2024-12-30T06:41:01" DepthTag="1.686">2.368 17.396 39.126 0.000 41.608 17.396 </Samples>
		<Samples TimeTag="2024-12-30T06:41:04" DepthTag="1.792">2.265 18.054 40.385 0.000 42.219 18.054 </Samples>
		<Samples TimeTag="2024-12-30T06:41:07" DepthTag="1.892">1.783 17.427 39.388 0.000 46.993 17.427 </Samples>
		<Samples TimeTag="2024-12-30T06:41:11" DepthTag="1.995">1.713 17.763 41.103 0.000 45.921 17.763 </Samples>
		<Samples TimeTag="2024-12-30T06:41:15" DepthTag="2.098">1.607 18.345 41.677 0.000 41.722 18.345 </Samples>
		<Samples TimeTag="2024-12-30T06:41:21" DepthTag="2.199">0.955 17.702 39.955 0.000 38.735 17.702 </Samples>
		<Samples TimeTag="2024-12-30T06:41:30" DepthTag="2.302">0.701 18.115 39.939 0.000 42.612 18.115 </Samples>
		<Samples TimeTag="2024-12-30T06:41:37" DepthTag="2.404">0.925 17.947 40.128 0.000 41.151 17.947 </Samples>
		<Samples TimeTag="2024-12-30T06:41:46" DepthTag="2.504">0.653 18.131 40.147 0.000 39.278 18.131 </Samples>
		<Samples TimeTag="2024-12-30T06:41:51" DepthTag="2.612">1.285 17.182 38.265 0.000 43.315 17.182 </Samples>
		<Samples TimeTag="2024-12-30T06:41:53" DepthTag="2.714">2.374 17.825 37.857 0.000 43.353 17.825 </Samples>
		<Samples TimeTag="2024-12-30T06:41:59" DepthTag="2.817">1.154 18.222 39.945 0.000 36.592 18.222 </Samples>
		<Samples TimeTag="2024-12-30T06:42:05" DepthTag="2.918">1.030 17.151 41.603 0.000 33.437 17.151 </Samples>
		<Samples TimeTag="2024-12-30T06:42:18" DepthTag="3.018">0.437 18.268 39.866 0.000 36.548 18.268 </Samples>
		<Samples TimeTag="2024-12-30T06:42:27" DepthTag="3.125">0.724 17.564 40.653 0.000 44.417 17.564 </Samples>
		<Samples TimeTag="2024-12-30T06:42:33" DepthTag="3.228">1.119 17.993 40.411 0.000 41.835 17.993 </Samples>
		<Samples TimeTag="2024-12-30T06:42:37" DepthTag="3.328">1.506 18.284 40.905 0.000 40.067 18.284 </Samples>
		<Samples TimeTag="2024-12-30T06:42:43" DepthTag="3.431">1.050 17.396 39.605 0.000 38.168 17.396 </Samples>
		<Samples TimeTag="2024-12-30T06:43:28" DepthTag="3.532">0.330 10.695 44.761 0.000 51.002 10.695 </Samples>
		<Samples TimeTag="2024-12-30T06:43:37" DepthTag="3.633">0.658 16.509 47.831 0.000 36.804 16.509 </Samples>
		<Samples TimeTag="2024-12-30T06:43:50" DepthTag="3.734">0.466 17.457 48.496 0.000 36.910 17.457 </Samples>
		<Samples TimeTag="2024-12-30T06:44:02" DepthTag="3.835">0.535 17.626 47.666 0.000 36.441 17.626 </Samples>
		<Samples TimeTag="2024-12-30T06:44:11" DepthTag="3.938">0.697 17.656 46.920 0.000 35.523 17.656 </Samples>
		<Samples TimeTag="2024-12-30T06:44:17" DepthTag="4.040">0.993 17.763 48.812 0.000 40.974 17.763 </Samples>
		<Samples TimeTag="2024-12-30T06:44:27" DepthTag="4.141">0.620 17.855 48.148 0.000 38.503 17.855 </Samples>
		<Samples TimeTag="2024-12-30T06:44:36" DepthTag="4.243">0.661 17.748 48.782 0.000 35.708 17.748 </Samples>
		<Samples TimeTag="2024-12-30T06:44:45" DepthTag="4.345">0.695 17.840 48.244 0.000 38.896 17.840 </Samples>
		<Samples TimeTag="2024-12-30T06:44:55" DepthTag="4.446">0.561 17.840 47.530 0.000 34.408 17.840 </Samples>
		<Samples TimeTag="2024-12-30T06:45:06" DepthTag="4.546">0.567 17.870 48.381 0.000 37.284 17.870 </Samples>
		<Samples TimeTag="2024-12-30T06:45:14" DepthTag="4.648">0.781 18.039 47.823 0.000 36.583 18.039 </Samples>
		<Samples TimeTag="2024-12-30T06:45:19" DepthTag="4.754">1.184 18.268 45.939 0.000 39.354 18.268 </Samples>
		<Samples TimeTag="2024-12-30T06:45:21" DepthTag="4.861">3.202 18.467 46.569 0.000 46.019 18.467 </Samples>
		<Samples TimeTag="2024-12-30T06:45:24" DepthTag="4.962">2.521 18.666 45.548 0.000 37.870 18.666 </Samples>
		<Samples TimeTag="2024-12-30T06:45:26" DepthTag="5.068">2.655 17.105 41.334 0.000 42.508 17.105 </Samples>
		<Samples TimeTag="2024-12-30T06:45:31" DepthTag="5.168">1.208 10.496 0.029 0.000 16.931 10.496 </Samples>
	</CompactMWDdata>
	<IR:GenTrailer>
		<IR:FileCloseDate>2024-12-30T06:46:53</IR:FileCloseDate>
		<IR:ChkSum>0018090719</IR:ChkSum>
	</IR:GenTrailer>
</DRMWD>
