<?xml version="1.0" encoding="UTF-8"?>
<!-- Generated by the RCS System Epiroc Rock Drills AB -->
<DRMWD xmlns="http://www.iredes.org/xml/DrillRig" xmlns:IR="http://www.iredes.org/xml" xmlns:xsi="http://www.w3.org/2001/XMLSchema-instance" xsi:schemaLocation="http://www.iredes.org/xml/DrillRig C:\Iredes\IR_V1.2.3\xml\DR-DrillRig_V1.2\DrillRig.xsd" IRVersion="V 1.2AC" IRDownwCompat="V 1.2AC" DRMWDDownwCompat="V 1.2AC" DRMWDVersion="V 1.2AC">
	<IR:GenHead>
		<IR:FileCreateDate>2024-12-28T08:09:22</IR:FileCreateDate>
		<IR:IRversion DownwCompat="V 1.0">V 1.2AC</IR:IRversion>
		<IR:EquipmentInfo>
			<IR:EqpManufact>Epiroc</IR:EqpManufact>
			<IR:EqpType>SmartROC D65</IR:EqpType>
			<IR:EqpSerNo>8992013064</IR:EqpSerNo>
			<IR:EqpSysVer>6.28.1</IR:EqpSysVer>
			<IR:EqpInfo>DrillingMethod: DTH</IR:EqpInfo>
		</IR:EquipmentInfo>
	</IR:GenHead>
	<IR:ReportId>MWDRI280809</IR:ReportId>
	<IR:StartLogTime>2024-12-28T08:01:38</IR:StartLogTime>
	<IR:EndLogTime>2024-12-28T08:06:52</IR:EndLogTime>
	<IR:PlanIdRef>TRN08_21_0530_001_All</IR:PlanIdRef>
	<IR:PlanNameRef>TRN08_21_0530_001_All</IR:PlanNameRef>
	<MWDholeId>J54</MWDholeId>
	<QualityReportIdRef>DQRI272324</QualityReportIdRef>
	<SampleDistance>0.100</SampleDistance>
	<CompactMWDdata>
		<MWDparams>
			<Parameter Unit="m/min" Full="PenetrRate">PR</Parameter>
			<Parameter Unit="Bar" Full="PercPressure">PP</Parameter>
			<Parameter Unit="Bar" Full="FeedPressure">FP</Parameter>
			<Parameter Unit="Bar" Full="DampPressure">DP</Parameter>
			<Parameter Unit="Bar" Full="RotPressure">RP</Parameter>
			<Parameter Unit="Bar" Full="FlushPressure">FLP</Parameter>
		</MWDparams>
		<Samples TimeTag="2024-12-28T08:01:38" DepthTag="0.101">0.781 15.621 44.601 0.000 21.152 15.621 </Samples>
		<Samples TimeTag="2024-12-28T08:01:43" DepthTag="0.201">1.362 15.943 40.869 0.000 21.080 15.943 </Samples>
		<Samples TimeTag="2024-12-28T08:01:46" DepthTag="0.304">2.068 16.295 39.087 0.000 39.966 16.295 </Samples>
		<Samples TimeTag="2024-12-28T08:01:48" DepthTag="0.409">2.634 16.172 38.874 0.000 38.869 16.172 </Samples>
		<Samples TimeTag="2024-12-28T08:01:50" DepthTag="0.511">2.805 16.172 36.596 0.000 38.317 16.172 </Samples>
		<Samples TimeTag="2024-12-28T08:02:10" DepthTag="0.615">0.890 7.635 46.246 0.000 53.415 7.635 </Samples>
		<Samples TimeTag="2024-12-28T08:02:14" DepthTag="0.723">1.917 12.087 41.275 0.000 44.192 12.087 </Samples>
		<Samples TimeTag="2024-12-28T08:02:16" DepthTag="0.832">2.735 13.785 38.751 0.000 42.171 13.785 </Samples>
		<Samples TimeTag="2024-12-28T08:02:18" DepthTag="0.942">3.274 14.443 37.442 0.000 42.818 14.443 </Samples>
		<Samples TimeTag="2024-12-28T08:02:44" DepthTag="1.046">0.916 4.605 48.729 0.000 33.142 4.605 </Samples>
		<Samples TimeTag="2024-12-28T08:02:49" DepthTag="1.151">1.265 8.981 41.384 0.000 45.554 8.981 </Samples>
		<Samples TimeTag="2024-12-28T08:02:52" DepthTag="1.255">2.373 11.934 39.275 0.000 43.215 11.934 </Samples>
		<Samples TimeTag="2024-12-28T08:02:54" DepthTag="1.355">2.774 13.280 38.435 0.000 41.521 13.280 </Samples>
		<Samples TimeTag="2024-12-28T08:02:56" DepthTag="1.460">2.894 14.107 40.357 0.000 42.046 14.107 </Samples>
		<Samples TimeTag="2024-12-28T08:03:23" DepthTag="1.565">0.845 14.902 41.939 0.000 45.156 14.902 </Samples>
		<Samples TimeTag="2024-12-28T08:03:27" DepthTag="1.671">1.527 17.473 45.090 0.000 47.633 17.473 </Samples>
		<Samples TimeTag="2024-12-28T08:03:31" DepthTag="1.776">1.953 18.238 44.789 0.000 45.524 18.238 </Samples>
		<Samples TimeTag="2024-12-28T08:03:34" DepthTag="1.877">1.797 18.957 44.787 0.000 49.019 18.957 </Samples>
		<Samples TimeTag="2024-12-28T08:03:39" DepthTag="1.980">1.186 20.640 45.428 0.000 54.392 20.640 </Samples>
		<Samples TimeTag="2024-12-28T08:03:43" DepthTag="2.083">1.724 20.594 44.335 0.000 43.235 20.594 </Samples>
		<Samples TimeTag="2024-12-28T08:03:46" DepthTag="2.187">1.944 20.517 45.039 0.000 48.713 20.517 </Samples>
		<Samples TimeTag="2024-12-28T08:03:50" DepthTag="2.290">1.535 20.839 45.111 0.000 45.849 20.839 </Samples>
		<Samples TimeTag="2024-12-28T08:03:53" DepthTag="2.393">1.926 20.961 44.644 0.000 48.499 20.961 </Samples>
		<Samples TimeTag="2024-12-28T08:03:58" DepthTag="2.496">1.240 22.078 45.315 0.000 46.142 22.078 </Samples>
		<Samples TimeTag="2024-12-28T08:04:05" DepthTag="2.597">0.888 23.440 44.724 0.000 44.611 23.440 </Samples>
		<Samples TimeTag="2024-12-28T08:04:10" DepthTag="2.703">1.393 22.981 43.542 0.000 40.129 22.981 </Samples>
		<Samples TimeTag="2024-12-28T08:04:13" DepthTag="2.812">1.821 22.552 45.119 0.000 48.628 22.552 </Samples>
		<Samples TimeTag="2024-12-28T08:04:16" DepthTag="2.915">1.927 22.017 44.895 0.000 41.243 22.017 </Samples>
		<Samples TimeTag="2024-12-28T08:04:20" DepthTag="3.015">1.871 21.588 44.971 0.000 47.051 21.588 </Samples>
		<Samples TimeTag="2024-12-28T08:04:24" DepthTag="3.118">1.278 23.072 45.856 0.000 46.746 23.072 </Samples>
		<Samples TimeTag="2024-12-28T08:04:30" DepthTag="3.219">1.096 24.021 44.921 0.000 46.550 24.021 </Samples>
		<Samples TimeTag="2024-12-28T08:04:36" DepthTag="3.323">0.995 24.449 45.118 0.000 49.903 24.449 </Samples>
		<Samples TimeTag="2024-12-28T08:04:43" DepthTag="3.425">0.859 25.352 45.398 0.000 41.626 25.352 </Samples>
		<Samples TimeTag="2024-12-28T08:04:50" DepthTag="3.529">0.939 26.010 44.996 0.000 40.357 26.010 </Samples>
		<Samples TimeTag="2024-12-28T08:04:57" DepthTag="3.629">0.814 26.698 45.261 0.000 39.243 26.698 </Samples>
		<Samples TimeTag="2024-12-28T08:05:03" DepthTag="3.732">1.097 26.423 43.547 0.000 34.654 26.423 </Samples>
		<Samples TimeTag="2024-12-28T08:05:08" DepthTag="3.837">1.316 26.194 45.317 0.000 42.045 26.194 </Samples>
		<Samples TimeTag="2024-12-28T08:05:13" DepthTag="3.941">1.207 26.102 45.400 0.000 44.761 26.102 </Samples>
		<Samples TimeTag="2024-12-28T08:05:20" DepthTag="4.045">0.883 27.004 45.022 0.000 37.542 27.004 </Samples>
		<Samples TimeTag="2024-12-28T08:05:34" DepthTag="4.145">0.426 9.333 43.293 0.000 34.990 9.333 </Samples>
		<Samples TimeTag="2024-12-28T08:05:48" DepthTag="4.246">0.426 26.362 44.692 0.000 41.192 26.362 </Samples>
		<Samples TimeTag="2024-12-28T08:06:00" DepthTag="4.348">0.520 21.420 45.099 0.000 50.766 21.420 </Samples>
		<Samples TimeTag="2024-12-28T08:06:10" DepthTag="4.449">0.608 26.132 44.571 0.000 44.236 26.132 </Samples>
		<Samples TimeTag="2024-12-28T08:06:23" DepthTag="4.552">0.493 20.318 45.594 0.000 47.841 20.318 </Samples>
		<Samples TimeTag="2024-12-28T08:06:30" DepthTag="4.652">0.817 23.333 44.335 0.000 40.201 23.333 </Samples>
		<Samples TimeTag="2024-12-28T08:06:35" DepthTag="4.754">1.172 23.975 45.610 0.000 39.220 23.975 </Samples>
		<Samples TimeTag="2024-12-28T08:06:41" DepthTag="4.857">1.028 24.740 45.199 0.000 42.999 24.740 </Samples>
		<Samples TimeTag="2024-12-28T08:06:46" DepthTag="4.961">1.409 24.312 40.369 0.000 41.691 24.312 </Samples>
		<Samples TimeTag="2024-12-28T08:06:52" DepthTag="5.064">1.003 24.266 40.459 0.000 40.227 24.266 </Samples>
	</CompactMWDdata>
	<IR:GenTrailer>
		<IR:FileCloseDate>2024-12-28T08:09:22</IR:FileCloseDate>
		<IR:ChkSum>0025154925</IR:ChkSum>
	</IR:GenTrailer>
</DRMWD>
