<?xml version="1.0" encoding="UTF-8"?>
<!-- Generated by the RCS System Epiroc Rock Drills AB -->
<DRMWD xmlns="http://www.iredes.org/xml/DrillRig" xmlns:IR="http://www.iredes.org/xml" xmlns:xsi="http://www.w3.org/2001/XMLSchema-instance" xsi:schemaLocation="http://www.iredes.org/xml/DrillRig C:\Iredes\IR_V1.2.3\xml\DR-DrillRig_V1.2\DrillRig.xsd" IRVersion="V 1.2AC" IRDownwCompat="V 1.2AC" DRMWDDownwCompat="V 1.2AC" DRMWDVersion="V 1.2AC">
	<IR:GenHead>
		<IR:FileCreateDate>2024-12-30T07:03:33</IR:FileCreateDate>
		<IR:IRversion DownwCompat="V 1.0">V 1.2AC</IR:IRversion>
		<IR:EquipmentInfo>
			<IR:EqpManufact>Epiroc</IR:EqpManufact>
			<IR:EqpType>SmartROC D65</IR:EqpType>
			<IR:EqpSerNo>8992013064</IR:EqpSerNo>
			<IR:EqpSysVer>6.28.1</IR:EqpSysVer>
			<IR:EqpInfo>DrillingMethod: DTH</IR:EqpInfo>
		</IR:EquipmentInfo>
	</IR:GenHead>
	<IR:ReportId>MWDRI300703</IR:ReportId>
	<IR:StartLogTime>2024-12-30T06:56:46</IR:StartLogTime>
	<IR:EndLogTime>2024-12-30T07:02:11</IR:EndLogTime>
	<IR:PlanIdRef>TRN09_24_0486_015_All</IR:PlanIdRef>
	<IR:PlanNameRef>TRN09_24_0486_015_All</IR:PlanNameRef>
	<MWDholeId>Y37</MWDholeId>
	<QualityReportIdRef>DQRI291907</QualityReportIdRef>
	<SampleDistance>0.100</SampleDistance>
	<CompactMWDdata>
		<MWDparams>
			<Parameter Unit="m/min" Full="PenetrRate">PR</Parameter>
			<Parameter Unit="Bar" Full="PercPressure">PP</Parameter>
			<Parameter Unit="Bar" Full="FeedPressure">FP</Parameter>
			<Parameter Unit="Bar" Full="DampPressure">DP</Parameter>
			<Parameter Unit="Bar" Full="RotPressure">RP</Parameter>
			<Parameter Unit="Bar" Full="FlushPressure">FLP</Parameter>
		</MWDparams>
		<Samples TimeTag="2024-12-30T06:56:46" DepthTag="0.101">0.512 17.886 40.194 0.000 30.998 17.886 </Samples>
		<Samples TimeTag="2024-12-30T06:57:15" DepthTag="0.201">0.209 14.657 46.566 0.000 30.968 14.657 </Samples>
		<Samples TimeTag="2024-12-30T06:57:53" DepthTag="0.313">0.390 8.690 21.754 0.000 20.663 8.690 </Samples>
		<Samples TimeTag="2024-12-30T06:57:54" DepthTag="0.415">6.382 6.441 27.432 0.000 20.220 6.441 </Samples>
		<Samples TimeTag="2024-12-30T06:58:17" DepthTag="0.517">0.682 9.165 46.316 0.000 48.563 9.165 </Samples>
		<Samples TimeTag="2024-12-30T06:58:21" DepthTag="0.621">1.557 13.663 42.491 0.000 42.905 13.663 </Samples>
		<Samples TimeTag="2024-12-30T06:58:24" DepthTag="0.724">2.030 14.856 40.076 0.000 35.159 14.856 </Samples>
		<Samples TimeTag="2024-12-30T06:58:27" DepthTag="0.827">2.072 15.530 40.506 0.000 39.778 15.530 </Samples>
		<Samples TimeTag="2024-12-30T06:58:30" DepthTag="0.931">2.586 16.004 36.933 0.000 31.957 16.004 </Samples>
		<Samples TimeTag="2024-12-30T06:58:56" DepthTag="1.034">0.733 7.803 47.114 0.000 42.076 7.803 </Samples>
		<Samples TimeTag="2024-12-30T06:59:01" DepthTag="1.140">1.167 18.957 42.056 0.000 27.719 18.957 </Samples>
		<Samples TimeTag="2024-12-30T06:59:07" DepthTag="1.242">0.994 18.131 39.939 0.000 27.505 18.131 </Samples>
		<Samples TimeTag="2024-12-30T06:59:11" DepthTag="1.350">1.877 17.962 38.871 0.000 29.643 17.962 </Samples>
		<Samples TimeTag="2024-12-30T06:59:13" DepthTag="1.457">2.497 17.473 39.605 0.000 28.015 17.473 </Samples>
		<Samples TimeTag="2024-12-30T06:59:17" DepthTag="1.563">1.995 17.840 38.068 0.000 26.564 17.840 </Samples>
		<Samples TimeTag="2024-12-30T06:59:19" DepthTag="1.669">2.627 19.033 40.252 0.000 25.295 19.033 </Samples>
		<Samples TimeTag="2024-12-30T06:59:24" DepthTag="1.771">1.393 18.544 40.185 0.000 25.104 18.544 </Samples>
		<Samples TimeTag="2024-12-30T06:59:25" DepthTag="1.880">3.392 17.886 34.172 0.000 22.923 17.886 </Samples>
		<Samples TimeTag="2024-12-30T06:59:27" DepthTag="1.982">3.327 18.788 37.888 0.000 23.965 18.788 </Samples>
		<Samples TimeTag="2024-12-30T06:59:30" DepthTag="2.092">2.333 19.094 40.411 0.000 27.033 19.094 </Samples>
		<Samples TimeTag="2024-12-30T06:59:32" DepthTag="2.202">2.753 17.641 37.317 0.000 31.453 17.641 </Samples>
		<Samples TimeTag="2024-12-30T06:59:34" DepthTag="2.309">3.994 18.896 36.194 0.000 28.064 18.896 </Samples>
		<Samples TimeTag="2024-12-30T06:59:36" DepthTag="2.418">4.063 17.442 39.874 0.000 29.355 17.442 </Samples>
		<Samples TimeTag="2024-12-30T06:59:39" DepthTag="2.518">1.679 17.151 42.965 0.000 33.633 17.151 </Samples>
		<Samples TimeTag="2024-12-30T06:59:44" DepthTag="2.619">1.281 17.228 40.690 0.000 40.785 17.228 </Samples>
		<Samples TimeTag="2024-12-30T06:59:53" DepthTag="2.721">0.661 16.998 40.801 0.000 36.377 16.998 </Samples>
		<Samples TimeTag="2024-12-30T07:00:09" DepthTag="2.822">0.387 17.993 39.858 0.000 37.533 17.993 </Samples>
		<Samples TimeTag="2024-12-30T07:00:21" DepthTag="2.924">0.514 17.656 39.403 0.000 43.511 17.656 </Samples>
		<Samples TimeTag="2024-12-30T07:00:27" DepthTag="3.027">0.960 18.253 40.442 0.000 45.658 18.253 </Samples>
		<Samples TimeTag="2024-12-30T07:00:32" DepthTag="3.129">1.389 17.473 38.879 0.000 42.306 17.473 </Samples>
		<Samples TimeTag="2024-12-30T07:00:35" DepthTag="3.238">1.812 18.391 39.930 0.000 49.662 18.391 </Samples>
		<Samples TimeTag="2024-12-30T07:00:38" DepthTag="3.341">2.207 17.289 42.063 0.000 48.054 17.289 </Samples>
		<Samples TimeTag="2024-12-30T07:00:45" DepthTag="3.444">0.863 17.014 40.365 0.000 45.137 17.014 </Samples>
		<Samples TimeTag="2024-12-30T07:01:34" DepthTag="3.547">0.309 13.632 45.701 0.000 52.302 13.632 </Samples>
		<Samples TimeTag="2024-12-30T07:01:40" DepthTag="3.650">0.933 16.922 47.136 0.000 48.042 16.922 </Samples>
		<Samples TimeTag="2024-12-30T07:01:45" DepthTag="3.751">1.168 17.962 47.407 0.000 49.661 17.962 </Samples>
		<Samples TimeTag="2024-12-30T07:01:50" DepthTag="3.854">1.281 18.467 48.331 0.000 45.365 18.467 </Samples>
		<Samples TimeTag="2024-12-30T07:01:57" DepthTag="3.955">0.873 18.957 47.722 0.000 40.092 18.957 </Samples>
		<Samples TimeTag="2024-12-30T07:02:02" DepthTag="4.057">1.331 19.186 46.908 0.000 51.902 19.186 </Samples>
		<Samples TimeTag="2024-12-30T07:02:05" DepthTag="4.160">2.335 19.370 46.517 0.000 42.365 19.370 </Samples>
		<Samples TimeTag="2024-12-30T07:02:07" DepthTag="4.265">2.905 19.462 47.399 0.000 42.983 19.462 </Samples>
		<Samples TimeTag="2024-12-30T07:02:09" DepthTag="4.365">3.005 18.987 42.508 0.000 42.314 18.987 </Samples>
		<Samples TimeTag="2024-12-30T07:02:11" DepthTag="4.474">3.008 17.396 41.185 0.000 39.238 17.396 </Samples>
	</CompactMWDdata>
	<IR:GenTrailer>
		<IR:FileCloseDate>2024-12-30T07:03:33</IR:FileCloseDate>
		<IR:ChkSum>1658899023</IR:ChkSum>
	</IR:GenTrailer>
</DRMWD>
