<?xml version="1.0" encoding="UTF-8"?>
<!-- Generated by the RCS System Epiroc Rock Drills AB -->
<DRMWD xmlns="http://www.iredes.org/xml/DrillRig" xmlns:IR="http://www.iredes.org/xml" xmlns:xsi="http://www.w3.org/2001/XMLSchema-instance" xsi:schemaLocation="http://www.iredes.org/xml/DrillRig C:\Iredes\IR_V1.2.3\xml\DR-DrillRig_V1.2\DrillRig.xsd" IRVersion="V 1.2AC" IRDownwCompat="V 1.2AC" DRMWDDownwCompat="V 1.2AC" DRMWDVersion="V 1.2AC">
	<IR:GenHead>
		<IR:FileCreateDate>2024-12-28T01:11:29</IR:FileCreateDate>
		<IR:IRversion DownwCompat="V 1.0">V 1.2AC</IR:IRversion>
		<IR:EquipmentInfo>
			<IR:EqpManufact>Epiroc</IR:EqpManufact>
			<IR:EqpType>SmartROC D65</IR:EqpType>
			<IR:EqpSerNo>8992013064</IR:EqpSerNo>
			<IR:EqpSysVer>6.28.1</IR:EqpSysVer>
			<IR:EqpInfo>DrillingMethod: DTH</IR:EqpInfo>
		</IR:EquipmentInfo>
	</IR:GenHead>
	<IR:ReportId>MWDRI280111</IR:ReportId>
	<IR:StartLogTime>2024-12-28T01:04:29</IR:StartLogTime>
	<IR:EndLogTime>2024-12-28T01:09:33</IR:EndLogTime>
	<IR:PlanIdRef>TRN08_21_0530_001_All</IR:PlanIdRef>
	<IR:PlanNameRef>TRN08_21_0530_001_All</IR:PlanNameRef>
	<MWDholeId>R42</MWDholeId>
	<QualityReportIdRef>DQRI272324</QualityReportIdRef>
	<SampleDistance>0.100</SampleDistance>
	<CompactMWDdata>
		<MWDparams>
			<Parameter Unit="m/min" Full="PenetrRate">PR</Parameter>
			<Parameter Unit="Bar" Full="PercPressure">PP</Parameter>
			<Parameter Unit="Bar" Full="FeedPressure">FP</Parameter>
			<Parameter Unit="Bar" Full="DampPressure">DP</Parameter>
			<Parameter Unit="Bar" Full="RotPressure">RP</Parameter>
			<Parameter Unit="Bar" Full="FlushPressure">FLP</Parameter>
		</MWDparams>
		<Samples TimeTag="2024-12-28T01:04:29" DepthTag="0.107">1.001 9.731 21.805 0.000 21.387 9.731 </Samples>
		<Samples TimeTag="2024-12-28T01:04:32" DepthTag="0.208">1.678 13.801 47.613 0.000 21.400 13.801 </Samples>
		<Samples TimeTag="2024-12-28T01:04:39" DepthTag="0.313">0.931 17.381 37.402 0.000 40.009 17.381 </Samples>
		<Samples TimeTag="2024-12-28T01:04:42" DepthTag="0.418">2.385 16.952 39.696 0.000 44.540 16.952 </Samples>
		<Samples TimeTag="2024-12-28T01:05:04" DepthTag="0.524">0.706 5.646 36.012 0.000 35.155 5.646 </Samples>
		<Samples TimeTag="2024-12-28T01:05:09" DepthTag="0.626">1.175 12.852 43.711 0.000 49.138 12.852 </Samples>
		<Samples TimeTag="2024-12-28T01:05:14" DepthTag="0.728">1.097 15.025 40.886 0.000 54.361 15.025 </Samples>
		<Samples TimeTag="2024-12-28T01:05:20" DepthTag="0.831">1.070 15.484 38.750 0.000 47.264 15.484 </Samples>
		<Samples TimeTag="2024-12-28T01:05:25" DepthTag="0.932">1.255 15.652 39.030 0.000 43.427 15.652 </Samples>
		<Samples TimeTag="2024-12-28T01:05:57" DepthTag="1.041">0.615 11.796 42.780 0.000 50.611 11.796 </Samples>
		<Samples TimeTag="2024-12-28T01:06:02" DepthTag="1.144">1.076 14.382 41.221 0.000 49.656 14.382 </Samples>
		<Samples TimeTag="2024-12-28T01:06:08" DepthTag="1.249">1.070 15.086 40.273 0.000 44.383 15.086 </Samples>
		<Samples TimeTag="2024-12-28T01:06:14" DepthTag="1.350">1.056 15.499 40.550 0.000 49.877 15.499 </Samples>
		<Samples TimeTag="2024-12-28T01:06:20" DepthTag="1.453">1.064 15.805 38.907 0.000 48.375 15.805 </Samples>
		<Samples TimeTag="2024-12-28T01:06:47" DepthTag="1.556">0.774 7.971 40.458 0.000 47.519 7.971 </Samples>
		<Samples TimeTag="2024-12-28T01:06:53" DepthTag="1.657">0.946 16.922 45.992 0.000 54.856 16.922 </Samples>
		<Samples TimeTag="2024-12-28T01:06:58" DepthTag="1.762">1.258 18.559 43.494 0.000 44.599 18.559 </Samples>
		<Samples TimeTag="2024-12-28T01:07:02" DepthTag="1.869">1.611 19.156 44.915 0.000 41.510 19.156 </Samples>
		<Samples TimeTag="2024-12-28T01:07:07" DepthTag="1.970">1.318 20.318 44.566 0.000 49.710 20.318 </Samples>
		<Samples TimeTag="2024-12-28T01:07:11" DepthTag="2.072">1.390 20.976 44.957 0.000 46.644 20.976 </Samples>
		<Samples TimeTag="2024-12-28T01:07:16" DepthTag="2.176">1.294 21.940 45.197 0.000 50.277 21.940 </Samples>
		<Samples TimeTag="2024-12-28T01:07:21" DepthTag="2.279">1.356 21.802 43.917 0.000 41.581 21.802 </Samples>
		<Samples TimeTag="2024-12-28T01:07:25" DepthTag="2.384">1.571 21.894 45.307 0.000 49.607 21.894 </Samples>
		<Samples TimeTag="2024-12-28T01:07:30" DepthTag="2.487">1.244 22.552 45.354 0.000 44.873 22.552 </Samples>
		<Samples TimeTag="2024-12-28T01:07:35" DepthTag="2.590">1.179 22.766 45.008 0.000 47.323 22.766 </Samples>
		<Samples TimeTag="2024-12-28T01:07:40" DepthTag="2.691">1.201 22.338 45.167 0.000 37.894 22.338 </Samples>
		<Samples TimeTag="2024-12-28T01:07:44" DepthTag="2.792">1.409 22.185 44.857 0.000 44.259 22.185 </Samples>
		<Samples TimeTag="2024-12-28T01:07:50" DepthTag="2.895">1.178 22.277 45.282 0.000 40.657 22.277 </Samples>
		<Samples TimeTag="2024-12-28T01:07:55" DepthTag="2.996">1.196 22.231 45.248 0.000 44.430 22.231 </Samples>
		<Samples TimeTag="2024-12-28T01:08:00" DepthTag="3.099">1.127 22.139 44.080 0.000 42.197 22.139 </Samples>
		<Samples TimeTag="2024-12-28T01:08:05" DepthTag="3.201">1.383 22.307 45.219 0.000 45.394 22.307 </Samples>
		<Samples TimeTag="2024-12-28T01:08:10" DepthTag="3.302">1.113 22.568 45.615 0.000 40.071 22.568 </Samples>
		<Samples TimeTag="2024-12-28T01:08:15" DepthTag="3.403">1.368 22.491 45.140 0.000 45.486 22.491 </Samples>
		<Samples TimeTag="2024-12-28T01:08:20" DepthTag="3.506">1.247 23.241 45.409 0.000 50.959 23.241 </Samples>
		<Samples TimeTag="2024-12-28T01:08:26" DepthTag="3.612">1.060 23.455 44.668 0.000 49.244 23.455 </Samples>
		<Samples TimeTag="2024-12-28T01:08:31" DepthTag="3.714">1.102 23.149 44.194 0.000 41.347 23.149 </Samples>
		<Samples TimeTag="2024-12-28T01:08:36" DepthTag="3.815">1.307 23.042 45.365 0.000 46.869 23.042 </Samples>
		<Samples TimeTag="2024-12-28T01:08:41" DepthTag="3.920">1.207 23.103 45.607 0.000 43.874 23.103 </Samples>
		<Samples TimeTag="2024-12-28T01:08:46" DepthTag="4.021">1.121 23.593 45.210 0.000 49.796 23.593 </Samples>
		<Samples TimeTag="2024-12-28T01:08:52" DepthTag="4.122">1.127 24.174 45.258 0.000 49.231 24.174 </Samples>
		<Samples TimeTag="2024-12-28T01:08:57" DepthTag="4.223">1.087 24.801 45.525 0.000 42.432 24.801 </Samples>
		<Samples TimeTag="2024-12-28T01:09:03" DepthTag="4.328">1.114 25.429 45.462 0.000 41.437 25.429 </Samples>
		<Samples TimeTag="2024-12-28T01:09:09" DepthTag="4.432">1.036 25.964 45.082 0.000 46.904 25.964 </Samples>
		<Samples TimeTag="2024-12-28T01:09:15" DepthTag="4.532">1.048 26.285 44.955 0.000 49.215 26.285 </Samples>
		<Samples TimeTag="2024-12-28T01:09:21" DepthTag="4.635">0.993 26.591 44.660 0.000 42.941 26.591 </Samples>
		<Samples TimeTag="2024-12-28T01:09:26" DepthTag="4.736">1.086 26.438 41.052 0.000 37.154 26.438 </Samples>
		<Samples TimeTag="2024-12-28T01:09:33" DepthTag="4.837">1.005 25.475 40.521 0.000 42.928 25.475 </Samples>
	</CompactMWDdata>
	<IR:GenTrailer>
		<IR:FileCloseDate>2024-12-28T01:11:29</IR:FileCloseDate>
		<IR:ChkSum>2372621883</IR:ChkSum>
	</IR:GenTrailer>
</DRMWD>
