<?xml version="1.0" encoding="UTF-8"?>
<!-- Generated by the RCS System Epiroc Rock Drills AB -->
<DRMWD xmlns="http://www.iredes.org/xml/DrillRig" xmlns:IR="http://www.iredes.org/xml" xmlns:xsi="http://www.w3.org/2001/XMLSchema-instance" xsi:schemaLocation="http://www.iredes.org/xml/DrillRig C:\Iredes\IR_V1.2.3\xml\DR-DrillRig_V1.2\DrillRig.xsd" IRVersion="V 1.2AC" IRDownwCompat="V 1.2AC" DRMWDDownwCompat="V 1.2AC" DRMWDVersion="V 1.2AC">
	<IR:GenHead>
		<IR:FileCreateDate>2024-12-28T03:46:20</IR:FileCreateDate>
		<IR:IRversion DownwCompat="V 1.0">V 1.2AC</IR:IRversion>
		<IR:EquipmentInfo>
			<IR:EqpManufact>Epiroc</IR:EqpManufact>
			<IR:EqpType>SmartROC D65</IR:EqpType>
			<IR:EqpSerNo>8992013064</IR:EqpSerNo>
			<IR:EqpSysVer>6.28.1</IR:EqpSysVer>
			<IR:EqpInfo>DrillingMethod: DTH</IR:EqpInfo>
		</IR:EquipmentInfo>
	</IR:GenHead>
	<IR:ReportId>MWDRI280346</IR:ReportId>
	<IR:StartLogTime>2024-12-28T03:39:13</IR:StartLogTime>
	<IR:EndLogTime>2024-12-28T03:44:44</IR:EndLogTime>
	<IR:PlanIdRef>TRN08_21_0530_001_All</IR:PlanIdRef>
	<IR:PlanNameRef>TRN08_21_0530_001_All</IR:PlanNameRef>
	<MWDholeId>E63</MWDholeId>
	<QualityReportIdRef>DQRI272324</QualityReportIdRef>
	<SampleDistance>0.100</SampleDistance>
	<CompactMWDdata>
		<MWDparams>
			<Parameter Unit="m/min" Full="PenetrRate">PR</Parameter>
			<Parameter Unit="Bar" Full="PercPressure">PP</Parameter>
			<Parameter Unit="Bar" Full="FeedPressure">FP</Parameter>
			<Parameter Unit="Bar" Full="DampPressure">DP</Parameter>
			<Parameter Unit="Bar" Full="RotPressure">RP</Parameter>
			<Parameter Unit="Bar" Full="FlushPressure">FLP</Parameter>
		</MWDparams>
		<Samples TimeTag="2024-12-28T03:39:13" DepthTag="0.101">1.113 14.214 47.505 0.000 20.972 14.214 </Samples>
		<Samples TimeTag="2024-12-28T03:39:22" DepthTag="0.208">0.784 16.830 38.396 0.000 41.470 16.830 </Samples>
		<Samples TimeTag="2024-12-28T03:39:26" DepthTag="0.310">1.389 16.815 41.196 0.000 47.269 16.815 </Samples>
		<Samples TimeTag="2024-12-28T03:39:31" DepthTag="0.412">1.107 17.090 41.135 0.000 45.993 17.090 </Samples>
		<Samples TimeTag="2024-12-28T03:39:37" DepthTag="0.513">1.077 17.274 38.637 0.000 45.074 17.274 </Samples>
		<Samples TimeTag="2024-12-28T03:40:00" DepthTag="0.614">0.627 9.807 46.187 0.000 51.285 9.807 </Samples>
		<Samples TimeTag="2024-12-28T03:40:07" DepthTag="0.714">0.832 15.071 40.966 0.000 45.312 15.071 </Samples>
		<Samples TimeTag="2024-12-28T03:40:12" DepthTag="0.817">1.144 15.652 39.759 0.000 42.559 15.652 </Samples>
		<Samples TimeTag="2024-12-28T03:40:18" DepthTag="0.918">1.113 15.912 39.761 0.000 47.731 15.912 </Samples>
		<Samples TimeTag="2024-12-28T03:40:23" DepthTag="1.018">1.117 15.973 39.042 0.000 44.818 15.973 </Samples>
		<Samples TimeTag="2024-12-28T03:40:55" DepthTag="1.120">0.475 13.694 41.823 0.000 47.974 13.694 </Samples>
		<Samples TimeTag="2024-12-28T03:41:03" DepthTag="1.222">0.753 16.157 40.034 0.000 47.738 16.157 </Samples>
		<Samples TimeTag="2024-12-28T03:41:08" DepthTag="1.323">1.219 16.019 38.962 0.000 43.715 16.019 </Samples>
		<Samples TimeTag="2024-12-28T03:41:13" DepthTag="1.425">1.210 15.988 39.001 0.000 48.294 15.988 </Samples>
		<Samples TimeTag="2024-12-28T03:41:20" DepthTag="1.526">0.848 17.090 39.839 0.000 47.479 17.090 </Samples>
		<Samples TimeTag="2024-12-28T03:41:50" DepthTag="1.628">0.542 16.050 44.849 0.000 55.274 16.050 </Samples>
		<Samples TimeTag="2024-12-28T03:41:57" DepthTag="1.728">0.838 19.966 44.449 0.000 50.698 19.966 </Samples>
		<Samples TimeTag="2024-12-28T03:42:01" DepthTag="1.832">1.415 20.012 44.002 0.000 43.368 20.012 </Samples>
		<Samples TimeTag="2024-12-28T03:42:05" DepthTag="1.935">1.633 20.028 44.719 0.000 47.504 20.028 </Samples>
		<Samples TimeTag="2024-12-28T03:42:09" DepthTag="2.035">1.501 20.609 45.354 0.000 50.956 20.609 </Samples>
		<Samples TimeTag="2024-12-28T03:42:13" DepthTag="2.136">1.608 20.854 44.687 0.000 44.068 20.854 </Samples>
		<Samples TimeTag="2024-12-28T03:42:17" DepthTag="2.243">1.449 20.808 45.278 0.000 41.357 20.808 </Samples>
		<Samples TimeTag="2024-12-28T03:42:21" DepthTag="2.348">1.673 20.732 45.807 0.000 46.236 20.732 </Samples>
		<Samples TimeTag="2024-12-28T03:42:25" DepthTag="2.448">1.670 20.839 45.099 0.000 44.416 20.839 </Samples>
		<Samples TimeTag="2024-12-28T03:42:29" DepthTag="2.552">1.611 21.053 45.485 0.000 45.977 21.053 </Samples>
		<Samples TimeTag="2024-12-28T03:42:34" DepthTag="2.654">1.338 22.338 44.852 0.000 50.362 22.338 </Samples>
		<Samples TimeTag="2024-12-28T03:42:39" DepthTag="2.758">1.297 22.522 44.794 0.000 41.416 22.522 </Samples>
		<Samples TimeTag="2024-12-28T03:42:45" DepthTag="2.861">1.028 23.975 44.944 0.000 41.449 23.975 </Samples>
		<Samples TimeTag="2024-12-28T03:42:50" DepthTag="2.966">1.090 24.480 45.152 0.000 42.750 24.480 </Samples>
		<Samples TimeTag="2024-12-28T03:42:55" DepthTag="3.067">1.321 24.296 44.869 0.000 44.787 24.296 </Samples>
		<Samples TimeTag="2024-12-28T03:43:00" DepthTag="3.167">1.192 24.296 45.127 0.000 49.533 24.296 </Samples>
		<Samples TimeTag="2024-12-28T03:43:05" DepthTag="3.268">1.182 24.465 44.971 0.000 49.907 24.465 </Samples>
		<Samples TimeTag="2024-12-28T03:43:10" DepthTag="3.372">1.228 24.618 44.310 0.000 51.656 24.618 </Samples>
		<Samples TimeTag="2024-12-28T03:43:18" DepthTag="3.473">0.780 21.451 46.001 0.000 51.761 21.451 </Samples>
		<Samples TimeTag="2024-12-28T03:43:24" DepthTag="3.573">0.912 23.348 44.704 0.000 45.213 23.348 </Samples>
		<Samples TimeTag="2024-12-28T03:43:31" DepthTag="3.677">1.041 23.990 44.169 0.000 47.329 23.990 </Samples>
		<Samples TimeTag="2024-12-28T03:43:36" DepthTag="3.780">1.179 24.159 44.847 0.000 54.800 24.159 </Samples>
		<Samples TimeTag="2024-12-28T03:43:41" DepthTag="3.880">1.073 24.679 44.500 0.000 50.973 24.679 </Samples>
		<Samples TimeTag="2024-12-28T03:43:48" DepthTag="3.980">0.948 25.582 44.917 0.000 50.448 25.582 </Samples>
		<Samples TimeTag="2024-12-28T03:43:56" DepthTag="4.082">0.777 27.219 44.894 0.000 43.018 27.219 </Samples>
		<Samples TimeTag="2024-12-28T03:44:04" DepthTag="4.185">0.719 28.244 45.765 0.000 30.866 28.244 </Samples>
		<Samples TimeTag="2024-12-28T03:44:12" DepthTag="4.285">0.734 19.645 45.791 0.000 55.198 19.645 </Samples>
		<Samples TimeTag="2024-12-28T03:44:18" DepthTag="4.385">1.002 21.864 44.378 0.000 53.787 21.864 </Samples>
		<Samples TimeTag="2024-12-28T03:44:25" DepthTag="4.486">0.942 23.960 45.008 0.000 52.532 23.960 </Samples>
		<Samples TimeTag="2024-12-28T03:44:31" DepthTag="4.588">0.951 25.383 44.675 0.000 41.962 25.383 </Samples>
		<Samples TimeTag="2024-12-28T03:44:36" DepthTag="4.688">1.277 25.842 43.780 0.000 46.651 25.842 </Samples>
		<Samples TimeTag="2024-12-28T03:44:44" DepthTag="4.789">0.714 23.333 39.149 0.000 54.648 23.333 </Samples>
	</CompactMWDdata>
	<IR:GenTrailer>
		<IR:FileCloseDate>2024-12-28T03:46:20</IR:FileCloseDate>
		<IR:ChkSum>0858521752</IR:ChkSum>
	</IR:GenTrailer>
</DRMWD>
