<?xml version="1.0" encoding="UTF-8"?>
<!-- Generated by the RCS System Epiroc Rock Drills AB -->
<DRMWD xmlns="http://www.iredes.org/xml/DrillRig" xmlns:IR="http://www.iredes.org/xml" xmlns:xsi="http://www.w3.org/2001/XMLSchema-instance" xsi:schemaLocation="http://www.iredes.org/xml/DrillRig C:\Iredes\IR_V1.2.3\xml\DR-DrillRig_V1.2\DrillRig.xsd" IRVersion="V 1.2AC" IRDownwCompat="V 1.2AC" DRMWDDownwCompat="V 1.2AC" DRMWDVersion="V 1.2AC">
	<IR:GenHead>
		<IR:FileCreateDate>2024-12-28T04:57:09</IR:FileCreateDate>
		<IR:IRversion DownwCompat="V 1.0">V 1.2AC</IR:IRversion>
		<IR:EquipmentInfo>
			<IR:EqpManufact>Epiroc</IR:EqpManufact>
			<IR:EqpType>SmartROC D65</IR:EqpType>
			<IR:EqpSerNo>8992013064</IR:EqpSerNo>
			<IR:EqpSysVer>6.28.1</IR:EqpSysVer>
			<IR:EqpInfo>DrillingMethod: DTH</IR:EqpInfo>
		</IR:EquipmentInfo>
	</IR:GenHead>
	<IR:ReportId>MWDRI280457</IR:ReportId>
	<IR:StartLogTime>2024-12-28T04:50:08</IR:StartLogTime>
	<IR:EndLogTime>2024-12-28T04:55:42</IR:EndLogTime>
	<IR:PlanIdRef>TRN08_21_0530_001_All</IR:PlanIdRef>
	<IR:PlanNameRef>TRN08_21_0530_001_All</IR:PlanNameRef>
	<MWDholeId>F60</MWDholeId>
	<QualityReportIdRef>DQRI272324</QualityReportIdRef>
	<SampleDistance>0.100</SampleDistance>
	<CompactMWDdata>
		<MWDparams>
			<Parameter Unit="m/min" Full="PenetrRate">PR</Parameter>
			<Parameter Unit="Bar" Full="PercPressure">PP</Parameter>
			<Parameter Unit="Bar" Full="FeedPressure">FP</Parameter>
			<Parameter Unit="Bar" Full="DampPressure">DP</Parameter>
			<Parameter Unit="Bar" Full="RotPressure">RP</Parameter>
			<Parameter Unit="Bar" Full="FlushPressure">FLP</Parameter>
		</MWDparams>
		<Samples TimeTag="2024-12-28T04:50:08" DepthTag="0.117">1.672 7.650 23.237 0.000 20.789 7.650 </Samples>
		<Samples TimeTag="2024-12-28T04:50:09" DepthTag="0.226">6.775 9.379 21.273 0.000 20.938 9.379 </Samples>
		<Samples TimeTag="2024-12-28T04:50:10" DepthTag="0.333">5.351 10.909 35.242 0.000 20.959 10.909 </Samples>
		<Samples TimeTag="2024-12-28T04:50:13" DepthTag="0.436">2.752 13.479 47.002 0.000 20.903 13.479 </Samples>
		<Samples TimeTag="2024-12-28T04:50:32" DepthTag="0.545">0.867 5.187 21.288 0.000 20.681 5.187 </Samples>
		<Samples TimeTag="2024-12-28T04:50:34" DepthTag="0.648">3.069 8.583 49.585 0.000 48.407 8.583 </Samples>
		<Samples TimeTag="2024-12-28T04:50:40" DepthTag="0.752">1.038 13.770 41.082 0.000 42.503 13.770 </Samples>
		<Samples TimeTag="2024-12-28T04:50:44" DepthTag="0.856">1.503 14.336 39.326 0.000 41.957 14.336 </Samples>
		<Samples TimeTag="2024-12-28T04:50:47" DepthTag="0.959">1.628 14.581 39.131 0.000 43.393 14.581 </Samples>
		<Samples TimeTag="2024-12-28T04:51:13" DepthTag="1.059">0.668 8.874 46.057 0.000 48.015 8.874 </Samples>
		<Samples TimeTag="2024-12-28T04:51:19" DepthTag="1.160">1.076 13.525 41.918 0.000 45.891 13.525 </Samples>
		<Samples TimeTag="2024-12-28T04:51:23" DepthTag="1.267">1.448 14.504 39.844 0.000 46.209 14.504 </Samples>
		<Samples TimeTag="2024-12-28T04:51:27" DepthTag="1.369">1.337 14.795 40.645 0.000 43.864 14.795 </Samples>
		<Samples TimeTag="2024-12-28T04:51:32" DepthTag="1.471">1.239 14.872 39.341 0.000 39.304 14.872 </Samples>
		<Samples TimeTag="2024-12-28T04:51:57" DepthTag="1.578">0.886 7.084 35.586 0.000 39.865 7.084 </Samples>
		<Samples TimeTag="2024-12-28T04:52:02" DepthTag="1.687">1.486 15.101 44.773 0.000 47.841 15.101 </Samples>
		<Samples TimeTag="2024-12-28T04:52:04" DepthTag="1.789">2.539 16.631 43.576 0.000 43.301 16.631 </Samples>
		<Samples TimeTag="2024-12-28T04:52:07" DepthTag="1.890">2.526 12.730 43.874 0.000 42.711 12.730 </Samples>
		<Samples TimeTag="2024-12-28T04:52:10" DepthTag="1.998">1.918 8.522 42.464 0.000 44.406 8.522 </Samples>
		<Samples TimeTag="2024-12-28T04:52:13" DepthTag="2.123">2.466 12.148 42.044 0.000 47.944 12.148 </Samples>
		<Samples TimeTag="2024-12-28T04:52:15" DepthTag="2.224">2.793 13.158 44.762 0.000 54.581 13.158 </Samples>
		<Samples TimeTag="2024-12-28T04:52:17" DepthTag="2.324">3.418 10.924 42.268 0.000 48.123 10.924 </Samples>
		<Samples TimeTag="2024-12-28T04:52:20" DepthTag="2.430">2.396 16.815 46.130 0.000 43.043 16.815 </Samples>
		<Samples TimeTag="2024-12-28T04:52:29" DepthTag="2.531">0.674 8.094 45.405 0.000 41.958 8.094 </Samples>
		<Samples TimeTag="2024-12-28T04:53:08" DepthTag="2.667">0.305 5.523 25.147 0.000 26.572 5.523 </Samples>
		<Samples TimeTag="2024-12-28T04:53:12" DepthTag="2.788">2.368 14.810 38.020 0.000 36.429 14.810 </Samples>
		<Samples TimeTag="2024-12-28T04:53:32" DepthTag="2.904">0.976 5.615 27.507 0.000 26.650 5.615 </Samples>
		<Samples TimeTag="2024-12-28T04:53:36" DepthTag="3.011">1.379 17.916 36.122 0.000 28.201 17.916 </Samples>
		<Samples TimeTag="2024-12-28T04:53:39" DepthTag="3.113">2.558 19.768 42.016 0.000 38.417 19.768 </Samples>
		<Samples TimeTag="2024-12-28T04:53:42" DepthTag="3.214">1.799 21.588 45.252 0.000 41.167 21.588 </Samples>
		<Samples TimeTag="2024-12-28T04:53:47" DepthTag="3.318">1.296 23.149 45.594 0.000 44.419 23.149 </Samples>
		<Samples TimeTag="2024-12-28T04:53:54" DepthTag="3.420">0.892 25.245 45.323 0.000 45.430 25.245 </Samples>
		<Samples TimeTag="2024-12-28T04:54:00" DepthTag="3.520">1.015 24.954 44.539 0.000 39.187 24.954 </Samples>
		<Samples TimeTag="2024-12-28T04:54:06" DepthTag="3.623">0.926 24.924 44.032 0.000 38.336 24.924 </Samples>
		<Samples TimeTag="2024-12-28T04:54:53" DepthTag="3.724">0.480 10.909 41.927 0.000 47.838 10.909 </Samples>
		<Samples TimeTag="2024-12-28T04:54:59" DepthTag="3.825">1.008 17.411 41.230 0.000 39.584 17.411 </Samples>
		<Samples TimeTag="2024-12-28T04:55:03" DepthTag="3.926">1.405 18.788 44.082 0.000 41.530 18.788 </Samples>
		<Samples TimeTag="2024-12-28T04:55:08" DepthTag="4.032">1.161 20.640 44.919 0.000 46.990 20.640 </Samples>
		<Samples TimeTag="2024-12-28T04:55:15" DepthTag="4.132">0.916 22.063 45.050 0.000 41.943 22.063 </Samples>
		<Samples TimeTag="2024-12-28T04:55:19" DepthTag="4.237">1.419 21.818 43.749 0.000 38.777 21.818 </Samples>
		<Samples TimeTag="2024-12-28T04:55:23" DepthTag="4.340">1.651 21.711 44.166 0.000 40.244 21.711 </Samples>
		<Samples TimeTag="2024-12-28T04:55:27" DepthTag="4.443">1.595 21.864 44.867 0.000 40.549 21.864 </Samples>
		<Samples TimeTag="2024-12-28T04:55:33" DepthTag="4.545">1.066 23.195 45.376 0.000 47.590 23.195 </Samples>
		<Samples TimeTag="2024-12-28T04:55:38" DepthTag="4.647">1.222 22.491 38.822 0.000 42.912 22.491 </Samples>
		<Samples TimeTag="2024-12-28T04:55:42" DepthTag="4.748">1.384 21.405 39.044 0.000 40.495 21.405 </Samples>
	</CompactMWDdata>
	<IR:GenTrailer>
		<IR:FileCloseDate>2024-12-28T04:57:09</IR:FileCloseDate>
		<IR:ChkSum>0738995810</IR:ChkSum>
	</IR:GenTrailer>
</DRMWD>
