<?xml version="1.0" encoding="UTF-8"?>
<!-- Generated by the RCS System Epiroc Rock Drills AB -->
<DRMWD xmlns="http://www.iredes.org/xml/DrillRig" xmlns:IR="http://www.iredes.org/xml" xmlns:xsi="http://www.w3.org/2001/XMLSchema-instance" xsi:schemaLocation="http://www.iredes.org/xml/DrillRig C:\Iredes\IR_V1.2.3\xml\DR-DrillRig_V1.2\DrillRig.xsd" IRVersion="V 1.2AC" IRDownwCompat="V 1.2AC" DRMWDDownwCompat="V 1.2AC" DRMWDVersion="V 1.2AC">
	<IR:GenHead>
		<IR:FileCreateDate>2025-01-01T05:30:40</IR:FileCreateDate>
		<IR:IRversion DownwCompat="V 1.0">V 1.2AC</IR:IRversion>
		<IR:EquipmentInfo>
			<IR:EqpManufact>Epiroc</IR:EqpManufact>
			<IR:EqpType>SmartROC D65</IR:EqpType>
			<IR:EqpSerNo>8992013064</IR:EqpSerNo>
			<IR:EqpSysVer>6.28.1</IR:EqpSysVer>
			<IR:EqpInfo>DrillingMethod: DTH</IR:EqpInfo>
		</IR:EquipmentInfo>
	</IR:GenHead>
	<IR:ReportId>MWDRI010530</IR:ReportId>
	<IR:StartLogTime>2025-01-01T05:10:34</IR:StartLogTime>
	<IR:EndLogTime>2025-01-01T05:28:26</IR:EndLogTime>
	<IR:PlanIdRef>TRN09_24_0486_015_All</IR:PlanIdRef>
	<IR:PlanNameRef>TRN09_24_0486_015_All</IR:PlanNameRef>
	<MWDholeId>U48</MWDholeId>
	<QualityReportIdRef>DQRI311609</QualityReportIdRef>
	<SampleDistance>0.100</SampleDistance>
	<CompactMWDdata>
		<MWDparams>
			<Parameter Unit="m/min" Full="PenetrRate">PR</Parameter>
			<Parameter Unit="Bar" Full="PercPressure">PP</Parameter>
			<Parameter Unit="Bar" Full="FeedPressure">FP</Parameter>
			<Parameter Unit="Bar" Full="DampPressure">DP</Parameter>
			<Parameter Unit="Bar" Full="RotPressure">RP</Parameter>
			<Parameter Unit="Bar" Full="FlushPressure">FLP</Parameter>
		</MWDparams>
		<Samples TimeTag="2025-01-01T05:10:34" DepthTag="0.105">0.412 13.005 39.033 0.000 21.828 13.005 </Samples>
		<Samples TimeTag="2025-01-01T05:10:38" DepthTag="0.206">1.683 14.061 41.661 0.000 44.488 14.061 </Samples>
		<Samples TimeTag="2025-01-01T05:10:46" DepthTag="0.308">0.797 14.810 40.417 0.000 45.768 14.810 </Samples>
		<Samples TimeTag="2025-01-01T05:10:53" DepthTag="0.410">0.806 15.132 39.970 0.000 45.672 15.132 </Samples>
		<Samples TimeTag="2025-01-01T05:11:01" DepthTag="0.514">0.802 15.499 40.320 0.000 43.992 15.499 </Samples>
		<Samples TimeTag="2025-01-01T05:11:09" DepthTag="0.615">0.723 16.646 40.544 0.000 45.866 16.646 </Samples>
		<Samples TimeTag="2025-01-01T05:11:37" DepthTag="0.720">0.615 12.209 45.708 0.000 32.092 12.209 </Samples>
		<Samples TimeTag="2025-01-01T05:11:43" DepthTag="0.821">1.049 14.550 40.642 0.000 44.588 14.550 </Samples>
		<Samples TimeTag="2025-01-01T05:11:48" DepthTag="0.923">1.173 15.178 40.052 0.000 40.814 15.178 </Samples>
		<Samples TimeTag="2025-01-01T05:11:53" DepthTag="1.023">1.315 15.560 40.201 0.000 38.164 15.560 </Samples>
		<Samples TimeTag="2025-01-01T05:11:56" DepthTag="1.125">1.771 15.973 39.210 0.000 36.789 15.973 </Samples>
		<Samples TimeTag="2025-01-01T05:12:00" DepthTag="1.228">1.571 16.310 40.419 0.000 38.881 16.310 </Samples>
		<Samples TimeTag="2025-01-01T05:12:04" DepthTag="1.334">1.658 16.601 39.695 0.000 35.019 16.601 </Samples>
		<Samples TimeTag="2025-01-01T05:12:32" DepthTag="1.464">1.297 4.345 21.484 0.000 23.629 4.345 </Samples>
		<Samples TimeTag="2025-01-01T05:12:38" DepthTag="1.567">1.154 13.234 41.482 0.000 32.139 13.234 </Samples>
		<Samples TimeTag="2025-01-01T05:12:41" DepthTag="1.674">1.848 15.453 40.663 0.000 34.116 15.453 </Samples>
		<Samples TimeTag="2025-01-01T05:12:45" DepthTag="1.775">1.681 16.325 40.991 0.000 35.091 16.325 </Samples>
		<Samples TimeTag="2025-01-01T05:12:48" DepthTag="1.881">1.685 16.753 40.372 0.000 39.422 16.753 </Samples>
		<Samples TimeTag="2025-01-01T05:12:51" DepthTag="1.989">2.314 16.570 38.956 0.000 40.393 16.570 </Samples>
		<Samples TimeTag="2025-01-01T05:12:54" DepthTag="2.094">2.247 16.876 39.186 0.000 39.321 16.876 </Samples>
		<Samples TimeTag="2025-01-01T05:13:28" DepthTag="2.210">1.729 6.411 25.568 0.000 25.443 6.411 </Samples>
		<Samples TimeTag="2025-01-01T05:13:31" DepthTag="2.312">1.696 15.392 42.612 0.000 30.835 15.392 </Samples>
		<Samples TimeTag="2025-01-01T05:13:33" DepthTag="2.415">3.526 17.212 38.496 0.000 35.636 17.212 </Samples>
		<Samples TimeTag="2025-01-01T05:13:37" DepthTag="2.516">1.604 18.161 41.769 0.000 47.130 18.161 </Samples>
		<Samples TimeTag="2025-01-01T05:13:40" DepthTag="2.619">2.018 18.498 39.536 0.000 43.418 18.498 </Samples>
		<Samples TimeTag="2025-01-01T05:13:42" DepthTag="2.723">2.435 17.136 38.843 0.000 42.715 17.136 </Samples>
		<Samples TimeTag="2025-01-01T05:13:45" DepthTag="2.828">2.391 17.763 40.240 0.000 44.906 17.763 </Samples>
		<Samples TimeTag="2025-01-01T05:13:48" DepthTag="2.932">1.940 18.299 41.104 0.000 42.644 18.299 </Samples>
		<Samples TimeTag="2025-01-01T05:13:51" DepthTag="3.040">2.180 18.605 39.666 0.000 41.201 18.605 </Samples>
		<Samples TimeTag="2025-01-01T05:14:31" DepthTag="3.161">0.984 4.850 20.087 0.000 28.875 4.850 </Samples>
		<Samples TimeTag="2025-01-01T05:14:33" DepthTag="3.264">2.757 10.465 46.181 0.000 56.321 10.465 </Samples>
		<Samples TimeTag="2025-01-01T05:14:36" DepthTag="3.370">2.139 15.055 41.923 0.000 50.247 15.055 </Samples>
		<Samples TimeTag="2025-01-01T05:14:39" DepthTag="3.482">2.388 16.646 39.848 0.000 44.107 16.646 </Samples>
		<Samples TimeTag="2025-01-01T05:15:09" DepthTag="3.583">1.323 5.095 20.366 0.000 24.037 5.095 </Samples>
		<Samples TimeTag="2025-01-01T05:15:11" DepthTag="3.685">4.502 8.706 43.449 0.000 48.573 8.706 </Samples>
		<Samples TimeTag="2025-01-01T05:15:13" DepthTag="3.789">2.358 14.627 53.942 0.000 47.682 14.627 </Samples>
		<Samples TimeTag="2025-01-01T05:15:17" DepthTag="3.897">2.029 17.228 55.181 0.000 50.552 17.228 </Samples>
		<Samples TimeTag="2025-01-01T05:15:20" DepthTag="3.999">2.060 18.559 55.227 0.000 55.417 18.559 </Samples>
		<Samples TimeTag="2025-01-01T05:15:23" DepthTag="4.104">2.124 19.400 55.245 0.000 54.048 19.400 </Samples>
		<Samples TimeTag="2025-01-01T05:15:25" DepthTag="4.204">2.140 19.829 54.832 0.000 60.602 19.829 </Samples>
		<Samples TimeTag="2025-01-01T05:15:28" DepthTag="4.308">2.050 20.211 54.736 0.000 58.387 20.211 </Samples>
		<Samples TimeTag="2025-01-01T05:15:31" DepthTag="4.413">2.248 20.410 54.129 0.000 58.058 20.410 </Samples>
		<Samples TimeTag="2025-01-01T05:15:34" DepthTag="4.518">2.621 20.517 55.209 0.000 58.930 20.517 </Samples>
		<Samples TimeTag="2025-01-01T05:15:37" DepthTag="4.631">2.283 20.655 52.862 0.000 54.695 20.655 </Samples>
		<Samples TimeTag="2025-01-01T05:15:40" DepthTag="4.737">2.127 20.777 53.365 0.000 59.076 20.777 </Samples>
		<Samples TimeTag="2025-01-01T05:15:42" DepthTag="4.843">2.832 20.823 56.320 0.000 51.824 20.823 </Samples>
		<Samples TimeTag="2025-01-01T05:15:45" DepthTag="4.945">1.818 20.823 56.001 0.000 54.086 20.823 </Samples>
		<Samples TimeTag="2025-01-01T05:15:49" DepthTag="5.048">1.486 20.930 55.878 0.000 53.384 20.930 </Samples>
		<Samples TimeTag="2025-01-01T05:15:54" DepthTag="5.149">1.265 20.900 54.763 0.000 52.571 20.900 </Samples>
		<Samples TimeTag="2025-01-01T05:16:00" DepthTag="5.258">1.116 20.655 54.054 0.000 57.329 20.655 </Samples>
		<Samples TimeTag="2025-01-01T05:16:05" DepthTag="5.363">1.302 20.563 56.284 0.000 48.403 20.563 </Samples>
		<Samples TimeTag="2025-01-01T05:16:15" DepthTag="5.463">0.569 19.982 54.524 0.000 46.204 19.982 </Samples>
		<Samples TimeTag="2025-01-01T05:16:25" DepthTag="5.563">0.640 20.211 55.521 0.000 55.052 20.211 </Samples>
		<Samples TimeTag="2025-01-01T05:16:29" DepthTag="5.665">1.385 20.426 53.287 0.000 54.861 20.426 </Samples>
		<Samples TimeTag="2025-01-01T05:16:32" DepthTag="5.768">2.077 20.502 53.835 0.000 53.276 20.502 </Samples>
		<Samples TimeTag="2025-01-01T05:16:37" DepthTag="5.869">1.159 20.502 56.159 0.000 52.680 20.502 </Samples>
		<Samples TimeTag="2025-01-01T05:16:47" DepthTag="5.971">0.663 20.089 54.839 0.000 52.231 20.089 </Samples>
		<Samples TimeTag="2025-01-01T05:16:55" DepthTag="6.071">0.724 20.089 53.899 0.000 54.841 20.089 </Samples>
		<Samples TimeTag="2025-01-01T05:16:59" DepthTag="6.172">1.664 20.150 56.504 0.000 49.488 20.150 </Samples>
		<Samples TimeTag="2025-01-01T05:17:09" DepthTag="6.272">0.558 19.569 55.156 0.000 49.037 19.569 </Samples>
		<Samples TimeTag="2025-01-01T05:17:22" DepthTag="6.374">0.470 19.431 55.221 0.000 47.251 19.431 </Samples>
		<Samples TimeTag="2025-01-01T05:17:32" DepthTag="6.475">0.642 19.844 55.303 0.000 50.650 19.844 </Samples>
		<Samples TimeTag="2025-01-01T05:17:40" DepthTag="6.575">0.740 20.257 54.742 0.000 51.931 20.257 </Samples>
		<Samples TimeTag="2025-01-01T05:17:45" DepthTag="6.678">1.173 20.441 54.227 0.000 54.762 20.441 </Samples>
		<Samples TimeTag="2025-01-01T05:17:48" DepthTag="6.779">2.163 20.426 56.950 0.000 44.727 20.426 </Samples>
		<Samples TimeTag="2025-01-01T05:17:59" DepthTag="6.880">0.532 19.691 55.399 0.000 51.964 19.691 </Samples>
		<Samples TimeTag="2025-01-01T05:18:12" DepthTag="6.981">0.490 19.599 55.234 0.000 50.334 19.599 </Samples>
		<Samples TimeTag="2025-01-01T05:18:26" DepthTag="7.082">0.420 19.431 55.101 0.000 43.892 19.431 </Samples>
		<Samples TimeTag="2025-01-01T05:18:40" DepthTag="7.182">0.425 19.462 54.368 0.000 55.307 19.462 </Samples>
		<Samples TimeTag="2025-01-01T05:18:55" DepthTag="7.283">0.418 19.507 55.592 0.000 44.639 19.507 </Samples>
		<Samples TimeTag="2025-01-01T05:19:07" DepthTag="7.385">0.498 19.584 54.539 0.000 48.662 19.584 </Samples>
		<Samples TimeTag="2025-01-01T05:19:24" DepthTag="7.486">0.366 19.416 55.474 0.000 43.884 19.416 </Samples>
		<Samples TimeTag="2025-01-01T05:19:39" DepthTag="7.586">0.401 19.462 54.458 0.000 40.749 19.462 </Samples>
		<Samples TimeTag="2025-01-01T05:20:10" DepthTag="7.686">0.300 15.988 42.571 0.000 51.714 15.988 </Samples>
		<Samples TimeTag="2025-01-01T05:20:27" DepthTag="7.786">0.350 16.555 40.074 0.000 37.166 16.555 </Samples>
		<Samples TimeTag="2025-01-01T05:25:51" DepthTag="7.886">0.139 16.539 54.713 0.000 46.915 16.539 </Samples>
		<Samples TimeTag="2025-01-01T05:26:05" DepthTag="7.987">0.444 18.406 55.285 0.000 45.462 18.406 </Samples>
		<Samples TimeTag="2025-01-01T05:26:20" DepthTag="8.088">0.397 18.896 54.523 0.000 44.855 18.896 </Samples>
		<Samples TimeTag="2025-01-01T05:26:41" DepthTag="8.188">0.290 18.896 54.787 0.000 39.639 18.896 </Samples>
		<Samples TimeTag="2025-01-01T05:26:58" DepthTag="8.290">0.352 19.049 55.398 0.000 42.987 19.049 </Samples>
		<Samples TimeTag="2025-01-01T05:27:10" DepthTag="8.391">0.530 19.156 55.211 0.000 42.268 19.156 </Samples>
		<Samples TimeTag="2025-01-01T05:27:21" DepthTag="8.495">0.527 19.247 54.329 0.000 50.034 19.247 </Samples>
		<Samples TimeTag="2025-01-01T05:28:06" DepthTag="8.595">0.191 14.229 42.789 0.000 41.153 14.229 </Samples>
		<Samples TimeTag="2025-01-01T05:28:26" DepthTag="8.697">0.316 16.187 39.686 0.000 43.234 16.187 </Samples>
	</CompactMWDdata>
	<IR:GenTrailer>
		<IR:FileCloseDate>2025-01-01T05:30:40</IR:FileCloseDate>
		<IR:ChkSum>1804314413</IR:ChkSum>
	</IR:GenTrailer>
</DRMWD>
