<?xml version="1.0" encoding="UTF-8"?>
<!-- Generated by the RCS System Epiroc Rock Drills AB -->
<DRMWD xmlns="http://www.iredes.org/xml/DrillRig" xmlns:IR="http://www.iredes.org/xml" xmlns:xsi="http://www.w3.org/2001/XMLSchema-instance" xsi:schemaLocation="http://www.iredes.org/xml/DrillRig C:\Iredes\IR_V1.2.3\xml\DR-DrillRig_V1.2\DrillRig.xsd" IRVersion="V 1.2AC" IRDownwCompat="V 1.2AC" DRMWDDownwCompat="V 1.2AC" DRMWDVersion="V 1.2AC">
	<IR:GenHead>
		<IR:FileCreateDate>2024-12-28T23:31:30</IR:FileCreateDate>
		<IR:IRversion DownwCompat="V 1.0">V 1.2AC</IR:IRversion>
		<IR:EquipmentInfo>
			<IR:EqpManufact>Epiroc</IR:EqpManufact>
			<IR:EqpType>SmartROC D65</IR:EqpType>
			<IR:EqpSerNo>8992013064</IR:EqpSerNo>
			<IR:EqpSysVer>6.28.1</IR:EqpSysVer>
			<IR:EqpInfo>DrillingMethod: DTH</IR:EqpInfo>
		</IR:EquipmentInfo>
	</IR:GenHead>
	<IR:ReportId>MWDRI282331</IR:ReportId>
	<IR:StartLogTime>2024-12-28T23:25:34</IR:StartLogTime>
	<IR:EndLogTime>2024-12-28T23:30:04</IR:EndLogTime>
	<IR:PlanIdRef>TRN08_21_0530_001_All</IR:PlanIdRef>
	<IR:PlanNameRef>TRN08_21_0530_001_All</IR:PlanNameRef>
	<MWDholeId>C56</MWDholeId>
	<QualityReportIdRef>DQRI272324</QualityReportIdRef>
	<SampleDistance>0.100</SampleDistance>
	<CompactMWDdata>
		<MWDparams>
			<Parameter Unit="m/min" Full="PenetrRate">PR</Parameter>
			<Parameter Unit="Bar" Full="PercPressure">PP</Parameter>
			<Parameter Unit="Bar" Full="FeedPressure">FP</Parameter>
			<Parameter Unit="Bar" Full="DampPressure">DP</Parameter>
			<Parameter Unit="Bar" Full="RotPressure">RP</Parameter>
			<Parameter Unit="Bar" Full="FlushPressure">FLP</Parameter>
		</MWDparams>
		<Samples TimeTag="2024-12-28T23:25:34" DepthTag="0.104">1.359 14.030 21.768 0.000 22.397 14.030 </Samples>
		<Samples TimeTag="2024-12-28T23:25:41" DepthTag="0.206">0.910 16.539 40.673 0.000 22.353 16.539 </Samples>
		<Samples TimeTag="2024-12-28T23:25:45" DepthTag="0.313">1.665 16.295 39.793 0.000 44.861 16.295 </Samples>
		<Samples TimeTag="2024-12-28T23:25:48" DepthTag="0.414">2.153 15.927 39.918 0.000 47.037 15.927 </Samples>
		<Samples TimeTag="2024-12-28T23:25:51" DepthTag="0.518">1.854 15.621 41.684 0.000 45.799 15.621 </Samples>
		<Samples TimeTag="2024-12-28T23:26:10" DepthTag="0.620">1.149 4.819 38.442 0.000 41.424 4.819 </Samples>
		<Samples TimeTag="2024-12-28T23:26:16" DepthTag="0.725">1.121 11.980 42.516 0.000 47.476 11.980 </Samples>
		<Samples TimeTag="2024-12-28T23:26:20" DepthTag="0.828">1.474 13.724 40.130 0.000 50.355 13.724 </Samples>
		<Samples TimeTag="2024-12-28T23:26:24" DepthTag="0.934">1.449 14.321 39.794 0.000 48.932 14.321 </Samples>
		<Samples TimeTag="2024-12-28T23:26:28" DepthTag="1.040">1.577 14.474 41.057 0.000 48.236 14.474 </Samples>
		<Samples TimeTag="2024-12-28T23:26:56" DepthTag="1.142">0.714 7.757 45.981 0.000 54.403 7.757 </Samples>
		<Samples TimeTag="2024-12-28T23:27:01" DepthTag="1.243">1.169 12.607 41.129 0.000 50.063 12.607 </Samples>
		<Samples TimeTag="2024-12-28T23:27:05" DepthTag="1.346">1.473 13.892 41.263 0.000 52.263 13.892 </Samples>
		<Samples TimeTag="2024-12-28T23:27:09" DepthTag="1.452">1.494 14.413 39.246 0.000 48.270 14.413 </Samples>
		<Samples TimeTag="2024-12-28T23:27:13" DepthTag="1.555">1.490 14.749 40.930 0.000 49.349 14.749 </Samples>
		<Samples TimeTag="2024-12-28T23:27:39" DepthTag="1.658">0.883 9.425 43.410 0.000 55.103 9.425 </Samples>
		<Samples TimeTag="2024-12-28T23:27:43" DepthTag="1.758">1.599 14.443 45.254 0.000 53.606 14.443 </Samples>
		<Samples TimeTag="2024-12-28T23:27:46" DepthTag="1.862">1.950 15.897 44.833 0.000 49.083 15.897 </Samples>
		<Samples TimeTag="2024-12-28T23:27:50" DepthTag="1.963">1.750 16.784 45.598 0.000 47.015 16.784 </Samples>
		<Samples TimeTag="2024-12-28T23:27:53" DepthTag="2.067">1.845 17.320 44.465 0.000 46.213 17.320 </Samples>
		<Samples TimeTag="2024-12-28T23:27:57" DepthTag="2.170">1.644 18.054 45.207 0.000 51.852 18.054 </Samples>
		<Samples TimeTag="2024-12-28T23:28:01" DepthTag="2.271">1.686 18.467 45.372 0.000 51.079 18.467 </Samples>
		<Samples TimeTag="2024-12-28T23:28:04" DepthTag="2.376">1.737 18.574 45.380 0.000 48.656 18.574 </Samples>
		<Samples TimeTag="2024-12-28T23:28:08" DepthTag="2.477">1.577 18.697 44.665 0.000 45.884 18.697 </Samples>
		<Samples TimeTag="2024-12-28T23:28:12" DepthTag="2.580">1.717 18.681 44.911 0.000 45.114 18.681 </Samples>
		<Samples TimeTag="2024-12-28T23:28:15" DepthTag="2.681">1.606 18.865 45.573 0.000 49.535 18.865 </Samples>
		<Samples TimeTag="2024-12-28T23:28:19" DepthTag="2.788">1.599 19.003 45.252 0.000 46.486 19.003 </Samples>
		<Samples TimeTag="2024-12-28T23:28:23" DepthTag="2.893">1.576 19.247 45.352 0.000 49.344 19.247 </Samples>
		<Samples TimeTag="2024-12-28T23:28:29" DepthTag="2.996">1.066 20.135 44.691 0.000 44.118 20.135 </Samples>
		<Samples TimeTag="2024-12-28T23:28:34" DepthTag="3.099">1.397 20.410 44.881 0.000 43.641 20.410 </Samples>
		<Samples TimeTag="2024-12-28T23:28:38" DepthTag="3.200">1.378 20.839 44.818 0.000 43.747 20.839 </Samples>
		<Samples TimeTag="2024-12-28T23:28:43" DepthTag="3.303">1.284 21.267 45.207 0.000 42.770 21.267 </Samples>
		<Samples TimeTag="2024-12-28T23:28:48" DepthTag="3.408">1.225 21.665 44.935 0.000 45.990 21.665 </Samples>
		<Samples TimeTag="2024-12-28T23:28:53" DepthTag="3.511">1.132 22.506 45.218 0.000 50.705 22.506 </Samples>
		<Samples TimeTag="2024-12-28T23:29:00" DepthTag="3.613">0.883 23.470 45.138 0.000 52.345 23.470 </Samples>
		<Samples TimeTag="2024-12-28T23:29:07" DepthTag="3.716">0.903 24.143 44.608 0.000 45.540 24.143 </Samples>
		<Samples TimeTag="2024-12-28T23:29:14" DepthTag="3.819">0.904 24.847 45.171 0.000 40.598 24.847 </Samples>
		<Samples TimeTag="2024-12-28T23:29:19" DepthTag="3.920">1.184 24.419 44.843 0.000 50.470 24.419 </Samples>
		<Samples TimeTag="2024-12-28T23:29:24" DepthTag="4.023">1.184 23.960 44.518 0.000 43.066 23.960 </Samples>
		<Samples TimeTag="2024-12-28T23:29:29" DepthTag="4.124">1.299 23.761 45.113 0.000 47.099 23.761 </Samples>
		<Samples TimeTag="2024-12-28T23:29:34" DepthTag="4.228">1.255 23.730 45.690 0.000 47.769 23.730 </Samples>
		<Samples TimeTag="2024-12-28T23:29:39" DepthTag="4.329">1.268 24.128 45.014 0.000 48.961 24.128 </Samples>
		<Samples TimeTag="2024-12-28T23:29:46" DepthTag="4.432">0.858 24.908 44.720 0.000 50.043 24.908 </Samples>
		<Samples TimeTag="2024-12-28T23:29:52" DepthTag="4.533">1.012 25.153 44.708 0.000 41.920 25.153 </Samples>
		<Samples TimeTag="2024-12-28T23:29:58" DepthTag="4.638">1.075 25.153 41.268 0.000 42.125 25.153 </Samples>
		<Samples TimeTag="2024-12-28T23:30:04" DepthTag="4.739">0.979 25.566 39.342 0.000 37.641 25.566 </Samples>
	</CompactMWDdata>
	<IR:GenTrailer>
		<IR:FileCloseDate>2024-12-28T23:31:30</IR:FileCloseDate>
		<IR:ChkSum>3285761764</IR:ChkSum>
	</IR:GenTrailer>
</DRMWD>
