<?xml version="1.0" encoding="UTF-8"?>
<!-- Generated by the RCS System Epiroc Rock Drills AB -->
<DRMWD xmlns="http://www.iredes.org/xml/DrillRig" xmlns:IR="http://www.iredes.org/xml" xmlns:xsi="http://www.w3.org/2001/XMLSchema-instance" xsi:schemaLocation="http://www.iredes.org/xml/DrillRig C:\Iredes\IR_V1.2.3\xml\DR-DrillRig_V1.2\DrillRig.xsd" IRVersion="V 1.2AC" IRDownwCompat="V 1.2AC" DRMWDDownwCompat="V 1.2AC" DRMWDVersion="V 1.2AC">
	<IR:GenHead>
		<IR:FileCreateDate>2024-12-28T15:51:14</IR:FileCreateDate>
		<IR:IRversion DownwCompat="V 1.0">V 1.2AC</IR:IRversion>
		<IR:EquipmentInfo>
			<IR:EqpManufact>Epiroc</IR:EqpManufact>
			<IR:EqpType>SmartROC D65</IR:EqpType>
			<IR:EqpSerNo>8992013064</IR:EqpSerNo>
			<IR:EqpSysVer>6.28.1</IR:EqpSysVer>
			<IR:EqpInfo>DrillingMethod: DTH</IR:EqpInfo>
		</IR:EquipmentInfo>
	</IR:GenHead>
	<IR:ReportId>MWDRI281551</IR:ReportId>
	<IR:StartLogTime>2024-12-28T15:45:04</IR:StartLogTime>
	<IR:EndLogTime>2024-12-28T15:49:48</IR:EndLogTime>
	<IR:PlanIdRef>TRN08_21_0530_001_All</IR:PlanIdRef>
	<IR:PlanNameRef>TRN08_21_0530_001_All</IR:PlanNameRef>
	<MWDholeId>O44</MWDholeId>
	<QualityReportIdRef>DQRI272324</QualityReportIdRef>
	<SampleDistance>0.100</SampleDistance>
	<CompactMWDdata>
		<MWDparams>
			<Parameter Unit="m/min" Full="PenetrRate">PR</Parameter>
			<Parameter Unit="Bar" Full="PercPressure">PP</Parameter>
			<Parameter Unit="Bar" Full="FeedPressure">FP</Parameter>
			<Parameter Unit="Bar" Full="DampPressure">DP</Parameter>
			<Parameter Unit="Bar" Full="RotPressure">RP</Parameter>
			<Parameter Unit="Bar" Full="FlushPressure">FLP</Parameter>
		</MWDparams>
		<Samples TimeTag="2024-12-28T15:45:04" DepthTag="0.103">0.557 18.773 35.339 0.000 20.671 18.773 </Samples>
		<Samples TimeTag="2024-12-28T15:45:07" DepthTag="0.209">2.097 17.962 40.379 0.000 43.581 17.962 </Samples>
		<Samples TimeTag="2024-12-28T15:45:10" DepthTag="0.309">2.205 17.320 39.948 0.000 40.721 17.320 </Samples>
		<Samples TimeTag="2024-12-28T15:45:14" DepthTag="0.411">1.444 16.692 40.606 0.000 40.587 16.692 </Samples>
		<Samples TimeTag="2024-12-28T15:45:19" DepthTag="0.515">1.492 16.126 41.515 0.000 44.525 16.126 </Samples>
		<Samples TimeTag="2024-12-28T15:45:41" DepthTag="0.618">0.668 10.786 44.873 0.000 51.399 10.786 </Samples>
		<Samples TimeTag="2024-12-28T15:45:46" DepthTag="0.721">1.281 13.173 40.805 0.000 48.486 13.173 </Samples>
		<Samples TimeTag="2024-12-28T15:45:50" DepthTag="0.822">1.374 14.137 40.642 0.000 46.881 14.137 </Samples>
		<Samples TimeTag="2024-12-28T15:45:55" DepthTag="0.926">1.297 14.489 39.847 0.000 41.010 14.489 </Samples>
		<Samples TimeTag="2024-12-28T15:46:21" DepthTag="1.043">0.803 3.534 36.681 0.000 40.561 3.534 </Samples>
		<Samples TimeTag="2024-12-28T15:46:30" DepthTag="1.145">0.713 13.510 41.148 0.000 47.489 13.510 </Samples>
		<Samples TimeTag="2024-12-28T15:46:35" DepthTag="1.247">1.178 14.061 39.381 0.000 44.657 14.061 </Samples>
		<Samples TimeTag="2024-12-28T15:46:39" DepthTag="1.349">1.389 14.321 39.964 0.000 43.451 14.321 </Samples>
		<Samples TimeTag="2024-12-28T15:46:44" DepthTag="1.454">1.423 14.351 38.841 0.000 39.857 14.351 </Samples>
		<Samples TimeTag="2024-12-28T15:47:09" DepthTag="1.574">0.979 6.962 33.094 0.000 36.749 6.962 </Samples>
		<Samples TimeTag="2024-12-28T15:47:15" DepthTag="1.677">1.111 14.979 44.854 0.000 51.788 14.979 </Samples>
		<Samples TimeTag="2024-12-28T15:47:19" DepthTag="1.781">1.569 16.203 44.996 0.000 46.231 16.203 </Samples>
		<Samples TimeTag="2024-12-28T15:47:23" DepthTag="1.883">1.587 16.830 44.875 0.000 45.318 16.830 </Samples>
		<Samples TimeTag="2024-12-28T15:47:27" DepthTag="1.984">1.538 17.136 44.187 0.000 41.535 17.136 </Samples>
		<Samples TimeTag="2024-12-28T15:47:31" DepthTag="2.086">1.388 18.008 45.362 0.000 45.108 18.008 </Samples>
		<Samples TimeTag="2024-12-28T15:47:37" DepthTag="2.191">1.152 18.605 45.184 0.000 43.493 18.605 </Samples>
		<Samples TimeTag="2024-12-28T15:47:41" DepthTag="2.292">1.267 18.850 44.764 0.000 43.843 18.850 </Samples>
		<Samples TimeTag="2024-12-28T15:47:45" DepthTag="2.394">1.723 18.528 45.724 0.000 44.357 18.528 </Samples>
		<Samples TimeTag="2024-12-28T15:47:48" DepthTag="2.494">1.749 18.314 44.937 0.000 46.351 18.314 </Samples>
		<Samples TimeTag="2024-12-28T15:47:52" DepthTag="2.595">1.604 18.375 45.225 0.000 47.852 18.375 </Samples>
		<Samples TimeTag="2024-12-28T15:47:57" DepthTag="2.698">1.405 18.375 44.246 0.000 35.727 18.375 </Samples>
		<Samples TimeTag="2024-12-28T15:48:00" DepthTag="2.802">1.642 18.391 44.814 0.000 42.419 18.391 </Samples>
		<Samples TimeTag="2024-12-28T15:48:05" DepthTag="2.906">1.423 18.391 45.136 0.000 40.689 18.391 </Samples>
		<Samples TimeTag="2024-12-28T15:48:10" DepthTag="3.013">1.273 18.528 45.925 0.000 40.840 18.528 </Samples>
		<Samples TimeTag="2024-12-28T15:48:14" DepthTag="3.117">1.363 19.018 45.224 0.000 46.446 19.018 </Samples>
		<Samples TimeTag="2024-12-28T15:48:20" DepthTag="3.219">1.170 19.232 44.233 0.000 41.957 19.232 </Samples>
		<Samples TimeTag="2024-12-28T15:48:24" DepthTag="3.324">1.433 19.263 44.596 0.000 42.407 19.263 </Samples>
		<Samples TimeTag="2024-12-28T15:48:30" DepthTag="3.428">1.121 20.318 45.369 0.000 48.497 20.318 </Samples>
		<Samples TimeTag="2024-12-28T15:48:35" DepthTag="3.528">1.026 20.976 45.122 0.000 40.589 20.976 </Samples>
		<Samples TimeTag="2024-12-28T15:48:41" DepthTag="3.628">1.158 21.405 45.328 0.000 39.455 21.405 </Samples>
		<Samples TimeTag="2024-12-28T15:48:46" DepthTag="3.732">1.125 22.200 45.447 0.000 40.017 22.200 </Samples>
		<Samples TimeTag="2024-12-28T15:48:52" DepthTag="3.835">0.986 22.965 45.028 0.000 41.287 22.965 </Samples>
		<Samples TimeTag="2024-12-28T15:48:59" DepthTag="3.936">0.918 23.118 45.551 0.000 46.338 23.118 </Samples>
		<Samples TimeTag="2024-12-28T15:49:05" DepthTag="4.037">1.011 22.965 45.673 0.000 40.781 22.965 </Samples>
		<Samples TimeTag="2024-12-28T15:49:11" DepthTag="4.138">1.077 22.782 45.092 0.000 40.557 22.782 </Samples>
		<Samples TimeTag="2024-12-28T15:49:16" DepthTag="4.240">1.236 22.935 44.883 0.000 40.899 22.935 </Samples>
		<Samples TimeTag="2024-12-28T15:49:21" DepthTag="4.342">1.136 22.996 42.773 0.000 38.818 22.996 </Samples>
		<Samples TimeTag="2024-12-28T15:49:26" DepthTag="4.442">1.100 22.965 45.249 0.000 39.377 22.965 </Samples>
		<Samples TimeTag="2024-12-28T15:49:32" DepthTag="4.542">1.086 23.011 44.851 0.000 42.353 23.011 </Samples>
		<Samples TimeTag="2024-12-28T15:49:37" DepthTag="4.642">1.249 23.256 45.360 0.000 44.788 23.256 </Samples>
		<Samples TimeTag="2024-12-28T15:49:42" DepthTag="4.743">1.151 23.302 40.194 0.000 37.916 23.302 </Samples>
		<Samples TimeTag="2024-12-28T15:49:48" DepthTag="4.847">1.043 23.394 39.005 0.000 37.539 23.394 </Samples>
	</CompactMWDdata>
	<IR:GenTrailer>
		<IR:FileCloseDate>2024-12-28T15:51:14</IR:FileCloseDate>
		<IR:ChkSum>3974762828</IR:ChkSum>
	</IR:GenTrailer>
</DRMWD>
