<?xml version="1.0" encoding="UTF-8"?>
<!-- Generated by the RCS System Epiroc Rock Drills AB -->
<DRMWD xmlns="http://www.iredes.org/xml/DrillRig" xmlns:IR="http://www.iredes.org/xml" xmlns:xsi="http://www.w3.org/2001/XMLSchema-instance" xsi:schemaLocation="http://www.iredes.org/xml/DrillRig C:\Iredes\IR_V1.2.3\xml\DR-DrillRig_V1.2\DrillRig.xsd" IRVersion="V 1.2AC" IRDownwCompat="V 1.2AC" DRMWDDownwCompat="V 1.2AC" DRMWDVersion="V 1.2AC">
	<IR:GenHead>
		<IR:FileCreateDate>2024-12-29T00:34:48</IR:FileCreateDate>
		<IR:IRversion DownwCompat="V 1.0">V 1.2AC</IR:IRversion>
		<IR:EquipmentInfo>
			<IR:EqpManufact>Epiroc</IR:EqpManufact>
			<IR:EqpType>SmartROC D65</IR:EqpType>
			<IR:EqpSerNo>8992013064</IR:EqpSerNo>
			<IR:EqpSysVer>6.28.1</IR:EqpSysVer>
			<IR:EqpInfo>DrillingMethod: DTH</IR:EqpInfo>
		</IR:EquipmentInfo>
	</IR:GenHead>
	<IR:ReportId>MWDRI290034</IR:ReportId>
	<IR:StartLogTime>2024-12-29T00:26:14</IR:StartLogTime>
	<IR:EndLogTime>2024-12-29T00:32:08</IR:EndLogTime>
	<IR:PlanIdRef>TRN08_21_0530_001_All</IR:PlanIdRef>
	<IR:PlanNameRef>TRN08_21_0530_001_All</IR:PlanNameRef>
	<MWDholeId>I48</MWDholeId>
	<QualityReportIdRef>DQRI272324</QualityReportIdRef>
	<SampleDistance>0.100</SampleDistance>
	<CompactMWDdata>
		<MWDparams>
			<Parameter Unit="m/min" Full="PenetrRate">PR</Parameter>
			<Parameter Unit="Bar" Full="PercPressure">PP</Parameter>
			<Parameter Unit="Bar" Full="FeedPressure">FP</Parameter>
			<Parameter Unit="Bar" Full="DampPressure">DP</Parameter>
			<Parameter Unit="Bar" Full="RotPressure">RP</Parameter>
			<Parameter Unit="Bar" Full="FlushPressure">FLP</Parameter>
		</MWDparams>
		<Samples TimeTag="2024-12-29T00:26:14" DepthTag="0.103">0.681 13.862 42.346 0.000 21.178 13.862 </Samples>
		<Samples TimeTag="2024-12-29T00:26:21" DepthTag="0.205">0.873 15.973 42.695 0.000 20.956 15.973 </Samples>
		<Samples TimeTag="2024-12-29T00:26:25" DepthTag="0.307">1.688 15.713 40.464 0.000 41.736 15.713 </Samples>
		<Samples TimeTag="2024-12-29T00:26:29" DepthTag="0.407">1.316 15.851 40.803 0.000 48.115 15.851 </Samples>
		<Samples TimeTag="2024-12-29T00:26:35" DepthTag="0.508">1.055 14.749 24.774 0.000 46.559 14.749 </Samples>
		<Samples TimeTag="2024-12-29T00:26:58" DepthTag="0.611">0.616 11.827 44.088 0.000 49.987 11.827 </Samples>
		<Samples TimeTag="2024-12-29T00:27:03" DepthTag="0.713">1.095 14.275 40.383 0.000 43.341 14.275 </Samples>
		<Samples TimeTag="2024-12-29T00:27:08" DepthTag="0.813">1.189 14.795 38.557 0.000 46.134 14.795 </Samples>
		<Samples TimeTag="2024-12-29T00:27:14" DepthTag="0.914">1.127 15.331 40.237 0.000 47.228 15.331 </Samples>
		<Samples TimeTag="2024-12-29T00:27:43" DepthTag="1.021">0.581 4.223 39.346 0.000 42.401 4.223 </Samples>
		<Samples TimeTag="2024-12-29T00:27:50" DepthTag="1.124">0.830 14.214 41.214 0.000 47.784 14.214 </Samples>
		<Samples TimeTag="2024-12-29T00:27:56" DepthTag="1.225">1.053 15.591 40.208 0.000 49.226 15.591 </Samples>
		<Samples TimeTag="2024-12-29T00:28:01" DepthTag="1.326">1.254 16.050 40.314 0.000 46.064 16.050 </Samples>
		<Samples TimeTag="2024-12-29T00:28:06" DepthTag="1.428">1.146 16.493 39.385 0.000 47.277 16.493 </Samples>
		<Samples TimeTag="2024-12-29T00:28:35" DepthTag="1.542">0.689 6.196 35.051 0.000 36.199 6.196 </Samples>
		<Samples TimeTag="2024-12-29T00:28:41" DepthTag="1.642">0.975 15.713 45.706 0.000 54.699 15.713 </Samples>
		<Samples TimeTag="2024-12-29T00:28:47" DepthTag="1.743">0.979 17.901 45.249 0.000 47.842 17.901 </Samples>
		<Samples TimeTag="2024-12-29T00:28:52" DepthTag="1.844">1.307 18.528 45.212 0.000 51.287 18.528 </Samples>
		<Samples TimeTag="2024-12-29T00:28:57" DepthTag="1.944">1.045 19.569 45.671 0.000 51.496 19.569 </Samples>
		<Samples TimeTag="2024-12-29T00:29:04" DepthTag="2.049">0.955 20.839 44.772 0.000 40.334 20.839 </Samples>
		<Samples TimeTag="2024-12-29T00:29:08" DepthTag="2.152">1.540 20.242 45.085 0.000 43.581 20.242 </Samples>
		<Samples TimeTag="2024-12-29T00:29:12" DepthTag="2.257">1.754 19.966 45.448 0.000 45.765 19.966 </Samples>
		<Samples TimeTag="2024-12-29T00:29:17" DepthTag="2.358">1.219 21.053 45.281 0.000 50.675 21.053 </Samples>
		<Samples TimeTag="2024-12-29T00:29:22" DepthTag="2.461">1.047 22.093 45.192 0.000 48.942 22.093 </Samples>
		<Samples TimeTag="2024-12-29T00:29:28" DepthTag="2.565">1.159 22.185 45.003 0.000 43.182 22.185 </Samples>
		<Samples TimeTag="2024-12-29T00:29:33" DepthTag="2.667">1.282 21.879 44.208 0.000 41.129 21.879 </Samples>
		<Samples TimeTag="2024-12-29T00:29:38" DepthTag="2.769">1.164 22.430 45.209 0.000 44.747 22.430 </Samples>
		<Samples TimeTag="2024-12-29T00:29:45" DepthTag="2.870">0.824 23.516 45.285 0.000 42.173 23.516 </Samples>
		<Samples TimeTag="2024-12-29T00:29:52" DepthTag="2.970">0.832 24.801 45.184 0.000 38.725 24.801 </Samples>
		<Samples TimeTag="2024-12-29T00:29:59" DepthTag="3.074">0.944 25.383 45.206 0.000 40.222 25.383 </Samples>
		<Samples TimeTag="2024-12-29T00:30:05" DepthTag="3.176">1.022 25.138 44.574 0.000 44.274 25.138 </Samples>
		<Samples TimeTag="2024-12-29T00:30:11" DepthTag="3.277">1.095 24.878 44.529 0.000 42.823 24.878 </Samples>
		<Samples TimeTag="2024-12-29T00:30:17" DepthTag="3.377">0.999 24.893 44.861 0.000 38.764 24.893 </Samples>
		<Samples TimeTag="2024-12-29T00:30:28" DepthTag="3.485">0.577 9.700 40.626 0.000 36.517 9.700 </Samples>
		<Samples TimeTag="2024-12-29T00:30:34" DepthTag="3.587">0.992 17.442 45.478 0.000 57.155 17.442 </Samples>
		<Samples TimeTag="2024-12-29T00:30:41" DepthTag="3.688">0.886 20.242 45.321 0.000 52.107 20.242 </Samples>
		<Samples TimeTag="2024-12-29T00:30:47" DepthTag="3.788">0.939 21.481 44.396 0.000 44.673 21.481 </Samples>
		<Samples TimeTag="2024-12-29T00:30:56" DepthTag="3.889">0.702 24.771 45.263 0.000 47.952 24.771 </Samples>
		<Samples TimeTag="2024-12-29T00:31:05" DepthTag="3.990">0.690 26.545 44.404 0.000 37.919 26.545 </Samples>
		<Samples TimeTag="2024-12-29T00:31:09" DepthTag="4.094">1.365 25.979 45.745 0.000 37.991 25.979 </Samples>
		<Samples TimeTag="2024-12-29T00:31:19" DepthTag="4.207">0.674 13.755 44.488 0.000 60.867 13.755 </Samples>
		<Samples TimeTag="2024-12-29T00:31:41" DepthTag="4.320">0.316 9.134 40.971 0.000 49.871 9.134 </Samples>
		<Samples TimeTag="2024-12-29T00:31:48" DepthTag="4.422">0.830 18.100 45.048 0.000 55.916 18.100 </Samples>
		<Samples TimeTag="2024-12-29T00:31:53" DepthTag="4.523">1.157 19.599 45.106 0.000 50.258 19.599 </Samples>
		<Samples TimeTag="2024-12-29T00:31:59" DepthTag="4.624">1.161 20.655 44.193 0.000 44.443 20.655 </Samples>
		<Samples TimeTag="2024-12-29T00:32:03" DepthTag="4.728">1.303 21.206 41.650 0.000 45.970 21.206 </Samples>
		<Samples TimeTag="2024-12-29T00:32:08" DepthTag="4.831">1.404 21.328 40.669 0.000 49.873 21.328 </Samples>
	</CompactMWDdata>
	<IR:GenTrailer>
		<IR:FileCloseDate>2024-12-29T00:34:48</IR:FileCloseDate>
		<IR:ChkSum>1060807716</IR:ChkSum>
	</IR:GenTrailer>
</DRMWD>
