<?xml version="1.0" encoding="UTF-8"?>
<!-- Generated by the RCS System Epiroc Rock Drills AB -->
<DRMWD xmlns="http://www.iredes.org/xml/DrillRig" xmlns:IR="http://www.iredes.org/xml" xmlns:xsi="http://www.w3.org/2001/XMLSchema-instance" xsi:schemaLocation="http://www.iredes.org/xml/DrillRig C:\Iredes\IR_V1.2.3\xml\DR-DrillRig_V1.2\DrillRig.xsd" IRVersion="V 1.2AC" IRDownwCompat="V 1.2AC" DRMWDDownwCompat="V 1.2AC" DRMWDVersion="V 1.2AC">
	<IR:GenHead>
		<IR:FileCreateDate>2024-12-28T18:00:15</IR:FileCreateDate>
		<IR:IRversion DownwCompat="V 1.0">V 1.2AC</IR:IRversion>
		<IR:EquipmentInfo>
			<IR:EqpManufact>Epiroc</IR:EqpManufact>
			<IR:EqpType>SmartROC D65</IR:EqpType>
			<IR:EqpSerNo>8992013064</IR:EqpSerNo>
			<IR:EqpSysVer>6.28.1</IR:EqpSysVer>
			<IR:EqpInfo>DrillingMethod: DTH</IR:EqpInfo>
		</IR:EquipmentInfo>
	</IR:GenHead>
	<IR:ReportId>MWDRI281800</IR:ReportId>
	<IR:StartLogTime>2024-12-28T17:53:04</IR:StartLogTime>
	<IR:EndLogTime>2024-12-28T17:57:55</IR:EndLogTime>
	<IR:PlanIdRef>TRN08_21_0530_001_All</IR:PlanIdRef>
	<IR:PlanNameRef>TRN08_21_0530_001_All</IR:PlanNameRef>
	<MWDholeId>C58</MWDholeId>
	<QualityReportIdRef>DQRI272324</QualityReportIdRef>
	<SampleDistance>0.100</SampleDistance>
	<CompactMWDdata>
		<MWDparams>
			<Parameter Unit="m/min" Full="PenetrRate">PR</Parameter>
			<Parameter Unit="Bar" Full="PercPressure">PP</Parameter>
			<Parameter Unit="Bar" Full="FeedPressure">FP</Parameter>
			<Parameter Unit="Bar" Full="DampPressure">DP</Parameter>
			<Parameter Unit="Bar" Full="RotPressure">RP</Parameter>
			<Parameter Unit="Bar" Full="FlushPressure">FLP</Parameter>
		</MWDparams>
		<Samples TimeTag="2024-12-28T17:53:04" DepthTag="0.103">1.399 14.030 46.483 0.000 20.972 14.030 </Samples>
		<Samples TimeTag="2024-12-28T17:53:09" DepthTag="0.203">1.077 14.734 41.856 0.000 20.972 14.734 </Samples>
		<Samples TimeTag="2024-12-28T17:53:14" DepthTag="0.310">1.480 15.514 38.629 0.000 38.690 15.514 </Samples>
		<Samples TimeTag="2024-12-28T17:53:16" DepthTag="0.413">2.335 15.346 39.449 0.000 41.446 15.346 </Samples>
		<Samples TimeTag="2024-12-28T17:53:19" DepthTag="0.515">2.052 14.076 23.443 0.000 40.099 14.076 </Samples>
		<Samples TimeTag="2024-12-28T17:53:38" DepthTag="0.620">0.890 8.644 46.779 0.000 50.232 8.644 </Samples>
		<Samples TimeTag="2024-12-28T17:53:43" DepthTag="0.721">1.400 12.362 41.663 0.000 46.012 12.362 </Samples>
		<Samples TimeTag="2024-12-28T17:53:47" DepthTag="0.826">1.577 13.816 39.051 0.000 48.314 13.816 </Samples>
		<Samples TimeTag="2024-12-28T17:53:50" DepthTag="0.934">1.879 14.290 39.133 0.000 42.994 14.290 </Samples>
		<Samples TimeTag="2024-12-28T17:54:17" DepthTag="1.038">0.764 9.884 44.739 0.000 46.706 9.884 </Samples>
		<Samples TimeTag="2024-12-28T17:54:22" DepthTag="1.141">1.242 13.005 40.998 0.000 46.019 13.005 </Samples>
		<Samples TimeTag="2024-12-28T17:54:27" DepthTag="1.242">1.297 13.984 40.019 0.000 47.071 13.984 </Samples>
		<Samples TimeTag="2024-12-28T17:54:31" DepthTag="1.342">1.391 14.137 39.512 0.000 44.348 14.137 </Samples>
		<Samples TimeTag="2024-12-28T17:54:35" DepthTag="1.444">1.909 14.413 38.787 0.000 47.647 14.413 </Samples>
		<Samples TimeTag="2024-12-28T17:54:59" DepthTag="1.545">0.972 6.411 29.778 0.000 39.101 6.411 </Samples>
		<Samples TimeTag="2024-12-28T17:55:03" DepthTag="1.649">1.578 13.525 45.908 0.000 50.152 13.525 </Samples>
		<Samples TimeTag="2024-12-28T17:55:07" DepthTag="1.751">1.526 15.759 44.946 0.000 45.420 15.759 </Samples>
		<Samples TimeTag="2024-12-28T17:55:11" DepthTag="1.851">1.560 16.799 44.831 0.000 48.510 16.799 </Samples>
		<Samples TimeTag="2024-12-28T17:55:15" DepthTag="1.955">1.579 17.243 45.073 0.000 47.908 17.243 </Samples>
		<Samples TimeTag="2024-12-28T17:55:19" DepthTag="2.059">1.629 17.702 45.509 0.000 49.241 17.702 </Samples>
		<Samples TimeTag="2024-12-28T17:55:22" DepthTag="2.164">1.670 17.962 44.715 0.000 43.837 17.962 </Samples>
		<Samples TimeTag="2024-12-28T17:55:26" DepthTag="2.268">1.621 18.192 44.505 0.000 41.964 18.192 </Samples>
		<Samples TimeTag="2024-12-28T17:55:30" DepthTag="2.370">1.812 18.284 44.994 0.000 44.898 18.284 </Samples>
		<Samples TimeTag="2024-12-28T17:55:34" DepthTag="2.471">1.511 18.574 45.161 0.000 44.591 18.574 </Samples>
		<Samples TimeTag="2024-12-28T17:55:38" DepthTag="2.573">1.336 18.758 45.414 0.000 42.905 18.758 </Samples>
		<Samples TimeTag="2024-12-28T17:55:43" DepthTag="2.678">1.429 19.324 45.335 0.000 40.502 19.324 </Samples>
		<Samples TimeTag="2024-12-28T17:55:47" DepthTag="2.779">1.378 20.288 45.496 0.000 39.246 20.288 </Samples>
		<Samples TimeTag="2024-12-28T17:55:53" DepthTag="2.884">1.128 21.206 44.356 0.000 33.624 21.206 </Samples>
		<Samples TimeTag="2024-12-28T17:55:57" DepthTag="2.985">1.323 21.160 44.208 0.000 33.360 21.160 </Samples>
		<Samples TimeTag="2024-12-28T17:56:02" DepthTag="3.088">1.390 20.839 44.979 0.000 38.928 20.839 </Samples>
		<Samples TimeTag="2024-12-28T17:56:06" DepthTag="3.191">1.541 20.089 44.187 0.000 38.633 20.089 </Samples>
		<Samples TimeTag="2024-12-28T17:56:10" DepthTag="3.296">1.573 19.936 45.054 0.000 49.459 19.936 </Samples>
		<Samples TimeTag="2024-12-28T17:56:14" DepthTag="3.399">1.356 19.768 44.585 0.000 41.131 19.768 </Samples>
		<Samples TimeTag="2024-12-28T17:56:18" DepthTag="3.499">1.599 19.905 44.983 0.000 44.859 19.905 </Samples>
		<Samples TimeTag="2024-12-28T17:56:23" DepthTag="3.600">1.252 20.334 44.851 0.000 49.106 20.334 </Samples>
		<Samples TimeTag="2024-12-28T17:56:28" DepthTag="3.700">1.067 21.481 45.640 0.000 50.842 21.481 </Samples>
		<Samples TimeTag="2024-12-28T17:56:36" DepthTag="3.802">0.767 22.965 45.336 0.000 44.960 22.965 </Samples>
		<Samples TimeTag="2024-12-28T17:56:42" DepthTag="3.904">1.083 23.424 45.410 0.000 44.174 23.424 </Samples>
		<Samples TimeTag="2024-12-28T17:56:50" DepthTag="4.004">0.775 25.413 45.013 0.000 37.199 25.413 </Samples>
		<Samples TimeTag="2024-12-28T17:56:58" DepthTag="4.105">0.738 16.371 46.264 0.000 55.503 16.371 </Samples>
		<Samples TimeTag="2024-12-28T17:57:05" DepthTag="4.206">0.872 19.477 44.384 0.000 52.340 19.477 </Samples>
		<Samples TimeTag="2024-12-28T17:57:11" DepthTag="4.308">1.013 21.007 44.567 0.000 44.551 21.007 </Samples>
		<Samples TimeTag="2024-12-28T17:57:16" DepthTag="4.408">1.153 22.170 44.852 0.000 46.610 22.170 </Samples>
		<Samples TimeTag="2024-12-28T17:57:24" DepthTag="4.509">0.754 24.480 45.728 0.000 54.673 24.480 </Samples>
		<Samples TimeTag="2024-12-28T17:57:45" DepthTag="4.611">0.296 17.228 44.492 0.000 49.654 17.228 </Samples>
		<Samples TimeTag="2024-12-28T17:57:50" DepthTag="4.713">1.262 18.727 39.642 0.000 43.290 18.727 </Samples>
		<Samples TimeTag="2024-12-28T17:57:55" DepthTag="4.816">1.182 20.043 40.611 0.000 49.734 20.043 </Samples>
	</CompactMWDdata>
	<IR:GenTrailer>
		<IR:FileCloseDate>2024-12-28T18:00:15</IR:FileCloseDate>
		<IR:ChkSum>1599228173</IR:ChkSum>
	</IR:GenTrailer>
</DRMWD>
