<?xml version="1.0" encoding="UTF-8"?>
<!-- Generated by the RCS System Epiroc Rock Drills AB -->
<DRMWD xmlns="http://www.iredes.org/xml/DrillRig" xmlns:IR="http://www.iredes.org/xml" xmlns:xsi="http://www.w3.org/2001/XMLSchema-instance" xsi:schemaLocation="http://www.iredes.org/xml/DrillRig C:\Iredes\IR_V1.2.3\xml\DR-DrillRig_V1.2\DrillRig.xsd" IRVersion="V 1.2AC" IRDownwCompat="V 1.2AC" DRMWDDownwCompat="V 1.2AC" DRMWDVersion="V 1.2AC">
	<IR:GenHead>
		<IR:FileCreateDate>2024-12-30T10:37:25</IR:FileCreateDate>
		<IR:IRversion DownwCompat="V 1.0">V 1.2AC</IR:IRversion>
		<IR:EquipmentInfo>
			<IR:EqpManufact>Epiroc</IR:EqpManufact>
			<IR:EqpType>SmartROC D65</IR:EqpType>
			<IR:EqpSerNo>8992013064</IR:EqpSerNo>
			<IR:EqpSysVer>6.28.1</IR:EqpSysVer>
			<IR:EqpInfo>DrillingMethod: DTH</IR:EqpInfo>
		</IR:EquipmentInfo>
	</IR:GenHead>
	<IR:ReportId>MWDRI301037</IR:ReportId>
	<IR:StartLogTime>2024-12-30T10:31:50</IR:StartLogTime>
	<IR:EndLogTime>2024-12-30T10:36:01</IR:EndLogTime>
	<IR:PlanIdRef>TRN09_24_0486_015_All</IR:PlanIdRef>
	<IR:PlanNameRef>TRN09_24_0486_015_All</IR:PlanNameRef>
	<MWDholeId>X23</MWDholeId>
	<QualityReportIdRef>DQRI291907</QualityReportIdRef>
	<SampleDistance>0.100</SampleDistance>
	<CompactMWDdata>
		<MWDparams>
			<Parameter Unit="m/min" Full="PenetrRate">PR</Parameter>
			<Parameter Unit="Bar" Full="PercPressure">PP</Parameter>
			<Parameter Unit="Bar" Full="FeedPressure">FP</Parameter>
			<Parameter Unit="Bar" Full="DampPressure">DP</Parameter>
			<Parameter Unit="Bar" Full="RotPressure">RP</Parameter>
			<Parameter Unit="Bar" Full="FlushPressure">FLP</Parameter>
		</MWDparams>
		<Samples TimeTag="2024-12-30T10:31:50" DepthTag="0.103">0.582 16.111 39.591 0.000 20.801 16.111 </Samples>
		<Samples TimeTag="2024-12-30T10:31:54" DepthTag="0.205">1.460 16.708 39.752 0.000 29.617 16.708 </Samples>
		<Samples TimeTag="2024-12-30T10:31:58" DepthTag="0.305">1.503 16.876 38.967 0.000 33.863 16.876 </Samples>
		<Samples TimeTag="2024-12-30T10:32:00" DepthTag="0.416">2.754 16.646 36.548 0.000 30.479 16.646 </Samples>
		<Samples TimeTag="2024-12-30T10:32:02" DepthTag="0.519">3.511 16.631 38.213 0.000 29.771 16.631 </Samples>
		<Samples TimeTag="2024-12-30T10:32:20" DepthTag="0.619">1.191 6.227 45.051 0.000 33.032 6.227 </Samples>
		<Samples TimeTag="2024-12-30T10:32:24" DepthTag="0.724">1.749 11.521 42.700 0.000 43.150 11.521 </Samples>
		<Samples TimeTag="2024-12-30T10:32:26" DepthTag="0.828">2.868 13.372 38.671 0.000 32.332 13.372 </Samples>
		<Samples TimeTag="2024-12-30T10:32:28" DepthTag="0.942">3.715 14.703 37.133 0.000 27.336 14.703 </Samples>
		<Samples TimeTag="2024-12-30T10:32:51" DepthTag="1.070">1.428 4.728 20.067 0.000 21.683 4.728 </Samples>
		<Samples TimeTag="2024-12-30T10:32:52" DepthTag="1.176">5.311 7.466 45.163 0.000 32.860 7.466 </Samples>
		<Samples TimeTag="2024-12-30T10:32:55" DepthTag="1.277">2.035 15.377 41.090 0.000 26.009 15.377 </Samples>
		<Samples TimeTag="2024-12-30T10:32:57" DepthTag="1.382">3.148 17.610 40.725 0.000 24.576 17.610 </Samples>
		<Samples TimeTag="2024-12-30T10:32:59" DepthTag="1.500">3.843 18.865 33.938 0.000 25.514 18.865 </Samples>
		<Samples TimeTag="2024-12-30T10:33:00" DepthTag="1.605">5.225 12.852 35.616 0.000 22.653 12.852 </Samples>
		<Samples TimeTag="2024-12-30T10:33:03" DepthTag="1.708">2.404 5.324 46.287 0.000 43.438 5.324 </Samples>
		<Samples TimeTag="2024-12-30T10:33:07" DepthTag="1.808">1.504 15.377 42.744 0.000 33.452 15.377 </Samples>
		<Samples TimeTag="2024-12-30T10:33:10" DepthTag="1.915">1.998 17.779 37.817 0.000 32.363 17.779 </Samples>
		<Samples TimeTag="2024-12-30T10:33:12" DepthTag="2.022">3.624 18.329 35.062 0.000 30.264 18.329 </Samples>
		<Samples TimeTag="2024-12-30T10:33:13" DepthTag="2.140">5.893 18.421 26.744 0.000 22.899 18.421 </Samples>
		<Samples TimeTag="2024-12-30T10:33:14" DepthTag="2.250">6.331 17.534 35.944 0.000 25.385 17.534 </Samples>
		<Samples TimeTag="2024-12-30T10:33:18" DepthTag="2.351">1.541 17.794 43.191 0.000 25.393 17.794 </Samples>
		<Samples TimeTag="2024-12-30T10:33:20" DepthTag="2.454">2.757 18.635 33.989 0.000 22.370 18.635 </Samples>
		<Samples TimeTag="2024-12-30T10:33:23" DepthTag="2.558">2.214 19.354 40.483 0.000 25.340 19.354 </Samples>
		<Samples TimeTag="2024-12-30T10:33:25" DepthTag="2.659">3.035 17.809 37.782 0.000 24.596 17.809 </Samples>
		<Samples TimeTag="2024-12-30T10:33:28" DepthTag="2.760">2.359 17.641 42.074 0.000 35.952 17.641 </Samples>
		<Samples TimeTag="2024-12-30T10:33:35" DepthTag="2.860">0.833 18.329 40.182 0.000 39.509 18.329 </Samples>
		<Samples TimeTag="2024-12-30T10:33:43" DepthTag="2.962">0.784 18.115 39.533 0.000 39.775 18.115 </Samples>
		<Samples TimeTag="2024-12-30T10:33:49" DepthTag="3.064">1.023 17.411 39.748 0.000 42.644 17.411 </Samples>
		<Samples TimeTag="2024-12-30T10:33:52" DepthTag="3.168">1.847 18.054 41.223 0.000 38.217 18.054 </Samples>
		<Samples TimeTag="2024-12-30T10:33:59" DepthTag="3.272">0.892 17.381 37.239 0.000 47.445 17.381 </Samples>
		<Samples TimeTag="2024-12-30T10:34:05" DepthTag="3.373">1.080 18.146 39.476 0.000 39.378 18.146 </Samples>
		<Samples TimeTag="2024-12-30T10:34:10" DepthTag="3.475">1.207 17.136 43.149 0.000 37.691 17.136 </Samples>
		<Samples TimeTag="2024-12-30T10:34:51" DepthTag="3.575">0.400 4.498 32.848 0.000 34.219 4.498 </Samples>
		<Samples TimeTag="2024-12-30T10:34:58" DepthTag="3.677">0.816 15.575 46.922 0.000 52.363 15.575 </Samples>
		<Samples TimeTag="2024-12-30T10:35:05" DepthTag="3.781">0.936 16.952 48.290 0.000 44.430 16.952 </Samples>
		<Samples TimeTag="2024-12-30T10:35:11" DepthTag="3.883">0.927 17.457 48.226 0.000 54.849 17.457 </Samples>
		<Samples TimeTag="2024-12-30T10:35:18" DepthTag="3.984">0.867 17.656 48.259 0.000 46.543 17.656 </Samples>
		<Samples TimeTag="2024-12-30T10:35:24" DepthTag="4.085">1.015 17.656 47.987 0.000 38.884 17.656 </Samples>
		<Samples TimeTag="2024-12-30T10:35:30" DepthTag="4.187">1.084 17.733 48.053 0.000 40.528 17.733 </Samples>
		<Samples TimeTag="2024-12-30T10:35:37" DepthTag="4.290">0.963 17.779 47.933 0.000 41.511 17.779 </Samples>
		<Samples TimeTag="2024-12-30T10:35:41" DepthTag="4.393">1.426 18.008 48.116 0.000 44.796 18.008 </Samples>
		<Samples TimeTag="2024-12-30T10:35:48" DepthTag="4.494">0.917 17.962 47.455 0.000 45.989 17.962 </Samples>
		<Samples TimeTag="2024-12-30T10:35:52" DepthTag="4.597">1.347 18.345 47.089 0.000 47.677 18.345 </Samples>
		<Samples TimeTag="2024-12-30T10:35:55" DepthTag="4.700">2.079 18.635 45.844 0.000 46.019 18.635 </Samples>
		<Samples TimeTag="2024-12-30T10:35:57" DepthTag="4.813">3.679 18.850 45.614 0.000 44.203 18.850 </Samples>
		<Samples TimeTag="2024-12-30T10:35:59" DepthTag="4.918">3.147 18.758 43.175 0.000 42.069 18.758 </Samples>
		<Samples TimeTag="2024-12-30T10:36:01" DepthTag="5.022">2.436 16.692 41.982 0.000 48.366 16.692 </Samples>
	</CompactMWDdata>
	<IR:GenTrailer>
		<IR:FileCloseDate>2024-12-30T10:37:25</IR:FileCloseDate>
		<IR:ChkSum>2918518499</IR:ChkSum>
	</IR:GenTrailer>
</DRMWD>
