<?xml version="1.0" encoding="UTF-8"?>
<!-- Generated by the RCS System Epiroc Rock Drills AB -->
<DRMWD xmlns="http://www.iredes.org/xml/DrillRig" xmlns:IR="http://www.iredes.org/xml" xmlns:xsi="http://www.w3.org/2001/XMLSchema-instance" xsi:schemaLocation="http://www.iredes.org/xml/DrillRig C:\Iredes\IR_V1.2.3\xml\DR-DrillRig_V1.2\DrillRig.xsd" IRVersion="V 1.2AC" IRDownwCompat="V 1.2AC" DRMWDDownwCompat="V 1.2AC" DRMWDVersion="V 1.2AC">
	<IR:GenHead>
		<IR:FileCreateDate>2024-12-29T22:31:43</IR:FileCreateDate>
		<IR:IRversion DownwCompat="V 1.0">V 1.2AC</IR:IRversion>
		<IR:EquipmentInfo>
			<IR:EqpManufact>Epiroc</IR:EqpManufact>
			<IR:EqpType>SmartROC D65</IR:EqpType>
			<IR:EqpSerNo>8992013064</IR:EqpSerNo>
			<IR:EqpSysVer>6.28.1</IR:EqpSysVer>
			<IR:EqpInfo>DrillingMethod: DTH</IR:EqpInfo>
		</IR:EquipmentInfo>
	</IR:GenHead>
	<IR:ReportId>MWDRI292231</IR:ReportId>
	<IR:StartLogTime>2024-12-29T22:22:36</IR:StartLogTime>
	<IR:EndLogTime>2024-12-29T22:30:04</IR:EndLogTime>
	<IR:PlanIdRef>TRN09_24_0486_015_All</IR:PlanIdRef>
	<IR:PlanNameRef>TRN09_24_0486_015_All</IR:PlanNameRef>
	<MWDholeId>AF64</MWDholeId>
	<QualityReportIdRef>DQRI291907</QualityReportIdRef>
	<SampleDistance>0.100</SampleDistance>
	<CompactMWDdata>
		<MWDparams>
			<Parameter Unit="m/min" Full="PenetrRate">PR</Parameter>
			<Parameter Unit="Bar" Full="PercPressure">PP</Parameter>
			<Parameter Unit="Bar" Full="FeedPressure">FP</Parameter>
			<Parameter Unit="Bar" Full="DampPressure">DP</Parameter>
			<Parameter Unit="Bar" Full="RotPressure">RP</Parameter>
			<Parameter Unit="Bar" Full="FlushPressure">FLP</Parameter>
		</MWDparams>
		<Samples TimeTag="2024-12-29T22:22:36" DepthTag="0.104">0.840 9.027 44.561 0.000 20.883 9.027 </Samples>
		<Samples TimeTag="2024-12-29T22:22:39" DepthTag="0.227">2.787 11.919 30.345 0.000 20.972 11.919 </Samples>
		<Samples TimeTag="2024-12-29T22:22:40" DepthTag="0.335">6.762 12.653 22.597 0.000 20.972 12.653 </Samples>
		<Samples TimeTag="2024-12-29T22:22:41" DepthTag="0.454">6.854 13.280 22.803 0.000 20.922 13.280 </Samples>
		<Samples TimeTag="2024-12-29T22:22:58" DepthTag="0.574">2.423 5.967 28.457 0.000 20.972 5.967 </Samples>
		<Samples TimeTag="2024-12-29T22:23:01" DepthTag="0.677">2.334 10.236 44.336 0.000 44.926 10.236 </Samples>
		<Samples TimeTag="2024-12-29T22:23:03" DepthTag="0.779">2.535 12.561 42.504 0.000 52.720 12.561 </Samples>
		<Samples TimeTag="2024-12-29T22:23:05" DepthTag="0.885">3.611 13.586 38.008 0.000 40.174 13.586 </Samples>
		<Samples TimeTag="2024-12-29T22:23:07" DepthTag="0.985">4.170 14.198 37.158 0.000 39.579 14.198 </Samples>
		<Samples TimeTag="2024-12-29T22:23:34" DepthTag="1.086">0.790 11.781 45.012 0.000 45.443 11.781 </Samples>
		<Samples TimeTag="2024-12-29T22:23:39" DepthTag="1.190">1.166 14.367 39.658 0.000 46.598 14.367 </Samples>
		<Samples TimeTag="2024-12-29T22:23:47" DepthTag="1.290">0.774 14.826 39.462 0.000 41.736 14.826 </Samples>
		<Samples TimeTag="2024-12-29T22:23:56" DepthTag="1.390">0.652 14.642 39.216 0.000 40.600 14.642 </Samples>
		<Samples TimeTag="2024-12-29T22:24:02" DepthTag="1.493">0.962 14.795 40.831 0.000 44.834 14.795 </Samples>
		<Samples TimeTag="2024-12-29T22:24:42" DepthTag="1.596">0.426 16.830 40.654 0.000 38.527 16.830 </Samples>
		<Samples TimeTag="2024-12-29T22:24:51" DepthTag="1.697">0.631 17.626 39.486 0.000 34.387 17.626 </Samples>
		<Samples TimeTag="2024-12-29T22:25:01" DepthTag="1.800">0.675 17.886 39.608 0.000 36.277 17.886 </Samples>
		<Samples TimeTag="2024-12-29T22:25:10" DepthTag="1.902">0.673 18.039 40.088 0.000 38.111 18.039 </Samples>
		<Samples TimeTag="2024-12-29T22:25:17" DepthTag="2.003">0.783 18.284 40.059 0.000 36.568 18.284 </Samples>
		<Samples TimeTag="2024-12-29T22:25:28" DepthTag="2.104">0.583 18.437 40.420 0.000 38.121 18.437 </Samples>
		<Samples TimeTag="2024-12-29T22:25:34" DepthTag="2.205">0.975 18.391 39.116 0.000 37.256 18.391 </Samples>
		<Samples TimeTag="2024-12-29T22:25:37" DepthTag="2.313">2.312 18.467 38.565 0.000 39.174 18.467 </Samples>
		<Samples TimeTag="2024-12-29T22:25:43" DepthTag="2.413">0.936 18.773 40.280 0.000 34.413 18.773 </Samples>
		<Samples TimeTag="2024-12-29T22:25:49" DepthTag="2.518">1.019 18.850 39.431 0.000 39.422 18.850 </Samples>
		<Samples TimeTag="2024-12-29T22:25:54" DepthTag="2.625">1.605 18.758 37.066 0.000 39.070 18.758 </Samples>
		<Samples TimeTag="2024-12-29T22:25:56" DepthTag="2.731">2.250 18.758 38.286 0.000 45.512 18.758 </Samples>
		<Samples TimeTag="2024-12-29T22:26:03" DepthTag="2.834">0.917 18.513 39.628 0.000 32.486 18.513 </Samples>
		<Samples TimeTag="2024-12-29T22:26:13" DepthTag="2.934">0.638 18.146 40.107 0.000 32.390 18.146 </Samples>
		<Samples TimeTag="2024-12-29T22:26:21" DepthTag="3.036">0.679 18.146 40.428 0.000 31.428 18.146 </Samples>
		<Samples TimeTag="2024-12-29T22:26:34" DepthTag="3.136">0.493 18.054 40.070 0.000 30.879 18.054 </Samples>
		<Samples TimeTag="2024-12-29T22:26:44" DepthTag="3.236">0.576 18.023 41.377 0.000 33.763 18.023 </Samples>
		<Samples TimeTag="2024-12-29T22:26:56" DepthTag="3.337">0.491 18.054 38.969 0.000 30.472 18.054 </Samples>
		<Samples TimeTag="2024-12-29T22:27:09" DepthTag="3.438">0.485 18.039 40.696 0.000 32.071 18.039 </Samples>
		<Samples TimeTag="2024-12-29T22:27:19" DepthTag="3.539">0.580 18.146 39.418 0.000 32.180 18.146 </Samples>
		<Samples TimeTag="2024-12-29T22:27:28" DepthTag="3.641">0.701 18.176 38.653 0.000 37.258 18.176 </Samples>
		<Samples TimeTag="2024-12-29T22:27:37" DepthTag="3.743">0.651 18.192 40.417 0.000 33.688 18.192 </Samples>
		<Samples TimeTag="2024-12-29T22:27:48" DepthTag="3.844">0.592 18.100 38.994 0.000 30.201 18.100 </Samples>
		<Samples TimeTag="2024-12-29T22:27:59" DepthTag="3.944">0.523 18.131 39.610 0.000 31.628 18.131 </Samples>
		<Samples TimeTag="2024-12-29T22:28:50" DepthTag="4.046">0.311 14.153 44.946 0.000 43.783 14.153 </Samples>
		<Samples TimeTag="2024-12-29T22:29:04" DepthTag="4.148">0.429 17.411 48.103 0.000 34.395 17.411 </Samples>
		<Samples TimeTag="2024-12-29T22:29:15" DepthTag="4.250">0.545 17.886 47.463 0.000 36.469 17.886 </Samples>
		<Samples TimeTag="2024-12-29T22:29:24" DepthTag="4.351">0.668 18.054 41.770 0.000 37.707 18.054 </Samples>
		<Samples TimeTag="2024-12-29T22:29:27" DepthTag="4.452">2.511 18.406 38.971 0.000 38.863 18.406 </Samples>
		<Samples TimeTag="2024-12-29T22:30:04" DepthTag="4.563">1.040 4.269 12.955 0.000 23.900 4.269 </Samples>
	</CompactMWDdata>
	<IR:GenTrailer>
		<IR:FileCloseDate>2024-12-29T22:31:43</IR:FileCloseDate>
		<IR:ChkSum>3023596206</IR:ChkSum>
	</IR:GenTrailer>
</DRMWD>
