<?xml version="1.0" encoding="UTF-8"?>
<!-- Generated by the RCS System Epiroc Rock Drills AB -->
<DRMWD xmlns="http://www.iredes.org/xml/DrillRig" xmlns:IR="http://www.iredes.org/xml" xmlns:xsi="http://www.w3.org/2001/XMLSchema-instance" xsi:schemaLocation="http://www.iredes.org/xml/DrillRig C:\Iredes\IR_V1.2.3\xml\DR-DrillRig_V1.2\DrillRig.xsd" IRVersion="V 1.2AC" IRDownwCompat="V 1.2AC" DRMWDDownwCompat="V 1.2AC" DRMWDVersion="V 1.2AC">
	<IR:GenHead>
		<IR:FileCreateDate>2024-12-28T18:13:45</IR:FileCreateDate>
		<IR:IRversion DownwCompat="V 1.0">V 1.2AC</IR:IRversion>
		<IR:EquipmentInfo>
			<IR:EqpManufact>Epiroc</IR:EqpManufact>
			<IR:EqpType>SmartROC D65</IR:EqpType>
			<IR:EqpSerNo>8992013064</IR:EqpSerNo>
			<IR:EqpSysVer>6.28.1</IR:EqpSysVer>
			<IR:EqpInfo>DrillingMethod: DTH</IR:EqpInfo>
		</IR:EquipmentInfo>
	</IR:GenHead>
	<IR:ReportId>MWDRI281813</IR:ReportId>
	<IR:StartLogTime>2024-12-28T18:06:16</IR:StartLogTime>
	<IR:EndLogTime>2024-12-28T18:11:50</IR:EndLogTime>
	<IR:PlanIdRef>TRN08_21_0530_001_All</IR:PlanIdRef>
	<IR:PlanNameRef>TRN08_21_0530_001_All</IR:PlanNameRef>
	<MWDholeId>Q41</MWDholeId>
	<QualityReportIdRef>DQRI272324</QualityReportIdRef>
	<SampleDistance>0.100</SampleDistance>
	<CompactMWDdata>
		<MWDparams>
			<Parameter Unit="m/min" Full="PenetrRate">PR</Parameter>
			<Parameter Unit="Bar" Full="PercPressure">PP</Parameter>
			<Parameter Unit="Bar" Full="FeedPressure">FP</Parameter>
			<Parameter Unit="Bar" Full="DampPressure">DP</Parameter>
			<Parameter Unit="Bar" Full="RotPressure">RP</Parameter>
			<Parameter Unit="Bar" Full="FlushPressure">FLP</Parameter>
		</MWDparams>
		<Samples TimeTag="2024-12-28T18:06:16" DepthTag="0.101">0.596 14.045 45.572 0.000 21.653 14.045 </Samples>
		<Samples TimeTag="2024-12-28T18:06:23" DepthTag="0.209">0.932 15.285 38.256 0.000 39.669 15.285 </Samples>
		<Samples TimeTag="2024-12-28T18:06:26" DepthTag="0.314">2.237 15.101 39.768 0.000 47.279 15.101 </Samples>
		<Samples TimeTag="2024-12-28T18:06:30" DepthTag="0.417">1.543 14.856 40.898 0.000 46.301 14.856 </Samples>
		<Samples TimeTag="2024-12-28T18:06:50" DepthTag="0.535">0.893 4.452 27.089 0.000 35.406 4.452 </Samples>
		<Samples TimeTag="2024-12-28T18:06:57" DepthTag="0.636">0.888 13.418 42.780 0.000 50.674 13.418 </Samples>
		<Samples TimeTag="2024-12-28T18:07:02" DepthTag="0.737">1.158 14.244 40.033 0.000 45.529 14.244 </Samples>
		<Samples TimeTag="2024-12-28T18:07:06" DepthTag="0.837">1.372 14.443 40.537 0.000 45.267 14.443 </Samples>
		<Samples TimeTag="2024-12-28T18:07:11" DepthTag="0.940">1.273 14.321 39.347 0.000 46.288 14.321 </Samples>
		<Samples TimeTag="2024-12-28T18:07:37" DepthTag="1.049">0.802 4.697 37.504 0.000 39.839 4.697 </Samples>
		<Samples TimeTag="2024-12-28T18:07:45" DepthTag="1.151">0.810 12.929 41.335 0.000 47.777 12.929 </Samples>
		<Samples TimeTag="2024-12-28T18:07:49" DepthTag="1.255">1.345 13.755 40.099 0.000 46.334 13.755 </Samples>
		<Samples TimeTag="2024-12-28T18:07:56" DepthTag="1.359">0.944 14.948 41.297 0.000 51.959 14.948 </Samples>
		<Samples TimeTag="2024-12-28T18:08:03" DepthTag="1.460">0.923 15.331 38.809 0.000 45.994 15.331 </Samples>
		<Samples TimeTag="2024-12-28T18:08:31" DepthTag="1.564">0.740 15.208 43.187 0.000 47.149 15.208 </Samples>
		<Samples TimeTag="2024-12-28T18:08:35" DepthTag="1.665">1.573 16.325 44.567 0.000 50.578 16.325 </Samples>
		<Samples TimeTag="2024-12-28T18:08:39" DepthTag="1.766">1.549 17.059 45.029 0.000 49.301 17.059 </Samples>
		<Samples TimeTag="2024-12-28T18:08:43" DepthTag="1.867">1.679 17.243 45.106 0.000 41.306 17.243 </Samples>
		<Samples TimeTag="2024-12-28T18:08:46" DepthTag="1.967">1.745 17.427 44.777 0.000 47.758 17.427 </Samples>
		<Samples TimeTag="2024-12-28T18:08:50" DepthTag="2.069">1.518 17.763 45.270 0.000 48.247 17.763 </Samples>
		<Samples TimeTag="2024-12-28T18:08:54" DepthTag="2.170">1.515 18.054 44.114 0.000 47.781 18.054 </Samples>
		<Samples TimeTag="2024-12-28T18:08:58" DepthTag="2.272">1.618 18.590 45.293 0.000 51.092 18.590 </Samples>
		<Samples TimeTag="2024-12-28T18:09:03" DepthTag="2.376">1.204 19.676 45.065 0.000 51.714 19.676 </Samples>
		<Samples TimeTag="2024-12-28T18:09:08" DepthTag="2.477">1.251 20.533 45.626 0.000 50.559 20.533 </Samples>
		<Samples TimeTag="2024-12-28T18:09:14" DepthTag="2.579">0.993 21.604 45.026 0.000 51.342 21.604 </Samples>
		<Samples TimeTag="2024-12-28T18:09:21" DepthTag="2.681">0.933 22.292 45.298 0.000 42.826 22.292 </Samples>
		<Samples TimeTag="2024-12-28T18:09:28" DepthTag="2.782">0.836 23.333 44.661 0.000 36.062 23.333 </Samples>
		<Samples TimeTag="2024-12-28T18:09:34" DepthTag="2.884">1.062 23.256 44.922 0.000 47.351 23.256 </Samples>
		<Samples TimeTag="2024-12-28T18:09:40" DepthTag="2.985">1.013 23.455 45.022 0.000 44.479 23.455 </Samples>
		<Samples TimeTag="2024-12-28T18:09:45" DepthTag="3.088">1.097 23.531 44.667 0.000 47.971 23.531 </Samples>
		<Samples TimeTag="2024-12-28T18:09:51" DepthTag="3.192">1.077 23.654 45.167 0.000 40.689 23.654 </Samples>
		<Samples TimeTag="2024-12-28T18:09:57" DepthTag="3.292">1.001 23.409 44.781 0.000 41.662 23.409 </Samples>
		<Samples TimeTag="2024-12-28T18:10:03" DepthTag="3.395">1.023 23.271 44.567 0.000 42.906 23.271 </Samples>
		<Samples TimeTag="2024-12-28T18:10:08" DepthTag="3.495">1.250 23.195 45.096 0.000 43.732 23.195 </Samples>
		<Samples TimeTag="2024-12-28T18:10:14" DepthTag="3.598">1.003 23.837 45.426 0.000 47.590 23.837 </Samples>
		<Samples TimeTag="2024-12-28T18:10:20" DepthTag="3.701">1.063 23.746 45.020 0.000 48.265 23.746 </Samples>
		<Samples TimeTag="2024-12-28T18:10:25" DepthTag="3.801">1.107 23.837 45.078 0.000 48.227 23.837 </Samples>
		<Samples TimeTag="2024-12-28T18:10:33" DepthTag="3.902">0.775 24.878 44.996 0.000 52.118 24.878 </Samples>
		<Samples TimeTag="2024-12-28T18:10:43" DepthTag="4.003">0.594 19.921 45.493 0.000 52.011 19.921 </Samples>
		<Samples TimeTag="2024-12-28T18:10:50" DepthTag="4.106">0.891 21.955 45.510 0.000 44.522 21.955 </Samples>
		<Samples TimeTag="2024-12-28T18:10:56" DepthTag="4.209">1.097 22.675 44.211 0.000 43.647 22.675 </Samples>
		<Samples TimeTag="2024-12-28T18:11:01" DepthTag="4.309">1.213 23.072 45.240 0.000 47.054 23.072 </Samples>
		<Samples TimeTag="2024-12-28T18:11:08" DepthTag="4.412">0.904 24.052 44.985 0.000 48.797 24.052 </Samples>
		<Samples TimeTag="2024-12-28T18:11:16" DepthTag="4.514">0.726 25.796 45.246 0.000 48.853 25.796 </Samples>
		<Samples TimeTag="2024-12-28T18:11:25" DepthTag="4.614">0.683 20.563 45.078 0.000 60.861 20.563 </Samples>
		<Samples TimeTag="2024-12-28T18:11:33" DepthTag="4.715">0.803 23.287 45.124 0.000 46.966 23.287 </Samples>
		<Samples TimeTag="2024-12-28T18:11:39" DepthTag="4.819">0.989 23.623 39.230 0.000 38.663 23.623 </Samples>
		<Samples TimeTag="2024-12-28T18:11:50" DepthTag="4.924">0.575 10.297 36.177 0.000 46.399 10.297 </Samples>
	</CompactMWDdata>
	<IR:GenTrailer>
		<IR:FileCloseDate>2024-12-28T18:13:45</IR:FileCloseDate>
		<IR:ChkSum>2626921331</IR:ChkSum>
	</IR:GenTrailer>
</DRMWD>
