<?xml version="1.0" encoding="UTF-8"?>
<!-- Generated by the RCS System Epiroc Rock Drills AB -->
<DRMWD xmlns="http://www.iredes.org/xml/DrillRig" xmlns:IR="http://www.iredes.org/xml" xmlns:xsi="http://www.w3.org/2001/XMLSchema-instance" xsi:schemaLocation="http://www.iredes.org/xml/DrillRig C:\Iredes\IR_V1.2.3\xml\DR-DrillRig_V1.2\DrillRig.xsd" IRVersion="V 1.2AC" IRDownwCompat="V 1.2AC" DRMWDDownwCompat="V 1.2AC" DRMWDVersion="V 1.2AC">
	<IR:GenHead>
		<IR:FileCreateDate>2024-12-30T00:52:03</IR:FileCreateDate>
		<IR:IRversion DownwCompat="V 1.0">V 1.2AC</IR:IRversion>
		<IR:EquipmentInfo>
			<IR:EqpManufact>Epiroc</IR:EqpManufact>
			<IR:EqpType>SmartROC D65</IR:EqpType>
			<IR:EqpSerNo>8992013064</IR:EqpSerNo>
			<IR:EqpSysVer>6.28.1</IR:EqpSysVer>
			<IR:EqpInfo>DrillingMethod: DTH</IR:EqpInfo>
		</IR:EquipmentInfo>
	</IR:GenHead>
	<IR:ReportId>MWDRI300052</IR:ReportId>
	<IR:StartLogTime>2024-12-30T00:45:13</IR:StartLogTime>
	<IR:EndLogTime>2024-12-30T00:49:33</IR:EndLogTime>
	<IR:PlanIdRef>TRN09_24_0486_015_All</IR:PlanIdRef>
	<IR:PlanNameRef>TRN09_24_0486_015_All</IR:PlanNameRef>
	<MWDholeId>AF50</MWDholeId>
	<QualityReportIdRef>DQRI291907</QualityReportIdRef>
	<SampleDistance>0.100</SampleDistance>
	<CompactMWDdata>
		<MWDparams>
			<Parameter Unit="m/min" Full="PenetrRate">PR</Parameter>
			<Parameter Unit="Bar" Full="PercPressure">PP</Parameter>
			<Parameter Unit="Bar" Full="FeedPressure">FP</Parameter>
			<Parameter Unit="Bar" Full="DampPressure">DP</Parameter>
			<Parameter Unit="Bar" Full="RotPressure">RP</Parameter>
			<Parameter Unit="Bar" Full="FlushPressure">FLP</Parameter>
		</MWDparams>
		<Samples TimeTag="2024-12-30T00:45:13" DepthTag="0.100">0.931 11.062 45.366 0.000 21.044 11.062 </Samples>
		<Samples TimeTag="2024-12-30T00:45:17" DepthTag="0.209">1.499 15.637 36.111 0.000 21.000 15.637 </Samples>
		<Samples TimeTag="2024-12-30T00:45:19" DepthTag="0.325">3.796 16.080 35.056 0.000 27.662 16.080 </Samples>
		<Samples TimeTag="2024-12-30T00:45:20" DepthTag="0.443">5.890 16.218 25.999 0.000 21.992 16.218 </Samples>
		<Samples TimeTag="2024-12-30T00:45:37" DepthTag="0.558">1.833 3.458 20.142 0.000 19.304 3.458 </Samples>
		<Samples TimeTag="2024-12-30T00:45:38" DepthTag="0.659">7.532 3.534 23.409 0.000 26.487 3.534 </Samples>
		<Samples TimeTag="2024-12-30T00:45:40" DepthTag="0.768">4.057 5.615 46.422 0.000 34.339 5.615 </Samples>
		<Samples TimeTag="2024-12-30T00:45:41" DepthTag="0.869">3.290 9.287 45.902 0.000 31.939 9.287 </Samples>
		<Samples TimeTag="2024-12-30T00:45:45" DepthTag="0.973">1.732 14.719 39.733 0.000 30.429 14.719 </Samples>
		<Samples TimeTag="2024-12-30T00:46:08" DepthTag="1.079">1.279 5.263 21.445 0.000 25.149 5.263 </Samples>
		<Samples TimeTag="2024-12-30T00:46:10" DepthTag="1.179">3.254 10.343 45.051 0.000 29.850 10.343 </Samples>
		<Samples TimeTag="2024-12-30T00:46:12" DepthTag="1.282">3.480 13.678 38.572 0.000 26.546 13.678 </Samples>
		<Samples TimeTag="2024-12-30T00:46:13" DepthTag="1.383">3.430 15.361 40.238 0.000 29.740 15.361 </Samples>
		<Samples TimeTag="2024-12-30T00:46:15" DepthTag="1.500">5.829 16.111 30.248 0.000 22.772 16.111 </Samples>
		<Samples TimeTag="2024-12-30T00:46:16" DepthTag="1.605">5.242 16.723 42.123 0.000 31.792 16.723 </Samples>
		<Samples TimeTag="2024-12-30T00:46:18" DepthTag="1.709">3.403 17.289 43.508 0.000 37.713 17.289 </Samples>
		<Samples TimeTag="2024-12-30T00:46:20" DepthTag="1.812">2.562 17.916 43.908 0.000 41.080 17.916 </Samples>
		<Samples TimeTag="2024-12-30T00:46:23" DepthTag="1.914">2.390 18.100 43.248 0.000 44.197 18.100 </Samples>
		<Samples TimeTag="2024-12-30T00:46:26" DepthTag="2.014">1.969 17.549 41.094 0.000 46.524 17.549 </Samples>
		<Samples TimeTag="2024-12-30T00:46:29" DepthTag="2.120">2.133 18.039 39.611 0.000 35.441 18.039 </Samples>
		<Samples TimeTag="2024-12-30T00:46:32" DepthTag="2.227">1.999 18.329 38.953 0.000 36.066 18.329 </Samples>
		<Samples TimeTag="2024-12-30T00:46:37" DepthTag="2.327">1.257 17.488 39.825 0.000 41.669 17.488 </Samples>
		<Samples TimeTag="2024-12-30T00:46:40" DepthTag="2.429">1.898 17.932 37.558 0.000 37.644 17.932 </Samples>
		<Samples TimeTag="2024-12-30T00:46:44" DepthTag="2.533">1.363 18.268 38.600 0.000 44.353 18.268 </Samples>
		<Samples TimeTag="2024-12-30T00:46:50" DepthTag="2.636">1.033 17.610 42.356 0.000 38.478 17.610 </Samples>
		<Samples TimeTag="2024-12-30T00:46:57" DepthTag="2.737">0.943 18.085 38.862 0.000 33.944 18.085 </Samples>
		<Samples TimeTag="2024-12-30T00:47:03" DepthTag="2.839">1.028 16.937 41.522 0.000 34.748 16.937 </Samples>
		<Samples TimeTag="2024-12-30T00:47:17" DepthTag="2.941">0.427 18.054 38.262 0.000 32.755 18.054 </Samples>
		<Samples TimeTag="2024-12-30T00:47:30" DepthTag="3.042">0.462 17.671 39.529 0.000 34.072 17.671 </Samples>
		<Samples TimeTag="2024-12-30T00:47:40" DepthTag="3.142">0.602 16.830 41.846 0.000 34.398 16.830 </Samples>
		<Samples TimeTag="2024-12-30T00:47:55" DepthTag="3.243">0.427 17.932 38.847 0.000 33.709 17.932 </Samples>
		<Samples TimeTag="2024-12-30T00:48:09" DepthTag="3.343">0.424 17.564 39.552 0.000 32.427 17.564 </Samples>
		<Samples TimeTag="2024-12-30T00:48:18" DepthTag="3.445">0.623 18.146 40.896 0.000 31.217 18.146 </Samples>
		<Samples TimeTag="2024-12-30T00:49:08" DepthTag="3.548">0.294 13.770 42.297 0.000 49.083 13.770 </Samples>
		<Samples TimeTag="2024-12-30T00:49:13" DepthTag="3.648">1.106 16.386 48.111 0.000 38.531 16.386 </Samples>
		<Samples TimeTag="2024-12-30T00:49:18" DepthTag="3.752">1.314 17.274 46.407 0.000 42.498 17.274 </Samples>
		<Samples TimeTag="2024-12-30T00:49:21" DepthTag="3.858">2.263 17.626 47.077 0.000 41.972 17.626 </Samples>
		<Samples TimeTag="2024-12-30T00:49:23" DepthTag="3.965">3.199 17.886 46.963 0.000 34.902 17.886 </Samples>
		<Samples TimeTag="2024-12-30T00:49:25" DepthTag="4.066">3.281 17.947 48.092 0.000 35.221 17.947 </Samples>
		<Samples TimeTag="2024-12-30T00:49:27" DepthTag="4.175">2.736 18.054 48.971 0.000 36.263 18.054 </Samples>
		<Samples TimeTag="2024-12-30T00:49:29" DepthTag="4.276">2.804 17.503 41.169 0.000 36.626 17.503 </Samples>
		<Samples TimeTag="2024-12-30T00:49:33" DepthTag="4.378">1.684 16.187 26.734 0.000 35.491 16.187 </Samples>
	</CompactMWDdata>
	<IR:GenTrailer>
		<IR:FileCloseDate>2024-12-30T00:52:03</IR:FileCloseDate>
		<IR:ChkSum>1818322213</IR:ChkSum>
	</IR:GenTrailer>
</DRMWD>
