<?xml version="1.0" encoding="UTF-8"?>
<!-- Generated by the RCS System Epiroc Rock Drills AB -->
<DRMWD xmlns="http://www.iredes.org/xml/DrillRig" xmlns:IR="http://www.iredes.org/xml" xmlns:xsi="http://www.w3.org/2001/XMLSchema-instance" xsi:schemaLocation="http://www.iredes.org/xml/DrillRig C:\Iredes\IR_V1.2.3\xml\DR-DrillRig_V1.2\DrillRig.xsd" IRVersion="V 1.2AC" IRDownwCompat="V 1.2AC" DRMWDDownwCompat="V 1.2AC" DRMWDVersion="V 1.2AC">
	<IR:GenHead>
		<IR:FileCreateDate>2024-12-28T16:22:29</IR:FileCreateDate>
		<IR:IRversion DownwCompat="V 1.0">V 1.2AC</IR:IRversion>
		<IR:EquipmentInfo>
			<IR:EqpManufact>Epiroc</IR:EqpManufact>
			<IR:EqpType>SmartROC D65</IR:EqpType>
			<IR:EqpSerNo>8992013064</IR:EqpSerNo>
			<IR:EqpSysVer>6.28.1</IR:EqpSysVer>
			<IR:EqpInfo>DrillingMethod: DTH</IR:EqpInfo>
		</IR:EquipmentInfo>
	</IR:GenHead>
	<IR:ReportId>MWDRI281622</IR:ReportId>
	<IR:StartLogTime>2024-12-28T16:15:53</IR:StartLogTime>
	<IR:EndLogTime>2024-12-28T16:21:43</IR:EndLogTime>
	<IR:PlanIdRef>TRN08_21_0530_001_All</IR:PlanIdRef>
	<IR:PlanNameRef>TRN08_21_0530_001_All</IR:PlanNameRef>
	<MWDholeId>L48</MWDholeId>
	<QualityReportIdRef>DQRI272324</QualityReportIdRef>
	<SampleDistance>0.100</SampleDistance>
	<CompactMWDdata>
		<MWDparams>
			<Parameter Unit="m/min" Full="PenetrRate">PR</Parameter>
			<Parameter Unit="Bar" Full="PercPressure">PP</Parameter>
			<Parameter Unit="Bar" Full="FeedPressure">FP</Parameter>
			<Parameter Unit="Bar" Full="DampPressure">DP</Parameter>
			<Parameter Unit="Bar" Full="RotPressure">RP</Parameter>
			<Parameter Unit="Bar" Full="FlushPressure">FLP</Parameter>
		</MWDparams>
		<Samples TimeTag="2024-12-28T16:15:53" DepthTag="0.103">1.089 14.137 25.140 0.000 21.399 14.137 </Samples>
		<Samples TimeTag="2024-12-28T16:16:02" DepthTag="0.204">0.638 18.207 37.365 0.000 35.459 18.207 </Samples>
		<Samples TimeTag="2024-12-28T16:16:05" DepthTag="0.309">2.233 17.335 38.470 0.000 39.825 17.335 </Samples>
		<Samples TimeTag="2024-12-28T16:16:08" DepthTag="0.409">2.283 16.830 39.747 0.000 38.754 16.830 </Samples>
		<Samples TimeTag="2024-12-28T16:16:11" DepthTag="0.513">1.724 14.581 23.500 0.000 41.092 14.581 </Samples>
		<Samples TimeTag="2024-12-28T16:16:34" DepthTag="0.613">0.632 11.108 43.769 0.000 46.369 11.108 </Samples>
		<Samples TimeTag="2024-12-28T16:16:37" DepthTag="0.715">1.684 13.082 40.011 0.000 40.028 13.082 </Samples>
		<Samples TimeTag="2024-12-28T16:16:41" DepthTag="0.816">1.573 14.306 40.469 0.000 45.014 14.306 </Samples>
		<Samples TimeTag="2024-12-28T16:16:45" DepthTag="0.916">1.445 14.749 39.920 0.000 44.232 14.749 </Samples>
		<Samples TimeTag="2024-12-28T16:17:12" DepthTag="1.017">0.772 7.344 46.523 0.000 48.827 7.344 </Samples>
		<Samples TimeTag="2024-12-28T16:17:18" DepthTag="1.119">1.033 13.082 41.787 0.000 45.345 13.082 </Samples>
		<Samples TimeTag="2024-12-28T16:17:24" DepthTag="1.222">1.019 14.489 38.784 0.000 44.632 14.489 </Samples>
		<Samples TimeTag="2024-12-28T16:17:28" DepthTag="1.325">1.546 14.657 40.453 0.000 46.055 14.657 </Samples>
		<Samples TimeTag="2024-12-28T16:17:32" DepthTag="1.427">1.464 14.520 40.817 0.000 44.736 14.520 </Samples>
		<Samples TimeTag="2024-12-28T16:17:57" DepthTag="1.530">0.873 6.365 34.193 0.000 40.009 6.365 </Samples>
		<Samples TimeTag="2024-12-28T16:18:01" DepthTag="1.633">1.714 12.883 45.307 0.000 46.699 12.883 </Samples>
		<Samples TimeTag="2024-12-28T16:18:05" DepthTag="1.737">1.424 15.759 45.205 0.000 47.594 15.759 </Samples>
		<Samples TimeTag="2024-12-28T16:18:10" DepthTag="1.843">1.386 16.677 44.260 0.000 42.936 16.677 </Samples>
		<Samples TimeTag="2024-12-28T16:18:14" DepthTag="1.949">1.577 17.320 44.766 0.000 49.254 17.320 </Samples>
		<Samples TimeTag="2024-12-28T16:18:18" DepthTag="2.054">1.437 17.656 45.544 0.000 44.909 17.656 </Samples>
		<Samples TimeTag="2024-12-28T16:18:22" DepthTag="2.156">1.620 17.870 44.773 0.000 42.026 17.870 </Samples>
		<Samples TimeTag="2024-12-28T16:18:28" DepthTag="2.259">1.075 19.064 45.461 0.000 46.713 19.064 </Samples>
		<Samples TimeTag="2024-12-28T16:18:34" DepthTag="2.361">0.974 20.273 45.103 0.000 49.458 20.273 </Samples>
		<Samples TimeTag="2024-12-28T16:18:41" DepthTag="2.465">0.986 20.885 45.401 0.000 51.969 20.885 </Samples>
		<Samples TimeTag="2024-12-28T16:18:48" DepthTag="2.568">0.824 22.583 44.922 0.000 46.152 22.583 </Samples>
		<Samples TimeTag="2024-12-28T16:18:53" DepthTag="2.671">1.292 21.802 44.234 0.000 44.258 21.802 </Samples>
		<Samples TimeTag="2024-12-28T16:18:58" DepthTag="2.772">1.131 21.695 45.177 0.000 46.606 21.695 </Samples>
		<Samples TimeTag="2024-12-28T16:19:06" DepthTag="2.875">0.805 21.955 45.099 0.000 34.293 21.955 </Samples>
		<Samples TimeTag="2024-12-28T16:19:10" DepthTag="2.980">1.380 21.497 44.664 0.000 41.357 21.497 </Samples>
		<Samples TimeTag="2024-12-28T16:19:14" DepthTag="3.080">1.594 21.344 45.685 0.000 42.259 21.344 </Samples>
		<Samples TimeTag="2024-12-28T16:19:19" DepthTag="3.183">1.219 22.124 45.038 0.000 50.235 22.124 </Samples>
		<Samples TimeTag="2024-12-28T16:19:27" DepthTag="3.283">0.773 23.378 45.302 0.000 45.633 23.378 </Samples>
		<Samples TimeTag="2024-12-28T16:19:33" DepthTag="3.389">1.131 22.766 44.891 0.000 48.459 22.766 </Samples>
		<Samples TimeTag="2024-12-28T16:19:37" DepthTag="3.489">1.441 21.802 45.138 0.000 42.692 21.802 </Samples>
		<Samples TimeTag="2024-12-28T16:19:42" DepthTag="3.592">1.245 21.282 45.137 0.000 46.788 21.282 </Samples>
		<Samples TimeTag="2024-12-28T16:19:46" DepthTag="3.693">1.370 21.145 44.948 0.000 44.572 21.145 </Samples>
		<Samples TimeTag="2024-12-28T16:19:51" DepthTag="3.795">1.218 21.772 45.216 0.000 48.636 21.772 </Samples>
		<Samples TimeTag="2024-12-28T16:19:58" DepthTag="3.897">0.901 22.889 45.075 0.000 46.774 22.889 </Samples>
		<Samples TimeTag="2024-12-28T16:20:04" DepthTag="3.998">1.081 23.195 45.391 0.000 52.398 23.195 </Samples>
		<Samples TimeTag="2024-12-28T16:20:10" DepthTag="4.101">0.935 23.623 45.484 0.000 47.309 23.623 </Samples>
		<Samples TimeTag="2024-12-28T16:20:16" DepthTag="4.202">1.052 23.807 45.168 0.000 44.023 23.807 </Samples>
		<Samples TimeTag="2024-12-28T16:20:24" DepthTag="4.307">0.807 18.054 43.725 0.000 56.098 18.054 </Samples>
		<Samples TimeTag="2024-12-28T16:20:32" DepthTag="4.408">0.736 22.522 45.732 0.000 52.029 22.522 </Samples>
		<Samples TimeTag="2024-12-28T16:20:38" DepthTag="4.510">0.957 23.807 44.736 0.000 38.238 23.807 </Samples>
		<Samples TimeTag="2024-12-28T16:20:49" DepthTag="4.611">0.555 14.657 43.267 0.000 54.702 14.657 </Samples>
		<Samples TimeTag="2024-12-28T16:20:58" DepthTag="4.714">0.727 20.089 40.538 0.000 45.620 20.089 </Samples>
		<Samples TimeTag="2024-12-28T16:21:43" DepthTag="4.818">0.840 11.383 25.420 0.000 40.224 11.383 </Samples>
	</CompactMWDdata>
	<IR:GenTrailer>
		<IR:FileCloseDate>2024-12-28T16:22:29</IR:FileCloseDate>
		<IR:ChkSum>1523344450</IR:ChkSum>
	</IR:GenTrailer>
</DRMWD>
