<?xml version="1.0" encoding="UTF-8"?>
<!-- Generated by the RCS System Epiroc Rock Drills AB -->
<DRMWD xmlns="http://www.iredes.org/xml/DrillRig" xmlns:IR="http://www.iredes.org/xml" xmlns:xsi="http://www.w3.org/2001/XMLSchema-instance" xsi:schemaLocation="http://www.iredes.org/xml/DrillRig C:\Iredes\IR_V1.2.3\xml\DR-DrillRig_V1.2\DrillRig.xsd" IRVersion="V 1.2AC" IRDownwCompat="V 1.2AC" DRMWDDownwCompat="V 1.2AC" DRMWDVersion="V 1.2AC">
	<IR:GenHead>
		<IR:FileCreateDate>2024-12-30T11:03:26</IR:FileCreateDate>
		<IR:IRversion DownwCompat="V 1.0">V 1.2AC</IR:IRversion>
		<IR:EquipmentInfo>
			<IR:EqpManufact>Epiroc</IR:EqpManufact>
			<IR:EqpType>SmartROC D65</IR:EqpType>
			<IR:EqpSerNo>8992013064</IR:EqpSerNo>
			<IR:EqpSysVer>6.28.1</IR:EqpSysVer>
			<IR:EqpInfo>DrillingMethod: DTH</IR:EqpInfo>
		</IR:EquipmentInfo>
	</IR:GenHead>
	<IR:ReportId>MWDRI301103</IR:ReportId>
	<IR:StartLogTime>2024-12-30T10:59:02</IR:StartLogTime>
	<IR:EndLogTime>2024-12-30T11:02:03</IR:EndLogTime>
	<IR:PlanIdRef>TRN09_24_0486_015_All</IR:PlanIdRef>
	<IR:PlanNameRef>TRN09_24_0486_015_All</IR:PlanNameRef>
	<MWDholeId>X22</MWDholeId>
	<QualityReportIdRef>DQRI291907</QualityReportIdRef>
	<SampleDistance>0.100</SampleDistance>
	<CompactMWDdata>
		<MWDparams>
			<Parameter Unit="m/min" Full="PenetrRate">PR</Parameter>
			<Parameter Unit="Bar" Full="PercPressure">PP</Parameter>
			<Parameter Unit="Bar" Full="FeedPressure">FP</Parameter>
			<Parameter Unit="Bar" Full="DampPressure">DP</Parameter>
			<Parameter Unit="Bar" Full="RotPressure">RP</Parameter>
			<Parameter Unit="Bar" Full="FlushPressure">FLP</Parameter>
		</MWDparams>
		<Samples TimeTag="2024-12-30T10:59:02" DepthTag="0.103">0.454 17.396 40.576 0.000 20.695 17.396 </Samples>
		<Samples TimeTag="2024-12-30T10:59:07" DepthTag="0.203">1.365 17.167 39.440 0.000 37.255 17.167 </Samples>
		<Samples TimeTag="2024-12-30T10:59:11" DepthTag="0.306">1.476 16.325 40.434 0.000 40.750 16.325 </Samples>
		<Samples TimeTag="2024-12-30T10:59:15" DepthTag="0.408">1.284 15.790 41.773 0.000 41.215 15.790 </Samples>
		<Samples TimeTag="2024-12-30T10:59:20" DepthTag="0.513">1.300 15.637 38.703 0.000 37.423 15.637 </Samples>
		<Samples TimeTag="2024-12-30T10:59:43" DepthTag="0.620">0.727 12.470 41.777 0.000 37.238 12.470 </Samples>
		<Samples TimeTag="2024-12-30T10:59:45" DepthTag="0.726">3.184 13.617 34.765 0.000 27.057 13.617 </Samples>
		<Samples TimeTag="2024-12-30T10:59:46" DepthTag="0.835">5.831 14.275 29.066 0.000 21.263 14.275 </Samples>
		<Samples TimeTag="2024-12-30T10:59:49" DepthTag="0.939">2.787 16.417 45.810 0.000 27.354 16.417 </Samples>
		<Samples TimeTag="2024-12-30T11:00:15" DepthTag="1.048">0.772 6.747 23.329 0.000 18.744 6.747 </Samples>
		<Samples TimeTag="2024-12-30T11:00:20" DepthTag="1.149">1.047 19.018 40.202 0.000 24.233 19.018 </Samples>
		<Samples TimeTag="2024-12-30T11:00:22" DepthTag="1.249">3.268 17.794 38.903 0.000 27.010 17.794 </Samples>
		<Samples TimeTag="2024-12-30T11:00:24" DepthTag="1.355">3.586 18.926 38.243 0.000 32.583 18.926 </Samples>
		<Samples TimeTag="2024-12-30T11:00:27" DepthTag="1.461">2.414 18.284 40.684 0.000 31.592 18.284 </Samples>
		<Samples TimeTag="2024-12-30T11:00:30" DepthTag="1.563">1.960 17.549 42.719 0.000 36.420 17.549 </Samples>
		<Samples TimeTag="2024-12-30T11:00:33" DepthTag="1.667">2.044 18.559 40.115 0.000 34.765 18.559 </Samples>
		<Samples TimeTag="2024-12-30T11:00:36" DepthTag="1.773">2.139 17.626 39.621 0.000 34.457 17.626 </Samples>
		<Samples TimeTag="2024-12-30T11:00:39" DepthTag="1.873">2.276 18.375 39.785 0.000 33.190 18.375 </Samples>
		<Samples TimeTag="2024-12-30T11:00:41" DepthTag="1.977">2.882 17.197 37.324 0.000 32.443 17.197 </Samples>
		<Samples TimeTag="2024-12-30T11:00:42" DepthTag="2.087">4.089 17.825 35.206 0.000 25.564 17.825 </Samples>
		<Samples TimeTag="2024-12-30T11:00:44" DepthTag="2.189">3.068 18.528 39.304 0.000 28.579 18.528 </Samples>
		<Samples TimeTag="2024-12-30T11:00:46" DepthTag="2.291">3.476 17.350 38.215 0.000 31.525 17.350 </Samples>
		<Samples TimeTag="2024-12-30T11:00:47" DepthTag="2.402">5.499 17.886 29.239 0.000 22.706 17.886 </Samples>
		<Samples TimeTag="2024-12-30T11:00:48" DepthTag="2.530">7.381 18.467 26.026 0.000 21.699 18.467 </Samples>
		<Samples TimeTag="2024-12-30T11:00:49" DepthTag="2.639">6.819 18.865 29.399 0.000 22.683 18.865 </Samples>
		<Samples TimeTag="2024-12-30T11:00:50" DepthTag="2.759">5.973 17.549 36.457 0.000 23.738 17.549 </Samples>
		<Samples TimeTag="2024-12-30T11:00:52" DepthTag="2.863">5.970 11.353 32.378 0.000 19.939 11.353 </Samples>
		<Samples TimeTag="2024-12-30T11:00:52" DepthTag="2.965">7.595 10.771 24.265 0.000 18.915 10.771 </Samples>
		<Samples TimeTag="2024-12-30T11:00:54" DepthTag="3.072">4.013 15.254 47.182 0.000 24.508 15.254 </Samples>
		<Samples TimeTag="2024-12-30T11:00:55" DepthTag="3.187">5.732 16.784 26.547 0.000 23.342 16.784 </Samples>
		<Samples TimeTag="2024-12-30T11:00:56" DepthTag="3.302">7.184 17.687 27.514 0.000 24.085 17.687 </Samples>
		<Samples TimeTag="2024-12-30T11:00:57" DepthTag="3.402">5.008 18.268 38.549 0.000 39.660 18.268 </Samples>
		<Samples TimeTag="2024-12-30T11:00:58" DepthTag="3.509">5.305 18.605 40.219 0.000 33.979 18.605 </Samples>
		<Samples TimeTag="2024-12-30T11:01:29" DepthTag="3.611">1.390 4.437 36.350 0.000 36.094 4.437 </Samples>
		<Samples TimeTag="2024-12-30T11:01:32" DepthTag="3.713">2.062 11.016 46.999 0.000 46.634 11.016 </Samples>
		<Samples TimeTag="2024-12-30T11:01:35" DepthTag="3.816">2.335 15.269 47.228 0.000 44.583 15.269 </Samples>
		<Samples TimeTag="2024-12-30T11:01:38" DepthTag="3.919">2.190 16.662 48.689 0.000 47.000 16.662 </Samples>
		<Samples TimeTag="2024-12-30T11:01:41" DepthTag="4.023">1.961 17.442 47.933 0.000 49.190 17.442 </Samples>
		<Samples TimeTag="2024-12-30T11:01:45" DepthTag="4.126">1.630 17.993 48.475 0.000 46.549 17.993 </Samples>
		<Samples TimeTag="2024-12-30T11:01:47" DepthTag="4.227">2.370 18.345 46.424 0.000 50.874 18.345 </Samples>
		<Samples TimeTag="2024-12-30T11:01:50" DepthTag="4.329">2.541 18.590 47.310 0.000 46.888 18.590 </Samples>
		<Samples TimeTag="2024-12-30T11:01:52" DepthTag="4.436">2.418 18.773 47.455 0.000 43.845 18.773 </Samples>
		<Samples TimeTag="2024-12-30T11:01:55" DepthTag="4.540">2.431 18.941 47.255 0.000 47.128 18.941 </Samples>
		<Samples TimeTag="2024-12-30T11:01:57" DepthTag="4.648">3.239 19.309 47.549 0.000 40.678 19.309 </Samples>
		<Samples TimeTag="2024-12-30T11:01:59" DepthTag="4.755">3.182 19.875 47.554 0.000 46.456 19.875 </Samples>
		<Samples TimeTag="2024-12-30T11:02:01" DepthTag="4.857">3.488 20.104 46.477 0.000 38.099 20.104 </Samples>
		<Samples TimeTag="2024-12-30T11:02:02" DepthTag="4.963">4.369 20.456 41.269 0.000 42.471 20.456 </Samples>
		<Samples TimeTag="2024-12-30T11:02:03" DepthTag="5.073">4.836 18.406 38.645 0.000 33.284 18.406 </Samples>
	</CompactMWDdata>
	<IR:GenTrailer>
		<IR:FileCloseDate>2024-12-30T11:03:26</IR:FileCloseDate>
		<IR:ChkSum>2706792703</IR:ChkSum>
	</IR:GenTrailer>
</DRMWD>
