<?xml version="1.0" encoding="UTF-8"?>
<!-- Generated by the RCS System Epiroc Rock Drills AB -->
<DRMWD xmlns="http://www.iredes.org/xml/DrillRig" xmlns:IR="http://www.iredes.org/xml" xmlns:xsi="http://www.w3.org/2001/XMLSchema-instance" xsi:schemaLocation="http://www.iredes.org/xml/DrillRig C:\Iredes\IR_V1.2.3\xml\DR-DrillRig_V1.2\DrillRig.xsd" IRVersion="V 1.2AC" IRDownwCompat="V 1.2AC" DRMWDDownwCompat="V 1.2AC" DRMWDVersion="V 1.2AC">
	<IR:GenHead>
		<IR:FileCreateDate>2024-12-29T03:04:27</IR:FileCreateDate>
		<IR:IRversion DownwCompat="V 1.0">V 1.2AC</IR:IRversion>
		<IR:EquipmentInfo>
			<IR:EqpManufact>Epiroc</IR:EqpManufact>
			<IR:EqpType>SmartROC D65</IR:EqpType>
			<IR:EqpSerNo>8992013064</IR:EqpSerNo>
			<IR:EqpSysVer>6.28.1</IR:EqpSysVer>
			<IR:EqpInfo>DrillingMethod: DTH</IR:EqpInfo>
		</IR:EquipmentInfo>
	</IR:GenHead>
	<IR:ReportId>MWDRI290304</IR:ReportId>
	<IR:StartLogTime>2024-12-29T02:56:40</IR:StartLogTime>
	<IR:EndLogTime>2024-12-29T03:02:29</IR:EndLogTime>
	<IR:PlanIdRef>TRN08_21_0530_001_All</IR:PlanIdRef>
	<IR:PlanNameRef>TRN08_21_0530_001_All</IR:PlanNameRef>
	<MWDholeId>L44</MWDholeId>
	<QualityReportIdRef>DQRI272324</QualityReportIdRef>
	<SampleDistance>0.100</SampleDistance>
	<CompactMWDdata>
		<MWDparams>
			<Parameter Unit="m/min" Full="PenetrRate">PR</Parameter>
			<Parameter Unit="Bar" Full="PercPressure">PP</Parameter>
			<Parameter Unit="Bar" Full="FeedPressure">FP</Parameter>
			<Parameter Unit="Bar" Full="DampPressure">DP</Parameter>
			<Parameter Unit="Bar" Full="RotPressure">RP</Parameter>
			<Parameter Unit="Bar" Full="FlushPressure">FLP</Parameter>
		</MWDparams>
		<Samples TimeTag="2024-12-29T02:56:40" DepthTag="0.101">1.190 10.435 44.184 0.000 21.038 10.435 </Samples>
		<Samples TimeTag="2024-12-29T02:56:49" DepthTag="0.207">0.723 15.728 39.556 0.000 41.638 15.728 </Samples>
		<Samples TimeTag="2024-12-29T02:56:53" DepthTag="0.308">1.606 15.790 40.784 0.000 43.969 15.790 </Samples>
		<Samples TimeTag="2024-12-29T02:56:57" DepthTag="0.410">1.332 15.958 40.518 0.000 49.355 15.958 </Samples>
		<Samples TimeTag="2024-12-29T02:57:02" DepthTag="0.511">1.165 16.019 38.361 0.000 43.186 16.019 </Samples>
		<Samples TimeTag="2024-12-29T02:57:26" DepthTag="0.612">0.536 3.198 43.616 0.000 42.608 3.198 </Samples>
		<Samples TimeTag="2024-12-29T02:57:38" DepthTag="0.712">0.522 3.106 40.090 0.000 34.504 3.106 </Samples>
		<Samples TimeTag="2024-12-29T02:57:49" DepthTag="0.812">0.528 3.381 40.431 0.000 37.581 3.381 </Samples>
		<Samples TimeTag="2024-12-29T02:58:01" DepthTag="0.913">0.512 3.182 39.685 0.000 36.877 3.182 </Samples>
		<Samples TimeTag="2024-12-29T02:58:11" DepthTag="1.014">0.580 3.152 40.517 0.000 38.606 3.152 </Samples>
		<Samples TimeTag="2024-12-29T02:58:37" DepthTag="1.114">0.792 11.536 42.696 0.000 47.774 11.536 </Samples>
		<Samples TimeTag="2024-12-29T02:58:42" DepthTag="1.216">1.104 14.336 40.627 0.000 48.509 14.336 </Samples>
		<Samples TimeTag="2024-12-29T02:58:48" DepthTag="1.318">1.089 14.948 41.206 0.000 48.027 14.948 </Samples>
		<Samples TimeTag="2024-12-29T02:58:54" DepthTag="1.418">0.935 15.545 39.422 0.000 47.771 15.545 </Samples>
		<Samples TimeTag="2024-12-29T02:59:00" DepthTag="1.522">1.109 15.575 39.387 0.000 44.687 15.575 </Samples>
		<Samples TimeTag="2024-12-29T02:59:27" DepthTag="1.624">0.803 10.802 43.452 0.000 54.143 10.802 </Samples>
		<Samples TimeTag="2024-12-29T02:59:33" DepthTag="1.727">0.973 16.616 45.186 0.000 51.159 16.616 </Samples>
		<Samples TimeTag="2024-12-29T02:59:38" DepthTag="1.830">1.133 18.085 45.060 0.000 53.607 18.085 </Samples>
		<Samples TimeTag="2024-12-29T02:59:44" DepthTag="1.933">1.109 19.324 44.921 0.000 55.749 19.324 </Samples>
		<Samples TimeTag="2024-12-29T02:59:50" DepthTag="2.034">1.095 19.752 45.127 0.000 43.726 19.752 </Samples>
		<Samples TimeTag="2024-12-29T02:59:55" DepthTag="2.138">1.139 20.242 45.088 0.000 50.716 20.242 </Samples>
		<Samples TimeTag="2024-12-29T03:00:01" DepthTag="2.241">1.070 20.992 44.592 0.000 50.518 20.992 </Samples>
		<Samples TimeTag="2024-12-29T03:00:06" DepthTag="2.345">1.106 21.374 44.827 0.000 54.508 21.374 </Samples>
		<Samples TimeTag="2024-12-29T03:00:12" DepthTag="2.447">1.027 22.017 45.264 0.000 43.719 22.017 </Samples>
		<Samples TimeTag="2024-12-29T03:00:17" DepthTag="2.549">1.404 21.787 45.295 0.000 48.824 21.787 </Samples>
		<Samples TimeTag="2024-12-29T03:00:22" DepthTag="2.650">1.202 21.940 45.123 0.000 48.220 21.940 </Samples>
		<Samples TimeTag="2024-12-29T03:00:28" DepthTag="2.751">1.003 22.583 45.119 0.000 41.339 22.583 </Samples>
		<Samples TimeTag="2024-12-29T03:00:34" DepthTag="2.851">0.973 22.705 45.261 0.000 39.259 22.705 </Samples>
		<Samples TimeTag="2024-12-29T03:00:39" DepthTag="2.951">1.157 22.721 45.125 0.000 38.894 22.721 </Samples>
		<Samples TimeTag="2024-12-29T03:00:44" DepthTag="3.053">1.271 22.491 46.242 0.000 43.324 22.491 </Samples>
		<Samples TimeTag="2024-12-29T03:00:50" DepthTag="3.156">1.115 23.164 44.953 0.000 49.979 23.164 </Samples>
		<Samples TimeTag="2024-12-29T03:00:55" DepthTag="3.259">1.130 23.088 44.639 0.000 40.252 23.088 </Samples>
		<Samples TimeTag="2024-12-29T03:01:01" DepthTag="3.361">1.095 23.761 44.802 0.000 42.141 23.761 </Samples>
		<Samples TimeTag="2024-12-29T03:01:05" DepthTag="3.465">1.435 23.256 45.796 0.000 42.517 23.256 </Samples>
		<Samples TimeTag="2024-12-29T03:01:10" DepthTag="3.566">1.202 23.195 44.438 0.000 43.102 23.195 </Samples>
		<Samples TimeTag="2024-12-29T03:01:15" DepthTag="3.667">1.213 23.409 45.146 0.000 43.958 23.409 </Samples>
		<Samples TimeTag="2024-12-29T03:01:20" DepthTag="3.772">1.307 23.531 44.734 0.000 43.806 23.531 </Samples>
		<Samples TimeTag="2024-12-29T03:01:24" DepthTag="3.872">1.322 23.470 45.287 0.000 46.375 23.470 </Samples>
		<Samples TimeTag="2024-12-29T03:01:29" DepthTag="3.975">1.400 22.996 44.521 0.000 48.961 22.996 </Samples>
		<Samples TimeTag="2024-12-29T03:01:33" DepthTag="4.076">1.452 22.583 45.852 0.000 48.747 22.583 </Samples>
		<Samples TimeTag="2024-12-29T03:01:38" DepthTag="4.179">1.213 22.965 44.045 0.000 45.781 22.965 </Samples>
		<Samples TimeTag="2024-12-29T03:01:43" DepthTag="4.279">1.207 23.302 44.807 0.000 47.185 23.302 </Samples>
		<Samples TimeTag="2024-12-29T03:01:48" DepthTag="4.379">1.119 23.776 44.547 0.000 46.868 23.776 </Samples>
		<Samples TimeTag="2024-12-29T03:01:57" DepthTag="4.479">0.680 26.270 45.722 0.000 43.983 26.270 </Samples>
		<Samples TimeTag="2024-12-29T03:02:07" DepthTag="4.581">0.614 16.769 45.663 0.000 54.414 16.769 </Samples>
		<Samples TimeTag="2024-12-29T03:02:13" DepthTag="4.683">1.081 19.400 45.068 0.000 54.395 19.400 </Samples>
		<Samples TimeTag="2024-12-29T03:02:19" DepthTag="4.785">0.938 22.292 40.791 0.000 47.440 22.292 </Samples>
		<Samples TimeTag="2024-12-29T03:02:29" DepthTag="4.886">0.657 24.725 39.746 0.000 39.209 24.725 </Samples>
	</CompactMWDdata>
	<IR:GenTrailer>
		<IR:FileCloseDate>2024-12-29T03:04:27</IR:FileCloseDate>
		<IR:ChkSum>0835016980</IR:ChkSum>
	</IR:GenTrailer>
</DRMWD>
