<?xml version="1.0" encoding="UTF-8"?>
<!-- Generated by the RCS System Epiroc Rock Drills AB -->
<DRMWD xmlns="http://www.iredes.org/xml/DrillRig" xmlns:IR="http://www.iredes.org/xml" xmlns:xsi="http://www.w3.org/2001/XMLSchema-instance" xsi:schemaLocation="http://www.iredes.org/xml/DrillRig C:\Iredes\IR_V1.2.3\xml\DR-DrillRig_V1.2\DrillRig.xsd" IRVersion="V 1.2AC" IRDownwCompat="V 1.2AC" DRMWDDownwCompat="V 1.2AC" DRMWDVersion="V 1.2AC">
	<IR:GenHead>
		<IR:FileCreateDate>2024-12-28T19:15:51</IR:FileCreateDate>
		<IR:IRversion DownwCompat="V 1.0">V 1.2AC</IR:IRversion>
		<IR:EquipmentInfo>
			<IR:EqpManufact>Epiroc</IR:EqpManufact>
			<IR:EqpType>SmartROC D65</IR:EqpType>
			<IR:EqpSerNo>8992013064</IR:EqpSerNo>
			<IR:EqpSysVer>6.28.1</IR:EqpSysVer>
			<IR:EqpInfo>DrillingMethod: DTH</IR:EqpInfo>
		</IR:EquipmentInfo>
	</IR:GenHead>
	<IR:ReportId>MWDRI281915</IR:ReportId>
	<IR:StartLogTime>2024-12-28T19:09:18</IR:StartLogTime>
	<IR:EndLogTime>2024-12-28T19:14:23</IR:EndLogTime>
	<IR:PlanIdRef>TRN08_21_0530_001_All</IR:PlanIdRef>
	<IR:PlanNameRef>TRN08_21_0530_001_All</IR:PlanNameRef>
	<MWDholeId>K48</MWDholeId>
	<QualityReportIdRef>DQRI272324</QualityReportIdRef>
	<SampleDistance>0.100</SampleDistance>
	<CompactMWDdata>
		<MWDparams>
			<Parameter Unit="m/min" Full="PenetrRate">PR</Parameter>
			<Parameter Unit="Bar" Full="PercPressure">PP</Parameter>
			<Parameter Unit="Bar" Full="FeedPressure">FP</Parameter>
			<Parameter Unit="Bar" Full="DampPressure">DP</Parameter>
			<Parameter Unit="Bar" Full="RotPressure">RP</Parameter>
			<Parameter Unit="Bar" Full="FlushPressure">FLP</Parameter>
		</MWDparams>
		<Samples TimeTag="2024-12-28T19:09:18" DepthTag="0.100">0.656 14.290 45.879 0.000 21.256 14.290 </Samples>
		<Samples TimeTag="2024-12-28T19:09:25" DepthTag="0.202">0.867 14.933 39.190 0.000 45.321 14.933 </Samples>
		<Samples TimeTag="2024-12-28T19:09:30" DepthTag="0.307">1.268 15.178 40.971 0.000 43.085 15.178 </Samples>
		<Samples TimeTag="2024-12-28T19:09:33" DepthTag="0.408">1.603 14.963 38.710 0.000 42.951 14.963 </Samples>
		<Samples TimeTag="2024-12-28T19:09:37" DepthTag="0.510">1.593 14.841 39.095 0.000 43.540 14.841 </Samples>
		<Samples TimeTag="2024-12-28T19:09:57" DepthTag="0.612">0.925 4.085 21.086 0.000 26.673 4.085 </Samples>
		<Samples TimeTag="2024-12-28T19:10:03" DepthTag="0.713">1.008 12.163 42.676 0.000 49.215 12.163 </Samples>
		<Samples TimeTag="2024-12-28T19:10:09" DepthTag="0.816">1.035 14.229 39.883 0.000 46.444 14.229 </Samples>
		<Samples TimeTag="2024-12-28T19:10:13" DepthTag="0.919">1.481 14.504 38.404 0.000 43.997 14.504 </Samples>
		<Samples TimeTag="2024-12-28T19:10:18" DepthTag="1.022">1.286 14.611 40.880 0.000 46.013 14.611 </Samples>
		<Samples TimeTag="2024-12-28T19:10:43" DepthTag="1.123">0.836 5.768 48.451 0.000 50.913 5.768 </Samples>
		<Samples TimeTag="2024-12-28T19:10:49" DepthTag="1.227">1.009 12.255 41.351 0.000 47.869 12.255 </Samples>
		<Samples TimeTag="2024-12-28T19:10:54" DepthTag="1.332">1.254 13.908 40.484 0.000 44.215 13.908 </Samples>
		<Samples TimeTag="2024-12-28T19:10:59" DepthTag="1.437">1.265 14.596 40.701 0.000 47.183 14.596 </Samples>
		<Samples TimeTag="2024-12-28T19:11:06" DepthTag="1.538">0.870 15.254 39.514 0.000 44.512 15.254 </Samples>
		<Samples TimeTag="2024-12-28T19:11:32" DepthTag="1.640">0.818 9.012 44.498 0.000 54.519 9.012 </Samples>
		<Samples TimeTag="2024-12-28T19:11:38" DepthTag="1.746">1.057 15.606 45.139 0.000 45.635 15.606 </Samples>
		<Samples TimeTag="2024-12-28T19:11:42" DepthTag="1.846">1.593 16.478 44.687 0.000 48.199 16.478 </Samples>
		<Samples TimeTag="2024-12-28T19:11:46" DepthTag="1.947">1.510 17.121 45.142 0.000 52.692 17.121 </Samples>
		<Samples TimeTag="2024-12-28T19:11:50" DepthTag="2.049">1.628 17.427 44.859 0.000 46.751 17.427 </Samples>
		<Samples TimeTag="2024-12-28T19:11:54" DepthTag="2.152">1.604 17.870 45.187 0.000 48.793 17.870 </Samples>
		<Samples TimeTag="2024-12-28T19:11:58" DepthTag="2.255">1.638 17.962 45.575 0.000 46.159 17.962 </Samples>
		<Samples TimeTag="2024-12-28T19:12:01" DepthTag="2.356">1.606 18.069 45.079 0.000 42.762 18.069 </Samples>
		<Samples TimeTag="2024-12-28T19:12:05" DepthTag="2.464">1.609 18.268 45.468 0.000 44.323 18.268 </Samples>
		<Samples TimeTag="2024-12-28T19:12:09" DepthTag="2.565">1.582 18.238 44.481 0.000 45.311 18.238 </Samples>
		<Samples TimeTag="2024-12-28T19:12:13" DepthTag="2.666">1.606 18.360 44.810 0.000 43.202 18.360 </Samples>
		<Samples TimeTag="2024-12-28T19:12:18" DepthTag="2.767">1.214 19.339 44.945 0.000 46.396 19.339 </Samples>
		<Samples TimeTag="2024-12-28T19:12:24" DepthTag="2.869">1.184 19.523 45.946 0.000 39.507 19.523 </Samples>
		<Samples TimeTag="2024-12-28T19:12:28" DepthTag="2.970">1.313 20.135 45.063 0.000 41.430 20.135 </Samples>
		<Samples TimeTag="2024-12-28T19:12:37" DepthTag="3.075">0.718 23.654 44.176 0.000 35.203 23.654 </Samples>
		<Samples TimeTag="2024-12-28T19:12:41" DepthTag="3.180">1.564 23.011 44.609 0.000 46.380 23.011 </Samples>
		<Samples TimeTag="2024-12-28T19:12:46" DepthTag="3.282">1.180 22.384 45.165 0.000 39.085 22.384 </Samples>
		<Samples TimeTag="2024-12-28T19:12:50" DepthTag="3.383">1.446 21.925 45.264 0.000 40.247 21.925 </Samples>
		<Samples TimeTag="2024-12-28T19:12:55" DepthTag="3.487">1.238 21.588 43.569 0.000 35.966 21.588 </Samples>
		<Samples TimeTag="2024-12-28T19:13:00" DepthTag="3.590">1.304 21.497 45.011 0.000 43.509 21.497 </Samples>
		<Samples TimeTag="2024-12-28T19:13:05" DepthTag="3.695">1.245 21.389 44.869 0.000 41.417 21.389 </Samples>
		<Samples TimeTag="2024-12-28T19:13:12" DepthTag="3.797">0.937 22.185 45.202 0.000 50.382 22.185 </Samples>
		<Samples TimeTag="2024-12-28T19:13:18" DepthTag="3.902">0.975 22.032 44.691 0.000 39.623 22.032 </Samples>
		<Samples TimeTag="2024-12-28T19:13:23" DepthTag="4.002">1.212 22.032 44.410 0.000 35.815 22.032 </Samples>
		<Samples TimeTag="2024-12-28T19:13:28" DepthTag="4.103">1.365 22.093 45.521 0.000 40.143 22.093 </Samples>
		<Samples TimeTag="2024-12-28T19:13:33" DepthTag="4.207">1.118 22.353 45.055 0.000 43.456 22.353 </Samples>
		<Samples TimeTag="2024-12-28T19:13:38" DepthTag="4.308">1.156 22.965 44.906 0.000 52.206 22.965 </Samples>
		<Samples TimeTag="2024-12-28T19:13:45" DepthTag="4.409">0.986 23.669 44.410 0.000 45.516 23.669 </Samples>
		<Samples TimeTag="2024-12-28T19:13:51" DepthTag="4.515">0.928 24.419 45.012 0.000 40.289 24.419 </Samples>
		<Samples TimeTag="2024-12-28T19:13:57" DepthTag="4.617">1.068 25.260 45.366 0.000 46.670 25.260 </Samples>
		<Samples TimeTag="2024-12-28T19:14:05" DepthTag="4.718">0.778 26.025 45.260 0.000 39.357 26.025 </Samples>
		<Samples TimeTag="2024-12-28T19:14:11" DepthTag="4.819">1.005 26.025 44.214 0.000 31.657 26.025 </Samples>
		<Samples TimeTag="2024-12-28T19:14:17" DepthTag="4.921">0.956 25.979 40.543 0.000 31.501 25.979 </Samples>
		<Samples TimeTag="2024-12-28T19:14:23" DepthTag="5.025">1.035 25.826 39.585 0.000 34.418 25.826 </Samples>
	</CompactMWDdata>
	<IR:GenTrailer>
		<IR:FileCloseDate>2024-12-28T19:15:51</IR:FileCloseDate>
		<IR:ChkSum>0916991040</IR:ChkSum>
	</IR:GenTrailer>
</DRMWD>
