<?xml version="1.0" encoding="UTF-8"?>
<!-- Generated by the RCS System Epiroc Rock Drills AB -->
<DRMWD xmlns="http://www.iredes.org/xml/DrillRig" xmlns:IR="http://www.iredes.org/xml" xmlns:xsi="http://www.w3.org/2001/XMLSchema-instance" xsi:schemaLocation="http://www.iredes.org/xml/DrillRig C:\Iredes\IR_V1.2.3\xml\DR-DrillRig_V1.2\DrillRig.xsd" IRVersion="V 1.2AC" IRDownwCompat="V 1.2AC" DRMWDDownwCompat="V 1.2AC" DRMWDVersion="V 1.2AC">
	<IR:GenHead>
		<IR:FileCreateDate>2024-12-30T02:19:31</IR:FileCreateDate>
		<IR:IRversion DownwCompat="V 1.0">V 1.2AC</IR:IRversion>
		<IR:EquipmentInfo>
			<IR:EqpManufact>Epiroc</IR:EqpManufact>
			<IR:EqpType>SmartROC D65</IR:EqpType>
			<IR:EqpSerNo>8992013064</IR:EqpSerNo>
			<IR:EqpSysVer>6.28.1</IR:EqpSysVer>
			<IR:EqpInfo>DrillingMethod: DTH</IR:EqpInfo>
		</IR:EquipmentInfo>
	</IR:GenHead>
	<IR:ReportId>MWDRI300219</IR:ReportId>
	<IR:StartLogTime>2024-12-30T02:13:58</IR:StartLogTime>
	<IR:EndLogTime>2024-12-30T02:18:08</IR:EndLogTime>
	<IR:PlanIdRef>TRN09_24_0486_015_All</IR:PlanIdRef>
	<IR:PlanNameRef>TRN09_24_0486_015_All</IR:PlanNameRef>
	<MWDholeId>Y47</MWDholeId>
	<QualityReportIdRef>DQRI291907</QualityReportIdRef>
	<SampleDistance>0.100</SampleDistance>
	<CompactMWDdata>
		<MWDparams>
			<Parameter Unit="m/min" Full="PenetrRate">PR</Parameter>
			<Parameter Unit="Bar" Full="PercPressure">PP</Parameter>
			<Parameter Unit="Bar" Full="FeedPressure">FP</Parameter>
			<Parameter Unit="Bar" Full="DampPressure">DP</Parameter>
			<Parameter Unit="Bar" Full="RotPressure">RP</Parameter>
			<Parameter Unit="Bar" Full="FlushPressure">FLP</Parameter>
		</MWDparams>
		<Samples TimeTag="2024-12-30T02:13:58" DepthTag="0.101">0.835 11.062 46.054 0.000 21.398 11.062 </Samples>
		<Samples TimeTag="2024-12-30T02:14:04" DepthTag="0.204">1.034 14.795 41.324 0.000 32.132 14.795 </Samples>
		<Samples TimeTag="2024-12-30T02:14:10" DepthTag="0.308">0.921 15.943 40.195 0.000 37.185 15.943 </Samples>
		<Samples TimeTag="2024-12-30T02:14:17" DepthTag="0.409">0.892 16.417 40.066 0.000 34.020 16.417 </Samples>
		<Samples TimeTag="2024-12-30T02:14:22" DepthTag="0.509">1.362 15.101 23.390 0.000 28.724 15.101 </Samples>
		<Samples TimeTag="2024-12-30T02:15:10" DepthTag="0.612">0.239 4.789 23.439 0.000 21.614 4.789 </Samples>
		<Samples TimeTag="2024-12-30T02:15:18" DepthTag="0.713">0.781 15.591 41.025 0.000 31.339 15.591 </Samples>
		<Samples TimeTag="2024-12-30T02:15:22" DepthTag="0.815">1.526 17.182 39.380 0.000 28.285 17.182 </Samples>
		<Samples TimeTag="2024-12-30T02:15:26" DepthTag="0.917">1.703 18.437 38.703 0.000 26.191 18.437 </Samples>
		<Samples TimeTag="2024-12-30T02:15:53" DepthTag="1.064">0.952 4.896 21.130 0.000 20.248 4.896 </Samples>
		<Samples TimeTag="2024-12-30T02:15:56" DepthTag="1.164">1.875 13.479 45.908 0.000 35.616 13.479 </Samples>
		<Samples TimeTag="2024-12-30T02:15:58" DepthTag="1.270">2.638 15.897 38.692 0.000 31.064 15.897 </Samples>
		<Samples TimeTag="2024-12-30T02:16:00" DepthTag="1.380">3.280 17.396 39.157 0.000 28.650 17.396 </Samples>
		<Samples TimeTag="2024-12-30T02:16:02" DepthTag="1.486">3.321 18.620 38.789 0.000 27.879 18.620 </Samples>
		<Samples TimeTag="2024-12-30T02:16:04" DepthTag="1.591">2.787 17.503 41.696 0.000 32.544 17.503 </Samples>
		<Samples TimeTag="2024-12-30T02:16:07" DepthTag="1.691">2.154 18.758 43.419 0.000 30.039 18.758 </Samples>
		<Samples TimeTag="2024-12-30T02:16:11" DepthTag="1.794">1.821 18.681 39.522 0.000 34.154 18.681 </Samples>
		<Samples TimeTag="2024-12-30T02:16:13" DepthTag="1.897">2.569 17.457 39.682 0.000 38.614 17.457 </Samples>
		<Samples TimeTag="2024-12-30T02:16:15" DepthTag="2.000">2.761 18.391 39.762 0.000 32.302 18.391 </Samples>
		<Samples TimeTag="2024-12-30T02:16:17" DepthTag="2.108">2.998 17.258 40.415 0.000 34.263 17.258 </Samples>
		<Samples TimeTag="2024-12-30T02:16:20" DepthTag="2.213">2.626 18.054 40.634 0.000 35.024 18.054 </Samples>
		<Samples TimeTag="2024-12-30T02:16:22" DepthTag="2.315">2.538 17.763 40.483 0.000 39.459 17.763 </Samples>
		<Samples TimeTag="2024-12-30T02:16:25" DepthTag="2.419">2.214 17.993 41.073 0.000 40.283 17.993 </Samples>
		<Samples TimeTag="2024-12-30T02:16:27" DepthTag="2.520">2.814 18.192 39.846 0.000 41.608 18.192 </Samples>
		<Samples TimeTag="2024-12-30T02:16:31" DepthTag="2.625">1.562 17.993 40.455 0.000 44.173 17.993 </Samples>
		<Samples TimeTag="2024-12-30T02:16:35" DepthTag="2.726">1.612 17.121 40.345 0.000 43.687 17.121 </Samples>
		<Samples TimeTag="2024-12-30T02:16:38" DepthTag="2.827">1.887 18.207 38.944 0.000 45.762 18.207 </Samples>
		<Samples TimeTag="2024-12-30T02:16:42" DepthTag="2.934">1.853 17.243 39.438 0.000 42.776 17.243 </Samples>
		<Samples TimeTag="2024-12-30T02:16:44" DepthTag="3.037">2.407 18.008 38.252 0.000 39.377 18.008 </Samples>
		<Samples TimeTag="2024-12-30T02:16:47" DepthTag="3.143">2.492 18.207 39.589 0.000 36.736 18.207 </Samples>
		<Samples TimeTag="2024-12-30T02:16:50" DepthTag="3.248">2.250 17.488 40.977 0.000 42.443 17.488 </Samples>
		<Samples TimeTag="2024-12-30T02:16:53" DepthTag="3.350">1.906 18.314 40.876 0.000 37.879 18.314 </Samples>
		<Samples TimeTag="2024-12-30T02:16:56" DepthTag="3.456">1.838 17.304 40.714 0.000 44.487 17.304 </Samples>
		<Samples TimeTag="2024-12-30T02:17:32" DepthTag="3.566">0.828 4.927 31.669 0.000 36.648 4.927 </Samples>
		<Samples TimeTag="2024-12-30T02:17:36" DepthTag="3.670">1.439 13.938 45.762 0.000 52.758 13.938 </Samples>
		<Samples TimeTag="2024-12-30T02:17:40" DepthTag="3.776">1.643 16.264 47.611 0.000 53.847 16.264 </Samples>
		<Samples TimeTag="2024-12-30T02:17:43" DepthTag="3.880">1.950 17.243 47.150 0.000 46.307 17.243 </Samples>
		<Samples TimeTag="2024-12-30T02:17:47" DepthTag="3.982">1.919 17.809 47.965 0.000 49.401 17.809 </Samples>
		<Samples TimeTag="2024-12-30T02:17:50" DepthTag="4.091">2.029 18.085 47.315 0.000 44.320 18.085 </Samples>
		<Samples TimeTag="2024-12-30T02:17:53" DepthTag="4.192">2.039 18.268 47.511 0.000 46.459 18.268 </Samples>
		<Samples TimeTag="2024-12-30T02:17:56" DepthTag="4.296">2.098 18.437 48.068 0.000 49.472 18.437 </Samples>
		<Samples TimeTag="2024-12-30T02:17:59" DepthTag="4.400">1.961 18.620 48.262 0.000 49.785 18.620 </Samples>
		<Samples TimeTag="2024-12-30T02:18:02" DepthTag="4.502">1.889 18.666 47.122 0.000 46.274 18.666 </Samples>
		<Samples TimeTag="2024-12-30T02:18:05" DepthTag="4.605">2.221 17.044 41.541 0.000 49.103 17.044 </Samples>
		<Samples TimeTag="2024-12-30T02:18:08" DepthTag="4.708">1.706 18.375 39.937 0.000 46.335 18.375 </Samples>
	</CompactMWDdata>
	<IR:GenTrailer>
		<IR:FileCloseDate>2024-12-30T02:19:31</IR:FileCloseDate>
		<IR:ChkSum>1768949813</IR:ChkSum>
	</IR:GenTrailer>
</DRMWD>
