<?xml version="1.0" encoding="UTF-8"?>
<!-- Generated by the RCS System Epiroc Rock Drills AB -->
<DRMWD xmlns="http://www.iredes.org/xml/DrillRig" xmlns:IR="http://www.iredes.org/xml" xmlns:xsi="http://www.w3.org/2001/XMLSchema-instance" xsi:schemaLocation="http://www.iredes.org/xml/DrillRig C:\Iredes\IR_V1.2.3\xml\DR-DrillRig_V1.2\DrillRig.xsd" IRVersion="V 1.2AC" IRDownwCompat="V 1.2AC" DRMWDDownwCompat="V 1.2AC" DRMWDVersion="V 1.2AC">
	<IR:GenHead>
		<IR:FileCreateDate>2024-12-29T07:27:21</IR:FileCreateDate>
		<IR:IRversion DownwCompat="V 1.0">V 1.2AC</IR:IRversion>
		<IR:EquipmentInfo>
			<IR:EqpManufact>Epiroc</IR:EqpManufact>
			<IR:EqpType>SmartROC D65</IR:EqpType>
			<IR:EqpSerNo>8992013064</IR:EqpSerNo>
			<IR:EqpSysVer>6.28.1</IR:EqpSysVer>
			<IR:EqpInfo>DrillingMethod: DTH</IR:EqpInfo>
		</IR:EquipmentInfo>
	</IR:GenHead>
	<IR:ReportId>MWDRI290727</IR:ReportId>
	<IR:StartLogTime>2024-12-29T07:20:33</IR:StartLogTime>
	<IR:EndLogTime>2024-12-29T07:25:53</IR:EndLogTime>
	<IR:PlanIdRef>TRN08_21_0530_001_All</IR:PlanIdRef>
	<IR:PlanNameRef>TRN08_21_0530_001_All</IR:PlanNameRef>
	<MWDholeId>N38</MWDholeId>
	<QualityReportIdRef>DQRI272324</QualityReportIdRef>
	<SampleDistance>0.100</SampleDistance>
	<CompactMWDdata>
		<MWDparams>
			<Parameter Unit="m/min" Full="PenetrRate">PR</Parameter>
			<Parameter Unit="Bar" Full="PercPressure">PP</Parameter>
			<Parameter Unit="Bar" Full="FeedPressure">FP</Parameter>
			<Parameter Unit="Bar" Full="DampPressure">DP</Parameter>
			<Parameter Unit="Bar" Full="RotPressure">RP</Parameter>
			<Parameter Unit="Bar" Full="FlushPressure">FLP</Parameter>
		</MWDparams>
		<Samples TimeTag="2024-12-29T07:20:33" DepthTag="0.514">0.749 3.932 21.749 0.000 31.292 3.932 </Samples>
		<Samples TimeTag="2024-12-29T07:20:36" DepthTag="0.617">2.085 9.486 46.926 0.000 48.758 9.486 </Samples>
		<Samples TimeTag="2024-12-29T07:20:40" DepthTag="0.718">1.570 13.342 41.033 0.000 44.037 13.342 </Samples>
		<Samples TimeTag="2024-12-29T07:20:42" DepthTag="0.821">2.388 14.306 38.386 0.000 41.304 14.306 </Samples>
		<Samples TimeTag="2024-12-29T07:20:45" DepthTag="0.923">2.558 14.673 40.310 0.000 42.743 14.673 </Samples>
		<Samples TimeTag="2024-12-29T07:21:11" DepthTag="1.029">0.773 4.712 46.572 0.000 41.241 4.712 </Samples>
		<Samples TimeTag="2024-12-29T07:21:19" DepthTag="1.130">0.825 13.923 42.025 0.000 50.167 13.923 </Samples>
		<Samples TimeTag="2024-12-29T07:21:24" DepthTag="1.233">1.189 15.086 39.990 0.000 44.463 15.086 </Samples>
		<Samples TimeTag="2024-12-29T07:21:28" DepthTag="1.334">1.440 15.315 39.205 0.000 42.941 15.315 </Samples>
		<Samples TimeTag="2024-12-29T07:21:33" DepthTag="1.436">1.125 16.065 40.702 0.000 46.752 16.065 </Samples>
		<Samples TimeTag="2024-12-29T07:22:01" DepthTag="1.542">0.694 5.508 33.741 0.000 38.099 5.508 </Samples>
		<Samples TimeTag="2024-12-29T07:22:07" DepthTag="1.644">1.195 14.474 44.798 0.000 53.777 14.474 </Samples>
		<Samples TimeTag="2024-12-29T07:22:12" DepthTag="1.746">1.096 17.121 44.872 0.000 53.475 17.121 </Samples>
		<Samples TimeTag="2024-12-29T07:22:17" DepthTag="1.852">1.176 17.947 44.959 0.000 45.941 17.947 </Samples>
		<Samples TimeTag="2024-12-29T07:22:21" DepthTag="1.956">1.628 18.100 45.035 0.000 48.212 18.100 </Samples>
		<Samples TimeTag="2024-12-29T07:22:26" DepthTag="2.056">1.246 18.804 45.707 0.000 49.736 18.804 </Samples>
		<Samples TimeTag="2024-12-29T07:22:32" DepthTag="2.158">1.056 19.416 45.234 0.000 46.815 19.416 </Samples>
		<Samples TimeTag="2024-12-29T07:22:37" DepthTag="2.260">1.087 19.584 44.975 0.000 43.012 19.584 </Samples>
		<Samples TimeTag="2024-12-29T07:22:43" DepthTag="2.364">1.204 19.844 45.402 0.000 48.782 19.844 </Samples>
		<Samples TimeTag="2024-12-29T07:22:50" DepthTag="2.469">0.848 22.216 44.499 0.000 42.461 22.216 </Samples>
		<Samples TimeTag="2024-12-29T07:22:54" DepthTag="2.569">1.669 21.588 44.657 0.000 39.991 21.588 </Samples>
		<Samples TimeTag="2024-12-29T07:22:59" DepthTag="2.672">1.237 21.282 44.382 0.000 44.691 21.282 </Samples>
		<Samples TimeTag="2024-12-29T07:23:04" DepthTag="2.772">1.073 21.497 45.624 0.000 47.788 21.497 </Samples>
		<Samples TimeTag="2024-12-29T07:23:09" DepthTag="2.878">1.319 21.038 44.962 0.000 46.735 21.038 </Samples>
		<Samples TimeTag="2024-12-29T07:23:14" DepthTag="2.981">1.357 20.885 44.585 0.000 45.460 20.885 </Samples>
		<Samples TimeTag="2024-12-29T07:23:18" DepthTag="3.084">1.483 20.716 44.422 0.000 45.653 20.716 </Samples>
		<Samples TimeTag="2024-12-29T07:23:23" DepthTag="3.190">1.359 20.915 44.602 0.000 42.746 20.915 </Samples>
		<Samples TimeTag="2024-12-29T07:23:28" DepthTag="3.290">1.152 21.405 45.674 0.000 45.794 21.405 </Samples>
		<Samples TimeTag="2024-12-29T07:23:34" DepthTag="3.390">0.920 22.766 45.411 0.000 52.365 22.766 </Samples>
		<Samples TimeTag="2024-12-29T07:23:48" DepthTag="3.495">0.461 11.291 45.074 0.000 57.791 11.291 </Samples>
		<Samples TimeTag="2024-12-29T07:23:58" DepthTag="3.595">0.578 21.175 44.875 0.000 53.464 21.175 </Samples>
		<Samples TimeTag="2024-12-29T07:24:07" DepthTag="3.696">0.705 23.914 44.698 0.000 39.774 23.914 </Samples>
		<Samples TimeTag="2024-12-29T07:24:15" DepthTag="3.797">0.768 16.264 45.427 0.000 56.382 16.264 </Samples>
		<Samples TimeTag="2024-12-29T07:24:23" DepthTag="3.898">0.784 19.936 45.595 0.000 54.767 19.936 </Samples>
		<Samples TimeTag="2024-12-29T07:24:30" DepthTag="3.999">0.820 21.894 43.302 0.000 44.834 21.894 </Samples>
		<Samples TimeTag="2024-12-29T07:24:35" DepthTag="4.100">1.157 22.583 44.646 0.000 47.963 22.583 </Samples>
		<Samples TimeTag="2024-12-29T07:24:41" DepthTag="4.200">1.039 23.440 44.971 0.000 55.866 23.440 </Samples>
		<Samples TimeTag="2024-12-29T07:24:49" DepthTag="4.300">0.751 25.276 45.848 0.000 45.163 25.276 </Samples>
		<Samples TimeTag="2024-12-29T07:25:12" DepthTag="4.402">0.271 19.309 45.996 0.000 48.983 19.309 </Samples>
		<Samples TimeTag="2024-12-29T07:25:24" DepthTag="4.504">0.485 25.628 44.496 0.000 42.959 25.628 </Samples>
		<Samples TimeTag="2024-12-29T07:25:29" DepthTag="4.606">1.173 25.475 44.862 0.000 39.945 25.475 </Samples>
		<Samples TimeTag="2024-12-29T07:25:34" DepthTag="4.711">1.382 24.419 44.204 0.000 37.849 24.419 </Samples>
		<Samples TimeTag="2024-12-29T07:25:39" DepthTag="4.812">1.327 24.235 45.451 0.000 44.808 24.235 </Samples>
		<Samples TimeTag="2024-12-29T07:25:43" DepthTag="4.915">1.325 23.929 44.571 0.000 47.271 23.929 </Samples>
		<Samples TimeTag="2024-12-29T07:25:48" DepthTag="5.018">1.283 23.746 40.523 0.000 45.602 23.746 </Samples>
		<Samples TimeTag="2024-12-29T07:25:53" DepthTag="5.123">1.170 23.914 40.443 0.000 54.350 23.914 </Samples>
	</CompactMWDdata>
	<IR:GenTrailer>
		<IR:FileCloseDate>2024-12-29T07:27:21</IR:FileCloseDate>
		<IR:ChkSum>1949021530</IR:ChkSum>
	</IR:GenTrailer>
</DRMWD>
