<?xml version="1.0" encoding="UTF-8"?>
<!-- Generated by the RCS System Epiroc Rock Drills AB -->
<DRMWD xmlns="http://www.iredes.org/xml/DrillRig" xmlns:IR="http://www.iredes.org/xml" xmlns:xsi="http://www.w3.org/2001/XMLSchema-instance" xsi:schemaLocation="http://www.iredes.org/xml/DrillRig C:\Iredes\IR_V1.2.3\xml\DR-DrillRig_V1.2\DrillRig.xsd" IRVersion="V 1.2AC" IRDownwCompat="V 1.2AC" DRMWDDownwCompat="V 1.2AC" DRMWDVersion="V 1.2AC">
	<IR:GenHead>
		<IR:FileCreateDate>2024-12-29T00:57:44</IR:FileCreateDate>
		<IR:IRversion DownwCompat="V 1.0">V 1.2AC</IR:IRversion>
		<IR:EquipmentInfo>
			<IR:EqpManufact>Epiroc</IR:EqpManufact>
			<IR:EqpType>SmartROC D65</IR:EqpType>
			<IR:EqpSerNo>8992013064</IR:EqpSerNo>
			<IR:EqpSysVer>6.28.1</IR:EqpSysVer>
			<IR:EqpInfo>DrillingMethod: DTH</IR:EqpInfo>
		</IR:EquipmentInfo>
	</IR:GenHead>
	<IR:ReportId>MWDRI290057</IR:ReportId>
	<IR:StartLogTime>2024-12-29T00:50:06</IR:StartLogTime>
	<IR:EndLogTime>2024-12-29T00:56:15</IR:EndLogTime>
	<IR:PlanIdRef>TRN08_21_0530_001_All</IR:PlanIdRef>
	<IR:PlanNameRef>TRN08_21_0530_001_All</IR:PlanNameRef>
	<MWDholeId>K46</MWDholeId>
	<QualityReportIdRef>DQRI272324</QualityReportIdRef>
	<SampleDistance>0.100</SampleDistance>
	<CompactMWDdata>
		<MWDparams>
			<Parameter Unit="m/min" Full="PenetrRate">PR</Parameter>
			<Parameter Unit="Bar" Full="PercPressure">PP</Parameter>
			<Parameter Unit="Bar" Full="FeedPressure">FP</Parameter>
			<Parameter Unit="Bar" Full="DampPressure">DP</Parameter>
			<Parameter Unit="Bar" Full="RotPressure">RP</Parameter>
			<Parameter Unit="Bar" Full="FlushPressure">FLP</Parameter>
		</MWDparams>
		<Samples TimeTag="2024-12-29T00:50:06" DepthTag="0.103">1.013 15.055 44.940 0.000 21.072 15.055 </Samples>
		<Samples TimeTag="2024-12-29T00:50:12" DepthTag="0.205">0.993 15.009 40.175 0.000 43.837 15.009 </Samples>
		<Samples TimeTag="2024-12-29T00:50:16" DepthTag="0.307">1.696 14.933 39.582 0.000 46.993 14.933 </Samples>
		<Samples TimeTag="2024-12-29T00:50:20" DepthTag="0.410">1.636 14.887 41.205 0.000 47.175 14.887 </Samples>
		<Samples TimeTag="2024-12-29T00:50:24" DepthTag="0.511">1.461 14.887 41.110 0.000 45.523 14.887 </Samples>
		<Samples TimeTag="2024-12-29T00:50:46" DepthTag="0.614">0.696 10.220 44.722 0.000 49.710 10.220 </Samples>
		<Samples TimeTag="2024-12-29T00:50:53" DepthTag="0.717">0.890 14.260 40.321 0.000 48.074 14.260 </Samples>
		<Samples TimeTag="2024-12-29T00:50:59" DepthTag="0.817">1.040 15.025 40.317 0.000 49.170 15.025 </Samples>
		<Samples TimeTag="2024-12-29T00:51:05" DepthTag="0.920">0.982 15.560 39.958 0.000 51.671 15.560 </Samples>
		<Samples TimeTag="2024-12-29T00:51:37" DepthTag="1.038">0.504 3.840 31.436 0.000 38.486 3.840 </Samples>
		<Samples TimeTag="2024-12-29T00:51:46" DepthTag="1.138">0.682 15.254 40.609 0.000 49.264 15.254 </Samples>
		<Samples TimeTag="2024-12-29T00:51:53" DepthTag="1.239">0.937 16.325 40.072 0.000 43.626 16.325 </Samples>
		<Samples TimeTag="2024-12-29T00:51:58" DepthTag="1.339">1.211 16.509 39.650 0.000 46.797 16.509 </Samples>
		<Samples TimeTag="2024-12-29T00:52:03" DepthTag="1.443">1.070 16.937 40.308 0.000 52.623 16.937 </Samples>
		<Samples TimeTag="2024-12-29T00:52:34" DepthTag="1.544">0.529 5.355 43.358 0.000 45.245 5.355 </Samples>
		<Samples TimeTag="2024-12-29T00:52:44" DepthTag="1.644">0.580 10.618 44.533 0.000 40.312 10.618 </Samples>
		<Samples TimeTag="2024-12-29T00:52:54" DepthTag="1.745">0.623 11.812 44.487 0.000 42.287 11.812 </Samples>
		<Samples TimeTag="2024-12-29T00:53:04" DepthTag="1.847">0.591 12.454 45.285 0.000 40.986 12.454 </Samples>
		<Samples TimeTag="2024-12-29T00:53:16" DepthTag="1.947">0.521 12.699 45.224 0.000 38.237 12.699 </Samples>
		<Samples TimeTag="2024-12-29T00:53:31" DepthTag="2.047">0.405 12.684 44.447 0.000 37.446 12.684 </Samples>
		<Samples TimeTag="2024-12-29T00:53:45" DepthTag="2.148">0.435 12.638 43.381 0.000 41.156 12.638 </Samples>
		<Samples TimeTag="2024-12-29T00:53:51" DepthTag="2.252">1.031 15.621 44.743 0.000 50.681 15.621 </Samples>
		<Samples TimeTag="2024-12-29T00:53:56" DepthTag="2.353">1.327 17.473 44.214 0.000 45.364 17.473 </Samples>
		<Samples TimeTag="2024-12-29T00:54:01" DepthTag="2.456">1.103 18.880 44.979 0.000 52.121 18.880 </Samples>
		<Samples TimeTag="2024-12-29T00:54:08" DepthTag="2.560">0.934 20.211 45.350 0.000 46.766 20.211 </Samples>
		<Samples TimeTag="2024-12-29T00:54:15" DepthTag="2.662">0.883 21.007 44.970 0.000 47.929 21.007 </Samples>
		<Samples TimeTag="2024-12-29T00:54:20" DepthTag="2.767">1.163 21.099 45.690 0.000 44.871 21.099 </Samples>
		<Samples TimeTag="2024-12-29T00:54:25" DepthTag="2.870">1.353 20.976 44.620 0.000 44.905 20.976 </Samples>
		<Samples TimeTag="2024-12-29T00:54:29" DepthTag="2.975">1.489 21.313 45.552 0.000 52.982 21.313 </Samples>
		<Samples TimeTag="2024-12-29T00:54:35" DepthTag="3.078">0.964 22.675 45.841 0.000 51.001 22.675 </Samples>
		<Samples TimeTag="2024-12-29T00:54:43" DepthTag="3.179">0.847 24.113 44.486 0.000 49.627 24.113 </Samples>
		<Samples TimeTag="2024-12-29T00:54:49" DepthTag="3.281">0.914 24.633 45.032 0.000 42.785 24.633 </Samples>
		<Samples TimeTag="2024-12-29T00:54:55" DepthTag="3.381">1.014 24.480 44.915 0.000 42.536 24.480 </Samples>
		<Samples TimeTag="2024-12-29T00:55:00" DepthTag="3.481">1.364 23.577 45.217 0.000 43.930 23.577 </Samples>
		<Samples TimeTag="2024-12-29T00:55:04" DepthTag="3.581">1.289 22.460 46.053 0.000 40.040 22.460 </Samples>
		<Samples TimeTag="2024-12-29T00:55:09" DepthTag="3.685">1.364 22.032 46.015 0.000 44.425 22.032 </Samples>
		<Samples TimeTag="2024-12-29T00:55:14" DepthTag="3.789">1.298 21.864 45.361 0.000 40.358 21.864 </Samples>
		<Samples TimeTag="2024-12-29T00:55:19" DepthTag="3.893">1.194 21.818 44.538 0.000 42.201 21.818 </Samples>
		<Samples TimeTag="2024-12-29T00:55:23" DepthTag="3.995">1.335 21.971 44.734 0.000 42.337 21.971 </Samples>
		<Samples TimeTag="2024-12-29T00:55:29" DepthTag="4.095">1.073 21.757 45.640 0.000 38.965 21.757 </Samples>
		<Samples TimeTag="2024-12-29T00:55:33" DepthTag="4.197">1.380 21.833 44.520 0.000 38.070 21.833 </Samples>
		<Samples TimeTag="2024-12-29T00:55:38" DepthTag="4.299">1.478 22.353 45.419 0.000 44.784 22.353 </Samples>
		<Samples TimeTag="2024-12-29T00:55:43" DepthTag="4.403">1.152 22.231 44.762 0.000 46.015 22.231 </Samples>
		<Samples TimeTag="2024-12-29T00:55:48" DepthTag="4.505">1.274 21.864 45.099 0.000 41.740 21.864 </Samples>
		<Samples TimeTag="2024-12-29T00:55:52" DepthTag="4.608">1.358 21.818 45.038 0.000 43.853 21.818 </Samples>
		<Samples TimeTag="2024-12-29T00:55:57" DepthTag="4.714">1.364 22.384 44.822 0.000 48.263 22.384 </Samples>
		<Samples TimeTag="2024-12-29T00:56:04" DepthTag="4.815">0.845 24.159 45.374 0.000 51.895 24.159 </Samples>
		<Samples TimeTag="2024-12-29T00:56:10" DepthTag="4.915">1.074 24.480 40.469 0.000 45.074 24.480 </Samples>
		<Samples TimeTag="2024-12-29T00:56:15" DepthTag="5.019">1.195 23.914 40.259 0.000 41.287 23.914 </Samples>
	</CompactMWDdata>
	<IR:GenTrailer>
		<IR:FileCloseDate>2024-12-29T00:57:44</IR:FileCloseDate>
		<IR:ChkSum>2140403354</IR:ChkSum>
	</IR:GenTrailer>
</DRMWD>
