<?xml version="1.0" encoding="UTF-8"?>
<!-- Generated by the RCS System Epiroc Rock Drills AB -->
<DRMWD xmlns="http://www.iredes.org/xml/DrillRig" xmlns:IR="http://www.iredes.org/xml" xmlns:xsi="http://www.w3.org/2001/XMLSchema-instance" xsi:schemaLocation="http://www.iredes.org/xml/DrillRig C:\Iredes\IR_V1.2.3\xml\DR-DrillRig_V1.2\DrillRig.xsd" IRVersion="V 1.2AC" IRDownwCompat="V 1.2AC" DRMWDDownwCompat="V 1.2AC" DRMWDVersion="V 1.2AC">
	<IR:GenHead>
		<IR:FileCreateDate>2024-12-28T12:54:44</IR:FileCreateDate>
		<IR:IRversion DownwCompat="V 1.0">V 1.2AC</IR:IRversion>
		<IR:EquipmentInfo>
			<IR:EqpManufact>Epiroc</IR:EqpManufact>
			<IR:EqpType>SmartROC D65</IR:EqpType>
			<IR:EqpSerNo>8992013064</IR:EqpSerNo>
			<IR:EqpSysVer>6.28.1</IR:EqpSysVer>
			<IR:EqpInfo>DrillingMethod: DTH</IR:EqpInfo>
		</IR:EquipmentInfo>
	</IR:GenHead>
	<IR:ReportId>MWDRI281254</IR:ReportId>
	<IR:StartLogTime>2024-12-28T12:42:33</IR:StartLogTime>
	<IR:EndLogTime>2024-12-28T12:50:16</IR:EndLogTime>
	<IR:PlanIdRef>TRN08_21_0530_001_All</IR:PlanIdRef>
	<IR:PlanNameRef>TRN08_21_0530_001_All</IR:PlanNameRef>
	<MWDholeId>Q43</MWDholeId>
	<QualityReportIdRef>DQRI272324</QualityReportIdRef>
	<SampleDistance>0.100</SampleDistance>
	<CompactMWDdata>
		<MWDparams>
			<Parameter Unit="m/min" Full="PenetrRate">PR</Parameter>
			<Parameter Unit="Bar" Full="PercPressure">PP</Parameter>
			<Parameter Unit="Bar" Full="FeedPressure">FP</Parameter>
			<Parameter Unit="Bar" Full="DampPressure">DP</Parameter>
			<Parameter Unit="Bar" Full="RotPressure">RP</Parameter>
			<Parameter Unit="Bar" Full="FlushPressure">FLP</Parameter>
		</MWDparams>
		<Samples TimeTag="2024-12-28T12:42:33" DepthTag="0.108">1.898 8.048 29.039 0.000 20.704 8.048 </Samples>
		<Samples TimeTag="2024-12-28T12:42:36" DepthTag="0.210">2.338 11.123 47.690 0.000 20.770 11.123 </Samples>
		<Samples TimeTag="2024-12-28T12:42:43" DepthTag="0.312">0.879 15.728 38.675 0.000 39.242 15.728 </Samples>
		<Samples TimeTag="2024-12-28T12:42:46" DepthTag="0.416">1.714 15.499 39.853 0.000 42.512 15.499 </Samples>
		<Samples TimeTag="2024-12-28T12:43:09" DepthTag="0.518">0.762 11.796 44.450 0.000 46.834 11.796 </Samples>
		<Samples TimeTag="2024-12-28T12:43:14" DepthTag="0.620">1.206 14.872 40.892 0.000 47.980 14.872 </Samples>
		<Samples TimeTag="2024-12-28T12:43:21" DepthTag="0.720">0.975 15.820 40.001 0.000 49.625 15.820 </Samples>
		<Samples TimeTag="2024-12-28T12:43:27" DepthTag="0.820">0.935 16.065 39.819 0.000 42.689 16.065 </Samples>
		<Samples TimeTag="2024-12-28T12:43:31" DepthTag="0.922">1.380 15.530 38.641 0.000 41.618 15.530 </Samples>
		<Samples TimeTag="2024-12-28T12:44:03" DepthTag="1.024">0.625 11.949 41.198 0.000 50.392 11.949 </Samples>
		<Samples TimeTag="2024-12-28T12:44:11" DepthTag="1.124">0.724 16.815 40.599 0.000 53.228 16.815 </Samples>
		<Samples TimeTag="2024-12-28T12:44:22" DepthTag="1.227">0.589 17.442 38.214 0.000 48.342 17.442 </Samples>
		<Samples TimeTag="2024-12-28T12:44:27" DepthTag="1.329">1.281 16.631 38.897 0.000 48.798 16.631 </Samples>
		<Samples TimeTag="2024-12-28T12:44:33" DepthTag="1.433">0.909 16.463 39.942 0.000 49.051 16.463 </Samples>
		<Samples TimeTag="2024-12-28T12:45:05" DepthTag="1.535">0.540 17.151 42.597 0.000 42.889 17.151 </Samples>
		<Samples TimeTag="2024-12-28T12:45:11" DepthTag="1.636">1.050 19.752 44.132 0.000 47.360 19.752 </Samples>
		<Samples TimeTag="2024-12-28T12:45:16" DepthTag="1.738">1.168 21.022 44.361 0.000 46.677 21.022 </Samples>
		<Samples TimeTag="2024-12-28T12:45:21" DepthTag="1.838">1.363 21.328 45.417 0.000 43.992 21.328 </Samples>
		<Samples TimeTag="2024-12-28T12:45:26" DepthTag="1.939">1.093 22.476 45.954 0.000 52.079 22.476 </Samples>
		<Samples TimeTag="2024-12-28T12:45:32" DepthTag="2.040">1.077 22.506 45.478 0.000 47.127 22.506 </Samples>
		<Samples TimeTag="2024-12-28T12:45:36" DepthTag="2.143">1.613 21.634 43.055 0.000 45.000 21.634 </Samples>
		<Samples TimeTag="2024-12-28T12:45:41" DepthTag="2.244">1.278 21.604 45.112 0.000 41.636 21.604 </Samples>
		<Samples TimeTag="2024-12-28T12:45:47" DepthTag="2.347">1.028 21.389 45.302 0.000 43.699 21.389 </Samples>
		<Samples TimeTag="2024-12-28T12:45:53" DepthTag="2.450">0.991 21.741 45.247 0.000 48.372 21.741 </Samples>
		<Samples TimeTag="2024-12-28T12:46:00" DepthTag="2.554">0.887 22.108 45.129 0.000 48.077 22.108 </Samples>
		<Samples TimeTag="2024-12-28T12:46:06" DepthTag="2.655">1.050 21.925 45.316 0.000 42.260 21.925 </Samples>
		<Samples TimeTag="2024-12-28T12:46:14" DepthTag="2.756">0.720 22.797 45.252 0.000 40.858 22.797 </Samples>
		<Samples TimeTag="2024-12-28T12:46:23" DepthTag="2.857">0.709 23.287 45.237 0.000 34.660 23.287 </Samples>
		<Samples TimeTag="2024-12-28T12:46:29" DepthTag="2.961">0.971 22.843 44.509 0.000 36.328 22.843 </Samples>
		<Samples TimeTag="2024-12-28T12:46:35" DepthTag="3.064">1.096 22.445 44.956 0.000 42.832 22.445 </Samples>
		<Samples TimeTag="2024-12-28T12:46:40" DepthTag="3.167">1.121 22.369 44.659 0.000 45.927 22.369 </Samples>
		<Samples TimeTag="2024-12-28T12:46:47" DepthTag="3.268">0.940 22.568 44.817 0.000 45.879 22.568 </Samples>
		<Samples TimeTag="2024-12-28T12:46:54" DepthTag="3.372">0.867 23.547 44.851 0.000 42.847 23.547 </Samples>
		<Samples TimeTag="2024-12-28T12:47:03" DepthTag="3.473">0.655 24.618 45.266 0.000 42.402 24.618 </Samples>
		<Samples TimeTag="2024-12-28T12:47:19" DepthTag="3.574">0.381 21.649 45.250 0.000 45.943 21.649 </Samples>
		<Samples TimeTag="2024-12-28T12:47:38" DepthTag="3.676">0.318 10.970 45.532 0.000 56.498 10.970 </Samples>
		<Samples TimeTag="2024-12-28T12:47:53" DepthTag="3.778">0.424 23.807 44.231 0.000 33.767 23.807 </Samples>
		<Samples TimeTag="2024-12-28T12:48:06" DepthTag="3.878">0.445 15.530 45.389 0.000 58.432 15.530 </Samples>
		<Samples TimeTag="2024-12-28T12:48:19" DepthTag="3.978">0.462 22.705 44.947 0.000 44.654 22.705 </Samples>
		<Samples TimeTag="2024-12-28T12:48:29" DepthTag="4.080">0.646 24.113 44.875 0.000 41.175 24.113 </Samples>
		<Samples TimeTag="2024-12-28T12:48:37" DepthTag="4.180">0.757 24.740 43.995 0.000 36.521 24.740 </Samples>
		<Samples TimeTag="2024-12-28T12:48:47" DepthTag="4.282">0.598 15.851 44.885 0.000 44.719 15.851 </Samples>
		<Samples TimeTag="2024-12-28T12:48:54" DepthTag="4.384">0.819 19.049 44.542 0.000 46.784 19.049 </Samples>
		<Samples TimeTag="2024-12-28T12:49:00" DepthTag="4.485">0.984 20.609 45.037 0.000 52.339 20.609 </Samples>
		<Samples TimeTag="2024-12-28T12:49:08" DepthTag="4.585">0.817 22.522 45.261 0.000 47.059 22.522 </Samples>
		<Samples TimeTag="2024-12-28T12:49:16" DepthTag="4.686">0.752 24.465 44.722 0.000 39.352 24.465 </Samples>
		<Samples TimeTag="2024-12-28T12:49:31" DepthTag="4.786">0.400 17.488 45.464 0.000 52.221 17.488 </Samples>
		<Samples TimeTag="2024-12-28T12:49:42" DepthTag="4.887">0.540 22.874 45.216 0.000 47.174 22.874 </Samples>
		<Samples TimeTag="2024-12-28T12:49:52" DepthTag="4.988">0.595 25.475 45.175 0.000 43.816 25.475 </Samples>
		<Samples TimeTag="2024-12-28T12:50:01" DepthTag="5.088">0.670 26.515 45.189 0.000 31.755 26.515 </Samples>
		<Samples TimeTag="2024-12-28T12:50:09" DepthTag="5.189">0.789 26.025 39.542 0.000 29.463 26.025 </Samples>
		<Samples TimeTag="2024-12-28T12:50:16" DepthTag="5.291">0.829 25.903 39.555 0.000 28.137 25.903 </Samples>
	</CompactMWDdata>
	<IR:GenTrailer>
		<IR:FileCloseDate>2024-12-28T12:54:44</IR:FileCloseDate>
		<IR:ChkSum>3404370410</IR:ChkSum>
	</IR:GenTrailer>
</DRMWD>
