<?xml version="1.0" encoding="UTF-8"?>
<!-- Generated by the RCS System Epiroc Rock Drills AB -->
<DRMWD xmlns="http://www.iredes.org/xml/DrillRig" xmlns:IR="http://www.iredes.org/xml" xmlns:xsi="http://www.w3.org/2001/XMLSchema-instance" xsi:schemaLocation="http://www.iredes.org/xml/DrillRig C:\Iredes\IR_V1.2.3\xml\DR-DrillRig_V1.2\DrillRig.xsd" IRVersion="V 1.2AC" IRDownwCompat="V 1.2AC" DRMWDDownwCompat="V 1.2AC" DRMWDVersion="V 1.2AC">
	<IR:GenHead>
		<IR:FileCreateDate>2024-12-28T02:37:45</IR:FileCreateDate>
		<IR:IRversion DownwCompat="V 1.0">V 1.2AC</IR:IRversion>
		<IR:EquipmentInfo>
			<IR:EqpManufact>Epiroc</IR:EqpManufact>
			<IR:EqpType>SmartROC D65</IR:EqpType>
			<IR:EqpSerNo>8992013064</IR:EqpSerNo>
			<IR:EqpSysVer>6.28.1</IR:EqpSysVer>
			<IR:EqpInfo>DrillingMethod: DTH</IR:EqpInfo>
		</IR:EquipmentInfo>
	</IR:GenHead>
	<IR:ReportId>MWDRI280237</IR:ReportId>
	<IR:StartLogTime>2024-12-28T02:31:19</IR:StartLogTime>
	<IR:EndLogTime>2024-12-28T02:36:17</IR:EndLogTime>
	<IR:PlanIdRef>TRN08_21_0530_001_All</IR:PlanIdRef>
	<IR:PlanNameRef>TRN08_21_0530_001_All</IR:PlanNameRef>
	<MWDholeId>K54</MWDholeId>
	<QualityReportIdRef>DQRI272324</QualityReportIdRef>
	<SampleDistance>0.100</SampleDistance>
	<CompactMWDdata>
		<MWDparams>
			<Parameter Unit="m/min" Full="PenetrRate">PR</Parameter>
			<Parameter Unit="Bar" Full="PercPressure">PP</Parameter>
			<Parameter Unit="Bar" Full="FeedPressure">FP</Parameter>
			<Parameter Unit="Bar" Full="DampPressure">DP</Parameter>
			<Parameter Unit="Bar" Full="RotPressure">RP</Parameter>
			<Parameter Unit="Bar" Full="FlushPressure">FLP</Parameter>
		</MWDparams>
		<Samples TimeTag="2024-12-28T02:31:19" DepthTag="0.108">0.592 20.257 38.298 0.000 35.176 20.257 </Samples>
		<Samples TimeTag="2024-12-28T02:31:21" DepthTag="0.213">2.914 19.049 34.790 0.000 33.607 19.049 </Samples>
		<Samples TimeTag="2024-12-28T02:31:23" DepthTag="0.329">3.756 18.360 34.945 0.000 32.253 18.360 </Samples>
		<Samples TimeTag="2024-12-28T02:31:25" DepthTag="0.432">3.863 17.855 37.529 0.000 37.221 17.855 </Samples>
		<Samples TimeTag="2024-12-28T02:31:26" DepthTag="0.535">3.836 16.096 21.057 0.000 28.923 16.096 </Samples>
		<Samples TimeTag="2024-12-28T02:31:43" DepthTag="0.636">1.516 5.248 21.596 0.000 24.064 5.248 </Samples>
		<Samples TimeTag="2024-12-28T02:31:46" DepthTag="0.740">2.224 9.960 45.102 0.000 46.212 9.960 </Samples>
		<Samples TimeTag="2024-12-28T02:31:48" DepthTag="0.840">2.999 12.026 40.470 0.000 44.283 12.026 </Samples>
		<Samples TimeTag="2024-12-28T02:31:50" DepthTag="0.950">3.730 13.326 37.980 0.000 42.252 13.326 </Samples>
		<Samples TimeTag="2024-12-28T02:32:13" DepthTag="1.055">1.156 5.845 47.267 0.000 43.347 5.845 </Samples>
		<Samples TimeTag="2024-12-28T02:32:16" DepthTag="1.164">1.928 10.955 42.010 0.000 44.725 10.955 </Samples>
		<Samples TimeTag="2024-12-28T02:32:18" DepthTag="1.270">2.957 12.653 40.024 0.000 42.279 12.653 </Samples>
		<Samples TimeTag="2024-12-28T02:32:21" DepthTag="1.373">2.335 14.091 41.037 0.000 44.071 14.091 </Samples>
		<Samples TimeTag="2024-12-28T02:32:25" DepthTag="1.473">1.439 15.468 41.455 0.000 49.144 15.468 </Samples>
		<Samples TimeTag="2024-12-28T02:32:55" DepthTag="1.579">0.668 15.392 43.025 0.000 48.888 15.392 </Samples>
		<Samples TimeTag="2024-12-28T02:32:59" DepthTag="1.680">1.538 17.518 45.151 0.000 47.299 17.518 </Samples>
		<Samples TimeTag="2024-12-28T02:33:03" DepthTag="1.782">1.591 18.712 44.820 0.000 46.075 18.712 </Samples>
		<Samples TimeTag="2024-12-28T02:33:06" DepthTag="1.882">1.600 19.523 44.979 0.000 43.608 19.523 </Samples>
		<Samples TimeTag="2024-12-28T02:33:11" DepthTag="1.987">1.486 20.349 45.051 0.000 44.554 20.349 </Samples>
		<Samples TimeTag="2024-12-28T02:33:14" DepthTag="2.089">1.625 20.517 45.420 0.000 45.864 20.517 </Samples>
		<Samples TimeTag="2024-12-28T02:33:18" DepthTag="2.191">1.613 20.655 44.987 0.000 44.323 20.655 </Samples>
		<Samples TimeTag="2024-12-28T02:33:22" DepthTag="2.291">1.499 20.777 45.533 0.000 45.837 20.777 </Samples>
		<Samples TimeTag="2024-12-28T02:33:26" DepthTag="2.394">1.545 21.267 45.257 0.000 50.544 21.267 </Samples>
		<Samples TimeTag="2024-12-28T02:33:31" DepthTag="2.497">1.227 21.955 45.120 0.000 41.356 21.955 </Samples>
		<Samples TimeTag="2024-12-28T02:33:35" DepthTag="2.600">1.636 21.451 44.029 0.000 34.947 21.451 </Samples>
		<Samples TimeTag="2024-12-28T02:33:39" DepthTag="2.705">1.519 21.451 45.906 0.000 44.418 21.451 </Samples>
		<Samples TimeTag="2024-12-28T02:33:44" DepthTag="2.809">1.195 21.940 45.604 0.000 42.867 21.940 </Samples>
		<Samples TimeTag="2024-12-28T02:33:49" DepthTag="2.910">1.210 22.430 44.571 0.000 43.607 22.430 </Samples>
		<Samples TimeTag="2024-12-28T02:33:54" DepthTag="3.012">1.215 23.088 45.160 0.000 44.908 23.088 </Samples>
		<Samples TimeTag="2024-12-28T02:34:00" DepthTag="3.114">1.172 23.822 45.397 0.000 45.399 23.822 </Samples>
		<Samples TimeTag="2024-12-28T02:34:05" DepthTag="3.214">1.173 24.449 45.676 0.000 40.778 24.449 </Samples>
		<Samples TimeTag="2024-12-28T02:34:11" DepthTag="3.316">0.977 25.260 44.844 0.000 46.737 25.260 </Samples>
		<Samples TimeTag="2024-12-28T02:34:20" DepthTag="3.429">0.724 16.249 41.785 0.000 42.869 16.249 </Samples>
		<Samples TimeTag="2024-12-28T02:34:30" DepthTag="3.533">0.663 23.623 44.892 0.000 44.527 23.623 </Samples>
		<Samples TimeTag="2024-12-28T02:34:40" DepthTag="3.644">0.635 11.643 40.845 0.000 36.357 11.643 </Samples>
		<Samples TimeTag="2024-12-28T02:34:47" DepthTag="3.744">0.884 19.584 45.828 0.000 52.210 19.584 </Samples>
		<Samples TimeTag="2024-12-28T02:34:54" DepthTag="3.844">0.913 21.940 44.951 0.000 46.211 21.940 </Samples>
		<Samples TimeTag="2024-12-28T02:35:00" DepthTag="3.946">0.899 24.296 44.750 0.000 44.323 24.296 </Samples>
		<Samples TimeTag="2024-12-28T02:35:11" DepthTag="4.048">0.600 14.229 43.108 0.000 51.917 14.229 </Samples>
		<Samples TimeTag="2024-12-28T02:35:20" DepthTag="4.149">0.678 21.665 44.829 0.000 54.043 21.665 </Samples>
		<Samples TimeTag="2024-12-28T02:35:26" DepthTag="4.252">0.994 23.057 44.369 0.000 46.120 23.057 </Samples>
		<Samples TimeTag="2024-12-28T02:35:31" DepthTag="4.354">1.123 23.593 45.146 0.000 43.959 23.593 </Samples>
		<Samples TimeTag="2024-12-28T02:35:36" DepthTag="4.455">1.227 23.822 44.127 0.000 39.623 23.822 </Samples>
		<Samples TimeTag="2024-12-28T02:35:41" DepthTag="4.556">1.158 24.725 45.102 0.000 48.471 24.725 </Samples>
		<Samples TimeTag="2024-12-28T02:35:51" DepthTag="4.658">0.660 14.504 40.316 0.000 33.806 14.504 </Samples>
		<Samples TimeTag="2024-12-28T02:35:57" DepthTag="4.761">0.941 20.732 44.553 0.000 55.868 20.732 </Samples>
		<Samples TimeTag="2024-12-28T02:36:04" DepthTag="4.862">0.951 23.776 44.727 0.000 57.651 23.776 </Samples>
		<Samples TimeTag="2024-12-28T02:36:11" DepthTag="4.963">0.798 20.777 43.780 0.000 54.672 20.777 </Samples>
		<Samples TimeTag="2024-12-28T02:36:17" DepthTag="5.063">0.967 21.252 37.161 0.000 41.497 21.252 </Samples>
	</CompactMWDdata>
	<IR:GenTrailer>
		<IR:FileCloseDate>2024-12-28T02:37:45</IR:FileCloseDate>
		<IR:ChkSum>2747285528</IR:ChkSum>
	</IR:GenTrailer>
</DRMWD>
