<?xml version="1.0" encoding="UTF-8"?>
<!-- Generated by the RCS System Epiroc Rock Drills AB -->
<DRMWD xmlns="http://www.iredes.org/xml/DrillRig" xmlns:IR="http://www.iredes.org/xml" xmlns:xsi="http://www.w3.org/2001/XMLSchema-instance" xsi:schemaLocation="http://www.iredes.org/xml/DrillRig C:\Iredes\IR_V1.2.3\xml\DR-DrillRig_V1.2\DrillRig.xsd" IRVersion="V 1.2AC" IRDownwCompat="V 1.2AC" DRMWDDownwCompat="V 1.2AC" DRMWDVersion="V 1.2AC">
	<IR:GenHead>
		<IR:FileCreateDate>2024-12-28T21:51:04</IR:FileCreateDate>
		<IR:IRversion DownwCompat="V 1.0">V 1.2AC</IR:IRversion>
		<IR:EquipmentInfo>
			<IR:EqpManufact>Epiroc</IR:EqpManufact>
			<IR:EqpType>SmartROC D65</IR:EqpType>
			<IR:EqpSerNo>8992013064</IR:EqpSerNo>
			<IR:EqpSysVer>6.28.1</IR:EqpSysVer>
			<IR:EqpInfo>DrillingMethod: DTH</IR:EqpInfo>
		</IR:EquipmentInfo>
	</IR:GenHead>
	<IR:ReportId>MWDRI282151</IR:ReportId>
	<IR:StartLogTime>2024-12-28T21:43:41</IR:StartLogTime>
	<IR:EndLogTime>2024-12-28T21:49:35</IR:EndLogTime>
	<IR:PlanIdRef>TRN08_21_0530_001_All</IR:PlanIdRef>
	<IR:PlanNameRef>TRN08_21_0530_001_All</IR:PlanNameRef>
	<MWDholeId>L46</MWDholeId>
	<QualityReportIdRef>DQRI272324</QualityReportIdRef>
	<SampleDistance>0.100</SampleDistance>
	<CompactMWDdata>
		<MWDparams>
			<Parameter Unit="m/min" Full="PenetrRate">PR</Parameter>
			<Parameter Unit="Bar" Full="PercPressure">PP</Parameter>
			<Parameter Unit="Bar" Full="FeedPressure">FP</Parameter>
			<Parameter Unit="Bar" Full="DampPressure">DP</Parameter>
			<Parameter Unit="Bar" Full="RotPressure">RP</Parameter>
			<Parameter Unit="Bar" Full="FlushPressure">FLP</Parameter>
		</MWDparams>
		<Samples TimeTag="2024-12-28T21:43:41" DepthTag="0.105">0.528 19.553 36.364 0.000 34.070 19.553 </Samples>
		<Samples TimeTag="2024-12-28T21:43:43" DepthTag="0.211">2.273 18.008 37.247 0.000 39.912 18.008 </Samples>
		<Samples TimeTag="2024-12-28T21:43:46" DepthTag="0.314">2.080 17.075 40.047 0.000 42.490 17.075 </Samples>
		<Samples TimeTag="2024-12-28T21:43:50" DepthTag="0.418">1.948 16.371 40.125 0.000 48.552 16.371 </Samples>
		<Samples TimeTag="2024-12-28T21:44:10" DepthTag="0.551">0.971 4.452 21.031 0.000 26.091 4.452 </Samples>
		<Samples TimeTag="2024-12-28T21:44:17" DepthTag="0.656">0.979 13.005 42.067 0.000 50.359 13.005 </Samples>
		<Samples TimeTag="2024-12-28T21:44:22" DepthTag="0.757">1.131 14.902 40.436 0.000 50.847 14.902 </Samples>
		<Samples TimeTag="2024-12-28T21:44:28" DepthTag="0.859">0.952 16.080 39.055 0.000 48.263 16.080 </Samples>
		<Samples TimeTag="2024-12-28T21:44:34" DepthTag="0.962">1.148 16.585 39.783 0.000 49.145 16.585 </Samples>
		<Samples TimeTag="2024-12-28T21:45:02" DepthTag="1.063">0.574 7.711 47.126 0.000 55.890 7.711 </Samples>
		<Samples TimeTag="2024-12-28T21:45:09" DepthTag="1.166">0.884 14.933 41.366 0.000 47.701 14.933 </Samples>
		<Samples TimeTag="2024-12-28T21:45:14" DepthTag="1.269">1.240 15.560 40.663 0.000 47.357 15.560 </Samples>
		<Samples TimeTag="2024-12-28T21:45:18" DepthTag="1.369">1.290 15.927 39.798 0.000 45.159 15.927 </Samples>
		<Samples TimeTag="2024-12-28T21:45:23" DepthTag="1.470">1.371 16.142 40.137 0.000 45.459 16.142 </Samples>
		<Samples TimeTag="2024-12-28T21:45:51" DepthTag="1.574">0.651 8.094 43.666 0.000 54.838 8.094 </Samples>
		<Samples TimeTag="2024-12-28T21:45:58" DepthTag="1.678">0.860 16.784 45.058 0.000 58.062 16.784 </Samples>
		<Samples TimeTag="2024-12-28T21:46:05" DepthTag="1.779">0.956 18.880 44.544 0.000 53.151 18.880 </Samples>
		<Samples TimeTag="2024-12-28T21:46:11" DepthTag="1.880">1.007 19.829 44.372 0.000 53.346 19.829 </Samples>
		<Samples TimeTag="2024-12-28T21:46:16" DepthTag="1.982">1.054 20.135 44.746 0.000 51.378 20.135 </Samples>
		<Samples TimeTag="2024-12-28T21:46:23" DepthTag="2.085">0.992 20.686 44.873 0.000 49.387 20.686 </Samples>
		<Samples TimeTag="2024-12-28T21:46:29" DepthTag="2.186">0.984 20.930 45.260 0.000 52.756 20.930 </Samples>
		<Samples TimeTag="2024-12-28T21:46:35" DepthTag="2.287">0.944 21.160 44.989 0.000 51.177 21.160 </Samples>
		<Samples TimeTag="2024-12-28T21:46:40" DepthTag="2.388">1.162 21.527 45.468 0.000 49.088 21.527 </Samples>
		<Samples TimeTag="2024-12-28T21:46:46" DepthTag="2.488">1.001 21.848 45.476 0.000 45.596 21.848 </Samples>
		<Samples TimeTag="2024-12-28T21:46:51" DepthTag="2.589">1.211 21.711 45.182 0.000 42.776 21.711 </Samples>
		<Samples TimeTag="2024-12-28T21:46:57" DepthTag="2.691">1.185 22.200 45.279 0.000 49.493 22.200 </Samples>
		<Samples TimeTag="2024-12-28T21:47:03" DepthTag="2.796">1.048 22.537 44.891 0.000 36.825 22.537 </Samples>
		<Samples TimeTag="2024-12-28T21:47:08" DepthTag="2.898">1.104 22.874 44.558 0.000 39.999 22.874 </Samples>
		<Samples TimeTag="2024-12-28T21:47:14" DepthTag="3.002">1.136 22.889 44.763 0.000 43.700 22.889 </Samples>
		<Samples TimeTag="2024-12-28T21:47:19" DepthTag="3.104">1.065 23.302 45.155 0.000 42.472 23.302 </Samples>
		<Samples TimeTag="2024-12-28T21:47:28" DepthTag="3.206">0.676 17.350 45.290 0.000 59.327 17.350 </Samples>
		<Samples TimeTag="2024-12-28T21:47:37" DepthTag="3.311">0.718 21.772 44.515 0.000 42.299 21.772 </Samples>
		<Samples TimeTag="2024-12-28T21:47:42" DepthTag="3.413">1.336 22.154 44.496 0.000 53.326 22.154 </Samples>
		<Samples TimeTag="2024-12-28T21:47:49" DepthTag="3.514">0.843 23.149 45.014 0.000 46.678 23.149 </Samples>
		<Samples TimeTag="2024-12-28T21:48:02" DepthTag="3.622">0.506 11.138 40.100 0.000 36.731 11.138 </Samples>
		<Samples TimeTag="2024-12-28T21:48:13" DepthTag="3.722">0.536 23.072 45.707 0.000 53.715 23.072 </Samples>
		<Samples TimeTag="2024-12-28T21:48:19" DepthTag="3.824">1.019 22.889 44.068 0.000 44.762 22.889 </Samples>
		<Samples TimeTag="2024-12-28T21:48:24" DepthTag="3.926">1.221 23.317 45.185 0.000 48.204 23.317 </Samples>
		<Samples TimeTag="2024-12-28T21:48:31" DepthTag="4.027">0.825 24.388 45.336 0.000 41.582 24.388 </Samples>
		<Samples TimeTag="2024-12-28T21:48:38" DepthTag="4.128">0.907 25.429 45.205 0.000 39.497 25.429 </Samples>
		<Samples TimeTag="2024-12-28T21:48:45" DepthTag="4.231">0.909 25.796 44.584 0.000 37.398 25.796 </Samples>
		<Samples TimeTag="2024-12-28T21:48:50" DepthTag="4.333">1.107 25.888 44.941 0.000 41.111 25.888 </Samples>
		<Samples TimeTag="2024-12-28T21:48:59" DepthTag="4.434">0.669 13.296 44.776 0.000 60.510 13.296 </Samples>
		<Samples TimeTag="2024-12-28T21:49:06" DepthTag="4.535">0.979 19.049 45.126 0.000 55.864 19.049 </Samples>
		<Samples TimeTag="2024-12-28T21:49:12" DepthTag="4.636">0.924 22.476 45.105 0.000 52.487 22.476 </Samples>
		<Samples TimeTag="2024-12-28T21:49:21" DepthTag="4.737">0.715 19.538 44.891 0.000 51.946 19.538 </Samples>
		<Samples TimeTag="2024-12-28T21:49:29" DepthTag="4.840">0.762 23.409 40.565 0.000 45.155 23.409 </Samples>
		<Samples TimeTag="2024-12-28T21:49:35" DepthTag="4.944">0.941 24.021 39.310 0.000 38.002 24.021 </Samples>
	</CompactMWDdata>
	<IR:GenTrailer>
		<IR:FileCloseDate>2024-12-28T21:51:04</IR:FileCloseDate>
		<IR:ChkSum>4115795460</IR:ChkSum>
	</IR:GenTrailer>
</DRMWD>
