<?xml version="1.0" encoding="UTF-8"?>
<!-- Generated by the RCS System Epiroc Rock Drills AB -->
<DRMWD xmlns="http://www.iredes.org/xml/DrillRig" xmlns:IR="http://www.iredes.org/xml" xmlns:xsi="http://www.w3.org/2001/XMLSchema-instance" xsi:schemaLocation="http://www.iredes.org/xml/DrillRig C:\Iredes\IR_V1.2.3\xml\DR-DrillRig_V1.2\DrillRig.xsd" IRVersion="V 1.2AC" IRDownwCompat="V 1.2AC" DRMWDDownwCompat="V 1.2AC" DRMWDVersion="V 1.2AC">
	<IR:GenHead>
		<IR:FileCreateDate>2024-12-29T21:24:50</IR:FileCreateDate>
		<IR:IRversion DownwCompat="V 1.0">V 1.2AC</IR:IRversion>
		<IR:EquipmentInfo>
			<IR:EqpManufact>Epiroc</IR:EqpManufact>
			<IR:EqpType>SmartROC D65</IR:EqpType>
			<IR:EqpSerNo>8992013064</IR:EqpSerNo>
			<IR:EqpSysVer>6.28.1</IR:EqpSysVer>
			<IR:EqpInfo>DrillingMethod: DTH</IR:EqpInfo>
		</IR:EquipmentInfo>
	</IR:GenHead>
	<IR:ReportId>MWDRI292124</IR:ReportId>
	<IR:StartLogTime>2024-12-29T21:15:45</IR:StartLogTime>
	<IR:EndLogTime>2024-12-29T21:20:20</IR:EndLogTime>
	<IR:PlanIdRef>TRN09_24_0486_015_All</IR:PlanIdRef>
	<IR:PlanNameRef>TRN09_24_0486_015_All</IR:PlanNameRef>
	<MWDholeId>AF71</MWDholeId>
	<QualityReportIdRef>DQRI291907</QualityReportIdRef>
	<SampleDistance>0.100</SampleDistance>
	<CompactMWDdata>
		<MWDparams>
			<Parameter Unit="m/min" Full="PenetrRate">PR</Parameter>
			<Parameter Unit="Bar" Full="PercPressure">PP</Parameter>
			<Parameter Unit="Bar" Full="FeedPressure">FP</Parameter>
			<Parameter Unit="Bar" Full="DampPressure">DP</Parameter>
			<Parameter Unit="Bar" Full="RotPressure">RP</Parameter>
			<Parameter Unit="Bar" Full="FlushPressure">FLP</Parameter>
		</MWDparams>
		<Samples TimeTag="2024-12-29T21:15:45" DepthTag="0.102">0.693 11.031 43.841 0.000 20.935 11.031 </Samples>
		<Samples TimeTag="2024-12-29T21:15:49" DepthTag="0.207">1.349 14.504 41.553 0.000 20.823 14.504 </Samples>
		<Samples TimeTag="2024-12-29T21:15:53" DepthTag="0.310">1.719 15.392 40.382 0.000 38.176 15.392 </Samples>
		<Samples TimeTag="2024-12-29T21:15:57" DepthTag="0.419">1.812 15.713 38.428 0.000 32.394 15.713 </Samples>
		<Samples TimeTag="2024-12-29T21:15:59" DepthTag="0.520">2.785 14.948 30.077 0.000 30.812 14.948 </Samples>
		<Samples TimeTag="2024-12-29T21:16:16" DepthTag="0.633">1.482 5.003 32.551 0.000 27.017 5.003 </Samples>
		<Samples TimeTag="2024-12-29T21:16:23" DepthTag="0.735">0.901 15.988 40.288 0.000 30.580 15.988 </Samples>
		<Samples TimeTag="2024-12-29T21:16:28" DepthTag="0.837">1.342 18.146 39.679 0.000 33.186 18.146 </Samples>
		<Samples TimeTag="2024-12-29T21:16:30" DepthTag="0.943">3.174 18.085 30.672 0.000 30.562 18.085 </Samples>
		<Samples TimeTag="2024-12-29T21:16:33" DepthTag="1.043">1.874 4.131 0.893 0.000 17.353 4.131 </Samples>
		<Samples TimeTag="2024-12-29T21:16:52" DepthTag="1.151">4.032 4.743 26.167 0.000 26.716 4.743 </Samples>
		<Samples TimeTag="2024-12-29T21:16:59" DepthTag="1.252">0.869 14.535 41.920 0.000 33.804 14.535 </Samples>
		<Samples TimeTag="2024-12-29T21:17:04" DepthTag="1.355">1.286 15.331 37.537 0.000 41.074 15.331 </Samples>
		<Samples TimeTag="2024-12-29T21:17:08" DepthTag="1.456">1.681 15.377 39.473 0.000 41.696 15.377 </Samples>
		<Samples TimeTag="2024-12-29T21:17:37" DepthTag="1.569">0.968 4.911 26.200 0.000 34.181 4.911 </Samples>
		<Samples TimeTag="2024-12-29T21:17:42" DepthTag="1.670">1.375 13.923 43.135 0.000 47.650 13.923 </Samples>
		<Samples TimeTag="2024-12-29T21:17:45" DepthTag="1.771">1.672 16.203 40.005 0.000 43.048 16.203 </Samples>
		<Samples TimeTag="2024-12-29T21:17:49" DepthTag="1.873">1.530 17.473 40.669 0.000 49.118 17.473 </Samples>
		<Samples TimeTag="2024-12-29T21:17:54" DepthTag="1.975">1.197 18.161 40.029 0.000 40.065 18.161 </Samples>
		<Samples TimeTag="2024-12-29T21:17:59" DepthTag="2.081">1.490 18.498 37.919 0.000 41.097 18.498 </Samples>
		<Samples TimeTag="2024-12-29T21:18:03" DepthTag="2.184">1.479 18.788 38.238 0.000 41.868 18.788 </Samples>
		<Samples TimeTag="2024-12-29T21:18:08" DepthTag="2.285">1.222 19.079 40.634 0.000 43.379 19.079 </Samples>
		<Samples TimeTag="2024-12-29T21:18:13" DepthTag="2.389">1.298 19.232 39.644 0.000 46.521 19.232 </Samples>
		<Samples TimeTag="2024-12-29T21:18:16" DepthTag="2.490">1.679 17.916 39.536 0.000 45.658 17.916 </Samples>
		<Samples TimeTag="2024-12-29T21:18:20" DepthTag="2.595">1.819 18.023 40.045 0.000 47.305 18.023 </Samples>
		<Samples TimeTag="2024-12-29T21:18:22" DepthTag="2.700">2.319 18.345 38.609 0.000 41.731 18.345 </Samples>
		<Samples TimeTag="2024-12-29T21:18:28" DepthTag="2.802">1.210 18.727 39.704 0.000 42.122 18.727 </Samples>
		<Samples TimeTag="2024-12-29T21:18:31" DepthTag="2.908">1.987 18.957 39.422 0.000 42.751 18.957 </Samples>
		<Samples TimeTag="2024-12-29T21:18:35" DepthTag="3.019">1.659 19.003 38.972 0.000 42.303 19.003 </Samples>
		<Samples TimeTag="2024-12-29T21:18:38" DepthTag="3.120">2.044 19.110 40.267 0.000 45.424 19.110 </Samples>
		<Samples TimeTag="2024-12-29T21:18:40" DepthTag="3.230">2.579 19.217 38.371 0.000 38.230 19.217 </Samples>
		<Samples TimeTag="2024-12-29T21:18:42" DepthTag="3.337">2.856 19.278 37.880 0.000 34.280 19.278 </Samples>
		<Samples TimeTag="2024-12-29T21:18:45" DepthTag="3.446">2.711 19.293 38.924 0.000 36.598 19.293 </Samples>
		<Samples TimeTag="2024-12-29T21:18:47" DepthTag="3.548">2.548 17.978 40.849 0.000 38.588 17.978 </Samples>
		<Samples TimeTag="2024-12-29T21:18:50" DepthTag="3.650">2.172 18.146 41.172 0.000 40.759 18.146 </Samples>
		<Samples TimeTag="2024-12-29T21:18:53" DepthTag="3.751">2.050 18.513 38.645 0.000 37.688 18.513 </Samples>
		<Samples TimeTag="2024-12-29T21:18:55" DepthTag="3.858">2.670 18.712 39.861 0.000 37.354 18.712 </Samples>
		<Samples TimeTag="2024-12-29T21:18:57" DepthTag="3.959">3.014 18.773 37.993 0.000 37.733 18.773 </Samples>
		<Samples TimeTag="2024-12-29T21:19:32" DepthTag="4.071">1.229 5.003 22.389 0.000 25.282 5.003 </Samples>
		<Samples TimeTag="2024-12-29T21:19:35" DepthTag="4.177">1.992 12.454 45.578 0.000 49.341 12.454 </Samples>
		<Samples TimeTag="2024-12-29T21:19:38" DepthTag="4.279">1.901 15.575 46.784 0.000 47.482 15.575 </Samples>
		<Samples TimeTag="2024-12-29T21:19:42" DepthTag="4.379">1.882 16.861 45.615 0.000 45.634 16.861 </Samples>
		<Samples TimeTag="2024-12-29T21:19:45" DepthTag="4.481">1.941 18.375 41.992 0.000 45.653 18.375 </Samples>
		<Samples TimeTag="2024-12-29T21:20:20" DepthTag="4.597">1.745 4.682 12.327 0.000 24.064 4.682 </Samples>
	</CompactMWDdata>
	<IR:GenTrailer>
		<IR:FileCloseDate>2024-12-29T21:24:50</IR:FileCloseDate>
		<IR:ChkSum>1251079078</IR:ChkSum>
	</IR:GenTrailer>
</DRMWD>
