<?xml version="1.0" encoding="UTF-8"?>
<!-- Generated by the RCS System Epiroc Rock Drills AB -->
<DRMWD xmlns="http://www.iredes.org/xml/DrillRig" xmlns:IR="http://www.iredes.org/xml" xmlns:xsi="http://www.w3.org/2001/XMLSchema-instance" xsi:schemaLocation="http://www.iredes.org/xml/DrillRig C:\Iredes\IR_V1.2.3\xml\DR-DrillRig_V1.2\DrillRig.xsd" IRVersion="V 1.2AC" IRDownwCompat="V 1.2AC" DRMWDDownwCompat="V 1.2AC" DRMWDVersion="V 1.2AC">
	<IR:GenHead>
		<IR:FileCreateDate>2024-12-29T10:54:53</IR:FileCreateDate>
		<IR:IRversion DownwCompat="V 1.0">V 1.2AC</IR:IRversion>
		<IR:EquipmentInfo>
			<IR:EqpManufact>Epiroc</IR:EqpManufact>
			<IR:EqpType>SmartROC D65</IR:EqpType>
			<IR:EqpSerNo>8992013064</IR:EqpSerNo>
			<IR:EqpSysVer>6.28.1</IR:EqpSysVer>
			<IR:EqpInfo>DrillingMethod: DTH</IR:EqpInfo>
		</IR:EquipmentInfo>
	</IR:GenHead>
	<IR:ReportId>MWDRI291054</IR:ReportId>
	<IR:StartLogTime>2024-12-29T10:47:39</IR:StartLogTime>
	<IR:EndLogTime>2024-12-29T10:53:30</IR:EndLogTime>
	<IR:PlanIdRef>TRN08_21_0530_001_All</IR:PlanIdRef>
	<IR:PlanNameRef>TRN08_21_0530_001_All</IR:PlanNameRef>
	<MWDholeId>L39</MWDholeId>
	<QualityReportIdRef>DQRI272324</QualityReportIdRef>
	<SampleDistance>0.100</SampleDistance>
	<CompactMWDdata>
		<MWDparams>
			<Parameter Unit="m/min" Full="PenetrRate">PR</Parameter>
			<Parameter Unit="Bar" Full="PercPressure">PP</Parameter>
			<Parameter Unit="Bar" Full="FeedPressure">FP</Parameter>
			<Parameter Unit="Bar" Full="DampPressure">DP</Parameter>
			<Parameter Unit="Bar" Full="RotPressure">RP</Parameter>
			<Parameter Unit="Bar" Full="FlushPressure">FLP</Parameter>
		</MWDparams>
		<Samples TimeTag="2024-12-29T10:47:39" DepthTag="0.103">1.295 14.367 44.846 0.000 20.555 14.367 </Samples>
		<Samples TimeTag="2024-12-29T10:47:47" DepthTag="0.203">0.818 16.738 43.005 0.000 18.233 16.738 </Samples>
		<Samples TimeTag="2024-12-29T10:47:50" DepthTag="0.303">1.875 16.448 38.400 0.000 41.946 16.448 </Samples>
		<Samples TimeTag="2024-12-29T10:47:53" DepthTag="0.406">2.312 16.187 40.118 0.000 42.472 16.187 </Samples>
		<Samples TimeTag="2024-12-29T10:47:55" DepthTag="0.511">2.251 15.254 33.904 0.000 45.798 15.254 </Samples>
		<Samples TimeTag="2024-12-29T10:48:15" DepthTag="0.611">0.925 6.365 47.354 0.000 55.193 6.365 </Samples>
		<Samples TimeTag="2024-12-29T10:48:21" DepthTag="0.712">1.039 13.709 41.107 0.000 49.250 13.709 </Samples>
		<Samples TimeTag="2024-12-29T10:48:25" DepthTag="0.816">1.363 14.810 39.784 0.000 49.740 14.810 </Samples>
		<Samples TimeTag="2024-12-29T10:48:29" DepthTag="0.917">1.513 15.009 39.342 0.000 49.289 15.009 </Samples>
		<Samples TimeTag="2024-12-29T10:48:57" DepthTag="1.018">0.629 5.171 49.159 0.000 53.787 5.171 </Samples>
		<Samples TimeTag="2024-12-29T10:49:04" DepthTag="1.122">0.864 14.290 40.856 0.000 49.699 14.290 </Samples>
		<Samples TimeTag="2024-12-29T10:49:09" DepthTag="1.222">1.119 15.453 40.327 0.000 52.475 15.453 </Samples>
		<Samples TimeTag="2024-12-29T10:49:15" DepthTag="1.323">1.074 16.142 41.291 0.000 50.850 16.142 </Samples>
		<Samples TimeTag="2024-12-29T10:49:21" DepthTag="1.426">1.070 16.279 39.271 0.000 46.582 16.279 </Samples>
		<Samples TimeTag="2024-12-29T10:49:49" DepthTag="1.546">0.750 6.380 34.163 0.000 36.650 6.380 </Samples>
		<Samples TimeTag="2024-12-29T10:49:55" DepthTag="1.648">1.016 15.422 45.087 0.000 55.984 15.422 </Samples>
		<Samples TimeTag="2024-12-29T10:50:01" DepthTag="1.750">1.085 17.702 45.269 0.000 57.930 17.702 </Samples>
		<Samples TimeTag="2024-12-29T10:50:06" DepthTag="1.852">1.145 18.651 45.248 0.000 54.837 18.651 </Samples>
		<Samples TimeTag="2024-12-29T10:50:12" DepthTag="1.956">1.109 19.370 45.235 0.000 53.283 19.370 </Samples>
		<Samples TimeTag="2024-12-29T10:50:17" DepthTag="2.058">1.144 19.416 45.160 0.000 52.477 19.416 </Samples>
		<Samples TimeTag="2024-12-29T10:50:22" DepthTag="2.163">1.258 19.599 44.956 0.000 54.000 19.599 </Samples>
		<Samples TimeTag="2024-12-29T10:50:27" DepthTag="2.266">1.225 19.921 44.934 0.000 52.964 19.921 </Samples>
		<Samples TimeTag="2024-12-29T10:50:32" DepthTag="2.368">1.269 20.150 45.123 0.000 53.137 20.150 </Samples>
		<Samples TimeTag="2024-12-29T10:50:37" DepthTag="2.469">1.289 21.022 45.133 0.000 51.225 21.022 </Samples>
		<Samples TimeTag="2024-12-29T10:50:42" DepthTag="2.571">1.119 22.032 45.017 0.000 46.179 22.032 </Samples>
		<Samples TimeTag="2024-12-29T10:50:48" DepthTag="2.673">1.033 22.353 44.777 0.000 41.880 22.353 </Samples>
		<Samples TimeTag="2024-12-29T10:50:53" DepthTag="2.774">1.108 22.828 45.439 0.000 41.826 22.828 </Samples>
		<Samples TimeTag="2024-12-29T10:51:01" DepthTag="2.877">0.812 24.419 44.210 0.000 34.551 24.419 </Samples>
		<Samples TimeTag="2024-12-29T10:51:06" DepthTag="2.980">1.240 24.266 44.679 0.000 39.879 24.266 </Samples>
		<Samples TimeTag="2024-12-29T10:51:11" DepthTag="3.082">1.141 24.511 44.683 0.000 42.088 24.511 </Samples>
		<Samples TimeTag="2024-12-29T10:51:15" DepthTag="3.183">1.754 23.547 44.650 0.000 43.578 23.547 </Samples>
		<Samples TimeTag="2024-12-29T10:51:19" DepthTag="3.285">1.419 23.103 45.452 0.000 51.693 23.103 </Samples>
		<Samples TimeTag="2024-12-29T10:51:25" DepthTag="3.386">0.964 24.281 45.220 0.000 40.549 24.281 </Samples>
		<Samples TimeTag="2024-12-29T10:51:32" DepthTag="3.486">0.886 24.832 44.782 0.000 37.976 24.832 </Samples>
		<Samples TimeTag="2024-12-29T10:51:39" DepthTag="3.587">0.861 16.631 42.665 0.000 39.982 16.631 </Samples>
		<Samples TimeTag="2024-12-29T10:51:44" DepthTag="3.691">1.417 19.156 44.481 0.000 54.107 19.156 </Samples>
		<Samples TimeTag="2024-12-29T10:51:49" DepthTag="3.792">1.079 20.900 45.077 0.000 49.140 20.900 </Samples>
		<Samples TimeTag="2024-12-29T10:51:54" DepthTag="3.894">1.240 21.665 45.419 0.000 48.558 21.665 </Samples>
		<Samples TimeTag="2024-12-29T10:52:02" DepthTag="3.996">0.757 24.801 45.191 0.000 42.066 24.801 </Samples>
		<Samples TimeTag="2024-12-29T10:52:12" DepthTag="4.098">0.646 19.599 45.071 0.000 45.993 19.599 </Samples>
		<Samples TimeTag="2024-12-29T10:52:18" DepthTag="4.200">0.950 22.491 44.921 0.000 54.073 22.491 </Samples>
		<Samples TimeTag="2024-12-29T10:52:52" DepthTag="4.301">0.285 9.578 47.818 0.000 53.531 9.578 </Samples>
		<Samples TimeTag="2024-12-29T10:53:00" DepthTag="4.402">0.783 18.635 44.645 0.000 55.177 18.635 </Samples>
		<Samples TimeTag="2024-12-29T10:53:04" DepthTag="4.505">1.327 19.232 45.113 0.000 43.947 19.232 </Samples>
		<Samples TimeTag="2024-12-29T10:53:08" DepthTag="4.610">1.747 19.477 44.304 0.000 53.488 19.477 </Samples>
		<Samples TimeTag="2024-12-29T10:53:13" DepthTag="4.711">1.093 20.885 44.794 0.000 51.801 20.885 </Samples>
		<Samples TimeTag="2024-12-29T10:53:19" DepthTag="4.814">1.132 21.191 45.180 0.000 48.062 21.191 </Samples>
		<Samples TimeTag="2024-12-29T10:53:24" DepthTag="4.918">1.260 21.481 40.634 0.000 48.147 21.481 </Samples>
		<Samples TimeTag="2024-12-29T10:53:30" DepthTag="5.021">1.023 22.659 39.800 0.000 46.700 22.659 </Samples>
	</CompactMWDdata>
	<IR:GenTrailer>
		<IR:FileCloseDate>2024-12-29T10:54:53</IR:FileCloseDate>
		<IR:ChkSum>1473242119</IR:ChkSum>
	</IR:GenTrailer>
</DRMWD>
