<?xml version="1.0" encoding="UTF-8"?>
<!-- Generated by the RCS System Epiroc Rock Drills AB -->
<DRMWD xmlns="http://www.iredes.org/xml/DrillRig" xmlns:IR="http://www.iredes.org/xml" xmlns:xsi="http://www.w3.org/2001/XMLSchema-instance" xsi:schemaLocation="http://www.iredes.org/xml/DrillRig C:\Iredes\IR_V1.2.3\xml\DR-DrillRig_V1.2\DrillRig.xsd" IRVersion="V 1.2AC" IRDownwCompat="V 1.2AC" DRMWDDownwCompat="V 1.2AC" DRMWDVersion="V 1.2AC">
	<IR:GenHead>
		<IR:FileCreateDate>2024-12-29T11:47:51</IR:FileCreateDate>
		<IR:IRversion DownwCompat="V 1.0">V 1.2AC</IR:IRversion>
		<IR:EquipmentInfo>
			<IR:EqpManufact>Epiroc</IR:EqpManufact>
			<IR:EqpType>SmartROC D65</IR:EqpType>
			<IR:EqpSerNo>8992013064</IR:EqpSerNo>
			<IR:EqpSysVer>6.28.1</IR:EqpSysVer>
			<IR:EqpInfo>DrillingMethod: DTH</IR:EqpInfo>
		</IR:EquipmentInfo>
	</IR:GenHead>
	<IR:ReportId>MWDRI291147</IR:ReportId>
	<IR:StartLogTime>2024-12-29T11:42:54</IR:StartLogTime>
	<IR:EndLogTime>2024-12-29T11:45:33</IR:EndLogTime>
	<IR:PlanIdRef>TRN08_21_0530_001_All</IR:PlanIdRef>
	<IR:PlanNameRef>TRN08_21_0530_001_All</IR:PlanNameRef>
	<MWDholeId>O34</MWDholeId>
	<QualityReportIdRef>DQRI272324</QualityReportIdRef>
	<SampleDistance>0.100</SampleDistance>
	<CompactMWDdata>
		<MWDparams>
			<Parameter Unit="m/min" Full="PenetrRate">PR</Parameter>
			<Parameter Unit="Bar" Full="PercPressure">PP</Parameter>
			<Parameter Unit="Bar" Full="FeedPressure">FP</Parameter>
			<Parameter Unit="Bar" Full="DampPressure">DP</Parameter>
			<Parameter Unit="Bar" Full="RotPressure">RP</Parameter>
			<Parameter Unit="Bar" Full="FlushPressure">FLP</Parameter>
		</MWDparams>
		<Samples TimeTag="2024-12-29T11:42:54" DepthTag="3.169">0.728 0.918 27.452 0.000 34.015 0.918 </Samples>
		<Samples TimeTag="2024-12-29T11:43:10" DepthTag="3.271">0.385 17.855 44.430 0.000 50.534 17.855 </Samples>
		<Samples TimeTag="2024-12-29T11:43:16" DepthTag="3.372">1.056 19.446 45.445 0.000 44.859 19.446 </Samples>
		<Samples TimeTag="2024-12-29T11:43:21" DepthTag="3.473">1.048 19.492 44.632 0.000 42.791 19.492 </Samples>
		<Samples TimeTag="2024-12-29T11:43:26" DepthTag="3.577">1.487 19.630 44.411 0.000 46.154 19.630 </Samples>
		<Samples TimeTag="2024-12-29T11:43:29" DepthTag="3.677">1.570 20.028 44.585 0.000 47.117 20.028 </Samples>
		<Samples TimeTag="2024-12-29T11:43:34" DepthTag="3.780">1.393 20.793 45.404 0.000 54.016 20.793 </Samples>
		<Samples TimeTag="2024-12-29T11:43:46" DepthTag="3.880">0.510 26.132 45.885 0.000 44.377 26.132 </Samples>
		<Samples TimeTag="2024-12-29T11:44:11" DepthTag="3.982">0.238 24.572 43.041 0.000 30.042 24.572 </Samples>
		<Samples TimeTag="2024-12-29T11:44:30" DepthTag="4.083">0.514 7.191 41.301 0.000 53.903 7.191 </Samples>
		<Samples TimeTag="2024-12-29T11:44:35" DepthTag="4.185">1.174 14.887 39.923 0.000 48.367 14.887 </Samples>
		<Samples TimeTag="2024-12-29T11:44:40" DepthTag="4.286">1.297 18.421 44.706 0.000 51.875 18.421 </Samples>
		<Samples TimeTag="2024-12-29T11:44:46" DepthTag="4.390">1.013 20.732 44.635 0.000 54.172 20.732 </Samples>
		<Samples TimeTag="2024-12-29T11:44:55" DepthTag="4.495">0.702 16.417 42.938 0.000 47.338 16.417 </Samples>
		<Samples TimeTag="2024-12-29T11:45:02" DepthTag="4.598">0.904 21.053 44.648 0.000 53.915 21.053 </Samples>
		<Samples TimeTag="2024-12-29T11:45:17" DepthTag="4.701">0.397 14.382 43.457 0.000 49.172 14.382 </Samples>
		<Samples TimeTag="2024-12-29T11:45:23" DepthTag="4.805">1.039 17.916 44.664 0.000 55.202 17.916 </Samples>
		<Samples TimeTag="2024-12-29T11:45:28" DepthTag="4.907">1.270 19.186 40.296 0.000 49.330 19.186 </Samples>
		<Samples TimeTag="2024-12-29T11:45:33" DepthTag="5.010">1.404 19.921 39.759 0.000 53.003 19.921 </Samples>
	</CompactMWDdata>
	<IR:GenTrailer>
		<IR:FileCloseDate>2024-12-29T11:47:51</IR:FileCloseDate>
		<IR:ChkSum>0531044657</IR:ChkSum>
	</IR:GenTrailer>
</DRMWD>
