<?xml version="1.0" encoding="UTF-8"?>
<!-- Generated by the RCS System Epiroc Rock Drills AB -->
<DRMWD xmlns="http://www.iredes.org/xml/DrillRig" xmlns:IR="http://www.iredes.org/xml" xmlns:xsi="http://www.w3.org/2001/XMLSchema-instance" xsi:schemaLocation="http://www.iredes.org/xml/DrillRig C:\Iredes\IR_V1.2.3\xml\DR-DrillRig_V1.2\DrillRig.xsd" IRVersion="V 1.2AC" IRDownwCompat="V 1.2AC" DRMWDDownwCompat="V 1.2AC" DRMWDVersion="V 1.2AC">
	<IR:GenHead>
		<IR:FileCreateDate>2024-12-29T01:26:58</IR:FileCreateDate>
		<IR:IRversion DownwCompat="V 1.0">V 1.2AC</IR:IRversion>
		<IR:EquipmentInfo>
			<IR:EqpManufact>Epiroc</IR:EqpManufact>
			<IR:EqpType>SmartROC D65</IR:EqpType>
			<IR:EqpSerNo>8992013064</IR:EqpSerNo>
			<IR:EqpSysVer>6.28.1</IR:EqpSysVer>
			<IR:EqpInfo>DrillingMethod: DTH</IR:EqpInfo>
		</IR:EquipmentInfo>
	</IR:GenHead>
	<IR:ReportId>MWDRI290126</IR:ReportId>
	<IR:StartLogTime>2024-12-29T01:09:05</IR:StartLogTime>
	<IR:EndLogTime>2024-12-29T01:25:30</IR:EndLogTime>
	<IR:PlanIdRef>TRN08_21_0530_001_All</IR:PlanIdRef>
	<IR:PlanNameRef>TRN08_21_0530_001_All</IR:PlanNameRef>
	<MWDholeId>M43</MWDholeId>
	<QualityReportIdRef>DQRI272324</QualityReportIdRef>
	<SampleDistance>0.100</SampleDistance>
	<CompactMWDdata>
		<MWDparams>
			<Parameter Unit="m/min" Full="PenetrRate">PR</Parameter>
			<Parameter Unit="Bar" Full="PercPressure">PP</Parameter>
			<Parameter Unit="Bar" Full="FeedPressure">FP</Parameter>
			<Parameter Unit="Bar" Full="DampPressure">DP</Parameter>
			<Parameter Unit="Bar" Full="RotPressure">RP</Parameter>
			<Parameter Unit="Bar" Full="FlushPressure">FLP</Parameter>
		</MWDparams>
		<Samples TimeTag="2024-12-29T01:09:05" DepthTag="0.115">0.941 9.333 20.948 0.000 21.404 9.333 </Samples>
		<Samples TimeTag="2024-12-29T01:09:13" DepthTag="0.218">0.723 17.947 37.850 0.000 35.598 17.947 </Samples>
		<Samples TimeTag="2024-12-29T01:09:17" DepthTag="0.323">1.745 17.365 40.250 0.000 45.385 17.365 </Samples>
		<Samples TimeTag="2024-12-29T01:09:22" DepthTag="0.425">1.274 16.815 39.601 0.000 47.980 16.815 </Samples>
		<Samples TimeTag="2024-12-29T01:09:44" DepthTag="0.534">0.704 3.856 25.200 0.000 35.247 3.856 </Samples>
		<Samples TimeTag="2024-12-29T01:09:50" DepthTag="0.636">0.979 12.791 42.784 0.000 51.464 12.791 </Samples>
		<Samples TimeTag="2024-12-29T01:09:56" DepthTag="0.738">0.928 14.780 40.572 0.000 47.841 14.780 </Samples>
		<Samples TimeTag="2024-12-29T01:10:02" DepthTag="0.842">1.110 15.132 37.954 0.000 45.799 15.132 </Samples>
		<Samples TimeTag="2024-12-29T01:10:06" DepthTag="0.943">1.507 14.994 37.575 0.000 46.852 14.994 </Samples>
		<Samples TimeTag="2024-12-29T01:10:32" DepthTag="1.048">0.702 4.315 36.335 0.000 43.319 4.315 </Samples>
		<Samples TimeTag="2024-12-29T01:10:41" DepthTag="1.151">0.706 15.055 40.652 0.000 49.420 15.055 </Samples>
		<Samples TimeTag="2024-12-29T01:10:48" DepthTag="1.253">0.923 16.555 39.779 0.000 48.039 16.555 </Samples>
		<Samples TimeTag="2024-12-29T01:10:53" DepthTag="1.355">1.135 16.555 39.303 0.000 43.359 16.555 </Samples>
		<Samples TimeTag="2024-12-29T01:10:57" DepthTag="1.456">1.515 16.340 39.932 0.000 46.606 16.340 </Samples>
		<Samples TimeTag="2024-12-29T01:11:24" DepthTag="1.558">0.784 6.350 31.380 0.000 38.515 6.350 </Samples>
		<Samples TimeTag="2024-12-29T01:11:31" DepthTag="1.661">0.908 16.249 45.217 0.000 53.322 16.249 </Samples>
		<Samples TimeTag="2024-12-29T01:11:36" DepthTag="1.764">1.191 17.702 44.802 0.000 51.947 17.702 </Samples>
		<Samples TimeTag="2024-12-29T01:11:41" DepthTag="1.865">1.182 18.375 44.582 0.000 45.657 18.375 </Samples>
		<Samples TimeTag="2024-12-29T01:11:46" DepthTag="1.967">1.380 18.727 44.813 0.000 45.563 18.727 </Samples>
		<Samples TimeTag="2024-12-29T01:22:22" DepthTag="2.068">1.393 0.551 38.347 0.000 45.337 0.551 </Samples>
		<Samples TimeTag="2024-12-29T01:22:40" DepthTag="2.168">0.330 15.361 44.687 0.000 51.512 15.361 </Samples>
		<Samples TimeTag="2024-12-29T01:22:45" DepthTag="2.271">1.185 16.998 43.679 0.000 47.824 16.998 </Samples>
		<Samples TimeTag="2024-12-29T01:22:49" DepthTag="2.371">1.677 17.396 44.989 0.000 50.326 17.396 </Samples>
		<Samples TimeTag="2024-12-29T01:22:53" DepthTag="2.477">1.611 17.825 45.038 0.000 47.924 17.825 </Samples>
		<Samples TimeTag="2024-12-29T01:22:56" DepthTag="2.583">1.648 17.993 45.245 0.000 49.705 17.993 </Samples>
		<Samples TimeTag="2024-12-29T01:23:00" DepthTag="2.687">1.554 18.345 45.283 0.000 46.632 18.345 </Samples>
		<Samples TimeTag="2024-12-29T01:23:05" DepthTag="2.790">1.491 19.049 44.938 0.000 52.683 19.049 </Samples>
		<Samples TimeTag="2024-12-29T01:23:10" DepthTag="2.894">1.108 19.752 45.274 0.000 53.310 19.752 </Samples>
		<Samples TimeTag="2024-12-29T01:23:15" DepthTag="2.996">1.266 19.982 44.205 0.000 47.939 19.982 </Samples>
		<Samples TimeTag="2024-12-29T01:23:21" DepthTag="3.097">1.096 21.344 46.260 0.000 61.449 21.344 </Samples>
		<Samples TimeTag="2024-12-29T01:23:29" DepthTag="3.198">0.687 23.593 44.538 0.000 46.167 23.593 </Samples>
		<Samples TimeTag="2024-12-29T01:23:34" DepthTag="3.298">1.248 23.440 44.694 0.000 41.703 23.440 </Samples>
		<Samples TimeTag="2024-12-29T01:23:39" DepthTag="3.398">1.314 22.981 45.126 0.000 42.008 22.981 </Samples>
		<Samples TimeTag="2024-12-29T01:23:43" DepthTag="3.503">1.354 22.797 45.470 0.000 45.682 22.797 </Samples>
		<Samples TimeTag="2024-12-29T01:23:48" DepthTag="3.607">1.260 22.705 44.801 0.000 47.971 22.705 </Samples>
		<Samples TimeTag="2024-12-29T01:23:55" DepthTag="3.708">0.979 24.052 44.977 0.000 49.916 24.052 </Samples>
		<Samples TimeTag="2024-12-29T01:24:07" DepthTag="3.813">0.492 14.306 45.295 0.000 57.925 14.306 </Samples>
		<Samples TimeTag="2024-12-29T01:24:16" DepthTag="3.914">0.683 20.655 44.075 0.000 56.124 20.655 </Samples>
		<Samples TimeTag="2024-12-29T01:24:24" DepthTag="4.015">0.801 23.302 45.313 0.000 47.580 23.302 </Samples>
		<Samples TimeTag="2024-12-29T01:24:34" DepthTag="4.125">0.637 12.990 42.459 0.000 51.208 12.990 </Samples>
		<Samples TimeTag="2024-12-29T01:24:41" DepthTag="4.230">0.924 18.452 44.138 0.000 50.637 18.452 </Samples>
		<Samples TimeTag="2024-12-29T01:24:47" DepthTag="4.331">1.080 20.655 44.712 0.000 51.509 20.655 </Samples>
		<Samples TimeTag="2024-12-29T01:24:54" DepthTag="4.433">0.854 23.210 45.417 0.000 56.026 23.210 </Samples>
		<Samples TimeTag="2024-12-29T01:25:11" DepthTag="4.534">0.342 16.172 45.307 0.000 54.711 16.172 </Samples>
		<Samples TimeTag="2024-12-29T01:25:19" DepthTag="4.635">0.850 20.609 45.208 0.000 52.546 20.609 </Samples>
		<Samples TimeTag="2024-12-29T01:25:24" DepthTag="4.737">1.092 21.405 40.216 0.000 47.332 21.405 </Samples>
		<Samples TimeTag="2024-12-29T01:25:30" DepthTag="4.839">1.047 22.246 39.593 0.000 48.045 22.246 </Samples>
	</CompactMWDdata>
	<IR:GenTrailer>
		<IR:FileCloseDate>2024-12-29T01:26:58</IR:FileCloseDate>
		<IR:ChkSum>3597961161</IR:ChkSum>
	</IR:GenTrailer>
</DRMWD>
