<?xml version="1.0" encoding="UTF-8"?>
<!-- Generated by the RCS System Epiroc Rock Drills AB -->
<DRMWD xmlns="http://www.iredes.org/xml/DrillRig" xmlns:IR="http://www.iredes.org/xml" xmlns:xsi="http://www.w3.org/2001/XMLSchema-instance" xsi:schemaLocation="http://www.iredes.org/xml/DrillRig C:\Iredes\IR_V1.2.3\xml\DR-DrillRig_V1.2\DrillRig.xsd" IRVersion="V 1.2AC" IRDownwCompat="V 1.2AC" DRMWDDownwCompat="V 1.2AC" DRMWDVersion="V 1.2AC">
	<IR:GenHead>
		<IR:FileCreateDate>2024-12-28T09:16:23</IR:FileCreateDate>
		<IR:IRversion DownwCompat="V 1.0">V 1.2AC</IR:IRversion>
		<IR:EquipmentInfo>
			<IR:EqpManufact>Epiroc</IR:EqpManufact>
			<IR:EqpType>SmartROC D65</IR:EqpType>
			<IR:EqpSerNo>8992013064</IR:EqpSerNo>
			<IR:EqpSysVer>6.28.1</IR:EqpSysVer>
			<IR:EqpInfo>DrillingMethod: DTH</IR:EqpInfo>
		</IR:EquipmentInfo>
	</IR:GenHead>
	<IR:ReportId>MWDRI280916</IR:ReportId>
	<IR:StartLogTime>2024-12-28T09:08:17</IR:StartLogTime>
	<IR:EndLogTime>2024-12-28T09:13:57</IR:EndLogTime>
	<IR:PlanIdRef>TRN08_21_0530_001_All</IR:PlanIdRef>
	<IR:PlanNameRef>TRN08_21_0530_001_All</IR:PlanNameRef>
	<MWDholeId>C62</MWDholeId>
	<QualityReportIdRef>DQRI272324</QualityReportIdRef>
	<SampleDistance>0.100</SampleDistance>
	<CompactMWDdata>
		<MWDparams>
			<Parameter Unit="m/min" Full="PenetrRate">PR</Parameter>
			<Parameter Unit="Bar" Full="PercPressure">PP</Parameter>
			<Parameter Unit="Bar" Full="FeedPressure">FP</Parameter>
			<Parameter Unit="Bar" Full="DampPressure">DP</Parameter>
			<Parameter Unit="Bar" Full="RotPressure">RP</Parameter>
			<Parameter Unit="Bar" Full="FlushPressure">FLP</Parameter>
		</MWDparams>
		<Samples TimeTag="2024-12-28T09:08:17" DepthTag="0.100">0.647 18.391 42.859 0.000 20.963 18.391 </Samples>
		<Samples TimeTag="2024-12-28T09:08:23" DepthTag="0.203">1.037 18.712 37.554 0.000 40.463 18.712 </Samples>
		<Samples TimeTag="2024-12-28T09:08:25" DepthTag="0.304">2.290 18.207 38.953 0.000 39.651 18.207 </Samples>
		<Samples TimeTag="2024-12-28T09:08:28" DepthTag="0.406">2.065 17.794 41.297 0.000 44.524 17.794 </Samples>
		<Samples TimeTag="2024-12-28T09:08:34" DepthTag="0.507">1.077 17.962 36.274 0.000 43.938 17.962 </Samples>
		<Samples TimeTag="2024-12-28T09:08:58" DepthTag="0.611">0.566 12.133 43.027 0.000 43.030 12.133 </Samples>
		<Samples TimeTag="2024-12-28T09:09:03" DepthTag="0.711">1.207 14.979 41.034 0.000 47.567 14.979 </Samples>
		<Samples TimeTag="2024-12-28T09:09:09" DepthTag="0.813">1.046 16.448 41.372 0.000 50.881 16.448 </Samples>
		<Samples TimeTag="2024-12-28T09:09:15" DepthTag="0.914">0.897 17.212 39.363 0.000 48.239 17.212 </Samples>
		<Samples TimeTag="2024-12-28T09:09:45" DepthTag="1.032">0.580 4.452 31.336 0.000 32.486 4.452 </Samples>
		<Samples TimeTag="2024-12-28T09:09:54" DepthTag="1.133">0.688 15.162 40.819 0.000 50.207 15.162 </Samples>
		<Samples TimeTag="2024-12-28T09:10:01" DepthTag="1.237">0.844 16.325 39.585 0.000 41.553 16.325 </Samples>
		<Samples TimeTag="2024-12-28T09:10:06" DepthTag="1.340">1.285 16.111 39.068 0.000 41.752 16.111 </Samples>
		<Samples TimeTag="2024-12-28T09:10:11" DepthTag="1.443">1.182 16.142 39.919 0.000 47.365 16.142 </Samples>
		<Samples TimeTag="2024-12-28T09:10:38" DepthTag="1.556">0.822 8.155 33.530 0.000 41.984 8.155 </Samples>
		<Samples TimeTag="2024-12-28T09:10:45" DepthTag="1.657">0.869 18.482 44.582 0.000 56.222 18.482 </Samples>
		<Samples TimeTag="2024-12-28T09:10:50" DepthTag="1.760">1.129 20.517 45.060 0.000 44.160 20.517 </Samples>
		<Samples TimeTag="2024-12-28T09:10:55" DepthTag="1.863">1.152 21.573 45.429 0.000 43.027 21.573 </Samples>
		<Samples TimeTag="2024-12-28T09:10:59" DepthTag="1.965">1.631 21.420 45.304 0.000 43.528 21.420 </Samples>
		<Samples TimeTag="2024-12-28T09:11:03" DepthTag="2.067">1.593 21.680 45.027 0.000 43.247 21.680 </Samples>
		<Samples TimeTag="2024-12-28T09:11:07" DepthTag="2.171">1.488 21.986 44.874 0.000 39.463 21.986 </Samples>
		<Samples TimeTag="2024-12-28T09:11:11" DepthTag="2.277">1.883 21.757 45.050 0.000 42.367 21.757 </Samples>
		<Samples TimeTag="2024-12-28T09:11:14" DepthTag="2.380">1.930 21.634 44.155 0.000 40.486 21.634 </Samples>
		<Samples TimeTag="2024-12-28T09:11:18" DepthTag="2.487">1.672 21.879 44.456 0.000 39.304 21.879 </Samples>
		<Samples TimeTag="2024-12-28T09:11:22" DepthTag="2.589">1.292 22.629 45.455 0.000 41.528 22.629 </Samples>
		<Samples TimeTag="2024-12-28T09:11:27" DepthTag="2.691">1.201 23.195 44.586 0.000 42.950 23.195 </Samples>
		<Samples TimeTag="2024-12-28T09:11:40" DepthTag="2.791">0.462 14.336 45.651 0.000 59.196 14.336 </Samples>
		<Samples TimeTag="2024-12-28T09:11:50" DepthTag="2.891">0.618 21.741 44.589 0.000 51.320 21.741 </Samples>
		<Samples TimeTag="2024-12-28T09:11:56" DepthTag="2.997">1.049 22.721 44.615 0.000 39.241 22.721 </Samples>
		<Samples TimeTag="2024-12-28T09:12:01" DepthTag="3.097">1.319 22.965 45.423 0.000 39.164 22.965 </Samples>
		<Samples TimeTag="2024-12-28T09:12:07" DepthTag="3.201">1.082 23.776 45.599 0.000 39.625 23.776 </Samples>
		<Samples TimeTag="2024-12-28T09:12:14" DepthTag="3.303">0.866 24.847 45.521 0.000 37.485 24.847 </Samples>
		<Samples TimeTag="2024-12-28T09:12:21" DepthTag="3.405">0.809 25.888 41.987 0.000 38.429 25.888 </Samples>
		<Samples TimeTag="2024-12-28T09:12:33" DepthTag="3.506">0.535 18.391 45.204 0.000 47.257 18.391 </Samples>
		<Samples TimeTag="2024-12-28T09:12:40" DepthTag="3.607">0.805 21.634 45.649 0.000 41.960 21.634 </Samples>
		<Samples TimeTag="2024-12-28T09:12:46" DepthTag="3.707">0.972 23.669 45.007 0.000 49.473 23.669 </Samples>
		<Samples TimeTag="2024-12-28T09:12:53" DepthTag="3.809">0.897 24.954 45.418 0.000 38.027 24.954 </Samples>
		<Samples TimeTag="2024-12-28T09:12:57" DepthTag="3.909">1.362 24.878 45.932 0.000 38.049 24.878 </Samples>
		<Samples TimeTag="2024-12-28T09:13:02" DepthTag="4.010">1.379 24.434 45.815 0.000 41.829 24.434 </Samples>
		<Samples TimeTag="2024-12-28T09:13:08" DepthTag="4.112">0.961 25.429 45.219 0.000 39.425 25.429 </Samples>
		<Samples TimeTag="2024-12-28T09:13:14" DepthTag="4.216">1.000 25.612 44.942 0.000 39.931 25.612 </Samples>
		<Samples TimeTag="2024-12-28T09:13:21" DepthTag="4.317">0.903 26.148 44.910 0.000 41.402 26.148 </Samples>
		<Samples TimeTag="2024-12-28T09:13:37" DepthTag="4.418">0.394 22.766 45.097 0.000 44.477 22.766 </Samples>
		<Samples TimeTag="2024-12-28T09:13:45" DepthTag="4.521">0.710 25.704 44.405 0.000 28.173 25.704 </Samples>
		<Samples TimeTag="2024-12-28T09:13:51" DepthTag="4.621">1.041 25.413 39.729 0.000 26.533 25.413 </Samples>
		<Samples TimeTag="2024-12-28T09:13:57" DepthTag="4.723">1.094 24.755 39.299 0.000 29.576 24.755 </Samples>
	</CompactMWDdata>
	<IR:GenTrailer>
		<IR:FileCloseDate>2024-12-28T09:16:23</IR:FileCloseDate>
		<IR:ChkSum>1602873290</IR:ChkSum>
	</IR:GenTrailer>
</DRMWD>
