<?xml version="1.0" encoding="UTF-8"?>
<!-- Generated by the RCS System Epiroc Rock Drills AB -->
<DRMWD xmlns="http://www.iredes.org/xml/DrillRig" xmlns:IR="http://www.iredes.org/xml" xmlns:xsi="http://www.w3.org/2001/XMLSchema-instance" xsi:schemaLocation="http://www.iredes.org/xml/DrillRig C:\Iredes\IR_V1.2.3\xml\DR-DrillRig_V1.2\DrillRig.xsd" IRVersion="V 1.2AC" IRDownwCompat="V 1.2AC" DRMWDDownwCompat="V 1.2AC" DRMWDVersion="V 1.2AC">
	<IR:GenHead>
		<IR:FileCreateDate>2024-12-30T10:12:06</IR:FileCreateDate>
		<IR:IRversion DownwCompat="V 1.0">V 1.2AC</IR:IRversion>
		<IR:EquipmentInfo>
			<IR:EqpManufact>Epiroc</IR:EqpManufact>
			<IR:EqpType>SmartROC D65</IR:EqpType>
			<IR:EqpSerNo>8992013064</IR:EqpSerNo>
			<IR:EqpSysVer>6.28.1</IR:EqpSysVer>
			<IR:EqpInfo>DrillingMethod: DTH</IR:EqpInfo>
		</IR:EquipmentInfo>
	</IR:GenHead>
	<IR:ReportId>MWDRI301012</IR:ReportId>
	<IR:StartLogTime>2024-12-30T10:06:44</IR:StartLogTime>
	<IR:EndLogTime>2024-12-30T10:10:42</IR:EndLogTime>
	<IR:PlanIdRef>TRN09_24_0486_015_All</IR:PlanIdRef>
	<IR:PlanNameRef>TRN09_24_0486_015_All</IR:PlanNameRef>
	<MWDholeId>X24</MWDholeId>
	<QualityReportIdRef>DQRI291907</QualityReportIdRef>
	<SampleDistance>0.100</SampleDistance>
	<CompactMWDdata>
		<MWDparams>
			<Parameter Unit="m/min" Full="PenetrRate">PR</Parameter>
			<Parameter Unit="Bar" Full="PercPressure">PP</Parameter>
			<Parameter Unit="Bar" Full="FeedPressure">FP</Parameter>
			<Parameter Unit="Bar" Full="DampPressure">DP</Parameter>
			<Parameter Unit="Bar" Full="RotPressure">RP</Parameter>
			<Parameter Unit="Bar" Full="FlushPressure">FLP</Parameter>
		</MWDparams>
		<Samples TimeTag="2024-12-30T10:06:44" DepthTag="0.105">0.599 15.851 36.405 0.000 20.671 15.851 </Samples>
		<Samples TimeTag="2024-12-30T10:06:48" DepthTag="0.211">1.523 17.993 36.192 0.000 25.702 17.993 </Samples>
		<Samples TimeTag="2024-12-30T10:06:51" DepthTag="0.318">2.278 18.987 40.828 0.000 24.196 18.987 </Samples>
		<Samples TimeTag="2024-12-30T10:06:57" DepthTag="0.420">1.020 18.635 41.524 0.000 22.620 18.635 </Samples>
		<Samples TimeTag="2024-12-30T10:07:22" DepthTag="0.526">0.506 7.910 50.860 0.000 27.204 7.910 </Samples>
		<Samples TimeTag="2024-12-30T10:07:29" DepthTag="0.630">0.892 18.176 40.827 0.000 24.112 18.176 </Samples>
		<Samples TimeTag="2024-12-30T10:07:36" DepthTag="0.731">0.922 17.825 40.231 0.000 25.774 17.825 </Samples>
		<Samples TimeTag="2024-12-30T10:07:41" DepthTag="0.832">1.085 18.727 39.660 0.000 28.668 18.727 </Samples>
		<Samples TimeTag="2024-12-30T10:07:49" DepthTag="0.939">0.800 18.238 36.691 0.000 31.794 18.238 </Samples>
		<Samples TimeTag="2024-12-30T10:08:12" DepthTag="1.065">1.345 5.080 20.113 0.000 18.706 5.080 </Samples>
		<Samples TimeTag="2024-12-30T10:08:16" DepthTag="1.166">1.680 16.034 46.289 0.000 20.359 16.034 </Samples>
		<Samples TimeTag="2024-12-30T10:08:19" DepthTag="1.274">2.310 19.079 38.668 0.000 20.389 19.079 </Samples>
		<Samples TimeTag="2024-12-30T10:08:22" DepthTag="1.377">1.971 18.238 41.045 0.000 39.815 18.238 </Samples>
		<Samples TimeTag="2024-12-30T10:08:25" DepthTag="1.482">2.244 17.335 39.621 0.000 36.217 17.335 </Samples>
		<Samples TimeTag="2024-12-30T10:08:27" DepthTag="1.584">2.550 18.345 40.114 0.000 36.353 18.345 </Samples>
		<Samples TimeTag="2024-12-30T10:08:29" DepthTag="1.700">3.759 17.228 34.263 0.000 29.067 17.228 </Samples>
		<Samples TimeTag="2024-12-30T10:08:30" DepthTag="1.817">5.160 17.258 29.189 0.000 25.701 17.258 </Samples>
		<Samples TimeTag="2024-12-30T10:08:31" DepthTag="1.946">7.423 17.763 24.080 0.000 20.230 17.763 </Samples>
		<Samples TimeTag="2024-12-30T10:08:33" DepthTag="2.050">4.581 18.421 42.074 0.000 31.422 18.421 </Samples>
		<Samples TimeTag="2024-12-30T10:08:34" DepthTag="2.154">4.343 17.656 37.218 0.000 29.970 17.656 </Samples>
		<Samples TimeTag="2024-12-30T10:08:35" DepthTag="2.281">6.323 17.488 30.343 0.000 21.449 17.488 </Samples>
		<Samples TimeTag="2024-12-30T10:08:37" DepthTag="2.389">5.383 18.391 40.341 0.000 26.571 18.391 </Samples>
		<Samples TimeTag="2024-12-30T10:08:38" DepthTag="2.494">3.564 17.610 43.769 0.000 35.179 17.610 </Samples>
		<Samples TimeTag="2024-12-30T10:08:40" DepthTag="2.603">4.068 18.329 41.548 0.000 26.939 18.329 </Samples>
		<Samples TimeTag="2024-12-30T10:08:45" DepthTag="2.707">1.159 17.855 41.195 0.000 44.485 17.855 </Samples>
		<Samples TimeTag="2024-12-30T10:08:49" DepthTag="2.807">1.561 17.136 39.796 0.000 48.311 17.136 </Samples>
		<Samples TimeTag="2024-12-30T10:08:52" DepthTag="2.907">2.346 17.763 40.436 0.000 37.880 17.763 </Samples>
		<Samples TimeTag="2024-12-30T10:08:55" DepthTag="3.012">1.870 17.534 40.399 0.000 42.565 17.534 </Samples>
		<Samples TimeTag="2024-12-30T10:09:01" DepthTag="3.123">1.219 18.375 37.493 0.000 39.473 18.375 </Samples>
		<Samples TimeTag="2024-12-30T10:09:05" DepthTag="3.231">1.549 17.518 38.670 0.000 41.604 17.518 </Samples>
		<Samples TimeTag="2024-12-30T10:09:07" DepthTag="3.339">3.246 18.253 35.831 0.000 36.380 18.253 </Samples>
		<Samples TimeTag="2024-12-30T10:09:09" DepthTag="3.454">3.418 18.253 37.652 0.000 36.873 18.253 </Samples>
		<Samples TimeTag="2024-12-30T10:09:44" DepthTag="3.558">0.718 5.171 37.167 0.000 46.154 5.171 </Samples>
		<Samples TimeTag="2024-12-30T10:09:51" DepthTag="3.661">0.883 15.530 46.524 0.000 54.416 15.530 </Samples>
		<Samples TimeTag="2024-12-30T10:09:56" DepthTag="3.764">1.403 16.784 48.708 0.000 44.256 16.784 </Samples>
		<Samples TimeTag="2024-12-30T10:10:00" DepthTag="3.868">1.406 17.289 48.322 0.000 44.778 17.289 </Samples>
		<Samples TimeTag="2024-12-30T10:10:04" DepthTag="3.972">1.657 17.641 47.389 0.000 47.589 17.641 </Samples>
		<Samples TimeTag="2024-12-30T10:10:08" DepthTag="4.075">1.349 17.748 49.691 0.000 38.953 17.748 </Samples>
		<Samples TimeTag="2024-12-30T10:10:12" DepthTag="4.177">1.530 17.901 47.299 0.000 42.640 17.901 </Samples>
		<Samples TimeTag="2024-12-30T10:10:17" DepthTag="4.280">1.457 18.115 47.641 0.000 56.576 18.115 </Samples>
		<Samples TimeTag="2024-12-30T10:10:20" DepthTag="4.380">1.706 18.284 47.191 0.000 44.717 18.284 </Samples>
		<Samples TimeTag="2024-12-30T10:10:23" DepthTag="4.485">1.956 18.375 47.609 0.000 48.139 18.375 </Samples>
		<Samples TimeTag="2024-12-30T10:10:27" DepthTag="4.595">2.158 18.421 48.271 0.000 44.909 18.421 </Samples>
		<Samples TimeTag="2024-12-30T10:10:29" DepthTag="4.700">2.136 18.498 47.012 0.000 47.200 18.498 </Samples>
		<Samples TimeTag="2024-12-30T10:10:32" DepthTag="4.806">2.395 18.651 48.308 0.000 46.270 18.651 </Samples>
		<Samples TimeTag="2024-12-30T10:10:35" DepthTag="4.911">1.968 18.681 47.718 0.000 44.818 18.681 </Samples>
		<Samples TimeTag="2024-12-30T10:10:38" DepthTag="5.022">2.242 16.799 41.663 0.000 49.479 16.799 </Samples>
		<Samples TimeTag="2024-12-30T10:10:42" DepthTag="5.126">1.500 17.212 38.722 0.000 45.642 17.212 </Samples>
	</CompactMWDdata>
	<IR:GenTrailer>
		<IR:FileCloseDate>2024-12-30T10:12:06</IR:FileCloseDate>
		<IR:ChkSum>1684657153</IR:ChkSum>
	</IR:GenTrailer>
</DRMWD>
