<?xml version="1.0" encoding="UTF-8"?>
<!-- Generated by the RCS System Epiroc Rock Drills AB -->
<DRMWD xmlns="http://www.iredes.org/xml/DrillRig" xmlns:IR="http://www.iredes.org/xml" xmlns:xsi="http://www.w3.org/2001/XMLSchema-instance" xsi:schemaLocation="http://www.iredes.org/xml/DrillRig C:\Iredes\IR_V1.2.3\xml\DR-DrillRig_V1.2\DrillRig.xsd" IRVersion="V 1.2AC" IRDownwCompat="V 1.2AC" DRMWDDownwCompat="V 1.2AC" DRMWDVersion="V 1.2AC">
	<IR:GenHead>
		<IR:FileCreateDate>2024-12-28T12:20:17</IR:FileCreateDate>
		<IR:IRversion DownwCompat="V 1.0">V 1.2AC</IR:IRversion>
		<IR:EquipmentInfo>
			<IR:EqpManufact>Epiroc</IR:EqpManufact>
			<IR:EqpType>SmartROC D65</IR:EqpType>
			<IR:EqpSerNo>8992013064</IR:EqpSerNo>
			<IR:EqpSysVer>6.28.1</IR:EqpSysVer>
			<IR:EqpInfo>DrillingMethod: DTH</IR:EqpInfo>
		</IR:EquipmentInfo>
	</IR:GenHead>
	<IR:ReportId>MWDRI281220</IR:ReportId>
	<IR:StartLogTime>2024-12-28T12:13:52</IR:StartLogTime>
	<IR:EndLogTime>2024-12-28T12:18:57</IR:EndLogTime>
	<IR:PlanIdRef>TRN08_21_0530_001_All</IR:PlanIdRef>
	<IR:PlanNameRef>TRN08_21_0530_001_All</IR:PlanNameRef>
	<MWDholeId>D59</MWDholeId>
	<QualityReportIdRef>DQRI272324</QualityReportIdRef>
	<SampleDistance>0.100</SampleDistance>
	<CompactMWDdata>
		<MWDparams>
			<Parameter Unit="m/min" Full="PenetrRate">PR</Parameter>
			<Parameter Unit="Bar" Full="PercPressure">PP</Parameter>
			<Parameter Unit="Bar" Full="FeedPressure">FP</Parameter>
			<Parameter Unit="Bar" Full="DampPressure">DP</Parameter>
			<Parameter Unit="Bar" Full="RotPressure">RP</Parameter>
			<Parameter Unit="Bar" Full="FlushPressure">FLP</Parameter>
		</MWDparams>
		<Samples TimeTag="2024-12-28T12:13:52" DepthTag="0.101">0.401 6.227 40.676 0.000 33.802 6.227 </Samples>
		<Samples TimeTag="2024-12-28T12:13:56" DepthTag="0.204">1.397 11.766 40.351 0.000 48.330 11.766 </Samples>
		<Samples TimeTag="2024-12-28T12:14:01" DepthTag="0.304">1.270 15.346 39.795 0.000 45.476 15.346 </Samples>
		<Samples TimeTag="2024-12-28T12:14:05" DepthTag="0.406">1.437 16.050 40.345 0.000 43.838 16.050 </Samples>
		<Samples TimeTag="2024-12-28T12:14:10" DepthTag="0.507">1.261 15.820 35.644 0.000 45.225 15.820 </Samples>
		<Samples TimeTag="2024-12-28T12:14:31" DepthTag="0.610">0.629 11.536 44.923 0.000 54.316 11.536 </Samples>
		<Samples TimeTag="2024-12-28T12:14:37" DepthTag="0.714">1.192 14.443 39.516 0.000 41.465 14.443 </Samples>
		<Samples TimeTag="2024-12-28T12:14:42" DepthTag="0.814">1.048 15.667 40.630 0.000 46.633 15.667 </Samples>
		<Samples TimeTag="2024-12-28T12:14:48" DepthTag="0.917">1.021 16.172 39.331 0.000 38.980 16.172 </Samples>
		<Samples TimeTag="2024-12-28T12:15:18" DepthTag="1.018">0.606 10.618 47.221 0.000 35.797 10.618 </Samples>
		<Samples TimeTag="2024-12-28T12:15:31" DepthTag="1.123">0.470 18.880 38.334 0.000 44.194 18.880 </Samples>
		<Samples TimeTag="2024-12-28T12:15:37" DepthTag="1.226">0.965 17.947 38.492 0.000 41.000 17.947 </Samples>
		<Samples TimeTag="2024-12-28T12:15:42" DepthTag="1.327">1.327 16.906 40.613 0.000 45.252 16.906 </Samples>
		<Samples TimeTag="2024-12-28T12:15:47" DepthTag="1.431">1.193 16.493 41.511 0.000 47.041 16.493 </Samples>
		<Samples TimeTag="2024-12-28T12:16:14" DepthTag="1.548">0.759 7.742 40.283 0.000 45.020 7.742 </Samples>
		<Samples TimeTag="2024-12-28T12:16:20" DepthTag="1.651">1.033 16.815 44.792 0.000 49.891 16.815 </Samples>
		<Samples TimeTag="2024-12-28T12:16:26" DepthTag="1.753">1.057 19.140 45.575 0.000 45.146 19.140 </Samples>
		<Samples TimeTag="2024-12-28T12:16:30" DepthTag="1.855">1.467 19.844 45.350 0.000 45.507 19.844 </Samples>
		<Samples TimeTag="2024-12-28T12:16:35" DepthTag="1.955">1.412 20.196 44.753 0.000 42.779 20.196 </Samples>
		<Samples TimeTag="2024-12-28T12:16:39" DepthTag="2.056">1.545 20.273 44.869 0.000 37.767 20.273 </Samples>
		<Samples TimeTag="2024-12-28T12:16:42" DepthTag="2.158">1.768 20.441 45.173 0.000 44.449 20.441 </Samples>
		<Samples TimeTag="2024-12-28T12:16:46" DepthTag="2.262">1.554 20.395 45.254 0.000 42.428 20.395 </Samples>
		<Samples TimeTag="2024-12-28T12:16:50" DepthTag="2.366">1.658 20.640 44.929 0.000 46.311 20.640 </Samples>
		<Samples TimeTag="2024-12-28T12:16:54" DepthTag="2.466">1.441 20.808 44.236 0.000 41.696 20.808 </Samples>
		<Samples TimeTag="2024-12-28T12:16:58" DepthTag="2.569">1.602 20.716 44.813 0.000 40.312 20.716 </Samples>
		<Samples TimeTag="2024-12-28T12:17:02" DepthTag="2.673">1.558 20.777 45.461 0.000 38.381 20.777 </Samples>
		<Samples TimeTag="2024-12-28T12:17:06" DepthTag="2.775">1.335 21.267 45.264 0.000 42.914 21.267 </Samples>
		<Samples TimeTag="2024-12-28T12:17:11" DepthTag="2.876">1.458 21.344 44.739 0.000 38.842 21.344 </Samples>
		<Samples TimeTag="2024-12-28T12:17:15" DepthTag="2.977">1.364 21.527 44.546 0.000 39.364 21.527 </Samples>
		<Samples TimeTag="2024-12-28T12:17:19" DepthTag="3.082">1.489 21.512 46.661 0.000 39.857 21.512 </Samples>
		<Samples TimeTag="2024-12-28T12:17:23" DepthTag="3.185">1.472 21.619 44.604 0.000 41.305 21.619 </Samples>
		<Samples TimeTag="2024-12-28T12:17:28" DepthTag="3.285">1.440 21.741 45.663 0.000 40.108 21.741 </Samples>
		<Samples TimeTag="2024-12-28T12:17:32" DepthTag="3.387">1.271 22.017 45.201 0.000 37.507 22.017 </Samples>
		<Samples TimeTag="2024-12-28T12:17:37" DepthTag="3.488">1.376 22.430 44.486 0.000 34.548 22.430 </Samples>
		<Samples TimeTag="2024-12-28T12:17:42" DepthTag="3.590">1.269 22.843 44.382 0.000 36.369 22.843 </Samples>
		<Samples TimeTag="2024-12-28T12:17:47" DepthTag="3.695">1.208 23.424 44.464 0.000 41.604 23.424 </Samples>
		<Samples TimeTag="2024-12-28T12:17:52" DepthTag="3.795">1.174 23.486 45.747 0.000 40.390 23.486 </Samples>
		<Samples TimeTag="2024-12-28T12:17:57" DepthTag="3.899">1.341 23.363 44.953 0.000 37.703 23.363 </Samples>
		<Samples TimeTag="2024-12-28T12:18:01" DepthTag="4.002">1.404 23.164 45.827 0.000 37.906 23.164 </Samples>
		<Samples TimeTag="2024-12-28T12:18:05" DepthTag="4.104">1.463 23.180 44.856 0.000 37.733 23.180 </Samples>
		<Samples TimeTag="2024-12-28T12:18:09" DepthTag="4.205">1.509 23.256 44.483 0.000 35.470 23.256 </Samples>
		<Samples TimeTag="2024-12-28T12:18:14" DepthTag="4.306">1.368 24.174 45.459 0.000 48.617 24.174 </Samples>
		<Samples TimeTag="2024-12-28T12:18:20" DepthTag="4.411">1.026 25.230 44.798 0.000 44.087 25.230 </Samples>
		<Samples TimeTag="2024-12-28T12:18:26" DepthTag="4.513">1.054 26.194 44.335 0.000 41.592 26.194 </Samples>
		<Samples TimeTag="2024-12-28T12:18:31" DepthTag="4.614">1.210 26.959 44.896 0.000 44.492 26.959 </Samples>
		<Samples TimeTag="2024-12-28T12:18:39" DepthTag="4.715">0.702 15.086 43.729 0.000 51.948 15.086 </Samples>
		<Samples TimeTag="2024-12-28T12:18:46" DepthTag="4.818">0.941 18.222 39.967 0.000 45.646 18.222 </Samples>
		<Samples TimeTag="2024-12-28T12:18:57" DepthTag="4.919">0.519 11.873 0.000 0.000 24.291 11.873 </Samples>
	</CompactMWDdata>
	<IR:GenTrailer>
		<IR:FileCloseDate>2024-12-28T12:20:17</IR:FileCloseDate>
		<IR:ChkSum>0174726382</IR:ChkSum>
	</IR:GenTrailer>
</DRMWD>
