<?xml version="1.0" encoding="UTF-8"?>
<!-- Generated by the RCS System Epiroc Rock Drills AB -->
<DRMWD xmlns="http://www.iredes.org/xml/DrillRig" xmlns:IR="http://www.iredes.org/xml" xmlns:xsi="http://www.w3.org/2001/XMLSchema-instance" xsi:schemaLocation="http://www.iredes.org/xml/DrillRig C:\Iredes\IR_V1.2.3\xml\DR-DrillRig_V1.2\DrillRig.xsd" IRVersion="V 1.2AC" IRDownwCompat="V 1.2AC" DRMWDDownwCompat="V 1.2AC" DRMWDVersion="V 1.2AC">
	<IR:GenHead>
		<IR:FileCreateDate>2024-12-30T09:23:20</IR:FileCreateDate>
		<IR:IRversion DownwCompat="V 1.0">V 1.2AC</IR:IRversion>
		<IR:EquipmentInfo>
			<IR:EqpManufact>Epiroc</IR:EqpManufact>
			<IR:EqpType>SmartROC D65</IR:EqpType>
			<IR:EqpSerNo>8992013064</IR:EqpSerNo>
			<IR:EqpSysVer>6.28.1</IR:EqpSysVer>
			<IR:EqpInfo>DrillingMethod: DTH</IR:EqpInfo>
		</IR:EquipmentInfo>
	</IR:GenHead>
	<IR:ReportId>MWDRI300923</IR:ReportId>
	<IR:StartLogTime>2024-12-30T09:18:50</IR:StartLogTime>
	<IR:EndLogTime>2024-12-30T09:22:35</IR:EndLogTime>
	<IR:PlanIdRef>TRN09_24_0486_015_All</IR:PlanIdRef>
	<IR:PlanNameRef>TRN09_24_0486_015_All</IR:PlanNameRef>
	<MWDholeId>Y32</MWDholeId>
	<QualityReportIdRef>DQRI291907</QualityReportIdRef>
	<SampleDistance>0.100</SampleDistance>
	<CompactMWDdata>
		<MWDparams>
			<Parameter Unit="m/min" Full="PenetrRate">PR</Parameter>
			<Parameter Unit="Bar" Full="PercPressure">PP</Parameter>
			<Parameter Unit="Bar" Full="FeedPressure">FP</Parameter>
			<Parameter Unit="Bar" Full="DampPressure">DP</Parameter>
			<Parameter Unit="Bar" Full="RotPressure">RP</Parameter>
			<Parameter Unit="Bar" Full="FlushPressure">FLP</Parameter>
		</MWDparams>
		<Samples TimeTag="2024-12-30T09:18:50" DepthTag="0.102">0.482 19.064 39.537 0.000 31.356 19.064 </Samples>
		<Samples TimeTag="2024-12-30T09:18:53" DepthTag="0.214">2.890 16.906 26.008 0.000 24.424 16.906 </Samples>
		<Samples TimeTag="2024-12-30T09:18:54" DepthTag="0.320">4.391 17.105 39.730 0.000 33.635 17.105 </Samples>
		<Samples TimeTag="2024-12-30T09:18:57" DepthTag="0.429">2.199 17.151 38.390 0.000 31.678 17.151 </Samples>
		<Samples TimeTag="2024-12-30T09:18:59" DepthTag="0.530">3.813 17.182 38.022 0.000 29.922 17.182 </Samples>
		<Samples TimeTag="2024-12-30T09:19:19" DepthTag="0.631">0.837 11.230 45.052 0.000 39.755 11.230 </Samples>
		<Samples TimeTag="2024-12-30T09:19:23" DepthTag="0.735">1.647 14.198 41.198 0.000 45.988 14.198 </Samples>
		<Samples TimeTag="2024-12-30T09:19:26" DepthTag="0.839">1.945 14.963 39.578 0.000 54.529 14.963 </Samples>
		<Samples TimeTag="2024-12-30T09:19:29" DepthTag="0.944">2.465 15.300 38.895 0.000 40.103 15.300 </Samples>
		<Samples TimeTag="2024-12-30T09:19:52" DepthTag="1.069">1.396 4.712 21.496 0.000 25.477 4.712 </Samples>
		<Samples TimeTag="2024-12-30T09:19:53" DepthTag="1.175">6.090 6.457 36.215 0.000 30.428 6.457 </Samples>
		<Samples TimeTag="2024-12-30T09:19:56" DepthTag="1.278">2.082 14.749 43.213 0.000 33.280 14.749 </Samples>
		<Samples TimeTag="2024-12-30T09:19:58" DepthTag="1.387">4.550 16.493 37.481 0.000 27.244 16.493 </Samples>
		<Samples TimeTag="2024-12-30T09:20:00" DepthTag="1.495">3.222 18.100 39.721 0.000 30.785 18.100 </Samples>
		<Samples TimeTag="2024-12-30T09:20:01" DepthTag="1.603">3.670 18.804 39.975 0.000 27.032 18.804 </Samples>
		<Samples TimeTag="2024-12-30T09:20:04" DepthTag="1.705">2.548 17.870 41.315 0.000 35.593 17.870 </Samples>
		<Samples TimeTag="2024-12-30T09:20:07" DepthTag="1.807">1.812 17.427 41.276 0.000 34.505 17.427 </Samples>
		<Samples TimeTag="2024-12-30T09:20:10" DepthTag="1.909">2.178 18.865 37.449 0.000 26.112 18.865 </Samples>
		<Samples TimeTag="2024-12-30T09:20:13" DepthTag="2.015">2.394 18.452 39.909 0.000 29.769 18.452 </Samples>
		<Samples TimeTag="2024-12-30T09:20:14" DepthTag="2.116">3.805 17.886 35.495 0.000 26.570 17.886 </Samples>
		<Samples TimeTag="2024-12-30T09:20:16" DepthTag="2.222">3.598 18.559 36.602 0.000 27.310 18.559 </Samples>
		<Samples TimeTag="2024-12-30T09:20:17" DepthTag="2.325">5.900 18.651 33.456 0.000 24.235 18.651 </Samples>
		<Samples TimeTag="2024-12-30T09:20:19" DepthTag="2.430">2.926 17.932 42.906 0.000 34.566 17.932 </Samples>
		<Samples TimeTag="2024-12-30T09:20:22" DepthTag="2.533">2.083 17.809 43.278 0.000 36.732 17.809 </Samples>
		<Samples TimeTag="2024-12-30T09:20:25" DepthTag="2.636">1.918 18.054 38.608 0.000 40.821 18.054 </Samples>
		<Samples TimeTag="2024-12-30T09:20:28" DepthTag="2.738">2.565 17.595 40.196 0.000 35.768 17.595 </Samples>
		<Samples TimeTag="2024-12-30T09:20:30" DepthTag="2.841">3.348 18.482 38.330 0.000 33.368 18.482 </Samples>
		<Samples TimeTag="2024-12-30T09:20:31" DepthTag="2.944">3.840 17.442 39.548 0.000 32.419 17.442 </Samples>
		<Samples TimeTag="2024-12-30T09:20:33" DepthTag="3.059">3.448 17.947 37.638 0.000 33.715 17.947 </Samples>
		<Samples TimeTag="2024-12-30T09:20:35" DepthTag="3.172">4.935 18.574 32.821 0.000 31.298 18.574 </Samples>
		<Samples TimeTag="2024-12-30T09:20:36" DepthTag="3.283">6.948 17.947 34.332 0.000 27.048 17.947 </Samples>
		<Samples TimeTag="2024-12-30T09:20:38" DepthTag="3.386">2.337 17.656 44.745 0.000 44.206 17.656 </Samples>
		<Samples TimeTag="2024-12-30T09:20:42" DepthTag="3.487">1.454 17.105 41.707 0.000 47.865 17.105 </Samples>
		<Samples TimeTag="2024-12-30T09:21:22" DepthTag="3.588">0.458 5.080 36.940 0.000 40.578 5.080 </Samples>
		<Samples TimeTag="2024-12-30T09:21:29" DepthTag="3.690">0.930 15.315 47.413 0.000 51.748 15.315 </Samples>
		<Samples TimeTag="2024-12-30T09:21:34" DepthTag="3.796">1.255 16.799 47.637 0.000 51.310 16.799 </Samples>
		<Samples TimeTag="2024-12-30T09:21:38" DepthTag="3.897">1.454 17.457 47.859 0.000 45.894 17.457 </Samples>
		<Samples TimeTag="2024-12-30T09:21:43" DepthTag="3.998">1.262 17.733 48.153 0.000 44.994 17.733 </Samples>
		<Samples TimeTag="2024-12-30T09:21:47" DepthTag="4.099">1.321 17.840 49.282 0.000 47.669 17.840 </Samples>
		<Samples TimeTag="2024-12-30T09:21:52" DepthTag="4.201">1.393 17.932 47.357 0.000 45.019 17.932 </Samples>
		<Samples TimeTag="2024-12-30T09:21:55" DepthTag="4.306">1.751 18.238 44.565 0.000 52.912 18.238 </Samples>
		<Samples TimeTag="2024-12-30T09:21:58" DepthTag="4.412">1.977 17.962 40.498 0.000 45.850 17.962 </Samples>
		<Samples TimeTag="2024-12-30T09:22:35" DepthTag="4.517">1.173 4.085 14.841 0.000 32.614 4.085 </Samples>
	</CompactMWDdata>
	<IR:GenTrailer>
		<IR:FileCloseDate>2024-12-30T09:23:20</IR:FileCloseDate>
		<IR:ChkSum>3851497752</IR:ChkSum>
	</IR:GenTrailer>
</DRMWD>
