<?xml version="1.0" encoding="UTF-8"?>
<!-- Generated by the RCS System Epiroc Rock Drills AB -->
<DRMWD xmlns="http://www.iredes.org/xml/DrillRig" xmlns:IR="http://www.iredes.org/xml" xmlns:xsi="http://www.w3.org/2001/XMLSchema-instance" xsi:schemaLocation="http://www.iredes.org/xml/DrillRig C:\Iredes\IR_V1.2.3\xml\DR-DrillRig_V1.2\DrillRig.xsd" IRVersion="V 1.2AC" IRDownwCompat="V 1.2AC" DRMWDDownwCompat="V 1.2AC" DRMWDVersion="V 1.2AC">
	<IR:GenHead>
		<IR:FileCreateDate>2024-12-30T03:31:13</IR:FileCreateDate>
		<IR:IRversion DownwCompat="V 1.0">V 1.2AC</IR:IRversion>
		<IR:EquipmentInfo>
			<IR:EqpManufact>Epiroc</IR:EqpManufact>
			<IR:EqpType>SmartROC D65</IR:EqpType>
			<IR:EqpSerNo>8992013064</IR:EqpSerNo>
			<IR:EqpSysVer>6.28.1</IR:EqpSysVer>
			<IR:EqpInfo>DrillingMethod: DTH</IR:EqpInfo>
		</IR:EquipmentInfo>
	</IR:GenHead>
	<IR:ReportId>MWDRI300331</IR:ReportId>
	<IR:StartLogTime>2024-12-30T03:26:14</IR:StartLogTime>
	<IR:EndLogTime>2024-12-30T03:29:48</IR:EndLogTime>
	<IR:PlanIdRef>TRN09_24_0486_015_All</IR:PlanIdRef>
	<IR:PlanNameRef>TRN09_24_0486_015_All</IR:PlanNameRef>
	<MWDholeId>Y44</MWDholeId>
	<QualityReportIdRef>DQRI291907</QualityReportIdRef>
	<SampleDistance>0.100</SampleDistance>
	<CompactMWDdata>
		<MWDparams>
			<Parameter Unit="m/min" Full="PenetrRate">PR</Parameter>
			<Parameter Unit="Bar" Full="PercPressure">PP</Parameter>
			<Parameter Unit="Bar" Full="FeedPressure">FP</Parameter>
			<Parameter Unit="Bar" Full="DampPressure">DP</Parameter>
			<Parameter Unit="Bar" Full="RotPressure">RP</Parameter>
			<Parameter Unit="Bar" Full="FlushPressure">FLP</Parameter>
		</MWDparams>
		<Samples TimeTag="2024-12-30T03:26:14" DepthTag="0.102">0.544 12.301 38.758 0.000 21.455 12.301 </Samples>
		<Samples TimeTag="2024-12-30T03:26:19" DepthTag="0.204">1.091 14.933 40.366 0.000 28.851 14.933 </Samples>
		<Samples TimeTag="2024-12-30T03:26:23" DepthTag="0.308">1.795 15.086 40.188 0.000 35.316 15.086 </Samples>
		<Samples TimeTag="2024-12-30T03:26:29" DepthTag="0.408">1.013 17.059 40.799 0.000 35.720 17.059 </Samples>
		<Samples TimeTag="2024-12-30T03:26:38" DepthTag="0.508">0.637 7.451 0.001 0.000 18.896 7.451 </Samples>
		<Samples TimeTag="2024-12-30T03:27:00" DepthTag="0.610">0.656 16.677 41.470 0.000 32.155 16.677 </Samples>
		<Samples TimeTag="2024-12-30T03:27:06" DepthTag="0.715">1.207 18.345 40.179 0.000 32.477 18.345 </Samples>
		<Samples TimeTag="2024-12-30T03:27:11" DepthTag="0.817">1.102 18.590 40.433 0.000 30.436 18.590 </Samples>
		<Samples TimeTag="2024-12-30T03:27:17" DepthTag="0.921">1.151 18.222 39.243 0.000 33.251 18.222 </Samples>
		<Samples TimeTag="2024-12-30T03:27:45" DepthTag="1.049">0.708 4.850 21.145 0.000 21.166 4.850 </Samples>
		<Samples TimeTag="2024-12-30T03:27:50" DepthTag="1.154">1.568 15.606 43.773 0.000 31.939 15.606 </Samples>
		<Samples TimeTag="2024-12-30T03:27:53" DepthTag="1.259">1.597 18.666 41.266 0.000 31.596 18.666 </Samples>
		<Samples TimeTag="2024-12-30T03:27:57" DepthTag="1.359">1.882 18.528 37.367 0.000 32.434 18.528 </Samples>
		<Samples TimeTag="2024-12-30T03:27:58" DepthTag="1.479">5.969 17.518 24.843 0.000 21.605 17.518 </Samples>
		<Samples TimeTag="2024-12-30T03:27:59" DepthTag="1.585">6.141 17.320 35.429 0.000 26.417 17.320 </Samples>
		<Samples TimeTag="2024-12-30T03:28:01" DepthTag="1.699">3.409 18.804 39.783 0.000 27.981 18.804 </Samples>
		<Samples TimeTag="2024-12-30T03:28:02" DepthTag="1.802">4.532 17.457 36.857 0.000 29.466 17.457 </Samples>
		<Samples TimeTag="2024-12-30T03:28:04" DepthTag="1.916">4.740 18.161 37.103 0.000 26.499 18.161 </Samples>
		<Samples TimeTag="2024-12-30T03:28:06" DepthTag="2.018">2.816 18.498 45.090 0.000 28.208 18.498 </Samples>
		<Samples TimeTag="2024-12-30T03:28:08" DepthTag="2.124">2.841 18.727 38.310 0.000 32.014 18.727 </Samples>
		<Samples TimeTag="2024-12-30T03:28:09" DepthTag="2.236">5.600 18.069 30.137 0.000 27.485 18.069 </Samples>
		<Samples TimeTag="2024-12-30T03:28:10" DepthTag="2.343">6.663 17.212 31.805 0.000 27.382 17.212 </Samples>
		<Samples TimeTag="2024-12-30T03:28:11" DepthTag="2.446">5.149 17.794 39.529 0.000 33.233 17.794 </Samples>
		<Samples TimeTag="2024-12-30T03:28:14" DepthTag="2.551">3.129 18.375 45.419 0.000 44.244 18.375 </Samples>
		<Samples TimeTag="2024-12-30T03:28:16" DepthTag="2.656">2.620 17.457 42.092 0.000 44.128 17.457 </Samples>
		<Samples TimeTag="2024-12-30T03:28:18" DepthTag="2.758">2.807 18.238 41.483 0.000 37.510 18.238 </Samples>
		<Samples TimeTag="2024-12-30T03:28:20" DepthTag="2.867">2.928 17.090 40.185 0.000 38.951 17.090 </Samples>
		<Samples TimeTag="2024-12-30T03:28:23" DepthTag="2.970">2.411 17.733 40.122 0.000 39.745 17.733 </Samples>
		<Samples TimeTag="2024-12-30T03:28:26" DepthTag="3.072">2.178 18.467 42.860 0.000 42.166 18.467 </Samples>
		<Samples TimeTag="2024-12-30T03:28:28" DepthTag="3.176">2.421 17.335 38.274 0.000 40.291 17.335 </Samples>
		<Samples TimeTag="2024-12-30T03:28:31" DepthTag="3.281">2.635 18.207 41.175 0.000 40.565 18.207 </Samples>
		<Samples TimeTag="2024-12-30T03:28:34" DepthTag="3.383">2.008 17.182 41.827 0.000 46.509 17.182 </Samples>
		<Samples TimeTag="2024-12-30T03:28:37" DepthTag="3.484">1.793 18.222 38.690 0.000 41.369 18.222 </Samples>
		<Samples TimeTag="2024-12-30T03:29:11" DepthTag="3.589">1.045 6.472 40.115 0.000 43.272 6.472 </Samples>
		<Samples TimeTag="2024-12-30T03:29:14" DepthTag="3.693">1.666 13.847 46.771 0.000 44.006 13.847 </Samples>
		<Samples TimeTag="2024-12-30T03:29:18" DepthTag="3.797">2.035 15.881 47.513 0.000 44.660 15.881 </Samples>
		<Samples TimeTag="2024-12-30T03:29:21" DepthTag="3.901">1.948 16.906 47.682 0.000 46.584 16.906 </Samples>
		<Samples TimeTag="2024-12-30T03:29:24" DepthTag="4.001">2.025 17.488 46.841 0.000 40.393 17.488 </Samples>
		<Samples TimeTag="2024-12-30T03:29:27" DepthTag="4.107">1.984 18.085 48.471 0.000 46.575 18.085 </Samples>
		<Samples TimeTag="2024-12-30T03:29:31" DepthTag="4.218">1.841 18.437 47.219 0.000 45.429 18.437 </Samples>
		<Samples TimeTag="2024-12-30T03:29:33" DepthTag="4.318">2.347 18.559 47.117 0.000 42.352 18.559 </Samples>
		<Samples TimeTag="2024-12-30T03:29:36" DepthTag="4.420">2.169 18.590 48.958 0.000 44.155 18.590 </Samples>
		<Samples TimeTag="2024-12-30T03:29:39" DepthTag="4.523">2.193 18.758 49.801 0.000 44.881 18.758 </Samples>
		<Samples TimeTag="2024-12-30T03:29:43" DepthTag="4.623">1.367 18.054 44.761 0.000 41.812 18.054 </Samples>
		<Samples TimeTag="2024-12-30T03:29:48" DepthTag="4.727">1.364 18.437 40.346 0.000 51.051 18.437 </Samples>
	</CompactMWDdata>
	<IR:GenTrailer>
		<IR:FileCloseDate>2024-12-30T03:31:13</IR:FileCloseDate>
		<IR:ChkSum>2014551321</IR:ChkSum>
	</IR:GenTrailer>
</DRMWD>
