<?xml version="1.0" encoding="UTF-8"?>
<!-- Generated by the RCS System Epiroc Rock Drills AB -->
<DRMWD xmlns="http://www.iredes.org/xml/DrillRig" xmlns:IR="http://www.iredes.org/xml" xmlns:xsi="http://www.w3.org/2001/XMLSchema-instance" xsi:schemaLocation="http://www.iredes.org/xml/DrillRig C:\Iredes\IR_V1.2.3\xml\DR-DrillRig_V1.2\DrillRig.xsd" IRVersion="V 1.2AC" IRDownwCompat="V 1.2AC" DRMWDDownwCompat="V 1.2AC" DRMWDVersion="V 1.2AC">
	<IR:GenHead>
		<IR:FileCreateDate>2024-12-29T03:54:39</IR:FileCreateDate>
		<IR:IRversion DownwCompat="V 1.0">V 1.2AC</IR:IRversion>
		<IR:EquipmentInfo>
			<IR:EqpManufact>Epiroc</IR:EqpManufact>
			<IR:EqpType>SmartROC D65</IR:EqpType>
			<IR:EqpSerNo>8992013064</IR:EqpSerNo>
			<IR:EqpSysVer>6.28.1</IR:EqpSysVer>
			<IR:EqpInfo>DrillingMethod: DTH</IR:EqpInfo>
		</IR:EquipmentInfo>
	</IR:GenHead>
	<IR:ReportId>MWDRI290354</IR:ReportId>
	<IR:StartLogTime>2024-12-29T03:47:36</IR:StartLogTime>
	<IR:EndLogTime>2024-12-29T03:53:08</IR:EndLogTime>
	<IR:PlanIdRef>TRN08_21_0530_001_All</IR:PlanIdRef>
	<IR:PlanNameRef>TRN08_21_0530_001_All</IR:PlanNameRef>
	<MWDholeId>P38</MWDholeId>
	<QualityReportIdRef>DQRI272324</QualityReportIdRef>
	<SampleDistance>0.100</SampleDistance>
	<CompactMWDdata>
		<MWDparams>
			<Parameter Unit="m/min" Full="PenetrRate">PR</Parameter>
			<Parameter Unit="Bar" Full="PercPressure">PP</Parameter>
			<Parameter Unit="Bar" Full="FeedPressure">FP</Parameter>
			<Parameter Unit="Bar" Full="DampPressure">DP</Parameter>
			<Parameter Unit="Bar" Full="RotPressure">RP</Parameter>
			<Parameter Unit="Bar" Full="FlushPressure">FLP</Parameter>
		</MWDparams>
		<Samples TimeTag="2024-12-29T03:47:36" DepthTag="0.100">0.713 14.581 41.952 0.000 20.972 14.581 </Samples>
		<Samples TimeTag="2024-12-29T03:47:39" DepthTag="0.204">1.933 14.627 39.266 0.000 42.299 14.627 </Samples>
		<Samples TimeTag="2024-12-29T03:47:43" DepthTag="0.304">1.502 15.040 41.488 0.000 46.258 15.040 </Samples>
		<Samples TimeTag="2024-12-29T03:47:47" DepthTag="0.405">1.514 14.994 38.199 0.000 42.828 14.994 </Samples>
		<Samples TimeTag="2024-12-29T03:47:51" DepthTag="0.508">1.756 14.948 41.058 0.000 47.939 14.948 </Samples>
		<Samples TimeTag="2024-12-29T03:48:12" DepthTag="0.612">0.787 8.996 46.601 0.000 47.721 8.996 </Samples>
		<Samples TimeTag="2024-12-29T03:48:18" DepthTag="0.712">1.070 13.326 41.801 0.000 48.301 13.326 </Samples>
		<Samples TimeTag="2024-12-29T03:48:24" DepthTag="0.812">0.977 14.780 40.472 0.000 45.106 14.780 </Samples>
		<Samples TimeTag="2024-12-29T03:48:30" DepthTag="0.915">1.071 15.132 40.004 0.000 45.309 15.132 </Samples>
		<Samples TimeTag="2024-12-29T03:48:34" DepthTag="1.021">1.496 14.933 37.219 0.000 44.362 14.933 </Samples>
		<Samples TimeTag="2024-12-29T03:49:01" DepthTag="1.122">0.688 10.144 44.653 0.000 48.069 10.144 </Samples>
		<Samples TimeTag="2024-12-29T03:49:08" DepthTag="1.224">0.938 14.015 41.075 0.000 46.753 14.015 </Samples>
		<Samples TimeTag="2024-12-29T03:49:13" DepthTag="1.326">1.219 14.703 40.268 0.000 44.802 14.703 </Samples>
		<Samples TimeTag="2024-12-29T03:49:17" DepthTag="1.427">1.310 14.841 39.699 0.000 46.268 14.841 </Samples>
		<Samples TimeTag="2024-12-29T03:49:21" DepthTag="1.529">1.699 13.892 31.704 0.000 45.955 13.892 </Samples>
		<Samples TimeTag="2024-12-29T03:49:46" DepthTag="1.630">0.943 10.144 42.977 0.000 55.877 10.144 </Samples>
		<Samples TimeTag="2024-12-29T03:49:50" DepthTag="1.736">1.756 14.458 45.419 0.000 50.189 14.458 </Samples>
		<Samples TimeTag="2024-12-29T03:49:54" DepthTag="1.838">1.526 15.881 44.706 0.000 45.031 15.881 </Samples>
		<Samples TimeTag="2024-12-29T03:49:57" DepthTag="1.941">1.847 16.616 45.461 0.000 47.932 16.616 </Samples>
		<Samples TimeTag="2024-12-29T03:50:01" DepthTag="2.042">1.609 17.075 44.596 0.000 46.616 17.075 </Samples>
		<Samples TimeTag="2024-12-29T03:50:05" DepthTag="2.146">1.612 17.534 44.621 0.000 50.888 17.534 </Samples>
		<Samples TimeTag="2024-12-29T03:50:08" DepthTag="2.249">1.724 17.626 44.388 0.000 48.063 17.626 </Samples>
		<Samples TimeTag="2024-12-29T03:50:11" DepthTag="2.350">1.875 17.794 44.734 0.000 46.718 17.794 </Samples>
		<Samples TimeTag="2024-12-29T03:50:15" DepthTag="2.454">1.770 17.932 45.549 0.000 52.955 17.932 </Samples>
		<Samples TimeTag="2024-12-29T03:50:19" DepthTag="2.555">1.582 18.391 44.587 0.000 49.171 18.391 </Samples>
		<Samples TimeTag="2024-12-29T03:50:23" DepthTag="2.658">1.482 18.421 45.447 0.000 42.947 18.421 </Samples>
		<Samples TimeTag="2024-12-29T03:50:27" DepthTag="2.759">1.513 18.253 45.076 0.000 44.772 18.253 </Samples>
		<Samples TimeTag="2024-12-29T03:50:31" DepthTag="2.861">1.690 18.253 44.701 0.000 45.542 18.253 </Samples>
		<Samples TimeTag="2024-12-29T03:50:34" DepthTag="2.964">1.637 18.437 45.138 0.000 48.920 18.437 </Samples>
		<Samples TimeTag="2024-12-29T03:50:38" DepthTag="3.065">1.749 18.544 45.187 0.000 48.645 18.544 </Samples>
		<Samples TimeTag="2024-12-29T03:50:42" DepthTag="3.168">1.638 18.804 45.332 0.000 50.395 18.804 </Samples>
		<Samples TimeTag="2024-12-29T03:50:47" DepthTag="3.272">1.265 19.936 45.697 0.000 52.969 19.936 </Samples>
		<Samples TimeTag="2024-12-29T03:50:52" DepthTag="3.374">1.118 20.732 45.411 0.000 47.999 20.732 </Samples>
		<Samples TimeTag="2024-12-29T03:50:56" DepthTag="3.482">1.462 20.548 44.263 0.000 41.131 20.548 </Samples>
		<Samples TimeTag="2024-12-29T03:51:01" DepthTag="3.582">1.398 21.604 45.730 0.000 47.700 21.604 </Samples>
		<Samples TimeTag="2024-12-29T03:51:06" DepthTag="3.685">1.212 22.399 45.317 0.000 47.570 22.399 </Samples>
		<Samples TimeTag="2024-12-29T03:51:11" DepthTag="3.787">1.143 23.195 45.371 0.000 48.348 23.195 </Samples>
		<Samples TimeTag="2024-12-29T03:51:17" DepthTag="3.891">1.116 24.082 44.614 0.000 42.065 24.082 </Samples>
		<Samples TimeTag="2024-12-29T03:51:22" DepthTag="3.995">1.255 24.419 45.351 0.000 44.424 24.419 </Samples>
		<Samples TimeTag="2024-12-29T03:51:29" DepthTag="4.096">0.820 25.842 45.621 0.000 52.472 25.842 </Samples>
		<Samples TimeTag="2024-12-29T03:51:35" DepthTag="4.198">1.083 25.643 44.160 0.000 47.443 25.643 </Samples>
		<Samples TimeTag="2024-12-29T03:51:45" DepthTag="4.298">0.599 15.285 45.449 0.000 55.722 15.285 </Samples>
		<Samples TimeTag="2024-12-29T03:51:59" DepthTag="4.401">0.428 24.908 44.033 0.000 40.693 24.908 </Samples>
		<Samples TimeTag="2024-12-29T03:52:17" DepthTag="4.501">0.595 19.018 42.951 0.000 42.036 19.018 </Samples>
		<Samples TimeTag="2024-12-29T03:52:49" DepthTag="4.602">0.344 15.193 40.350 0.000 51.691 15.193 </Samples>
		<Samples TimeTag="2024-12-29T03:52:53" DepthTag="4.704">1.338 17.274 43.425 0.000 50.236 17.274 </Samples>
		<Samples TimeTag="2024-12-29T03:52:58" DepthTag="4.807">1.394 18.819 44.514 0.000 51.508 18.819 </Samples>
		<Samples TimeTag="2024-12-29T03:53:03" DepthTag="4.909">1.275 20.150 41.134 0.000 48.324 20.150 </Samples>
		<Samples TimeTag="2024-12-29T03:53:08" DepthTag="5.011">1.175 21.787 40.997 0.000 50.013 21.787 </Samples>
	</CompactMWDdata>
	<IR:GenTrailer>
		<IR:FileCloseDate>2024-12-29T03:54:39</IR:FileCloseDate>
		<IR:ChkSum>2331031733</IR:ChkSum>
	</IR:GenTrailer>
</DRMWD>
