<?xml version="1.0" encoding="UTF-8"?>
<!-- Generated by the RCS System Epiroc Rock Drills AB -->
<DRMWD xmlns="http://www.iredes.org/xml/DrillRig" xmlns:IR="http://www.iredes.org/xml" xmlns:xsi="http://www.w3.org/2001/XMLSchema-instance" xsi:schemaLocation="http://www.iredes.org/xml/DrillRig C:\Iredes\IR_V1.2.3\xml\DR-DrillRig_V1.2\DrillRig.xsd" IRVersion="V 1.2AC" IRDownwCompat="V 1.2AC" DRMWDDownwCompat="V 1.2AC" DRMWDVersion="V 1.2AC">
	<IR:GenHead>
		<IR:FileCreateDate>2024-12-29T13:31:07</IR:FileCreateDate>
		<IR:IRversion DownwCompat="V 1.0">V 1.2AC</IR:IRversion>
		<IR:EquipmentInfo>
			<IR:EqpManufact>Epiroc</IR:EqpManufact>
			<IR:EqpType>SmartROC D65</IR:EqpType>
			<IR:EqpSerNo>8992013064</IR:EqpSerNo>
			<IR:EqpSysVer>6.28.1</IR:EqpSysVer>
			<IR:EqpInfo>DrillingMethod: DTH</IR:EqpInfo>
		</IR:EquipmentInfo>
	</IR:GenHead>
	<IR:ReportId>MWDRI291331</IR:ReportId>
	<IR:StartLogTime>2024-12-29T13:23:54</IR:StartLogTime>
	<IR:EndLogTime>2024-12-29T13:29:30</IR:EndLogTime>
	<IR:PlanIdRef>TRN08_21_0530_001_All</IR:PlanIdRef>
	<IR:PlanNameRef>TRN08_21_0530_001_All</IR:PlanNameRef>
	<MWDholeId>N35</MWDholeId>
	<QualityReportIdRef>DQRI272324</QualityReportIdRef>
	<SampleDistance>0.100</SampleDistance>
	<CompactMWDdata>
		<MWDparams>
			<Parameter Unit="m/min" Full="PenetrRate">PR</Parameter>
			<Parameter Unit="Bar" Full="PercPressure">PP</Parameter>
			<Parameter Unit="Bar" Full="FeedPressure">FP</Parameter>
			<Parameter Unit="Bar" Full="DampPressure">DP</Parameter>
			<Parameter Unit="Bar" Full="RotPressure">RP</Parameter>
			<Parameter Unit="Bar" Full="FlushPressure">FLP</Parameter>
		</MWDparams>
		<Samples TimeTag="2024-12-29T13:23:54" DepthTag="0.101">0.811 11.812 47.894 0.000 20.860 11.812 </Samples>
		<Samples TimeTag="2024-12-29T13:24:03" DepthTag="0.202">0.676 16.769 38.139 0.000 45.882 16.769 </Samples>
		<Samples TimeTag="2024-12-29T13:24:06" DepthTag="0.303">2.036 16.126 37.731 0.000 47.533 16.126 </Samples>
		<Samples TimeTag="2024-12-29T13:24:09" DepthTag="0.404">1.981 15.575 40.871 0.000 53.354 15.575 </Samples>
		<Samples TimeTag="2024-12-29T13:24:12" DepthTag="0.506">1.701 15.116 39.925 0.000 50.195 15.116 </Samples>
		<Samples TimeTag="2024-12-29T13:24:32" DepthTag="0.610">0.872 7.834 47.337 0.000 52.787 7.834 </Samples>
		<Samples TimeTag="2024-12-29T13:24:36" DepthTag="0.712">1.532 11.888 42.964 0.000 64.874 11.888 </Samples>
		<Samples TimeTag="2024-12-29T13:24:41" DepthTag="0.813">1.369 13.495 40.537 0.000 50.565 13.495 </Samples>
		<Samples TimeTag="2024-12-29T13:24:45" DepthTag="0.915">1.523 14.015 39.948 0.000 48.421 14.015 </Samples>
		<Samples TimeTag="2024-12-29T13:25:11" DepthTag="1.038">0.836 4.514 30.168 0.000 32.596 4.514 </Samples>
		<Samples TimeTag="2024-12-29T13:25:19" DepthTag="1.141">0.822 13.265 41.267 0.000 49.796 13.265 </Samples>
		<Samples TimeTag="2024-12-29T13:25:25" DepthTag="1.243">0.953 14.872 39.688 0.000 50.533 14.872 </Samples>
		<Samples TimeTag="2024-12-29T13:25:29" DepthTag="1.345">1.527 14.596 39.474 0.000 45.660 14.596 </Samples>
		<Samples TimeTag="2024-12-29T13:25:33" DepthTag="1.448">1.483 14.550 39.542 0.000 45.570 14.550 </Samples>
		<Samples TimeTag="2024-12-29T13:26:03" DepthTag="1.554">0.831 5.646 36.998 0.000 41.787 5.646 </Samples>
		<Samples TimeTag="2024-12-29T13:26:08" DepthTag="1.660">1.219 14.000 42.578 0.000 51.557 14.000 </Samples>
		<Samples TimeTag="2024-12-29T13:26:12" DepthTag="1.760">1.782 15.606 40.361 0.000 49.980 15.606 </Samples>
		<Samples TimeTag="2024-12-29T13:26:15" DepthTag="1.861">1.684 16.402 40.863 0.000 56.924 16.402 </Samples>
		<Samples TimeTag="2024-12-29T13:26:19" DepthTag="1.963">1.626 16.753 40.158 0.000 46.215 16.753 </Samples>
		<Samples TimeTag="2024-12-29T13:26:22" DepthTag="2.067">2.042 17.044 40.809 0.000 49.546 17.044 </Samples>
		<Samples TimeTag="2024-12-29T13:26:25" DepthTag="2.172">1.970 17.197 39.428 0.000 50.277 17.197 </Samples>
		<Samples TimeTag="2024-12-29T13:26:28" DepthTag="2.272">2.148 17.350 39.614 0.000 49.937 17.350 </Samples>
		<Samples TimeTag="2024-12-29T13:26:32" DepthTag="2.373">1.795 17.457 41.149 0.000 48.275 17.457 </Samples>
		<Samples TimeTag="2024-12-29T13:26:36" DepthTag="2.474">1.506 17.442 40.945 0.000 45.952 17.442 </Samples>
		<Samples TimeTag="2024-12-29T13:27:03" DepthTag="2.583">0.761 5.049 27.947 0.000 28.591 5.049 </Samples>
		<Samples TimeTag="2024-12-29T13:27:08" DepthTag="2.684">1.267 13.739 42.592 0.000 48.962 13.739 </Samples>
		<Samples TimeTag="2024-12-29T13:27:11" DepthTag="2.786">1.686 15.606 40.570 0.000 50.624 15.606 </Samples>
		<Samples TimeTag="2024-12-29T13:27:15" DepthTag="2.886">1.668 16.356 40.546 0.000 49.903 16.356 </Samples>
		<Samples TimeTag="2024-12-29T13:27:18" DepthTag="2.987">1.711 16.815 40.682 0.000 48.132 16.815 </Samples>
		<Samples TimeTag="2024-12-29T13:27:22" DepthTag="3.091">1.614 17.121 40.031 0.000 50.824 17.121 </Samples>
		<Samples TimeTag="2024-12-29T13:27:25" DepthTag="3.193">2.181 17.365 39.729 0.000 53.594 17.365 </Samples>
		<Samples TimeTag="2024-12-29T13:27:28" DepthTag="3.295">2.070 17.564 39.779 0.000 56.179 17.564 </Samples>
		<Samples TimeTag="2024-12-29T13:27:31" DepthTag="3.399">1.947 17.825 40.027 0.000 51.556 17.825 </Samples>
		<Samples TimeTag="2024-12-29T13:27:35" DepthTag="3.503">1.724 17.794 40.189 0.000 48.809 17.794 </Samples>
		<Samples TimeTag="2024-12-29T13:28:03" DepthTag="3.605">0.641 9.501 48.321 0.000 52.209 9.501 </Samples>
		<Samples TimeTag="2024-12-29T13:28:08" DepthTag="3.710">1.361 14.994 42.047 0.000 51.663 14.994 </Samples>
		<Samples TimeTag="2024-12-29T13:28:12" DepthTag="3.816">1.576 16.187 39.625 0.000 51.036 16.187 </Samples>
		<Samples TimeTag="2024-12-29T13:28:16" DepthTag="3.917">1.514 16.723 39.858 0.000 50.449 16.723 </Samples>
		<Samples TimeTag="2024-12-29T13:28:19" DepthTag="4.022">1.868 17.105 39.615 0.000 49.481 17.105 </Samples>
		<Samples TimeTag="2024-12-29T13:28:23" DepthTag="4.125">1.833 17.243 40.622 0.000 50.460 17.243 </Samples>
		<Samples TimeTag="2024-12-29T13:28:26" DepthTag="4.226">1.767 17.411 39.453 0.000 49.302 17.411 </Samples>
		<Samples TimeTag="2024-12-29T13:28:30" DepthTag="4.327">1.789 17.457 38.920 0.000 52.819 17.457 </Samples>
		<Samples TimeTag="2024-12-29T13:28:33" DepthTag="4.430">1.848 17.473 39.943 0.000 49.732 17.473 </Samples>
		<Samples TimeTag="2024-12-29T13:29:14" DepthTag="4.567">0.808 4.728 20.365 0.000 21.781 4.728 </Samples>
		<Samples TimeTag="2024-12-29T13:29:18" DepthTag="4.668">1.400 12.852 45.718 0.000 55.778 12.852 </Samples>
		<Samples TimeTag="2024-12-29T13:29:22" DepthTag="4.773">1.485 15.315 45.225 0.000 55.680 15.315 </Samples>
		<Samples TimeTag="2024-12-29T13:29:26" DepthTag="4.874">1.615 15.973 40.504 0.000 56.881 15.973 </Samples>
		<Samples TimeTag="2024-12-29T13:29:30" DepthTag="4.976">1.694 16.340 40.489 0.000 70.640 16.340 </Samples>
	</CompactMWDdata>
	<IR:GenTrailer>
		<IR:FileCloseDate>2024-12-29T13:31:07</IR:FileCloseDate>
		<IR:ChkSum>2300070398</IR:ChkSum>
	</IR:GenTrailer>
</DRMWD>
