<?xml version="1.0" encoding="UTF-8"?>
<!-- Generated by the RCS System Epiroc Rock Drills AB -->
<DRMWD xmlns="http://www.iredes.org/xml/DrillRig" xmlns:IR="http://www.iredes.org/xml" xmlns:xsi="http://www.w3.org/2001/XMLSchema-instance" xsi:schemaLocation="http://www.iredes.org/xml/DrillRig C:\Iredes\IR_V1.2.3\xml\DR-DrillRig_V1.2\DrillRig.xsd" IRVersion="V 1.2AC" IRDownwCompat="V 1.2AC" DRMWDDownwCompat="V 1.2AC" DRMWDVersion="V 1.2AC">
	<IR:GenHead>
		<IR:FileCreateDate>2024-12-30T00:25:41</IR:FileCreateDate>
		<IR:IRversion DownwCompat="V 1.0">V 1.2AC</IR:IRversion>
		<IR:EquipmentInfo>
			<IR:EqpManufact>Epiroc</IR:EqpManufact>
			<IR:EqpType>SmartROC D65</IR:EqpType>
			<IR:EqpSerNo>8992013064</IR:EqpSerNo>
			<IR:EqpSysVer>6.28.1</IR:EqpSysVer>
			<IR:EqpInfo>DrillingMethod: DTH</IR:EqpInfo>
		</IR:EquipmentInfo>
	</IR:GenHead>
	<IR:ReportId>MWDRI300025</IR:ReportId>
	<IR:StartLogTime>2024-12-30T00:18:37</IR:StartLogTime>
	<IR:EndLogTime>2024-12-30T00:23:49</IR:EndLogTime>
	<IR:PlanIdRef>TRN09_24_0486_015_All</IR:PlanIdRef>
	<IR:PlanNameRef>TRN09_24_0486_015_All</IR:PlanNameRef>
	<MWDholeId>AF53</MWDholeId>
	<QualityReportIdRef>DQRI291907</QualityReportIdRef>
	<SampleDistance>0.100</SampleDistance>
	<CompactMWDdata>
		<MWDparams>
			<Parameter Unit="m/min" Full="PenetrRate">PR</Parameter>
			<Parameter Unit="Bar" Full="PercPressure">PP</Parameter>
			<Parameter Unit="Bar" Full="FeedPressure">FP</Parameter>
			<Parameter Unit="Bar" Full="DampPressure">DP</Parameter>
			<Parameter Unit="Bar" Full="RotPressure">RP</Parameter>
			<Parameter Unit="Bar" Full="FlushPressure">FLP</Parameter>
		</MWDparams>
		<Samples TimeTag="2024-12-30T00:18:37" DepthTag="0.100">0.624 13.525 44.070 0.000 20.972 13.525 </Samples>
		<Samples TimeTag="2024-12-30T00:18:43" DepthTag="0.203">1.222 17.503 35.897 0.000 25.367 17.503 </Samples>
		<Samples TimeTag="2024-12-30T00:18:44" DepthTag="0.323">5.989 17.243 25.498 0.000 25.135 17.243 </Samples>
		<Samples TimeTag="2024-12-30T00:18:45" DepthTag="0.424">6.300 17.029 24.349 0.000 20.071 17.029 </Samples>
		<Samples TimeTag="2024-12-30T00:18:46" DepthTag="0.539">6.565 16.019 22.295 0.000 20.042 16.019 </Samples>
		<Samples TimeTag="2024-12-30T00:19:03" DepthTag="0.642">1.718 3.504 17.873 0.000 14.274 3.504 </Samples>
		<Samples TimeTag="2024-12-30T00:19:04" DepthTag="0.759">7.283 4.039 19.921 0.000 17.931 4.039 </Samples>
		<Samples TimeTag="2024-12-30T00:19:05" DepthTag="0.871">6.460 6.350 36.098 0.000 27.051 6.350 </Samples>
		<Samples TimeTag="2024-12-30T00:19:07" DepthTag="0.977">3.306 9.532 42.633 0.000 31.901 9.532 </Samples>
		<Samples TimeTag="2024-12-30T00:19:30" DepthTag="1.078">1.261 4.819 18.983 0.000 16.213 4.819 </Samples>
		<Samples TimeTag="2024-12-30T00:19:31" DepthTag="1.205">7.324 6.962 21.539 0.000 21.328 6.962 </Samples>
		<Samples TimeTag="2024-12-30T00:19:32" DepthTag="1.312">3.999 10.771 42.938 0.000 30.798 10.771 </Samples>
		<Samples TimeTag="2024-12-30T00:19:34" DepthTag="1.421">4.072 13.770 39.872 0.000 29.622 13.770 </Samples>
		<Samples TimeTag="2024-12-30T00:19:35" DepthTag="1.522">5.044 14.994 38.430 0.000 28.146 14.994 </Samples>
		<Samples TimeTag="2024-12-30T00:19:37" DepthTag="1.636">4.268 16.126 40.667 0.000 37.291 16.126 </Samples>
		<Samples TimeTag="2024-12-30T00:19:39" DepthTag="1.743">2.969 16.998 44.829 0.000 42.047 16.998 </Samples>
		<Samples TimeTag="2024-12-30T00:19:41" DepthTag="1.851">2.672 17.641 41.108 0.000 40.955 17.641 </Samples>
		<Samples TimeTag="2024-12-30T00:19:44" DepthTag="1.959">2.185 18.085 41.591 0.000 40.110 18.085 </Samples>
		<Samples TimeTag="2024-12-30T00:19:47" DepthTag="2.069">2.174 17.228 40.761 0.000 41.389 17.228 </Samples>
		<Samples TimeTag="2024-12-30T00:19:52" DepthTag="2.172">1.206 17.748 38.581 0.000 43.039 17.748 </Samples>
		<Samples TimeTag="2024-12-30T00:19:57" DepthTag="2.276">1.410 18.085 42.737 0.000 41.196 18.085 </Samples>
		<Samples TimeTag="2024-12-30T00:20:04" DepthTag="2.378">0.903 18.039 38.180 0.000 45.026 18.039 </Samples>
		<Samples TimeTag="2024-12-30T00:20:11" DepthTag="2.480">0.847 17.365 40.474 0.000 34.978 17.365 </Samples>
		<Samples TimeTag="2024-12-30T00:20:22" DepthTag="2.581">0.540 18.253 39.420 0.000 39.062 18.253 </Samples>
		<Samples TimeTag="2024-12-30T00:20:28" DepthTag="2.682">0.949 17.564 39.713 0.000 35.897 17.564 </Samples>
		<Samples TimeTag="2024-12-30T00:20:38" DepthTag="2.783">0.645 18.238 39.586 0.000 36.680 18.238 </Samples>
		<Samples TimeTag="2024-12-30T00:20:43" DepthTag="2.886">1.107 17.442 39.173 0.000 41.431 17.442 </Samples>
		<Samples TimeTag="2024-12-30T00:20:49" DepthTag="2.986">1.070 17.916 40.702 0.000 34.643 17.916 </Samples>
		<Samples TimeTag="2024-12-30T00:20:58" DepthTag="3.089">0.699 18.176 40.132 0.000 35.207 18.176 </Samples>
		<Samples TimeTag="2024-12-30T00:21:12" DepthTag="3.191">0.418 17.962 40.371 0.000 32.144 17.962 </Samples>
		<Samples TimeTag="2024-12-30T00:21:25" DepthTag="3.291">0.487 18.238 38.347 0.000 33.501 18.238 </Samples>
		<Samples TimeTag="2024-12-30T00:21:34" DepthTag="3.393">0.702 17.044 40.095 0.000 37.192 17.044 </Samples>
		<Samples TimeTag="2024-12-30T00:21:42" DepthTag="3.494">0.696 17.886 39.358 0.000 36.039 17.886 </Samples>
		<Samples TimeTag="2024-12-30T00:22:29" DepthTag="3.595">0.307 15.591 47.748 0.000 38.920 15.591 </Samples>
		<Samples TimeTag="2024-12-30T00:22:39" DepthTag="3.698">0.606 17.167 47.974 0.000 36.084 17.167 </Samples>
		<Samples TimeTag="2024-12-30T00:22:48" DepthTag="3.798">0.625 17.534 48.165 0.000 40.253 17.534 </Samples>
		<Samples TimeTag="2024-12-30T00:22:58" DepthTag="3.899">0.648 17.763 47.509 0.000 38.794 17.763 </Samples>
		<Samples TimeTag="2024-12-30T00:23:07" DepthTag="4.000">0.675 17.763 48.179 0.000 39.282 17.763 </Samples>
		<Samples TimeTag="2024-12-30T00:23:17" DepthTag="4.100">0.600 17.809 48.104 0.000 41.147 17.809 </Samples>
		<Samples TimeTag="2024-12-30T00:23:26" DepthTag="4.201">0.643 17.717 48.625 0.000 37.011 17.717 </Samples>
		<Samples TimeTag="2024-12-30T00:23:37" DepthTag="4.303">0.566 17.993 39.404 0.000 35.641 17.993 </Samples>
		<Samples TimeTag="2024-12-30T00:23:49" DepthTag="4.403">0.521 18.069 39.230 0.000 33.207 18.069 </Samples>
	</CompactMWDdata>
	<IR:GenTrailer>
		<IR:FileCloseDate>2024-12-30T00:25:41</IR:FileCloseDate>
		<IR:ChkSum>0963163116</IR:ChkSum>
	</IR:GenTrailer>
</DRMWD>
