<?xml version="1.0" encoding="UTF-8"?>
<!-- Generated by the RCS System Epiroc Rock Drills AB -->
<DRMWD xmlns="http://www.iredes.org/xml/DrillRig" xmlns:IR="http://www.iredes.org/xml" xmlns:xsi="http://www.w3.org/2001/XMLSchema-instance" xsi:schemaLocation="http://www.iredes.org/xml/DrillRig C:\Iredes\IR_V1.2.3\xml\DR-DrillRig_V1.2\DrillRig.xsd" IRVersion="V 1.2AC" IRDownwCompat="V 1.2AC" DRMWDDownwCompat="V 1.2AC" DRMWDVersion="V 1.2AC">
	<IR:GenHead>
		<IR:FileCreateDate>2024-12-30T12:16:04</IR:FileCreateDate>
		<IR:IRversion DownwCompat="V 1.0">V 1.2AC</IR:IRversion>
		<IR:EquipmentInfo>
			<IR:EqpManufact>Epiroc</IR:EqpManufact>
			<IR:EqpType>SmartROC D65</IR:EqpType>
			<IR:EqpSerNo>8992013064</IR:EqpSerNo>
			<IR:EqpSysVer>6.28.1</IR:EqpSysVer>
			<IR:EqpInfo>DrillingMethod: DTH</IR:EqpInfo>
		</IR:EquipmentInfo>
	</IR:GenHead>
	<IR:ReportId>MWDRI301216</IR:ReportId>
	<IR:StartLogTime>2024-12-30T12:08:13</IR:StartLogTime>
	<IR:EndLogTime>2024-12-30T12:12:41</IR:EndLogTime>
	<IR:PlanIdRef>TRN09_24_0486_015_All</IR:PlanIdRef>
	<IR:PlanNameRef>TRN09_24_0486_015_All</IR:PlanNameRef>
	<MWDholeId>AF48</MWDholeId>
	<QualityReportIdRef>DQRI291907</QualityReportIdRef>
	<SampleDistance>0.100</SampleDistance>
	<CompactMWDdata>
		<MWDparams>
			<Parameter Unit="m/min" Full="PenetrRate">PR</Parameter>
			<Parameter Unit="Bar" Full="PercPressure">PP</Parameter>
			<Parameter Unit="Bar" Full="FeedPressure">FP</Parameter>
			<Parameter Unit="Bar" Full="DampPressure">DP</Parameter>
			<Parameter Unit="Bar" Full="RotPressure">RP</Parameter>
			<Parameter Unit="Bar" Full="FlushPressure">FLP</Parameter>
		</MWDparams>
		<Samples TimeTag="2024-12-30T12:08:13" DepthTag="0.103">0.654 11.490 43.524 0.000 20.972 11.490 </Samples>
		<Samples TimeTag="2024-12-30T12:08:20" DepthTag="0.207">0.977 14.504 39.940 0.000 39.374 14.504 </Samples>
		<Samples TimeTag="2024-12-30T12:08:22" DepthTag="0.312">2.463 14.902 37.014 0.000 32.412 14.902 </Samples>
		<Samples TimeTag="2024-12-30T12:08:24" DepthTag="0.424">4.159 15.071 32.872 0.000 26.763 15.071 </Samples>
		<Samples TimeTag="2024-12-30T12:08:25" DepthTag="0.525">5.856 14.489 25.459 0.000 23.939 14.489 </Samples>
		<Samples TimeTag="2024-12-30T12:08:46" DepthTag="0.626">0.845 14.611 43.969 0.000 25.741 14.611 </Samples>
		<Samples TimeTag="2024-12-30T12:08:51" DepthTag="0.729">1.182 18.941 39.151 0.000 22.813 18.941 </Samples>
		<Samples TimeTag="2024-12-30T12:08:56" DepthTag="0.840">1.569 18.697 35.981 0.000 22.818 18.697 </Samples>
		<Samples TimeTag="2024-12-30T12:08:58" DepthTag="0.945">2.450 18.865 38.916 0.000 22.604 18.865 </Samples>
		<Samples TimeTag="2024-12-30T12:09:22" DepthTag="1.046">2.522 7.130 45.514 0.000 32.311 7.130 </Samples>
		<Samples TimeTag="2024-12-30T12:09:26" DepthTag="1.155">1.432 16.662 39.698 0.000 32.476 16.662 </Samples>
		<Samples TimeTag="2024-12-30T12:09:28" DepthTag="1.257">3.478 17.564 38.793 0.000 33.015 17.564 </Samples>
		<Samples TimeTag="2024-12-30T12:09:30" DepthTag="1.360">3.330 18.268 38.781 0.000 34.097 18.268 </Samples>
		<Samples TimeTag="2024-12-30T12:09:32" DepthTag="1.470">3.311 17.457 41.091 0.000 31.300 17.457 </Samples>
		<Samples TimeTag="2024-12-30T12:09:34" DepthTag="1.581">3.302 17.534 36.491 0.000 30.217 17.534 </Samples>
		<Samples TimeTag="2024-12-30T12:09:36" DepthTag="1.683">3.501 18.085 39.820 0.000 33.459 18.085 </Samples>
		<Samples TimeTag="2024-12-30T12:09:37" DepthTag="1.792">4.516 18.498 35.167 0.000 25.611 18.498 </Samples>
		<Samples TimeTag="2024-12-30T12:09:39" DepthTag="1.899">3.657 17.151 42.003 0.000 35.180 17.151 </Samples>
		<Samples TimeTag="2024-12-30T12:09:40" DepthTag="2.010">4.151 17.580 34.335 0.000 25.511 17.580 </Samples>
		<Samples TimeTag="2024-12-30T12:09:42" DepthTag="2.120">3.559 18.834 42.734 0.000 27.996 18.834 </Samples>
		<Samples TimeTag="2024-12-30T12:09:44" DepthTag="2.225">3.140 17.779 40.777 0.000 23.184 17.779 </Samples>
		<Samples TimeTag="2024-12-30T12:09:46" DepthTag="2.332">3.653 18.911 40.419 0.000 26.370 18.911 </Samples>
		<Samples TimeTag="2024-12-30T12:09:48" DepthTag="2.433">2.795 17.794 39.951 0.000 25.763 17.794 </Samples>
		<Samples TimeTag="2024-12-30T12:09:50" DepthTag="2.534">3.287 18.635 39.549 0.000 26.514 18.635 </Samples>
		<Samples TimeTag="2024-12-30T12:09:52" DepthTag="2.638">3.119 17.962 40.471 0.000 25.513 17.962 </Samples>
		<Samples TimeTag="2024-12-30T12:09:54" DepthTag="2.745">3.603 18.605 38.116 0.000 25.619 18.605 </Samples>
		<Samples TimeTag="2024-12-30T12:09:56" DepthTag="2.859">3.715 17.932 39.136 0.000 30.409 17.932 </Samples>
		<Samples TimeTag="2024-12-30T12:09:57" DepthTag="2.968">4.822 19.018 37.016 0.000 25.166 19.018 </Samples>
		<Samples TimeTag="2024-12-30T12:09:59" DepthTag="3.071">3.330 17.473 42.625 0.000 30.479 17.473 </Samples>
		<Samples TimeTag="2024-12-30T12:10:13" DepthTag="3.171">0.436 17.993 40.090 0.000 37.755 17.993 </Samples>
		<Samples TimeTag="2024-12-30T12:10:25" DepthTag="3.271">0.505 17.932 39.917 0.000 31.009 17.932 </Samples>
		<Samples TimeTag="2024-12-30T12:10:39" DepthTag="3.375">0.444 17.978 38.714 0.000 34.460 17.978 </Samples>
		<Samples TimeTag="2024-12-30T12:10:55" DepthTag="3.476">0.366 17.947 39.639 0.000 31.843 17.947 </Samples>
		<Samples TimeTag="2024-12-30T12:11:45" DepthTag="3.577">0.245 16.096 48.292 0.000 34.513 16.096 </Samples>
		<Samples TimeTag="2024-12-30T12:11:57" DepthTag="3.677">0.521 16.968 48.758 0.000 36.234 16.968 </Samples>
		<Samples TimeTag="2024-12-30T12:12:14" DepthTag="3.778">0.350 17.167 46.641 0.000 39.640 17.167 </Samples>
		<Samples TimeTag="2024-12-30T12:12:19" DepthTag="3.879">1.254 17.610 47.812 0.000 44.817 17.610 </Samples>
		<Samples TimeTag="2024-12-30T12:12:28" DepthTag="3.985">0.713 17.488 47.673 0.000 42.698 17.488 </Samples>
		<Samples TimeTag="2024-12-30T12:12:32" DepthTag="4.093">1.787 17.626 47.601 0.000 40.159 17.626 </Samples>
		<Samples TimeTag="2024-12-30T12:12:34" DepthTag="4.213">3.336 17.886 43.297 0.000 53.755 17.886 </Samples>
		<Samples TimeTag="2024-12-30T12:12:36" DepthTag="4.317">2.583 17.304 42.877 0.000 33.423 17.304 </Samples>
		<Samples TimeTag="2024-12-30T12:12:41" DepthTag="4.420">1.333 15.285 41.345 0.000 42.797 15.285 </Samples>
	</CompactMWDdata>
	<IR:GenTrailer>
		<IR:FileCloseDate>2024-12-30T12:16:04</IR:FileCloseDate>
		<IR:ChkSum>3126754414</IR:ChkSum>
	</IR:GenTrailer>
</DRMWD>
