<?xml version="1.0" encoding="UTF-8"?>
<!-- Generated by the RCS System Epiroc Rock Drills AB -->
<DRMWD xmlns="http://www.iredes.org/xml/DrillRig" xmlns:IR="http://www.iredes.org/xml" xmlns:xsi="http://www.w3.org/2001/XMLSchema-instance" xsi:schemaLocation="http://www.iredes.org/xml/DrillRig C:\Iredes\IR_V1.2.3\xml\DR-DrillRig_V1.2\DrillRig.xsd" IRVersion="V 1.2AC" IRDownwCompat="V 1.2AC" DRMWDDownwCompat="V 1.2AC" DRMWDVersion="V 1.2AC">
	<IR:GenHead>
		<IR:FileCreateDate>2024-12-29T02:50:35</IR:FileCreateDate>
		<IR:IRversion DownwCompat="V 1.0">V 1.2AC</IR:IRversion>
		<IR:EquipmentInfo>
			<IR:EqpManufact>Epiroc</IR:EqpManufact>
			<IR:EqpType>SmartROC D65</IR:EqpType>
			<IR:EqpSerNo>8992013064</IR:EqpSerNo>
			<IR:EqpSysVer>6.28.1</IR:EqpSysVer>
			<IR:EqpInfo>DrillingMethod: DTH</IR:EqpInfo>
		</IR:EquipmentInfo>
	</IR:GenHead>
	<IR:ReportId>MWDRI290250</IR:ReportId>
	<IR:StartLogTime>2024-12-29T02:42:49</IR:StartLogTime>
	<IR:EndLogTime>2024-12-29T02:49:06</IR:EndLogTime>
	<IR:PlanIdRef>TRN08_21_0530_001_All</IR:PlanIdRef>
	<IR:PlanNameRef>TRN08_21_0530_001_All</IR:PlanNameRef>
	<MWDholeId>M42</MWDholeId>
	<QualityReportIdRef>DQRI272324</QualityReportIdRef>
	<SampleDistance>0.100</SampleDistance>
	<CompactMWDdata>
		<MWDparams>
			<Parameter Unit="m/min" Full="PenetrRate">PR</Parameter>
			<Parameter Unit="Bar" Full="PercPressure">PP</Parameter>
			<Parameter Unit="Bar" Full="FeedPressure">FP</Parameter>
			<Parameter Unit="Bar" Full="DampPressure">DP</Parameter>
			<Parameter Unit="Bar" Full="RotPressure">RP</Parameter>
			<Parameter Unit="Bar" Full="FlushPressure">FLP</Parameter>
		</MWDparams>
		<Samples TimeTag="2024-12-29T02:42:49" DepthTag="0.102">1.117 14.887 47.111 0.000 20.854 14.887 </Samples>
		<Samples TimeTag="2024-12-29T02:42:59" DepthTag="0.204">0.597 18.498 37.644 0.000 36.203 18.498 </Samples>
		<Samples TimeTag="2024-12-29T02:43:03" DepthTag="0.307">1.718 17.549 37.399 0.000 38.635 17.549 </Samples>
		<Samples TimeTag="2024-12-29T02:43:06" DepthTag="0.409">1.821 16.585 40.368 0.000 41.476 16.585 </Samples>
		<Samples TimeTag="2024-12-29T02:43:10" DepthTag="0.511">1.701 15.147 40.333 0.000 48.652 15.147 </Samples>
		<Samples TimeTag="2024-12-29T02:43:31" DepthTag="0.612">0.711 10.634 45.485 0.000 53.078 10.634 </Samples>
		<Samples TimeTag="2024-12-29T02:43:38" DepthTag="0.715">0.863 14.428 40.666 0.000 49.998 14.428 </Samples>
		<Samples TimeTag="2024-12-29T02:43:44" DepthTag="0.816">1.080 15.101 40.180 0.000 48.730 15.101 </Samples>
		<Samples TimeTag="2024-12-29T02:43:49" DepthTag="0.920">1.112 15.269 38.872 0.000 44.027 15.269 </Samples>
		<Samples TimeTag="2024-12-29T02:44:16" DepthTag="1.031">0.741 3.504 33.517 0.000 35.362 3.504 </Samples>
		<Samples TimeTag="2024-12-29T02:44:24" DepthTag="1.133">0.711 13.908 41.394 0.000 52.964 13.908 </Samples>
		<Samples TimeTag="2024-12-29T02:44:32" DepthTag="1.234">0.734 15.943 40.413 0.000 46.307 15.943 </Samples>
		<Samples TimeTag="2024-12-29T02:44:41" DepthTag="1.334">0.720 17.365 40.824 0.000 45.356 17.365 </Samples>
		<Samples TimeTag="2024-12-29T02:45:12" DepthTag="1.441">0.351 4.162 36.831 0.000 42.108 4.162 </Samples>
		<Samples TimeTag="2024-12-29T02:45:41" DepthTag="1.541">0.592 6.151 39.235 0.000 39.060 6.151 </Samples>
		<Samples TimeTag="2024-12-29T02:45:47" DepthTag="1.644">0.943 16.249 45.105 0.000 51.114 16.249 </Samples>
		<Samples TimeTag="2024-12-29T02:45:53" DepthTag="1.747">1.063 18.635 45.342 0.000 53.583 18.635 </Samples>
		<Samples TimeTag="2024-12-29T02:45:59" DepthTag="1.849">1.099 19.293 45.008 0.000 40.607 19.293 </Samples>
		<Samples TimeTag="2024-12-29T02:46:04" DepthTag="1.951">1.112 20.410 45.014 0.000 43.328 20.410 </Samples>
		<Samples TimeTag="2024-12-29T02:46:09" DepthTag="2.051">1.176 20.747 44.749 0.000 39.408 20.747 </Samples>
		<Samples TimeTag="2024-12-29T02:46:14" DepthTag="2.151">1.362 20.961 44.960 0.000 41.861 20.961 </Samples>
		<Samples TimeTag="2024-12-29T02:46:19" DepthTag="2.252">1.108 21.359 44.869 0.000 44.916 21.359 </Samples>
		<Samples TimeTag="2024-12-29T02:46:26" DepthTag="2.353">0.850 22.139 44.683 0.000 41.578 22.139 </Samples>
		<Samples TimeTag="2024-12-29T02:46:32" DepthTag="2.456">1.101 22.552 44.996 0.000 43.961 22.552 </Samples>
		<Samples TimeTag="2024-12-29T02:46:37" DepthTag="2.557">1.218 22.460 44.740 0.000 46.608 22.460 </Samples>
		<Samples TimeTag="2024-12-29T02:46:43" DepthTag="2.660">1.018 23.057 45.137 0.000 48.885 23.057 </Samples>
		<Samples TimeTag="2024-12-29T02:46:50" DepthTag="2.760">0.862 22.812 45.514 0.000 44.340 22.812 </Samples>
		<Samples TimeTag="2024-12-29T02:46:57" DepthTag="2.862">0.896 22.522 44.807 0.000 41.775 22.522 </Samples>
		<Samples TimeTag="2024-12-29T02:47:02" DepthTag="2.967">1.218 22.705 45.381 0.000 42.039 22.705 </Samples>
		<Samples TimeTag="2024-12-29T02:47:07" DepthTag="3.068">1.077 23.134 45.534 0.000 49.950 23.134 </Samples>
		<Samples TimeTag="2024-12-29T02:47:14" DepthTag="3.173">0.976 23.577 45.102 0.000 47.531 23.577 </Samples>
		<Samples TimeTag="2024-12-29T02:47:20" DepthTag="3.273">1.012 24.097 45.388 0.000 45.291 24.097 </Samples>
		<Samples TimeTag="2024-12-29T02:47:25" DepthTag="3.375">1.095 24.342 45.155 0.000 40.262 24.342 </Samples>
		<Samples TimeTag="2024-12-29T02:47:32" DepthTag="3.477">0.901 24.954 44.709 0.000 36.926 24.954 </Samples>
		<Samples TimeTag="2024-12-29T02:47:39" DepthTag="3.580">0.930 25.413 44.894 0.000 39.199 25.413 </Samples>
		<Samples TimeTag="2024-12-29T02:47:46" DepthTag="3.680">0.833 25.964 45.023 0.000 37.549 25.964 </Samples>
		<Samples TimeTag="2024-12-29T02:47:53" DepthTag="3.781">0.892 26.148 44.437 0.000 41.281 26.148 </Samples>
		<Samples TimeTag="2024-12-29T02:47:59" DepthTag="3.882">1.046 26.056 45.704 0.000 51.594 26.056 </Samples>
		<Samples TimeTag="2024-12-29T02:48:06" DepthTag="3.985">0.862 26.698 45.107 0.000 46.562 26.698 </Samples>
		<Samples TimeTag="2024-12-29T02:48:18" DepthTag="4.087">0.507 20.701 44.938 0.000 50.516 20.701 </Samples>
		<Samples TimeTag="2024-12-29T02:48:27" DepthTag="4.189">0.652 24.725 45.325 0.000 40.198 24.725 </Samples>
		<Samples TimeTag="2024-12-29T02:48:33" DepthTag="4.295">1.129 24.786 44.473 0.000 41.433 24.786 </Samples>
		<Samples TimeTag="2024-12-29T02:48:38" DepthTag="4.398">1.149 24.740 44.976 0.000 46.199 24.740 </Samples>
		<Samples TimeTag="2024-12-29T02:48:49" DepthTag="4.511">0.626 13.571 41.794 0.000 36.865 13.571 </Samples>
		<Samples TimeTag="2024-12-29T02:48:55" DepthTag="4.611">1.041 18.069 45.339 0.000 60.051 18.069 </Samples>
		<Samples TimeTag="2024-12-29T02:49:00" DepthTag="4.713">1.090 19.905 41.274 0.000 53.022 19.905 </Samples>
		<Samples TimeTag="2024-12-29T02:49:06" DepthTag="4.815">1.193 20.747 39.604 0.000 47.776 20.747 </Samples>
	</CompactMWDdata>
	<IR:GenTrailer>
		<IR:FileCloseDate>2024-12-29T02:50:35</IR:FileCloseDate>
		<IR:ChkSum>0548748560</IR:ChkSum>
	</IR:GenTrailer>
</DRMWD>
