<?xml version="1.0" encoding="UTF-8"?>
<!-- Generated by the RCS System Epiroc Rock Drills AB -->
<DRMWD xmlns="http://www.iredes.org/xml/DrillRig" xmlns:IR="http://www.iredes.org/xml" xmlns:xsi="http://www.w3.org/2001/XMLSchema-instance" xsi:schemaLocation="http://www.iredes.org/xml/DrillRig C:\Iredes\IR_V1.2.3\xml\DR-DrillRig_V1.2\DrillRig.xsd" IRVersion="V 1.2AC" IRDownwCompat="V 1.2AC" DRMWDDownwCompat="V 1.2AC" DRMWDVersion="V 1.2AC">
	<IR:GenHead>
		<IR:FileCreateDate>2024-12-30T05:21:13</IR:FileCreateDate>
		<IR:IRversion DownwCompat="V 1.0">V 1.2AC</IR:IRversion>
		<IR:EquipmentInfo>
			<IR:EqpManufact>Epiroc</IR:EqpManufact>
			<IR:EqpType>SmartROC D65</IR:EqpType>
			<IR:EqpSerNo>8992013064</IR:EqpSerNo>
			<IR:EqpSysVer>6.28.1</IR:EqpSysVer>
			<IR:EqpInfo>DrillingMethod: DTH</IR:EqpInfo>
		</IR:EquipmentInfo>
	</IR:GenHead>
	<IR:ReportId>MWDRI300521</IR:ReportId>
	<IR:StartLogTime>2024-12-30T05:13:12</IR:StartLogTime>
	<IR:EndLogTime>2024-12-30T05:19:47</IR:EndLogTime>
	<IR:PlanIdRef>TRN09_24_0486_015_All</IR:PlanIdRef>
	<IR:PlanNameRef>TRN09_24_0486_015_All</IR:PlanNameRef>
	<MWDholeId>W30</MWDholeId>
	<QualityReportIdRef>DQRI291907</QualityReportIdRef>
	<SampleDistance>0.100</SampleDistance>
	<CompactMWDdata>
		<MWDparams>
			<Parameter Unit="m/min" Full="PenetrRate">PR</Parameter>
			<Parameter Unit="Bar" Full="PercPressure">PP</Parameter>
			<Parameter Unit="Bar" Full="FeedPressure">FP</Parameter>
			<Parameter Unit="Bar" Full="DampPressure">DP</Parameter>
			<Parameter Unit="Bar" Full="RotPressure">RP</Parameter>
			<Parameter Unit="Bar" Full="FlushPressure">FLP</Parameter>
		</MWDparams>
		<Samples TimeTag="2024-12-30T05:13:12" DepthTag="0.103">0.935 11.506 41.755 0.000 21.040 11.506 </Samples>
		<Samples TimeTag="2024-12-30T05:13:18" DepthTag="0.206">1.057 16.111 40.436 0.000 30.511 16.111 </Samples>
		<Samples TimeTag="2024-12-30T05:13:22" DepthTag="0.311">1.573 16.249 37.398 0.000 29.638 16.249 </Samples>
		<Samples TimeTag="2024-12-30T05:13:24" DepthTag="0.425">3.147 16.050 37.038 0.000 32.074 16.050 </Samples>
		<Samples TimeTag="2024-12-30T05:13:44" DepthTag="0.541">1.063 5.936 37.958 0.000 29.199 5.936 </Samples>
		<Samples TimeTag="2024-12-30T05:13:48" DepthTag="0.645">1.411 13.938 43.290 0.000 30.144 13.938 </Samples>
		<Samples TimeTag="2024-12-30T05:13:53" DepthTag="0.753">1.283 17.840 36.794 0.000 30.338 17.840 </Samples>
		<Samples TimeTag="2024-12-30T05:13:55" DepthTag="0.870">3.518 17.488 33.139 0.000 27.574 17.488 </Samples>
		<Samples TimeTag="2024-12-30T05:13:57" DepthTag="0.979">4.062 17.564 40.263 0.000 30.927 17.564 </Samples>
		<Samples TimeTag="2024-12-30T05:14:21" DepthTag="1.095">1.067 5.370 26.394 0.000 26.708 5.370 </Samples>
		<Samples TimeTag="2024-12-30T05:14:28" DepthTag="1.198">0.907 15.897 41.897 0.000 40.708 15.897 </Samples>
		<Samples TimeTag="2024-12-30T05:14:35" DepthTag="1.299">0.846 17.702 39.781 0.000 41.724 17.702 </Samples>
		<Samples TimeTag="2024-12-30T05:14:44" DepthTag="1.404">0.667 17.029 39.459 0.000 42.546 17.029 </Samples>
		<Samples TimeTag="2024-12-30T05:14:52" DepthTag="1.506">0.831 17.855 39.408 0.000 34.567 17.855 </Samples>
		<Samples TimeTag="2024-12-30T05:14:59" DepthTag="1.609">0.857 17.381 40.563 0.000 42.699 17.381 </Samples>
		<Samples TimeTag="2024-12-30T05:15:09" DepthTag="1.709">0.614 17.901 40.632 0.000 32.412 17.901 </Samples>
		<Samples TimeTag="2024-12-30T05:15:18" DepthTag="1.810">0.642 17.687 39.408 0.000 33.489 17.687 </Samples>
		<Samples TimeTag="2024-12-30T05:15:31" DepthTag="1.910">0.477 18.131 40.240 0.000 36.013 18.131 </Samples>
		<Samples TimeTag="2024-12-30T05:15:40" DepthTag="2.013">0.653 17.518 40.163 0.000 37.631 17.518 </Samples>
		<Samples TimeTag="2024-12-30T05:15:48" DepthTag="2.118">0.808 18.299 38.613 0.000 40.115 18.299 </Samples>
		<Samples TimeTag="2024-12-30T05:15:55" DepthTag="2.219">0.868 18.039 39.275 0.000 39.404 18.039 </Samples>
		<Samples TimeTag="2024-12-30T05:15:58" DepthTag="2.321">1.924 18.238 39.434 0.000 40.974 18.238 </Samples>
		<Samples TimeTag="2024-12-30T05:16:01" DepthTag="2.425">2.578 16.983 38.882 0.000 37.811 16.983 </Samples>
		<Samples TimeTag="2024-12-30T05:16:07" DepthTag="2.527">1.018 18.039 40.507 0.000 37.041 18.039 </Samples>
		<Samples TimeTag="2024-12-30T05:16:13" DepthTag="2.631">0.976 17.059 39.255 0.000 44.400 17.059 </Samples>
		<Samples TimeTag="2024-12-30T05:16:22" DepthTag="2.732">0.647 18.054 39.951 0.000 36.382 18.054 </Samples>
		<Samples TimeTag="2024-12-30T05:16:29" DepthTag="2.833">0.976 16.830 39.181 0.000 38.308 16.830 </Samples>
		<Samples TimeTag="2024-12-30T05:16:37" DepthTag="2.934">0.744 17.794 40.013 0.000 35.873 17.794 </Samples>
		<Samples TimeTag="2024-12-30T05:16:48" DepthTag="3.036">0.565 18.192 40.087 0.000 33.990 18.192 </Samples>
		<Samples TimeTag="2024-12-30T05:16:58" DepthTag="3.137">0.600 17.580 40.220 0.000 29.859 17.580 </Samples>
		<Samples TimeTag="2024-12-30T05:17:11" DepthTag="3.237">0.459 18.238 40.594 0.000 34.236 18.238 </Samples>
		<Samples TimeTag="2024-12-30T05:17:22" DepthTag="3.338">0.560 17.748 38.284 0.000 36.137 17.748 </Samples>
		<Samples TimeTag="2024-12-30T05:17:33" DepthTag="3.440">0.555 16.738 39.480 0.000 33.970 16.738 </Samples>
		<Samples TimeTag="2024-12-30T05:18:20" DepthTag="3.541">0.288 12.378 45.516 0.000 46.937 12.378 </Samples>
		<Samples TimeTag="2024-12-30T05:18:29" DepthTag="3.642">0.755 16.601 47.899 0.000 47.945 16.601 </Samples>
		<Samples TimeTag="2024-12-30T05:18:36" DepthTag="3.744">0.811 17.549 47.844 0.000 42.929 17.549 </Samples>
		<Samples TimeTag="2024-12-30T05:18:46" DepthTag="3.846">0.647 17.809 48.171 0.000 38.752 17.809 </Samples>
		<Samples TimeTag="2024-12-30T05:18:54" DepthTag="3.947">0.732 17.763 47.754 0.000 38.827 17.763 </Samples>
		<Samples TimeTag="2024-12-30T05:19:05" DepthTag="4.049">0.543 17.870 47.736 0.000 40.507 17.870 </Samples>
		<Samples TimeTag="2024-12-30T05:19:15" DepthTag="4.150">0.596 17.901 47.782 0.000 38.136 17.901 </Samples>
		<Samples TimeTag="2024-12-30T05:19:24" DepthTag="4.251">0.731 18.161 48.613 0.000 39.864 18.161 </Samples>
		<Samples TimeTag="2024-12-30T05:19:30" DepthTag="4.357">0.911 18.620 46.187 0.000 37.187 18.620 </Samples>
		<Samples TimeTag="2024-12-30T05:19:33" DepthTag="4.462">2.907 18.850 44.997 0.000 46.049 18.850 </Samples>
		<Samples TimeTag="2024-12-30T05:19:35" DepthTag="4.567">3.152 19.125 47.152 0.000 42.141 19.125 </Samples>
		<Samples TimeTag="2024-12-30T05:19:37" DepthTag="4.670">2.748 19.354 48.052 0.000 45.271 19.354 </Samples>
		<Samples TimeTag="2024-12-30T05:19:39" DepthTag="4.773">2.563 19.752 47.511 0.000 46.908 19.752 </Samples>
		<Samples TimeTag="2024-12-30T05:19:41" DepthTag="4.874">2.798 20.196 47.268 0.000 42.674 20.196 </Samples>
		<Samples TimeTag="2024-12-30T05:19:43" DepthTag="4.977">3.091 20.380 47.066 0.000 38.778 20.380 </Samples>
		<Samples TimeTag="2024-12-30T05:19:45" DepthTag="5.082">3.138 20.165 42.348 0.000 35.281 20.165 </Samples>
		<Samples TimeTag="2024-12-30T05:19:47" DepthTag="5.185">3.506 17.365 40.329 0.000 34.770 17.365 </Samples>
	</CompactMWDdata>
	<IR:GenTrailer>
		<IR:FileCloseDate>2024-12-30T05:21:13</IR:FileCloseDate>
		<IR:ChkSum>0782444458</IR:ChkSum>
	</IR:GenTrailer>
</DRMWD>
