<?xml version="1.0" encoding="UTF-8"?>
<!-- Generated by the RCS System Epiroc Rock Drills AB -->
<DRMWD xmlns="http://www.iredes.org/xml/DrillRig" xmlns:IR="http://www.iredes.org/xml" xmlns:xsi="http://www.w3.org/2001/XMLSchema-instance" xsi:schemaLocation="http://www.iredes.org/xml/DrillRig C:\Iredes\IR_V1.2.3\xml\DR-DrillRig_V1.2\DrillRig.xsd" IRVersion="V 1.2AC" IRDownwCompat="V 1.2AC" DRMWDDownwCompat="V 1.2AC" DRMWDVersion="V 1.2AC">
	<IR:GenHead>
		<IR:FileCreateDate>2024-12-30T06:21:56</IR:FileCreateDate>
		<IR:IRversion DownwCompat="V 1.0">V 1.2AC</IR:IRversion>
		<IR:EquipmentInfo>
			<IR:EqpManufact>Epiroc</IR:EqpManufact>
			<IR:EqpType>SmartROC D65</IR:EqpType>
			<IR:EqpSerNo>8992013064</IR:EqpSerNo>
			<IR:EqpSysVer>6.28.1</IR:EqpSysVer>
			<IR:EqpInfo>DrillingMethod: DTH</IR:EqpInfo>
		</IR:EquipmentInfo>
	</IR:GenHead>
	<IR:ReportId>MWDRI300621</IR:ReportId>
	<IR:StartLogTime>2024-12-30T06:12:04</IR:StartLogTime>
	<IR:EndLogTime>2024-12-30T06:20:14</IR:EndLogTime>
	<IR:PlanIdRef>TRN09_24_0486_015_All</IR:PlanIdRef>
	<IR:PlanNameRef>TRN09_24_0486_015_All</IR:PlanNameRef>
	<MWDholeId>W28</MWDholeId>
	<QualityReportIdRef>DQRI291907</QualityReportIdRef>
	<SampleDistance>0.100</SampleDistance>
	<CompactMWDdata>
		<MWDparams>
			<Parameter Unit="m/min" Full="PenetrRate">PR</Parameter>
			<Parameter Unit="Bar" Full="PercPressure">PP</Parameter>
			<Parameter Unit="Bar" Full="FeedPressure">FP</Parameter>
			<Parameter Unit="Bar" Full="DampPressure">DP</Parameter>
			<Parameter Unit="Bar" Full="RotPressure">RP</Parameter>
			<Parameter Unit="Bar" Full="FlushPressure">FLP</Parameter>
		</MWDparams>
		<Samples TimeTag="2024-12-30T06:12:04" DepthTag="0.101">0.175 6.487 43.714 0.000 29.134 6.487 </Samples>
		<Samples TimeTag="2024-12-30T06:12:07" DepthTag="0.206">1.753 11.245 43.543 0.000 44.298 11.245 </Samples>
		<Samples TimeTag="2024-12-30T06:12:09" DepthTag="0.307">3.010 12.730 38.554 0.000 39.826 12.730 </Samples>
		<Samples TimeTag="2024-12-30T06:12:11" DepthTag="0.408">3.759 13.663 36.228 0.000 34.825 13.663 </Samples>
		<Samples TimeTag="2024-12-30T06:12:12" DepthTag="0.512">5.225 14.168 34.084 0.000 31.149 14.168 </Samples>
		<Samples TimeTag="2024-12-30T06:12:29" DepthTag="0.617">1.675 3.534 18.964 0.000 14.678 3.534 </Samples>
		<Samples TimeTag="2024-12-30T06:12:30" DepthTag="0.721">7.724 3.565 20.945 0.000 17.920 3.565 </Samples>
		<Samples TimeTag="2024-12-30T06:12:31" DepthTag="0.847">7.240 4.804 28.436 0.000 26.490 4.804 </Samples>
		<Samples TimeTag="2024-12-30T06:12:32" DepthTag="0.976">6.430 7.222 26.561 0.000 22.099 7.222 </Samples>
		<Samples TimeTag="2024-12-30T06:12:53" DepthTag="1.083">2.059 4.789 19.542 0.000 17.052 4.789 </Samples>
		<Samples TimeTag="2024-12-30T06:12:54" DepthTag="1.184">7.542 6.135 20.873 0.000 23.461 6.135 </Samples>
		<Samples TimeTag="2024-12-30T06:12:55" DepthTag="1.287">7.727 7.528 22.034 0.000 23.048 7.528 </Samples>
		<Samples TimeTag="2024-12-30T06:12:55" DepthTag="1.389">7.655 7.497 21.164 0.000 20.441 7.497 </Samples>
		<Samples TimeTag="2024-12-30T06:12:56" DepthTag="1.494">7.810 9.685 21.774 0.000 22.803 9.685 </Samples>
		<Samples TimeTag="2024-12-30T06:12:57" DepthTag="1.595">7.612 11.720 22.221 0.000 22.304 11.720 </Samples>
		<Samples TimeTag="2024-12-30T06:12:58" DepthTag="1.712">7.274 13.831 29.950 0.000 25.514 13.831 </Samples>
		<Samples TimeTag="2024-12-30T06:13:01" DepthTag="1.821">2.136 16.478 41.184 0.000 40.644 16.478 </Samples>
		<Samples TimeTag="2024-12-30T06:13:04" DepthTag="1.921">1.791 17.748 41.515 0.000 47.872 17.748 </Samples>
		<Samples TimeTag="2024-12-30T06:13:08" DepthTag="2.026">1.565 17.151 40.898 0.000 43.248 17.151 </Samples>
		<Samples TimeTag="2024-12-30T06:13:13" DepthTag="2.129">1.330 18.238 41.062 0.000 41.884 18.238 </Samples>
		<Samples TimeTag="2024-12-30T06:13:18" DepthTag="2.231">1.140 17.947 39.325 0.000 45.220 17.947 </Samples>
		<Samples TimeTag="2024-12-30T06:13:22" DepthTag="2.333">1.528 16.922 39.783 0.000 43.622 16.922 </Samples>
		<Samples TimeTag="2024-12-30T06:13:27" DepthTag="2.439">1.436 18.299 39.223 0.000 45.123 18.299 </Samples>
		<Samples TimeTag="2024-12-30T06:13:30" DepthTag="2.542">1.713 17.564 38.486 0.000 45.071 17.564 </Samples>
		<Samples TimeTag="2024-12-30T06:13:34" DepthTag="2.645">1.578 17.503 39.591 0.000 50.185 17.503 </Samples>
		<Samples TimeTag="2024-12-30T06:13:39" DepthTag="2.745">1.413 18.559 40.332 0.000 49.775 18.559 </Samples>
		<Samples TimeTag="2024-12-30T06:13:45" DepthTag="2.846">0.945 17.427 41.074 0.000 58.483 17.427 </Samples>
		<Samples TimeTag="2024-12-30T06:13:53" DepthTag="2.946">0.734 17.932 40.208 0.000 54.465 17.932 </Samples>
		<Samples TimeTag="2024-12-30T06:17:38" DepthTag="3.064">0.167 5.799 24.738 0.000 26.598 5.799 </Samples>
		<Samples TimeTag="2024-12-30T06:17:43" DepthTag="3.168">1.240 15.300 41.362 0.000 43.826 15.300 </Samples>
		<Samples TimeTag="2024-12-30T06:17:47" DepthTag="3.271">1.756 16.998 41.101 0.000 44.476 16.998 </Samples>
		<Samples TimeTag="2024-12-30T06:17:52" DepthTag="3.373">1.211 17.993 41.348 0.000 37.756 17.993 </Samples>
		<Samples TimeTag="2024-12-30T06:17:58" DepthTag="3.477">0.946 17.258 39.362 0.000 40.263 17.258 </Samples>
		<Samples TimeTag="2024-12-30T06:18:55" DepthTag="3.577">0.435 17.855 44.221 0.000 40.470 17.855 </Samples>
		<Samples TimeTag="2024-12-30T06:19:02" DepthTag="3.680">0.986 18.268 47.569 0.000 45.066 18.268 </Samples>
		<Samples TimeTag="2024-12-30T06:19:09" DepthTag="3.780">0.815 18.375 47.668 0.000 41.165 18.375 </Samples>
		<Samples TimeTag="2024-12-30T06:19:16" DepthTag="3.882">0.829 18.238 47.435 0.000 41.014 18.238 </Samples>
		<Samples TimeTag="2024-12-30T06:19:21" DepthTag="3.983">1.374 18.391 48.002 0.000 45.835 18.391 </Samples>
		<Samples TimeTag="2024-12-30T06:19:26" DepthTag="4.086">1.154 18.360 49.465 0.000 44.169 18.360 </Samples>
		<Samples TimeTag="2024-12-30T06:19:32" DepthTag="4.190">1.110 18.314 47.790 0.000 39.865 18.314 </Samples>
		<Samples TimeTag="2024-12-30T06:19:37" DepthTag="4.292">1.083 18.299 48.083 0.000 40.290 18.299 </Samples>
		<Samples TimeTag="2024-12-30T06:19:44" DepthTag="4.392">0.884 18.284 47.593 0.000 39.799 18.284 </Samples>
		<Samples TimeTag="2024-12-30T06:19:51" DepthTag="4.493">0.848 18.345 48.332 0.000 45.890 18.345 </Samples>
		<Samples TimeTag="2024-12-30T06:19:58" DepthTag="4.595">0.973 18.590 48.373 0.000 41.855 18.590 </Samples>
		<Samples TimeTag="2024-12-30T06:20:03" DepthTag="4.701">1.133 18.743 46.915 0.000 45.283 18.743 </Samples>
		<Samples TimeTag="2024-12-30T06:20:06" DepthTag="4.801">2.149 18.850 46.727 0.000 42.192 18.850 </Samples>
		<Samples TimeTag="2024-12-30T06:20:09" DepthTag="4.905">2.425 18.987 47.137 0.000 43.360 18.987 </Samples>
		<Samples TimeTag="2024-12-30T06:20:11" DepthTag="5.013">2.697 19.064 42.783 0.000 39.211 19.064 </Samples>
		<Samples TimeTag="2024-12-30T06:20:14" DepthTag="5.118">2.460 17.320 41.522 0.000 47.788 17.320 </Samples>
	</CompactMWDdata>
	<IR:GenTrailer>
		<IR:FileCloseDate>2024-12-30T06:21:56</IR:FileCloseDate>
		<IR:ChkSum>3878312992</IR:ChkSum>
	</IR:GenTrailer>
</DRMWD>
