<?xml version="1.0" encoding="UTF-8"?>
<!-- Generated by the RCS System Epiroc Rock Drills AB -->
<DRMWD xmlns="http://www.iredes.org/xml/DrillRig" xmlns:IR="http://www.iredes.org/xml" xmlns:xsi="http://www.w3.org/2001/XMLSchema-instance" xsi:schemaLocation="http://www.iredes.org/xml/DrillRig C:\Iredes\IR_V1.2.3\xml\DR-DrillRig_V1.2\DrillRig.xsd" IRVersion="V 1.2AC" IRDownwCompat="V 1.2AC" DRMWDDownwCompat="V 1.2AC" DRMWDVersion="V 1.2AC">
	<IR:GenHead>
		<IR:FileCreateDate>2024-12-29T06:21:53</IR:FileCreateDate>
		<IR:IRversion DownwCompat="V 1.0">V 1.2AC</IR:IRversion>
		<IR:EquipmentInfo>
			<IR:EqpManufact>Epiroc</IR:EqpManufact>
			<IR:EqpType>SmartROC D65</IR:EqpType>
			<IR:EqpSerNo>8992013064</IR:EqpSerNo>
			<IR:EqpSysVer>6.28.1</IR:EqpSysVer>
			<IR:EqpInfo>DrillingMethod: DTH</IR:EqpInfo>
		</IR:EquipmentInfo>
	</IR:GenHead>
	<IR:ReportId>MWDRI290621</IR:ReportId>
	<IR:StartLogTime>2024-12-29T06:11:47</IR:StartLogTime>
	<IR:EndLogTime>2024-12-29T06:20:31</IR:EndLogTime>
	<IR:PlanIdRef>TRN08_21_0530_001_All</IR:PlanIdRef>
	<IR:PlanNameRef>TRN08_21_0530_001_All</IR:PlanNameRef>
	<MWDholeId>Q35</MWDholeId>
	<QualityReportIdRef>DQRI272324</QualityReportIdRef>
	<SampleDistance>0.100</SampleDistance>
	<CompactMWDdata>
		<MWDparams>
			<Parameter Unit="m/min" Full="PenetrRate">PR</Parameter>
			<Parameter Unit="Bar" Full="PercPressure">PP</Parameter>
			<Parameter Unit="Bar" Full="FeedPressure">FP</Parameter>
			<Parameter Unit="Bar" Full="DampPressure">DP</Parameter>
			<Parameter Unit="Bar" Full="RotPressure">RP</Parameter>
			<Parameter Unit="Bar" Full="FlushPressure">FLP</Parameter>
		</MWDparams>
		<Samples TimeTag="2024-12-29T06:11:47" DepthTag="0.122">0.681 2.662 23.814 0.000 22.288 2.662 </Samples>
		<Samples TimeTag="2024-12-29T06:11:48" DepthTag="0.223">6.304 2.632 20.134 0.000 18.034 2.632 </Samples>
		<Samples TimeTag="2024-12-29T06:11:49" DepthTag="0.327">5.982 4.452 32.059 0.000 31.046 4.452 </Samples>
		<Samples TimeTag="2024-12-29T06:11:54" DepthTag="0.431">1.199 11.383 42.972 0.000 50.319 11.383 </Samples>
		<Samples TimeTag="2024-12-29T06:12:43" DepthTag="0.547">0.924 4.406 21.499 0.000 27.103 4.406 </Samples>
		<Samples TimeTag="2024-12-29T06:12:49" DepthTag="0.649">1.175 11.781 42.714 0.000 45.816 11.781 </Samples>
		<Samples TimeTag="2024-12-29T06:12:54" DepthTag="0.752">1.186 14.413 39.919 0.000 43.894 14.413 </Samples>
		<Samples TimeTag="2024-12-29T06:12:58" DepthTag="0.855">1.644 14.810 39.237 0.000 42.600 14.810 </Samples>
		<Samples TimeTag="2024-12-29T06:13:00" DepthTag="0.960">2.238 14.856 39.211 0.000 42.916 14.856 </Samples>
		<Samples TimeTag="2024-12-29T06:13:22" DepthTag="1.068">1.008 3.335 31.746 0.000 32.186 3.335 </Samples>
		<Samples TimeTag="2024-12-29T06:13:27" DepthTag="1.172">1.194 11.720 42.394 0.000 48.216 11.720 </Samples>
		<Samples TimeTag="2024-12-29T06:13:32" DepthTag="1.273">1.330 15.208 40.665 0.000 42.778 15.208 </Samples>
		<Samples TimeTag="2024-12-29T06:13:45" DepthTag="1.375">0.454 19.905 37.640 0.000 40.858 19.905 </Samples>
		<Samples TimeTag="2024-12-29T06:13:51" DepthTag="1.476">0.983 19.462 38.859 0.000 42.321 19.462 </Samples>
		<Samples TimeTag="2024-12-29T06:14:17" DepthTag="1.583">0.763 5.692 35.461 0.000 41.922 5.692 </Samples>
		<Samples TimeTag="2024-12-29T06:14:21" DepthTag="1.687">1.813 12.791 45.596 0.000 51.958 12.791 </Samples>
		<Samples TimeTag="2024-12-29T06:14:24" DepthTag="1.789">1.903 16.616 45.642 0.000 48.825 16.616 </Samples>
		<Samples TimeTag="2024-12-29T06:14:30" DepthTag="1.890">0.958 20.839 44.815 0.000 48.141 20.839 </Samples>
		<Samples TimeTag="2024-12-29T06:14:35" DepthTag="1.992">1.275 20.976 45.319 0.000 42.753 20.976 </Samples>
		<Samples TimeTag="2024-12-29T06:14:38" DepthTag="2.095">1.916 19.905 43.688 0.000 40.593 19.905 </Samples>
		<Samples TimeTag="2024-12-29T06:14:41" DepthTag="2.199">2.373 19.339 43.797 0.000 45.608 19.339 </Samples>
		<Samples TimeTag="2024-12-29T06:14:43" DepthTag="2.303">3.224 19.217 42.997 0.000 49.523 19.217 </Samples>
		<Samples TimeTag="2024-12-29T06:14:45" DepthTag="2.404">2.296 18.911 45.266 0.000 44.625 18.911 </Samples>
		<Samples TimeTag="2024-12-29T06:14:49" DepthTag="2.510">1.978 18.635 45.626 0.000 42.637 18.635 </Samples>
		<Samples TimeTag="2024-12-29T06:14:51" DepthTag="2.611">2.171 18.513 44.077 0.000 42.596 18.513 </Samples>
		<Samples TimeTag="2024-12-29T06:14:54" DepthTag="2.713">2.164 18.681 45.096 0.000 49.038 18.681 </Samples>
		<Samples TimeTag="2024-12-29T06:14:57" DepthTag="2.814">2.376 19.110 44.131 0.000 45.375 19.110 </Samples>
		<Samples TimeTag="2024-12-29T06:15:00" DepthTag="2.916">2.176 20.227 45.017 0.000 51.174 20.227 </Samples>
		<Samples TimeTag="2024-12-29T06:15:04" DepthTag="3.016">1.362 23.348 46.209 0.000 40.827 23.348 </Samples>
		<Samples TimeTag="2024-12-29T06:15:08" DepthTag="3.117">1.501 24.755 44.819 0.000 40.114 24.755 </Samples>
		<Samples TimeTag="2024-12-29T06:15:16" DepthTag="3.218">0.763 18.620 44.142 0.000 41.628 18.620 </Samples>
		<Samples TimeTag="2024-12-29T06:15:21" DepthTag="3.323">1.160 22.598 44.574 0.000 49.735 22.598 </Samples>
		<Samples TimeTag="2024-12-29T06:15:32" DepthTag="3.429">0.598 12.883 42.965 0.000 38.021 12.883 </Samples>
		<Samples TimeTag="2024-12-29T06:15:44" DepthTag="3.531">0.506 24.419 43.149 0.000 32.042 24.419 </Samples>
		<Samples TimeTag="2024-12-29T06:15:53" DepthTag="3.631">0.713 19.094 45.207 0.000 44.312 19.094 </Samples>
		<Samples TimeTag="2024-12-29T06:16:10" DepthTag="3.732">0.338 19.018 45.584 0.000 44.390 19.018 </Samples>
		<Samples TimeTag="2024-12-29T06:16:31" DepthTag="3.836">0.301 23.761 44.145 0.000 31.471 23.761 </Samples>
		<Samples TimeTag="2024-12-29T06:16:47" DepthTag="3.936">0.381 22.721 43.519 0.000 34.872 22.721 </Samples>
		<Samples TimeTag="2024-12-29T06:17:02" DepthTag="4.036">0.390 22.369 45.192 0.000 41.401 22.369 </Samples>
		<Samples TimeTag="2024-12-29T06:17:29" DepthTag="4.150">0.325 12.316 42.747 0.000 40.853 12.316 </Samples>
		<Samples TimeTag="2024-12-29T06:17:48" DepthTag="4.250">0.315 18.192 45.361 0.000 50.845 18.192 </Samples>
		<Samples TimeTag="2024-12-29T06:18:33" DepthTag="4.353">0.238 16.264 45.140 0.000 33.085 16.264 </Samples>
		<Samples TimeTag="2024-12-29T06:18:40" DepthTag="4.453">0.793 24.358 44.066 0.000 41.289 24.358 </Samples>
		<Samples TimeTag="2024-12-29T06:18:51" DepthTag="4.557">0.555 20.900 43.483 0.000 31.264 20.900 </Samples>
		<Samples TimeTag="2024-12-29T06:19:05" DepthTag="4.657">0.431 18.651 45.715 0.000 41.047 18.651 </Samples>
		<Samples TimeTag="2024-12-29T06:19:45" DepthTag="4.759">0.288 11.506 49.881 0.000 37.244 11.506 </Samples>
		<Samples TimeTag="2024-12-29T06:19:55" DepthTag="4.862">0.670 22.460 44.313 0.000 42.864 22.460 </Samples>
		<Samples TimeTag="2024-12-29T06:19:59" DepthTag="4.964">1.522 23.088 45.549 0.000 43.733 23.088 </Samples>
		<Samples TimeTag="2024-12-29T06:20:02" DepthTag="5.067">1.642 23.486 44.324 0.000 46.492 23.486 </Samples>
		<Samples TimeTag="2024-12-29T06:20:06" DepthTag="5.171">1.662 24.587 43.663 0.000 39.926 24.587 </Samples>
		<Samples TimeTag="2024-12-29T06:20:15" DepthTag="5.272">0.714 17.564 40.980 0.000 46.957 17.564 </Samples>
		<Samples TimeTag="2024-12-29T06:20:31" DepthTag="5.379">0.636 8.339 34.895 0.000 34.852 8.339 </Samples>
	</CompactMWDdata>
	<IR:GenTrailer>
		<IR:FileCloseDate>2024-12-29T06:21:53</IR:FileCloseDate>
		<IR:ChkSum>1607489848</IR:ChkSum>
	</IR:GenTrailer>
</DRMWD>
