<?xml version="1.0" encoding="UTF-8"?>
<!-- Generated by the RCS System Epiroc Rock Drills AB -->
<DRMWD xmlns="http://www.iredes.org/xml/DrillRig" xmlns:IR="http://www.iredes.org/xml" xmlns:xsi="http://www.w3.org/2001/XMLSchema-instance" xsi:schemaLocation="http://www.iredes.org/xml/DrillRig C:\Iredes\IR_V1.2.3\xml\DR-DrillRig_V1.2\DrillRig.xsd" IRVersion="V 1.2AC" IRDownwCompat="V 1.2AC" DRMWDDownwCompat="V 1.2AC" DRMWDVersion="V 1.2AC">
	<IR:GenHead>
		<IR:FileCreateDate>2024-12-30T04:18:26</IR:FileCreateDate>
		<IR:IRversion DownwCompat="V 1.0">V 1.2AC</IR:IRversion>
		<IR:EquipmentInfo>
			<IR:EqpManufact>Epiroc</IR:EqpManufact>
			<IR:EqpType>SmartROC D65</IR:EqpType>
			<IR:EqpSerNo>8992013064</IR:EqpSerNo>
			<IR:EqpSysVer>6.28.1</IR:EqpSysVer>
			<IR:EqpInfo>DrillingMethod: DTH</IR:EqpInfo>
		</IR:EquipmentInfo>
	</IR:GenHead>
	<IR:ReportId>MWDRI300418</IR:ReportId>
	<IR:StartLogTime>2024-12-30T04:10:22</IR:StartLogTime>
	<IR:EndLogTime>2024-12-30T04:16:58</IR:EndLogTime>
	<IR:PlanIdRef>TRN09_24_0486_015_All</IR:PlanIdRef>
	<IR:PlanNameRef>TRN09_24_0486_015_All</IR:PlanNameRef>
	<MWDholeId>W32</MWDholeId>
	<QualityReportIdRef>DQRI291907</QualityReportIdRef>
	<SampleDistance>0.100</SampleDistance>
	<CompactMWDdata>
		<MWDparams>
			<Parameter Unit="m/min" Full="PenetrRate">PR</Parameter>
			<Parameter Unit="Bar" Full="PercPressure">PP</Parameter>
			<Parameter Unit="Bar" Full="FeedPressure">FP</Parameter>
			<Parameter Unit="Bar" Full="DampPressure">DP</Parameter>
			<Parameter Unit="Bar" Full="RotPressure">RP</Parameter>
			<Parameter Unit="Bar" Full="FlushPressure">FLP</Parameter>
		</MWDparams>
		<Samples TimeTag="2024-12-30T04:10:22" DepthTag="0.101">0.372 18.253 41.175 0.000 28.376 18.253 </Samples>
		<Samples TimeTag="2024-12-30T04:11:04" DepthTag="0.205">0.172 9.486 47.021 0.000 35.533 9.486 </Samples>
		<Samples TimeTag="2024-12-30T04:11:11" DepthTag="0.308">0.998 16.631 39.867 0.000 29.275 16.631 </Samples>
		<Samples TimeTag="2024-12-30T04:11:14" DepthTag="0.416">1.890 17.136 38.219 0.000 37.353 17.136 </Samples>
		<Samples TimeTag="2024-12-30T04:11:17" DepthTag="0.518">2.372 15.790 22.489 0.000 29.356 15.790 </Samples>
		<Samples TimeTag="2024-12-30T04:11:38" DepthTag="0.618">0.702 9.333 47.992 0.000 36.056 9.333 </Samples>
		<Samples TimeTag="2024-12-30T04:11:45" DepthTag="0.719">0.854 17.059 41.792 0.000 32.524 17.059 </Samples>
		<Samples TimeTag="2024-12-30T04:11:48" DepthTag="0.823">1.948 17.717 38.061 0.000 31.143 17.717 </Samples>
		<Samples TimeTag="2024-12-30T04:11:50" DepthTag="0.934">3.771 17.473 31.171 0.000 26.160 17.473 </Samples>
		<Samples TimeTag="2024-12-30T04:12:16" DepthTag="1.063">1.038 5.080 21.409 0.000 23.180 5.080 </Samples>
		<Samples TimeTag="2024-12-30T04:12:20" DepthTag="1.163">1.497 13.694 43.318 0.000 43.125 13.694 </Samples>
		<Samples TimeTag="2024-12-30T04:12:23" DepthTag="1.266">1.708 16.340 41.890 0.000 39.419 16.340 </Samples>
		<Samples TimeTag="2024-12-30T04:12:27" DepthTag="1.370">1.861 17.427 37.748 0.000 37.352 17.427 </Samples>
		<Samples TimeTag="2024-12-30T04:12:31" DepthTag="1.472">1.518 18.284 39.878 0.000 43.386 18.284 </Samples>
		<Samples TimeTag="2024-12-30T04:12:34" DepthTag="1.572">1.671 17.044 40.825 0.000 49.184 17.044 </Samples>
		<Samples TimeTag="2024-12-30T04:12:38" DepthTag="1.673">1.801 17.947 39.257 0.000 43.726 17.947 </Samples>
		<Samples TimeTag="2024-12-30T04:12:41" DepthTag="1.782">1.807 18.039 37.857 0.000 45.143 18.039 </Samples>
		<Samples TimeTag="2024-12-30T04:12:45" DepthTag="1.885">1.833 17.549 40.357 0.000 49.901 17.549 </Samples>
		<Samples TimeTag="2024-12-30T04:12:48" DepthTag="1.990">1.973 18.176 40.125 0.000 43.862 18.176 </Samples>
		<Samples TimeTag="2024-12-30T04:12:51" DepthTag="2.096">2.399 16.983 39.318 0.000 49.842 16.983 </Samples>
		<Samples TimeTag="2024-12-30T04:12:55" DepthTag="2.197">1.445 17.947 42.632 0.000 42.121 17.947 </Samples>
		<Samples TimeTag="2024-12-30T04:13:00" DepthTag="2.304">1.114 17.197 37.423 0.000 46.355 17.197 </Samples>
		<Samples TimeTag="2024-12-30T04:13:07" DepthTag="2.404">0.964 17.105 40.539 0.000 41.914 17.105 </Samples>
		<Samples TimeTag="2024-12-30T04:13:12" DepthTag="2.505">1.083 17.779 40.272 0.000 39.176 17.779 </Samples>
		<Samples TimeTag="2024-12-30T04:13:16" DepthTag="2.609">1.496 18.329 39.290 0.000 45.037 18.329 </Samples>
		<Samples TimeTag="2024-12-30T04:13:23" DepthTag="2.709">0.913 17.717 38.944 0.000 40.303 17.717 </Samples>
		<Samples TimeTag="2024-12-30T04:13:29" DepthTag="2.813">1.030 18.069 41.375 0.000 39.836 18.069 </Samples>
		<Samples TimeTag="2024-12-30T04:13:38" DepthTag="2.913">0.643 17.825 39.946 0.000 37.431 17.825 </Samples>
		<Samples TimeTag="2024-12-30T04:13:48" DepthTag="3.014">0.605 16.952 40.049 0.000 35.739 16.952 </Samples>
		<Samples TimeTag="2024-12-30T04:13:59" DepthTag="3.116">0.576 17.243 40.319 0.000 38.571 17.243 </Samples>
		<Samples TimeTag="2024-12-30T04:14:08" DepthTag="3.217">0.719 18.253 38.786 0.000 35.687 18.253 </Samples>
		<Samples TimeTag="2024-12-30T04:14:12" DepthTag="3.319">1.229 17.320 37.272 0.000 43.086 17.320 </Samples>
		<Samples TimeTag="2024-12-30T04:14:18" DepthTag="3.423">1.080 18.023 40.461 0.000 42.627 18.023 </Samples>
		<Samples TimeTag="2024-12-30T04:15:03" DepthTag="3.524">0.345 5.600 36.101 0.000 31.302 5.600 </Samples>
		<Samples TimeTag="2024-12-30T04:15:20" DepthTag="3.626">0.363 17.503 46.998 0.000 40.449 17.503 </Samples>
		<Samples TimeTag="2024-12-30T04:15:33" DepthTag="3.726">0.469 17.932 48.247 0.000 36.910 17.932 </Samples>
		<Samples TimeTag="2024-12-30T04:15:43" DepthTag="3.829">0.585 17.733 47.708 0.000 37.214 17.733 </Samples>
		<Samples TimeTag="2024-12-30T04:15:51" DepthTag="3.931">0.801 17.886 48.327 0.000 36.126 17.886 </Samples>
		<Samples TimeTag="2024-12-30T04:16:00" DepthTag="4.033">0.697 18.131 48.155 0.000 42.168 18.131 </Samples>
		<Samples TimeTag="2024-12-30T04:16:06" DepthTag="4.135">1.027 18.437 48.053 0.000 41.444 18.437 </Samples>
		<Samples TimeTag="2024-12-30T04:16:09" DepthTag="4.237">2.043 18.743 45.872 0.000 43.334 18.743 </Samples>
		<Samples TimeTag="2024-12-30T04:16:11" DepthTag="4.340">2.760 19.018 46.851 0.000 44.536 19.018 </Samples>
		<Samples TimeTag="2024-12-30T04:16:14" DepthTag="4.447">2.679 19.094 47.479 0.000 39.536 19.094 </Samples>
		<Samples TimeTag="2024-12-30T04:16:16" DepthTag="4.550">3.080 19.079 46.853 0.000 39.024 19.079 </Samples>
		<Samples TimeTag="2024-12-30T04:16:17" DepthTag="4.655">3.571 19.416 48.799 0.000 37.029 19.416 </Samples>
		<Samples TimeTag="2024-12-30T04:16:20" DepthTag="4.761">2.834 19.477 47.899 0.000 34.870 19.477 </Samples>
		<Samples TimeTag="2024-12-30T04:16:22" DepthTag="4.865">2.595 19.492 49.262 0.000 32.409 19.492 </Samples>
		<Samples TimeTag="2024-12-30T04:16:31" DepthTag="4.966">0.674 18.375 48.156 0.000 34.045 18.375 </Samples>
		<Samples TimeTag="2024-12-30T04:16:39" DepthTag="5.068">0.785 18.299 48.260 0.000 40.248 18.299 </Samples>
		<Samples TimeTag="2024-12-30T04:16:50" DepthTag="5.168">0.529 18.054 40.729 0.000 35.129 18.054 </Samples>
		<Samples TimeTag="2024-12-30T04:16:58" DepthTag="5.270">0.721 18.207 38.791 0.000 33.838 18.207 </Samples>
	</CompactMWDdata>
	<IR:GenTrailer>
		<IR:FileCloseDate>2024-12-30T04:18:26</IR:FileCloseDate>
		<IR:ChkSum>2838533447</IR:ChkSum>
	</IR:GenTrailer>
</DRMWD>
