<?xml version="1.0" encoding="UTF-8"?>
<!-- Generated by the RCS System Epiroc Rock Drills AB -->
<DRMWD xmlns="http://www.iredes.org/xml/DrillRig" xmlns:IR="http://www.iredes.org/xml" xmlns:xsi="http://www.w3.org/2001/XMLSchema-instance" xsi:schemaLocation="http://www.iredes.org/xml/DrillRig C:\Iredes\IR_V1.2.3\xml\DR-DrillRig_V1.2\DrillRig.xsd" IRVersion="V 1.2AC" IRDownwCompat="V 1.2AC" DRMWDDownwCompat="V 1.2AC" DRMWDVersion="V 1.2AC">
	<IR:GenHead>
		<IR:FileCreateDate>2024-12-29T03:13:25</IR:FileCreateDate>
		<IR:IRversion DownwCompat="V 1.0">V 1.2AC</IR:IRversion>
		<IR:EquipmentInfo>
			<IR:EqpManufact>Epiroc</IR:EqpManufact>
			<IR:EqpType>SmartROC D65</IR:EqpType>
			<IR:EqpSerNo>8992013064</IR:EqpSerNo>
			<IR:EqpSysVer>6.28.1</IR:EqpSysVer>
			<IR:EqpInfo>DrillingMethod: DTH</IR:EqpInfo>
		</IR:EquipmentInfo>
	</IR:GenHead>
	<IR:ReportId>MWDRI290313</IR:ReportId>
	<IR:StartLogTime>2024-12-29T03:06:26</IR:StartLogTime>
	<IR:EndLogTime>2024-12-29T03:11:56</IR:EndLogTime>
	<IR:PlanIdRef>TRN08_21_0530_001_All</IR:PlanIdRef>
	<IR:PlanNameRef>TRN08_21_0530_001_All</IR:PlanNameRef>
	<MWDholeId>K45</MWDholeId>
	<QualityReportIdRef>DQRI272324</QualityReportIdRef>
	<SampleDistance>0.100</SampleDistance>
	<CompactMWDdata>
		<MWDparams>
			<Parameter Unit="m/min" Full="PenetrRate">PR</Parameter>
			<Parameter Unit="Bar" Full="PercPressure">PP</Parameter>
			<Parameter Unit="Bar" Full="FeedPressure">FP</Parameter>
			<Parameter Unit="Bar" Full="DampPressure">DP</Parameter>
			<Parameter Unit="Bar" Full="RotPressure">RP</Parameter>
			<Parameter Unit="Bar" Full="FlushPressure">FLP</Parameter>
		</MWDparams>
		<Samples TimeTag="2024-12-29T03:06:26" DepthTag="0.105">1.268 14.137 45.368 0.000 20.628 14.137 </Samples>
		<Samples TimeTag="2024-12-29T03:06:35" DepthTag="0.211">0.709 16.968 37.511 0.000 39.249 16.968 </Samples>
		<Samples TimeTag="2024-12-29T03:06:39" DepthTag="0.316">1.866 16.325 40.442 0.000 45.161 16.325 </Samples>
		<Samples TimeTag="2024-12-29T03:06:43" DepthTag="0.423">1.507 16.172 40.230 0.000 46.900 16.172 </Samples>
		<Samples TimeTag="2024-12-29T03:06:47" DepthTag="0.524">1.455 14.611 23.146 0.000 35.912 14.611 </Samples>
		<Samples TimeTag="2024-12-29T03:07:08" DepthTag="0.626">0.764 9.884 46.004 0.000 47.095 9.884 </Samples>
		<Samples TimeTag="2024-12-29T03:07:14" DepthTag="0.728">0.954 14.397 39.762 0.000 50.806 14.397 </Samples>
		<Samples TimeTag="2024-12-29T03:07:20" DepthTag="0.830">1.018 15.499 40.602 0.000 47.768 15.499 </Samples>
		<Samples TimeTag="2024-12-29T03:07:26" DepthTag="0.933">1.075 15.591 38.762 0.000 46.346 15.591 </Samples>
		<Samples TimeTag="2024-12-29T03:07:53" DepthTag="1.038">0.695 3.718 39.728 0.000 45.294 3.718 </Samples>
		<Samples TimeTag="2024-12-29T03:08:01" DepthTag="1.138">0.749 14.000 41.163 0.000 45.857 14.000 </Samples>
		<Samples TimeTag="2024-12-29T03:08:06" DepthTag="1.239">1.222 14.443 39.872 0.000 48.297 14.443 </Samples>
		<Samples TimeTag="2024-12-29T03:08:11" DepthTag="1.345">1.261 14.688 39.777 0.000 48.670 14.688 </Samples>
		<Samples TimeTag="2024-12-29T03:08:18" DepthTag="1.448">0.938 15.377 37.767 0.000 51.702 15.377 </Samples>
		<Samples TimeTag="2024-12-29T03:08:47" DepthTag="1.567">0.688 5.263 33.149 0.000 40.383 5.263 </Samples>
		<Samples TimeTag="2024-12-29T03:08:52" DepthTag="1.668">1.166 14.336 45.403 0.000 51.036 14.336 </Samples>
		<Samples TimeTag="2024-12-29T03:08:57" DepthTag="1.773">1.264 16.723 44.969 0.000 49.183 16.723 </Samples>
		<Samples TimeTag="2024-12-29T03:09:02" DepthTag="1.877">1.350 17.932 45.004 0.000 52.181 17.932 </Samples>
		<Samples TimeTag="2024-12-29T03:09:08" DepthTag="1.980">0.935 19.997 45.264 0.000 50.859 19.997 </Samples>
		<Samples TimeTag="2024-12-29T03:09:15" DepthTag="2.084">0.971 20.150 45.541 0.000 50.198 20.150 </Samples>
		<Samples TimeTag="2024-12-29T03:09:19" DepthTag="2.184">1.272 20.334 44.442 0.000 46.063 20.334 </Samples>
		<Samples TimeTag="2024-12-29T03:09:24" DepthTag="2.285">1.263 20.318 44.422 0.000 44.248 20.318 </Samples>
		<Samples TimeTag="2024-12-29T03:09:29" DepthTag="2.388">1.330 20.487 44.818 0.000 39.282 20.487 </Samples>
		<Samples TimeTag="2024-12-29T03:09:33" DepthTag="2.493">1.418 20.732 44.367 0.000 39.484 20.732 </Samples>
		<Samples TimeTag="2024-12-29T03:09:38" DepthTag="2.595">1.199 21.129 45.810 0.000 49.318 21.129 </Samples>
		<Samples TimeTag="2024-12-29T03:09:45" DepthTag="2.698">0.930 21.604 44.680 0.000 47.888 21.604 </Samples>
		<Samples TimeTag="2024-12-29T03:09:51" DepthTag="2.802">1.003 22.078 44.987 0.000 49.229 22.078 </Samples>
		<Samples TimeTag="2024-12-29T03:09:57" DepthTag="2.905">1.036 22.154 44.830 0.000 47.309 22.154 </Samples>
		<Samples TimeTag="2024-12-29T03:10:03" DepthTag="3.006">1.007 21.711 44.839 0.000 47.311 21.711 </Samples>
		<Samples TimeTag="2024-12-29T03:10:09" DepthTag="3.107">1.123 22.414 44.839 0.000 51.200 22.414 </Samples>
		<Samples TimeTag="2024-12-29T03:10:15" DepthTag="3.209">0.899 23.057 45.284 0.000 51.235 23.057 </Samples>
		<Samples TimeTag="2024-12-29T03:10:22" DepthTag="3.311">0.908 22.965 44.850 0.000 44.131 22.965 </Samples>
		<Samples TimeTag="2024-12-29T03:10:28" DepthTag="3.412">1.036 23.333 44.273 0.000 45.913 23.333 </Samples>
		<Samples TimeTag="2024-12-29T03:10:34" DepthTag="3.516">1.048 23.792 44.714 0.000 46.759 23.792 </Samples>
		<Samples TimeTag="2024-12-29T03:10:40" DepthTag="3.618">1.017 24.174 44.997 0.000 42.592 24.174 </Samples>
		<Samples TimeTag="2024-12-29T03:10:46" DepthTag="3.719">1.081 24.097 45.068 0.000 41.033 24.097 </Samples>
		<Samples TimeTag="2024-12-29T03:10:51" DepthTag="3.821">1.131 24.388 45.919 0.000 41.981 24.388 </Samples>
		<Samples TimeTag="2024-12-29T03:10:56" DepthTag="3.925">1.154 24.480 45.521 0.000 45.393 24.480 </Samples>
		<Samples TimeTag="2024-12-29T03:11:02" DepthTag="4.030">1.121 24.602 45.574 0.000 45.474 24.602 </Samples>
		<Samples TimeTag="2024-12-29T03:11:08" DepthTag="4.131">1.012 25.245 44.770 0.000 46.287 25.245 </Samples>
		<Samples TimeTag="2024-12-29T03:11:14" DepthTag="4.232">1.016 25.750 44.427 0.000 45.169 25.750 </Samples>
		<Samples TimeTag="2024-12-29T03:11:20" DepthTag="4.335">0.959 26.301 44.878 0.000 39.680 26.301 </Samples>
		<Samples TimeTag="2024-12-29T03:11:27" DepthTag="4.436">0.924 26.668 45.281 0.000 37.591 26.668 </Samples>
		<Samples TimeTag="2024-12-29T03:11:32" DepthTag="4.537">1.112 26.377 44.839 0.000 45.344 26.377 </Samples>
		<Samples TimeTag="2024-12-29T03:11:41" DepthTag="4.643">0.776 14.351 41.423 0.000 52.150 14.351 </Samples>
		<Samples TimeTag="2024-12-29T03:11:46" DepthTag="4.747">1.196 17.518 44.855 0.000 52.864 17.518 </Samples>
		<Samples TimeTag="2024-12-29T03:11:51" DepthTag="4.848">1.284 18.941 40.754 0.000 56.966 18.941 </Samples>
		<Samples TimeTag="2024-12-29T03:11:56" DepthTag="4.950">1.047 20.441 40.549 0.000 57.831 20.441 </Samples>
	</CompactMWDdata>
	<IR:GenTrailer>
		<IR:FileCloseDate>2024-12-29T03:13:25</IR:FileCloseDate>
		<IR:ChkSum>3856418714</IR:ChkSum>
	</IR:GenTrailer>
</DRMWD>
