<?xml version="1.0" encoding="UTF-8"?>
<!-- Generated by the RCS System Epiroc Rock Drills AB -->
<DRMWD xmlns="http://www.iredes.org/xml/DrillRig" xmlns:IR="http://www.iredes.org/xml" xmlns:xsi="http://www.w3.org/2001/XMLSchema-instance" xsi:schemaLocation="http://www.iredes.org/xml/DrillRig C:\Iredes\IR_V1.2.3\xml\DR-DrillRig_V1.2\DrillRig.xsd" IRVersion="V 1.2AC" IRDownwCompat="V 1.2AC" DRMWDDownwCompat="V 1.2AC" DRMWDVersion="V 1.2AC">
	<IR:GenHead>
		<IR:FileCreateDate>2024-12-28T22:20:37</IR:FileCreateDate>
		<IR:IRversion DownwCompat="V 1.0">V 1.2AC</IR:IRversion>
		<IR:EquipmentInfo>
			<IR:EqpManufact>Epiroc</IR:EqpManufact>
			<IR:EqpType>SmartROC D65</IR:EqpType>
			<IR:EqpSerNo>8992013064</IR:EqpSerNo>
			<IR:EqpSysVer>6.28.1</IR:EqpSysVer>
			<IR:EqpInfo>DrillingMethod: DTH</IR:EqpInfo>
		</IR:EquipmentInfo>
	</IR:GenHead>
	<IR:ReportId>MWDRI282220</IR:ReportId>
	<IR:StartLogTime>2024-12-28T22:14:03</IR:StartLogTime>
	<IR:EndLogTime>2024-12-28T22:19:10</IR:EndLogTime>
	<IR:PlanIdRef>TRN08_21_0530_001_All</IR:PlanIdRef>
	<IR:PlanNameRef>TRN08_21_0530_001_All</IR:PlanNameRef>
	<MWDholeId>I49</MWDholeId>
	<QualityReportIdRef>DQRI272324</QualityReportIdRef>
	<SampleDistance>0.100</SampleDistance>
	<CompactMWDdata>
		<MWDparams>
			<Parameter Unit="m/min" Full="PenetrRate">PR</Parameter>
			<Parameter Unit="Bar" Full="PercPressure">PP</Parameter>
			<Parameter Unit="Bar" Full="FeedPressure">FP</Parameter>
			<Parameter Unit="Bar" Full="DampPressure">DP</Parameter>
			<Parameter Unit="Bar" Full="RotPressure">RP</Parameter>
			<Parameter Unit="Bar" Full="FlushPressure">FLP</Parameter>
		</MWDparams>
		<Samples TimeTag="2024-12-28T22:14:03" DepthTag="0.103">0.966 14.290 46.485 0.000 21.329 14.290 </Samples>
		<Samples TimeTag="2024-12-28T22:14:10" DepthTag="0.219">0.891 17.335 32.150 0.000 29.374 17.335 </Samples>
		<Samples TimeTag="2024-12-28T22:14:12" DepthTag="0.335">4.325 16.815 35.386 0.000 34.835 16.815 </Samples>
		<Samples TimeTag="2024-12-28T22:14:14" DepthTag="0.437">2.823 16.478 41.316 0.000 41.931 16.478 </Samples>
		<Samples TimeTag="2024-12-28T22:14:35" DepthTag="0.558">0.952 4.819 35.160 0.000 39.453 4.819 </Samples>
		<Samples TimeTag="2024-12-28T22:14:41" DepthTag="0.660">1.019 13.189 42.289 0.000 54.572 13.189 </Samples>
		<Samples TimeTag="2024-12-28T22:14:47" DepthTag="0.762">0.936 15.453 40.591 0.000 57.227 15.453 </Samples>
		<Samples TimeTag="2024-12-28T22:15:01" DepthTag="0.863">0.451 13.265 44.186 0.000 51.149 13.265 </Samples>
		<Samples TimeTag="2024-12-28T22:15:08" DepthTag="0.965">0.879 15.239 40.674 0.000 49.620 15.239 </Samples>
		<Samples TimeTag="2024-12-28T22:15:41" DepthTag="1.066">0.532 13.831 41.300 0.000 49.112 13.831 </Samples>
		<Samples TimeTag="2024-12-28T22:15:48" DepthTag="1.167">0.976 14.979 40.256 0.000 51.252 14.979 </Samples>
		<Samples TimeTag="2024-12-28T22:15:52" DepthTag="1.267">1.248 15.071 38.626 0.000 45.040 15.071 </Samples>
		<Samples TimeTag="2024-12-28T22:15:57" DepthTag="1.368">1.453 15.208 40.742 0.000 53.299 15.208 </Samples>
		<Samples TimeTag="2024-12-28T22:16:03" DepthTag="1.470">0.975 15.759 40.309 0.000 47.160 15.759 </Samples>
		<Samples TimeTag="2024-12-28T22:16:30" DepthTag="1.572">0.716 8.262 42.044 0.000 54.285 8.262 </Samples>
		<Samples TimeTag="2024-12-28T22:16:35" DepthTag="1.678">1.361 14.810 44.829 0.000 49.330 14.810 </Samples>
		<Samples TimeTag="2024-12-28T22:16:39" DepthTag="1.781">1.354 16.968 44.923 0.000 55.958 16.968 </Samples>
		<Samples TimeTag="2024-12-28T22:16:46" DepthTag="1.883">0.992 18.681 44.703 0.000 49.126 18.681 </Samples>
		<Samples TimeTag="2024-12-28T22:16:50" DepthTag="1.987">1.412 18.941 44.814 0.000 44.306 18.941 </Samples>
		<Samples TimeTag="2024-12-28T22:16:54" DepthTag="2.087">1.414 19.921 45.144 0.000 54.178 19.921 </Samples>
		<Samples TimeTag="2024-12-28T22:17:00" DepthTag="2.189">1.107 21.053 45.906 0.000 48.133 21.053 </Samples>
		<Samples TimeTag="2024-12-28T22:17:06" DepthTag="2.294">0.999 21.833 45.326 0.000 46.135 21.833 </Samples>
		<Samples TimeTag="2024-12-28T22:17:11" DepthTag="2.395">1.132 22.154 45.695 0.000 35.183 22.154 </Samples>
		<Samples TimeTag="2024-12-28T22:17:15" DepthTag="2.495">1.600 21.711 45.401 0.000 43.861 21.711 </Samples>
		<Samples TimeTag="2024-12-28T22:17:19" DepthTag="2.598">1.603 20.961 45.532 0.000 41.969 20.961 </Samples>
		<Samples TimeTag="2024-12-28T22:17:23" DepthTag="2.701">1.484 20.563 44.569 0.000 47.666 20.563 </Samples>
		<Samples TimeTag="2024-12-28T22:17:27" DepthTag="2.806">1.476 20.410 45.395 0.000 43.345 20.410 </Samples>
		<Samples TimeTag="2024-12-28T22:17:32" DepthTag="2.909">1.246 21.038 45.486 0.000 46.199 21.038 </Samples>
		<Samples TimeTag="2024-12-28T22:17:39" DepthTag="3.013">0.967 22.231 44.965 0.000 47.461 22.231 </Samples>
		<Samples TimeTag="2024-12-28T22:17:45" DepthTag="3.115">0.967 23.210 45.995 0.000 45.050 23.210 </Samples>
		<Samples TimeTag="2024-12-28T22:17:51" DepthTag="3.216">1.010 23.761 44.706 0.000 44.239 23.761 </Samples>
		<Samples TimeTag="2024-12-28T22:17:57" DepthTag="3.318">1.018 24.281 44.588 0.000 40.846 24.281 </Samples>
		<Samples TimeTag="2024-12-28T22:18:03" DepthTag="3.419">0.980 24.725 45.394 0.000 49.388 24.725 </Samples>
		<Samples TimeTag="2024-12-28T22:18:09" DepthTag="3.519">1.028 24.633 45.154 0.000 51.453 24.633 </Samples>
		<Samples TimeTag="2024-12-28T22:18:16" DepthTag="3.624">0.976 24.618 44.666 0.000 41.812 24.618 </Samples>
		<Samples TimeTag="2024-12-28T22:18:20" DepthTag="3.724">1.448 24.082 44.807 0.000 44.791 24.082 </Samples>
		<Samples TimeTag="2024-12-28T22:18:24" DepthTag="3.828">1.410 23.639 45.195 0.000 50.327 23.639 </Samples>
		<Samples TimeTag="2024-12-28T22:18:30" DepthTag="3.930">1.063 23.241 45.101 0.000 44.871 23.241 </Samples>
		<Samples TimeTag="2024-12-28T22:18:34" DepthTag="4.034">1.406 23.287 45.051 0.000 45.203 23.287 </Samples>
		<Samples TimeTag="2024-12-28T22:18:40" DepthTag="4.135">1.053 23.363 44.641 0.000 48.241 23.363 </Samples>
		<Samples TimeTag="2024-12-28T22:18:45" DepthTag="4.235">1.246 23.164 44.983 0.000 47.049 23.164 </Samples>
		<Samples TimeTag="2024-12-28T22:18:50" DepthTag="4.338">1.351 23.134 44.699 0.000 42.494 23.134 </Samples>
		<Samples TimeTag="2024-12-28T22:18:54" DepthTag="4.438">1.291 23.271 44.889 0.000 46.460 23.271 </Samples>
		<Samples TimeTag="2024-12-28T22:19:00" DepthTag="4.540">1.016 23.271 44.148 0.000 39.926 23.271 </Samples>
		<Samples TimeTag="2024-12-28T22:19:05" DepthTag="4.643">1.242 23.440 42.941 0.000 38.307 23.440 </Samples>
		<Samples TimeTag="2024-12-28T22:19:10" DepthTag="4.747">1.294 23.639 39.824 0.000 40.817 23.639 </Samples>
	</CompactMWDdata>
	<IR:GenTrailer>
		<IR:FileCloseDate>2024-12-28T22:20:37</IR:FileCloseDate>
		<IR:ChkSum>1925489916</IR:ChkSum>
	</IR:GenTrailer>
</DRMWD>
