<?xml version="1.0" encoding="UTF-8"?>
<!-- Generated by the RCS System Epiroc Rock Drills AB -->
<DRMWD xmlns="http://www.iredes.org/xml/DrillRig" xmlns:IR="http://www.iredes.org/xml" xmlns:xsi="http://www.w3.org/2001/XMLSchema-instance" xsi:schemaLocation="http://www.iredes.org/xml/DrillRig C:\Iredes\IR_V1.2.3\xml\DR-DrillRig_V1.2\DrillRig.xsd" IRVersion="V 1.2AC" IRDownwCompat="V 1.2AC" DRMWDDownwCompat="V 1.2AC" DRMWDVersion="V 1.2AC">
	<IR:GenHead>
		<IR:FileCreateDate>2024-12-29T14:56:36</IR:FileCreateDate>
		<IR:IRversion DownwCompat="V 1.0">V 1.2AC</IR:IRversion>
		<IR:EquipmentInfo>
			<IR:EqpManufact>Epiroc</IR:EqpManufact>
			<IR:EqpType>SmartROC D65</IR:EqpType>
			<IR:EqpSerNo>8992013064</IR:EqpSerNo>
			<IR:EqpSysVer>6.28.1</IR:EqpSysVer>
			<IR:EqpInfo>DrillingMethod: DTH</IR:EqpInfo>
		</IR:EquipmentInfo>
	</IR:GenHead>
	<IR:ReportId>MWDRI291456</IR:ReportId>
	<IR:StartLogTime>2024-12-29T14:49:06</IR:StartLogTime>
	<IR:EndLogTime>2024-12-29T14:55:50</IR:EndLogTime>
	<IR:PlanIdRef>TRN08_21_0530_001_All</IR:PlanIdRef>
	<IR:PlanNameRef>TRN08_21_0530_001_All</IR:PlanNameRef>
	<MWDholeId>I47</MWDholeId>
	<QualityReportIdRef>DQRI272324</QualityReportIdRef>
	<SampleDistance>0.100</SampleDistance>
	<CompactMWDdata>
		<MWDparams>
			<Parameter Unit="m/min" Full="PenetrRate">PR</Parameter>
			<Parameter Unit="Bar" Full="PercPressure">PP</Parameter>
			<Parameter Unit="Bar" Full="FeedPressure">FP</Parameter>
			<Parameter Unit="Bar" Full="DampPressure">DP</Parameter>
			<Parameter Unit="Bar" Full="RotPressure">RP</Parameter>
			<Parameter Unit="Bar" Full="FlushPressure">FLP</Parameter>
		</MWDparams>
		<Samples TimeTag="2024-12-29T14:49:06" DepthTag="0.102">0.503 7.313 40.159 0.000 42.740 7.313 </Samples>
		<Samples TimeTag="2024-12-29T14:49:11" DepthTag="0.206">1.323 12.271 39.392 0.000 43.969 12.271 </Samples>
		<Samples TimeTag="2024-12-29T14:49:15" DepthTag="0.308">1.519 13.954 39.994 0.000 45.879 13.954 </Samples>
		<Samples TimeTag="2024-12-29T14:49:20" DepthTag="0.408">1.293 15.269 40.731 0.000 50.429 15.269 </Samples>
		<Samples TimeTag="2024-12-29T14:49:25" DepthTag="0.509">1.214 14.734 23.481 0.000 43.347 14.734 </Samples>
		<Samples TimeTag="2024-12-29T14:49:44" DepthTag="0.609">0.860 8.048 48.209 0.000 51.832 8.048 </Samples>
		<Samples TimeTag="2024-12-29T14:49:49" DepthTag="0.712">1.234 12.776 41.589 0.000 55.175 12.776 </Samples>
		<Samples TimeTag="2024-12-29T14:49:53" DepthTag="0.813">1.510 14.015 40.672 0.000 55.655 14.015 </Samples>
		<Samples TimeTag="2024-12-29T14:49:58" DepthTag="0.915">1.379 14.397 40.812 0.000 49.755 14.397 </Samples>
		<Samples TimeTag="2024-12-29T14:50:24" DepthTag="1.035">0.815 3.106 26.450 0.000 35.826 3.106 </Samples>
		<Samples TimeTag="2024-12-29T14:50:29" DepthTag="1.138">1.118 11.353 42.639 0.000 52.674 11.353 </Samples>
		<Samples TimeTag="2024-12-29T14:50:34" DepthTag="1.239">1.263 13.342 39.652 0.000 51.690 13.342 </Samples>
		<Samples TimeTag="2024-12-29T14:50:38" DepthTag="1.342">1.448 14.137 40.167 0.000 51.310 14.137 </Samples>
		<Samples TimeTag="2024-12-29T14:50:42" DepthTag="1.444">1.525 14.413 40.484 0.000 51.942 14.413 </Samples>
		<Samples TimeTag="2024-12-29T14:51:12" DepthTag="1.554">0.879 4.850 32.939 0.000 33.203 4.850 </Samples>
		<Samples TimeTag="2024-12-29T14:51:18" DepthTag="1.655">0.979 14.994 42.106 0.000 53.215 14.994 </Samples>
		<Samples TimeTag="2024-12-29T14:51:24" DepthTag="1.756">1.082 17.105 40.201 0.000 50.190 17.105 </Samples>
		<Samples TimeTag="2024-12-29T14:51:29" DepthTag="1.857">1.278 18.039 39.346 0.000 51.319 18.039 </Samples>
		<Samples TimeTag="2024-12-29T14:51:34" DepthTag="1.962">1.243 18.865 40.446 0.000 57.211 18.865 </Samples>
		<Samples TimeTag="2024-12-29T14:51:39" DepthTag="2.063">1.171 19.798 40.597 0.000 51.537 19.798 </Samples>
		<Samples TimeTag="2024-12-29T14:51:44" DepthTag="2.165">1.191 19.966 40.169 0.000 47.409 19.966 </Samples>
		<Samples TimeTag="2024-12-29T14:51:48" DepthTag="2.268">1.451 19.706 39.578 0.000 51.142 19.706 </Samples>
		<Samples TimeTag="2024-12-29T14:51:53" DepthTag="2.374">1.323 19.982 39.949 0.000 60.024 19.982 </Samples>
		<Samples TimeTag="2024-12-29T14:51:58" DepthTag="2.475">1.123 19.951 40.382 0.000 51.119 19.951 </Samples>
		<Samples TimeTag="2024-12-29T14:52:26" DepthTag="2.579">0.706 5.294 25.098 0.000 27.217 5.294 </Samples>
		<Samples TimeTag="2024-12-29T14:52:33" DepthTag="2.682">0.860 17.182 39.998 0.000 45.494 17.182 </Samples>
		<Samples TimeTag="2024-12-29T14:52:37" DepthTag="2.783">1.789 17.396 39.349 0.000 43.158 17.396 </Samples>
		<Samples TimeTag="2024-12-29T14:52:40" DepthTag="2.885">1.708 17.717 39.753 0.000 53.247 17.717 </Samples>
		<Samples TimeTag="2024-12-29T14:52:44" DepthTag="2.990">1.745 18.176 41.063 0.000 52.550 18.176 </Samples>
		<Samples TimeTag="2024-12-29T14:52:48" DepthTag="3.092">1.340 18.911 40.388 0.000 54.375 18.911 </Samples>
		<Samples TimeTag="2024-12-29T14:52:52" DepthTag="3.196">1.802 18.911 38.655 0.000 62.178 18.911 </Samples>
		<Samples TimeTag="2024-12-29T14:52:57" DepthTag="3.299">1.208 19.813 40.309 0.000 50.797 19.813 </Samples>
		<Samples TimeTag="2024-12-29T14:53:01" DepthTag="3.404">1.431 19.905 39.073 0.000 43.581 19.905 </Samples>
		<Samples TimeTag="2024-12-29T14:53:07" DepthTag="3.512">1.146 19.599 36.877 0.000 42.086 19.599 </Samples>
		<Samples TimeTag="2024-12-29T14:53:36" DepthTag="3.614">0.552 13.234 45.199 0.000 55.566 13.234 </Samples>
		<Samples TimeTag="2024-12-29T14:53:42" DepthTag="3.720">1.100 17.121 41.047 0.000 48.761 17.121 </Samples>
		<Samples TimeTag="2024-12-29T14:53:47" DepthTag="3.822">1.343 18.360 40.395 0.000 55.070 18.360 </Samples>
		<Samples TimeTag="2024-12-29T14:53:52" DepthTag="3.927">1.207 19.691 40.102 0.000 53.996 19.691 </Samples>
		<Samples TimeTag="2024-12-29T14:53:57" DepthTag="4.029">1.138 20.701 38.528 0.000 47.944 20.701 </Samples>
		<Samples TimeTag="2024-12-29T14:54:01" DepthTag="4.130">1.686 20.395 39.243 0.000 52.942 20.395 </Samples>
		<Samples TimeTag="2024-12-29T14:54:05" DepthTag="4.233">1.390 20.885 41.066 0.000 48.691 20.885 </Samples>
		<Samples TimeTag="2024-12-29T14:54:10" DepthTag="4.334">1.434 20.946 41.034 0.000 56.243 20.946 </Samples>
		<Samples TimeTag="2024-12-29T14:54:16" DepthTag="4.435">1.043 21.558 39.741 0.000 40.528 21.558 </Samples>
		<Samples TimeTag="2024-12-29T14:54:54" DepthTag="4.537">1.099 5.324 39.940 0.000 49.687 5.324 </Samples>
		<Samples TimeTag="2024-12-29T14:55:00" DepthTag="4.639">1.059 15.377 45.036 0.000 57.222 15.377 </Samples>
		<Samples TimeTag="2024-12-29T14:55:06" DepthTag="4.743">1.075 18.850 40.517 0.000 57.926 18.850 </Samples>
		<Samples TimeTag="2024-12-29T14:55:12" DepthTag="4.843">0.972 22.613 39.052 0.000 44.844 22.613 </Samples>
		<Samples TimeTag="2024-12-29T14:55:50" DepthTag="4.943">1.499 4.942 18.683 0.000 42.087 4.942 </Samples>
	</CompactMWDdata>
	<IR:GenTrailer>
		<IR:FileCloseDate>2024-12-29T14:56:36</IR:FileCloseDate>
		<IR:ChkSum>1860704221</IR:ChkSum>
	</IR:GenTrailer>
</DRMWD>
