<?xml version="1.0" encoding="UTF-8"?>
<!-- Generated by the RCS System Epiroc Rock Drills AB -->
<DRMWD xmlns="http://www.iredes.org/xml/DrillRig" xmlns:IR="http://www.iredes.org/xml" xmlns:xsi="http://www.w3.org/2001/XMLSchema-instance" xsi:schemaLocation="http://www.iredes.org/xml/DrillRig C:\Iredes\IR_V1.2.3\xml\DR-DrillRig_V1.2\DrillRig.xsd" IRVersion="V 1.2AC" IRDownwCompat="V 1.2AC" DRMWDDownwCompat="V 1.2AC" DRMWDVersion="V 1.2AC">
	<IR:GenHead>
		<IR:FileCreateDate>2024-12-28T19:33:38</IR:FileCreateDate>
		<IR:IRversion DownwCompat="V 1.0">V 1.2AC</IR:IRversion>
		<IR:EquipmentInfo>
			<IR:EqpManufact>Epiroc</IR:EqpManufact>
			<IR:EqpType>SmartROC D65</IR:EqpType>
			<IR:EqpSerNo>8992013064</IR:EqpSerNo>
			<IR:EqpSysVer>6.28.1</IR:EqpSysVer>
			<IR:EqpInfo>DrillingMethod: DTH</IR:EqpInfo>
		</IR:EquipmentInfo>
	</IR:GenHead>
	<IR:ReportId>MWDRI281933</IR:ReportId>
	<IR:StartLogTime>2024-12-28T19:26:34</IR:StartLogTime>
	<IR:EndLogTime>2024-12-28T19:32:13</IR:EndLogTime>
	<IR:PlanIdRef>TRN08_21_0530_001_All</IR:PlanIdRef>
	<IR:PlanNameRef>TRN08_21_0530_001_All</IR:PlanNameRef>
	<MWDholeId>I50</MWDholeId>
	<QualityReportIdRef>DQRI272324</QualityReportIdRef>
	<SampleDistance>0.100</SampleDistance>
	<CompactMWDdata>
		<MWDparams>
			<Parameter Unit="m/min" Full="PenetrRate">PR</Parameter>
			<Parameter Unit="Bar" Full="PercPressure">PP</Parameter>
			<Parameter Unit="Bar" Full="FeedPressure">FP</Parameter>
			<Parameter Unit="Bar" Full="DampPressure">DP</Parameter>
			<Parameter Unit="Bar" Full="RotPressure">RP</Parameter>
			<Parameter Unit="Bar" Full="FlushPressure">FLP</Parameter>
		</MWDparams>
		<Samples TimeTag="2024-12-28T19:26:34" DepthTag="0.105">1.550 14.153 42.195 0.000 21.325 14.153 </Samples>
		<Samples TimeTag="2024-12-28T19:26:42" DepthTag="0.205">0.699 17.564 38.040 0.000 38.401 17.564 </Samples>
		<Samples TimeTag="2024-12-28T19:26:45" DepthTag="0.308">2.196 16.799 39.190 0.000 43.240 16.799 </Samples>
		<Samples TimeTag="2024-12-28T19:26:48" DepthTag="0.409">1.898 16.218 39.364 0.000 43.179 16.218 </Samples>
		<Samples TimeTag="2024-12-28T19:26:52" DepthTag="0.512">1.924 15.774 40.968 0.000 44.830 15.774 </Samples>
		<Samples TimeTag="2024-12-28T19:27:13" DepthTag="0.615">0.669 10.786 44.667 0.000 56.093 10.786 </Samples>
		<Samples TimeTag="2024-12-28T19:27:20" DepthTag="0.717">0.909 14.229 40.513 0.000 46.449 14.229 </Samples>
		<Samples TimeTag="2024-12-28T19:27:25" DepthTag="0.819">1.388 14.458 40.782 0.000 43.590 14.458 </Samples>
		<Samples TimeTag="2024-12-28T19:27:29" DepthTag="0.922">1.456 14.611 37.882 0.000 41.507 14.611 </Samples>
		<Samples TimeTag="2024-12-28T19:27:55" DepthTag="1.041">0.818 3.488 28.011 0.000 33.338 3.488 </Samples>
		<Samples TimeTag="2024-12-28T19:28:04" DepthTag="1.142">0.720 14.030 41.847 0.000 52.353 14.030 </Samples>
		<Samples TimeTag="2024-12-28T19:28:09" DepthTag="1.247">1.198 14.627 40.115 0.000 46.031 14.627 </Samples>
		<Samples TimeTag="2024-12-28T19:28:14" DepthTag="1.350">1.354 14.703 38.943 0.000 42.618 14.703 </Samples>
		<Samples TimeTag="2024-12-28T19:28:18" DepthTag="1.450">1.365 14.887 40.275 0.000 47.173 14.887 </Samples>
		<Samples TimeTag="2024-12-28T19:28:46" DepthTag="1.551">0.641 7.191 41.768 0.000 49.147 7.191 </Samples>
		<Samples TimeTag="2024-12-28T19:28:52" DepthTag="1.653">1.175 14.688 44.684 0.000 50.766 14.688 </Samples>
		<Samples TimeTag="2024-12-28T19:28:56" DepthTag="1.755">1.520 16.509 45.053 0.000 52.563 16.509 </Samples>
		<Samples TimeTag="2024-12-28T19:29:03" DepthTag="1.858">0.793 20.410 44.940 0.000 46.866 20.410 </Samples>
		<Samples TimeTag="2024-12-28T19:29:08" DepthTag="1.961">1.355 20.533 44.934 0.000 48.413 20.533 </Samples>
		<Samples TimeTag="2024-12-28T19:29:13" DepthTag="2.064">1.131 21.313 44.554 0.000 48.630 21.313 </Samples>
		<Samples TimeTag="2024-12-28T19:29:20" DepthTag="2.165">0.926 22.277 45.294 0.000 50.240 22.277 </Samples>
		<Samples TimeTag="2024-12-28T19:29:27" DepthTag="2.267">0.844 22.858 45.241 0.000 43.227 22.858 </Samples>
		<Samples TimeTag="2024-12-28T19:29:33" DepthTag="2.371">1.008 22.996 45.286 0.000 45.834 22.996 </Samples>
		<Samples TimeTag="2024-12-28T19:29:39" DepthTag="2.472">1.010 22.659 44.103 0.000 40.310 22.659 </Samples>
		<Samples TimeTag="2024-12-28T19:29:45" DepthTag="2.574">1.136 23.088 44.413 0.000 37.480 23.088 </Samples>
		<Samples TimeTag="2024-12-28T19:29:50" DepthTag="2.676">1.226 22.782 44.902 0.000 34.597 22.782 </Samples>
		<Samples TimeTag="2024-12-28T19:29:55" DepthTag="2.780">1.205 22.460 44.749 0.000 38.228 22.460 </Samples>
		<Samples TimeTag="2024-12-28T19:30:00" DepthTag="2.881">1.323 22.506 45.144 0.000 41.821 22.506 </Samples>
		<Samples TimeTag="2024-12-28T19:30:06" DepthTag="2.982">1.002 22.889 44.808 0.000 45.791 22.889 </Samples>
		<Samples TimeTag="2024-12-28T19:30:11" DepthTag="3.083">1.036 22.950 44.495 0.000 51.860 22.950 </Samples>
		<Samples TimeTag="2024-12-28T19:30:18" DepthTag="3.185">0.936 23.577 45.038 0.000 57.136 23.577 </Samples>
		<Samples TimeTag="2024-12-28T19:30:29" DepthTag="3.288">0.551 20.211 45.310 0.000 47.368 20.211 </Samples>
		<Samples TimeTag="2024-12-28T19:30:35" DepthTag="3.388">1.000 21.971 45.044 0.000 46.320 21.971 </Samples>
		<Samples TimeTag="2024-12-28T19:30:42" DepthTag="3.489">0.858 23.501 44.645 0.000 40.853 23.501 </Samples>
		<Samples TimeTag="2024-12-28T19:30:49" DepthTag="3.590">0.902 24.373 45.397 0.000 46.899 24.373 </Samples>
		<Samples TimeTag="2024-12-28T19:30:59" DepthTag="3.692">0.637 14.611 44.748 0.000 57.375 14.611 </Samples>
		<Samples TimeTag="2024-12-28T19:31:07" DepthTag="3.795">0.765 19.630 44.817 0.000 55.080 19.630 </Samples>
		<Samples TimeTag="2024-12-28T19:31:14" DepthTag="3.896">0.783 22.139 44.905 0.000 52.720 22.139 </Samples>
		<Samples TimeTag="2024-12-28T19:31:21" DepthTag="3.997">0.866 24.113 45.123 0.000 54.167 24.113 </Samples>
		<Samples TimeTag="2024-12-28T19:31:29" DepthTag="4.100">0.774 22.629 45.456 0.000 48.873 22.629 </Samples>
		<Samples TimeTag="2024-12-28T19:31:36" DepthTag="4.202">0.932 23.593 45.148 0.000 43.954 23.593 </Samples>
		<Samples TimeTag="2024-12-28T19:31:42" DepthTag="4.304">0.947 24.358 43.809 0.000 42.768 24.358 </Samples>
		<Samples TimeTag="2024-12-28T19:31:48" DepthTag="4.405">1.008 24.893 44.512 0.000 41.855 24.893 </Samples>
		<Samples TimeTag="2024-12-28T19:31:54" DepthTag="4.510">1.088 25.123 45.256 0.000 42.614 25.123 </Samples>
		<Samples TimeTag="2024-12-28T19:32:01" DepthTag="4.611">0.951 25.551 45.109 0.000 40.913 25.551 </Samples>
		<Samples TimeTag="2024-12-28T19:32:07" DepthTag="4.712">0.944 25.413 40.435 0.000 39.992 25.413 </Samples>
		<Samples TimeTag="2024-12-28T19:32:13" DepthTag="4.813">0.957 25.291 40.345 0.000 40.880 25.291 </Samples>
	</CompactMWDdata>
	<IR:GenTrailer>
		<IR:FileCloseDate>2024-12-28T19:33:38</IR:FileCloseDate>
		<IR:ChkSum>3732582657</IR:ChkSum>
	</IR:GenTrailer>
</DRMWD>
