<?xml version="1.0" encoding="UTF-8"?>
<!-- Generated by the RCS System Epiroc Rock Drills AB -->
<DRMWD xmlns="http://www.iredes.org/xml/DrillRig" xmlns:IR="http://www.iredes.org/xml" xmlns:xsi="http://www.w3.org/2001/XMLSchema-instance" xsi:schemaLocation="http://www.iredes.org/xml/DrillRig C:\Iredes\IR_V1.2.3\xml\DR-DrillRig_V1.2\DrillRig.xsd" IRVersion="V 1.2AC" IRDownwCompat="V 1.2AC" DRMWDDownwCompat="V 1.2AC" DRMWDVersion="V 1.2AC">
	<IR:GenHead>
		<IR:FileCreateDate>2024-12-29T04:47:01</IR:FileCreateDate>
		<IR:IRversion DownwCompat="V 1.0">V 1.2AC</IR:IRversion>
		<IR:EquipmentInfo>
			<IR:EqpManufact>Epiroc</IR:EqpManufact>
			<IR:EqpType>SmartROC D65</IR:EqpType>
			<IR:EqpSerNo>8992013064</IR:EqpSerNo>
			<IR:EqpSysVer>6.28.1</IR:EqpSysVer>
			<IR:EqpInfo>DrillingMethod: DTH</IR:EqpInfo>
		</IR:EquipmentInfo>
	</IR:GenHead>
	<IR:ReportId>MWDRI290447</IR:ReportId>
	<IR:StartLogTime>2024-12-29T04:40:41</IR:StartLogTime>
	<IR:EndLogTime>2024-12-29T04:45:32</IR:EndLogTime>
	<IR:PlanIdRef>TRN08_21_0530_001_All</IR:PlanIdRef>
	<IR:PlanNameRef>TRN08_21_0530_001_All</IR:PlanNameRef>
	<MWDholeId>J45</MWDholeId>
	<QualityReportIdRef>DQRI272324</QualityReportIdRef>
	<SampleDistance>0.100</SampleDistance>
	<CompactMWDdata>
		<MWDparams>
			<Parameter Unit="m/min" Full="PenetrRate">PR</Parameter>
			<Parameter Unit="Bar" Full="PercPressure">PP</Parameter>
			<Parameter Unit="Bar" Full="FeedPressure">FP</Parameter>
			<Parameter Unit="Bar" Full="DampPressure">DP</Parameter>
			<Parameter Unit="Bar" Full="RotPressure">RP</Parameter>
			<Parameter Unit="Bar" Full="FlushPressure">FLP</Parameter>
		</MWDparams>
		<Samples TimeTag="2024-12-29T04:40:41" DepthTag="0.101">1.138 14.168 44.676 0.000 20.448 14.168 </Samples>
		<Samples TimeTag="2024-12-29T04:40:49" DepthTag="0.201">0.832 16.509 37.969 0.000 41.813 16.509 </Samples>
		<Samples TimeTag="2024-12-29T04:40:52" DepthTag="0.303">2.073 16.034 38.988 0.000 44.907 16.034 </Samples>
		<Samples TimeTag="2024-12-29T04:40:55" DepthTag="0.405">2.004 15.606 39.344 0.000 45.758 15.606 </Samples>
		<Samples TimeTag="2024-12-29T04:40:57" DepthTag="0.506">2.165 15.392 39.997 0.000 42.243 15.392 </Samples>
		<Samples TimeTag="2024-12-29T04:41:17" DepthTag="0.609">0.956 8.629 46.909 0.000 58.759 8.629 </Samples>
		<Samples TimeTag="2024-12-29T04:41:23" DepthTag="0.710">0.896 14.275 40.970 0.000 52.262 14.275 </Samples>
		<Samples TimeTag="2024-12-29T04:41:28" DepthTag="0.812">1.230 14.657 38.993 0.000 43.087 14.657 </Samples>
		<Samples TimeTag="2024-12-29T04:41:32" DepthTag="0.913">1.748 14.657 40.166 0.000 46.384 14.657 </Samples>
		<Samples TimeTag="2024-12-29T04:41:37" DepthTag="1.013">1.215 12.439 13.400 0.000 34.909 12.439 </Samples>
		<Samples TimeTag="2024-12-29T04:42:07" DepthTag="1.118">0.545 13.020 41.788 0.000 48.247 13.020 </Samples>
		<Samples TimeTag="2024-12-29T04:42:13" DepthTag="1.220">1.038 14.443 39.281 0.000 44.805 14.443 </Samples>
		<Samples TimeTag="2024-12-29T04:42:17" DepthTag="1.324">1.297 14.550 40.262 0.000 47.219 14.550 </Samples>
		<Samples TimeTag="2024-12-29T04:42:22" DepthTag="1.430">1.358 14.581 40.163 0.000 47.067 14.581 </Samples>
		<Samples TimeTag="2024-12-29T04:42:49" DepthTag="1.538">0.862 5.049 37.328 0.000 45.729 5.049 </Samples>
		<Samples TimeTag="2024-12-29T04:42:54" DepthTag="1.639">1.307 13.739 44.883 0.000 50.982 13.739 </Samples>
		<Samples TimeTag="2024-12-29T04:42:58" DepthTag="1.741">1.412 15.897 45.153 0.000 47.883 15.897 </Samples>
		<Samples TimeTag="2024-12-29T04:43:02" DepthTag="1.848">1.670 16.738 44.863 0.000 47.277 16.738 </Samples>
		<Samples TimeTag="2024-12-29T04:43:05" DepthTag="1.951">1.706 17.350 44.422 0.000 46.991 17.350 </Samples>
		<Samples TimeTag="2024-12-29T04:43:09" DepthTag="2.052">1.707 17.641 44.936 0.000 44.661 17.641 </Samples>
		<Samples TimeTag="2024-12-29T04:43:13" DepthTag="2.155">1.540 18.100 45.167 0.000 46.388 18.100 </Samples>
		<Samples TimeTag="2024-12-29T04:43:17" DepthTag="2.259">1.566 18.498 45.042 0.000 46.710 18.498 </Samples>
		<Samples TimeTag="2024-12-29T04:43:21" DepthTag="2.359">1.364 19.569 45.301 0.000 52.962 19.569 </Samples>
		<Samples TimeTag="2024-12-29T04:43:28" DepthTag="2.461">0.951 21.083 45.151 0.000 51.561 21.083 </Samples>
		<Samples TimeTag="2024-12-29T04:43:34" DepthTag="2.564">0.999 21.726 45.242 0.000 40.829 21.726 </Samples>
		<Samples TimeTag="2024-12-29T04:43:41" DepthTag="2.667">0.936 22.124 44.748 0.000 45.105 22.124 </Samples>
		<Samples TimeTag="2024-12-29T04:43:46" DepthTag="2.769">1.126 22.537 45.495 0.000 39.274 22.537 </Samples>
		<Samples TimeTag="2024-12-29T04:43:52" DepthTag="2.872">1.103 22.965 45.405 0.000 45.302 22.965 </Samples>
		<Samples TimeTag="2024-12-29T04:43:57" DepthTag="2.977">1.229 22.782 44.863 0.000 45.178 22.782 </Samples>
		<Samples TimeTag="2024-12-29T04:44:03" DepthTag="3.079">1.039 22.858 45.006 0.000 41.277 22.858 </Samples>
		<Samples TimeTag="2024-12-29T04:44:07" DepthTag="3.184">1.318 22.751 44.767 0.000 40.779 22.751 </Samples>
		<Samples TimeTag="2024-12-29T04:44:13" DepthTag="3.286">1.189 22.675 45.157 0.000 42.626 22.675 </Samples>
		<Samples TimeTag="2024-12-29T04:44:18" DepthTag="3.387">1.195 22.629 44.674 0.000 43.492 22.629 </Samples>
		<Samples TimeTag="2024-12-29T04:44:23" DepthTag="3.489">1.092 23.103 45.236 0.000 41.897 23.103 </Samples>
		<Samples TimeTag="2024-12-29T04:44:29" DepthTag="3.593">1.086 23.333 45.031 0.000 45.142 23.333 </Samples>
		<Samples TimeTag="2024-12-29T04:44:34" DepthTag="3.694">1.215 23.241 44.871 0.000 45.866 23.241 </Samples>
		<Samples TimeTag="2024-12-29T04:44:39" DepthTag="3.795">1.201 23.180 44.607 0.000 37.996 23.180 </Samples>
		<Samples TimeTag="2024-12-29T04:44:44" DepthTag="3.899">1.310 23.287 44.666 0.000 45.164 23.287 </Samples>
		<Samples TimeTag="2024-12-29T04:44:48" DepthTag="4.001">1.387 22.445 44.820 0.000 44.706 22.445 </Samples>
		<Samples TimeTag="2024-12-29T04:44:52" DepthTag="4.101">1.420 22.032 44.880 0.000 43.709 22.032 </Samples>
		<Samples TimeTag="2024-12-29T04:44:57" DepthTag="4.205">1.364 21.772 44.424 0.000 44.673 21.772 </Samples>
		<Samples TimeTag="2024-12-29T04:45:01" DepthTag="4.307">1.382 21.925 44.835 0.000 44.859 21.925 </Samples>
		<Samples TimeTag="2024-12-29T04:45:06" DepthTag="4.409">1.234 22.200 44.878 0.000 45.867 22.200 </Samples>
		<Samples TimeTag="2024-12-29T04:45:11" DepthTag="4.509">1.362 22.522 45.202 0.000 45.681 22.522 </Samples>
		<Samples TimeTag="2024-12-29T04:45:16" DepthTag="4.614">1.204 23.057 44.714 0.000 44.504 23.057 </Samples>
		<Samples TimeTag="2024-12-29T04:45:22" DepthTag="4.717">1.107 23.287 44.792 0.000 43.469 23.287 </Samples>
		<Samples TimeTag="2024-12-29T04:45:27" DepthTag="4.819">1.188 23.577 40.683 0.000 43.885 23.577 </Samples>
		<Samples TimeTag="2024-12-29T04:45:32" DepthTag="4.921">1.128 24.021 40.072 0.000 40.484 24.021 </Samples>
	</CompactMWDdata>
	<IR:GenTrailer>
		<IR:FileCloseDate>2024-12-29T04:47:01</IR:FileCloseDate>
		<IR:ChkSum>0131682500</IR:ChkSum>
	</IR:GenTrailer>
</DRMWD>
