<?xml version="1.0" encoding="UTF-8"?>
<!-- Generated by the RCS System Epiroc Rock Drills AB -->
<DRMWD xmlns="http://www.iredes.org/xml/DrillRig" xmlns:IR="http://www.iredes.org/xml" xmlns:xsi="http://www.w3.org/2001/XMLSchema-instance" xsi:schemaLocation="http://www.iredes.org/xml/DrillRig C:\Iredes\IR_V1.2.3\xml\DR-DrillRig_V1.2\DrillRig.xsd" IRVersion="V 1.2AC" IRDownwCompat="V 1.2AC" DRMWDDownwCompat="V 1.2AC" DRMWDVersion="V 1.2AC">
	<IR:GenHead>
		<IR:FileCreateDate>2024-12-30T11:26:48</IR:FileCreateDate>
		<IR:IRversion DownwCompat="V 1.0">V 1.2AC</IR:IRversion>
		<IR:EquipmentInfo>
			<IR:EqpManufact>Epiroc</IR:EqpManufact>
			<IR:EqpType>SmartROC D65</IR:EqpType>
			<IR:EqpSerNo>8992013064</IR:EqpSerNo>
			<IR:EqpSysVer>6.28.1</IR:EqpSysVer>
			<IR:EqpInfo>DrillingMethod: DTH</IR:EqpInfo>
		</IR:EquipmentInfo>
	</IR:GenHead>
	<IR:ReportId>MWDRI301126</IR:ReportId>
	<IR:StartLogTime>2024-12-30T11:17:44</IR:StartLogTime>
	<IR:EndLogTime>2024-12-30T11:21:52</IR:EndLogTime>
	<IR:PlanIdRef>TRN09_24_0486_015_All</IR:PlanIdRef>
	<IR:PlanNameRef>TRN09_24_0486_015_All</IR:PlanNameRef>
	<MWDholeId>AF49</MWDholeId>
	<QualityReportIdRef>DQRI291907</QualityReportIdRef>
	<SampleDistance>0.100</SampleDistance>
	<CompactMWDdata>
		<MWDparams>
			<Parameter Unit="m/min" Full="PenetrRate">PR</Parameter>
			<Parameter Unit="Bar" Full="PercPressure">PP</Parameter>
			<Parameter Unit="Bar" Full="FeedPressure">FP</Parameter>
			<Parameter Unit="Bar" Full="DampPressure">DP</Parameter>
			<Parameter Unit="Bar" Full="RotPressure">RP</Parameter>
			<Parameter Unit="Bar" Full="FlushPressure">FLP</Parameter>
		</MWDparams>
		<Samples TimeTag="2024-12-30T11:17:44" DepthTag="0.106">0.673 13.265 38.500 0.000 20.544 13.265 </Samples>
		<Samples TimeTag="2024-12-30T11:17:46" DepthTag="0.209">3.100 15.009 43.247 0.000 20.544 15.009 </Samples>
		<Samples TimeTag="2024-12-30T11:17:50" DepthTag="0.323">1.633 17.763 33.789 0.000 26.558 17.763 </Samples>
		<Samples TimeTag="2024-12-30T11:17:51" DepthTag="0.439">5.818 17.549 28.706 0.000 23.286 17.549 </Samples>
		<Samples TimeTag="2024-12-30T11:18:08" DepthTag="0.545">1.543 6.380 45.338 0.000 32.596 6.380 </Samples>
		<Samples TimeTag="2024-12-30T11:18:11" DepthTag="0.648">2.081 11.873 46.630 0.000 35.599 11.873 </Samples>
		<Samples TimeTag="2024-12-30T11:18:14" DepthTag="0.750">2.071 15.422 37.766 0.000 29.413 15.422 </Samples>
		<Samples TimeTag="2024-12-30T11:18:16" DepthTag="0.852">3.058 16.631 43.029 0.000 27.997 16.631 </Samples>
		<Samples TimeTag="2024-12-30T11:18:18" DepthTag="0.957">2.381 17.564 40.936 0.000 33.203 17.564 </Samples>
		<Samples TimeTag="2024-12-30T11:18:41" DepthTag="1.062">1.015 4.636 24.252 0.000 25.171 4.636 </Samples>
		<Samples TimeTag="2024-12-30T11:18:44" DepthTag="1.165">2.860 9.945 47.304 0.000 43.295 9.945 </Samples>
		<Samples TimeTag="2024-12-30T11:18:46" DepthTag="1.271">2.635 14.153 40.516 0.000 32.934 14.153 </Samples>
		<Samples TimeTag="2024-12-30T11:18:48" DepthTag="1.372">3.288 15.575 38.639 0.000 32.077 15.575 </Samples>
		<Samples TimeTag="2024-12-30T11:18:50" DepthTag="1.472">2.791 16.891 40.510 0.000 31.113 16.891 </Samples>
		<Samples TimeTag="2024-12-30T11:18:52" DepthTag="1.585">3.018 17.779 39.789 0.000 29.607 17.779 </Samples>
		<Samples TimeTag="2024-12-30T11:18:54" DepthTag="1.691">2.935 18.375 36.844 0.000 27.446 18.375 </Samples>
		<Samples TimeTag="2024-12-30T11:18:56" DepthTag="1.808">4.842 17.411 35.713 0.000 23.020 17.411 </Samples>
		<Samples TimeTag="2024-12-30T11:18:58" DepthTag="1.915">3.212 18.131 42.789 0.000 31.668 18.131 </Samples>
		<Samples TimeTag="2024-12-30T11:19:00" DepthTag="2.017">2.832 18.421 40.000 0.000 27.566 18.421 </Samples>
		<Samples TimeTag="2024-12-30T11:19:02" DepthTag="2.125">3.236 17.641 41.217 0.000 32.376 17.641 </Samples>
		<Samples TimeTag="2024-12-30T11:19:05" DepthTag="2.227">2.053 18.268 41.898 0.000 36.947 18.268 </Samples>
		<Samples TimeTag="2024-12-30T11:19:08" DepthTag="2.329">2.176 17.075 40.799 0.000 32.504 17.075 </Samples>
		<Samples TimeTag="2024-12-30T11:19:11" DepthTag="2.430">2.004 17.748 41.345 0.000 35.280 17.748 </Samples>
		<Samples TimeTag="2024-12-30T11:19:14" DepthTag="2.535">2.246 18.345 38.115 0.000 34.950 18.345 </Samples>
		<Samples TimeTag="2024-12-30T11:19:20" DepthTag="2.639">0.921 17.488 41.474 0.000 36.158 17.488 </Samples>
		<Samples TimeTag="2024-12-30T11:19:24" DepthTag="2.745">1.591 17.962 37.063 0.000 38.651 17.962 </Samples>
		<Samples TimeTag="2024-12-30T11:19:30" DepthTag="2.847">1.175 18.085 41.228 0.000 34.785 18.085 </Samples>
		<Samples TimeTag="2024-12-30T11:19:36" DepthTag="2.949">0.989 18.115 41.020 0.000 32.436 18.115 </Samples>
		<Samples TimeTag="2024-12-30T11:19:53" DepthTag="3.050">0.342 18.054 38.911 0.000 32.826 18.054 </Samples>
		<Samples TimeTag="2024-12-30T11:20:05" DepthTag="3.150">0.530 17.993 40.607 0.000 36.682 17.993 </Samples>
		<Samples TimeTag="2024-12-30T11:20:14" DepthTag="3.251">0.675 18.054 39.614 0.000 30.847 18.054 </Samples>
		<Samples TimeTag="2024-12-30T11:20:27" DepthTag="3.351">0.449 18.100 39.124 0.000 34.277 18.100 </Samples>
		<Samples TimeTag="2024-12-30T11:20:34" DepthTag="3.457">0.954 16.845 39.289 0.000 38.734 16.845 </Samples>
		<Samples TimeTag="2024-12-30T11:21:13" DepthTag="3.563">0.495 4.957 31.951 0.000 31.435 4.957 </Samples>
		<Samples TimeTag="2024-12-30T11:21:19" DepthTag="3.665">1.093 14.458 46.698 0.000 43.852 14.458 </Samples>
		<Samples TimeTag="2024-12-30T11:21:22" DepthTag="3.767">1.921 15.927 49.123 0.000 37.203 15.927 </Samples>
		<Samples TimeTag="2024-12-30T11:21:31" DepthTag="3.869">0.688 17.044 46.675 0.000 46.552 17.044 </Samples>
		<Samples TimeTag="2024-12-30T11:21:36" DepthTag="3.970">1.054 17.411 48.051 0.000 45.523 17.411 </Samples>
		<Samples TimeTag="2024-12-30T11:21:40" DepthTag="4.078">2.119 17.503 46.932 0.000 38.231 17.503 </Samples>
		<Samples TimeTag="2024-12-30T11:21:42" DepthTag="4.179">2.060 17.641 45.184 0.000 40.184 17.641 </Samples>
		<Samples TimeTag="2024-12-30T11:21:52" DepthTag="4.282">0.638 16.524 39.889 0.000 33.798 16.524 </Samples>
	</CompactMWDdata>
	<IR:GenTrailer>
		<IR:FileCloseDate>2024-12-30T11:26:48</IR:FileCloseDate>
		<IR:ChkSum>3308375752</IR:ChkSum>
	</IR:GenTrailer>
</DRMWD>
