<?xml version="1.0" encoding="UTF-8"?>
<!-- Generated by the RCS System Epiroc Rock Drills AB -->
<DRMWD xmlns="http://www.iredes.org/xml/DrillRig" xmlns:IR="http://www.iredes.org/xml" xmlns:xsi="http://www.w3.org/2001/XMLSchema-instance" xsi:schemaLocation="http://www.iredes.org/xml/DrillRig C:\Iredes\IR_V1.2.3\xml\DR-DrillRig_V1.2\DrillRig.xsd" IRVersion="V 1.2AC" IRDownwCompat="V 1.2AC" DRMWDDownwCompat="V 1.2AC" DRMWDVersion="V 1.2AC">
	<IR:GenHead>
		<IR:FileCreateDate>2024-12-28T18:57:24</IR:FileCreateDate>
		<IR:IRversion DownwCompat="V 1.0">V 1.2AC</IR:IRversion>
		<IR:EquipmentInfo>
			<IR:EqpManufact>Epiroc</IR:EqpManufact>
			<IR:EqpType>SmartROC D65</IR:EqpType>
			<IR:EqpSerNo>8992013064</IR:EqpSerNo>
			<IR:EqpSysVer>6.28.1</IR:EqpSysVer>
			<IR:EqpInfo>DrillingMethod: DTH</IR:EqpInfo>
		</IR:EquipmentInfo>
	</IR:GenHead>
	<IR:ReportId>MWDRI281857</IR:ReportId>
	<IR:StartLogTime>2024-12-28T18:50:23</IR:StartLogTime>
	<IR:EndLogTime>2024-12-28T18:55:58</IR:EndLogTime>
	<IR:PlanIdRef>TRN08_21_0530_001_All</IR:PlanIdRef>
	<IR:PlanNameRef>TRN08_21_0530_001_All</IR:PlanNameRef>
	<MWDholeId>M45</MWDholeId>
	<QualityReportIdRef>DQRI272324</QualityReportIdRef>
	<SampleDistance>0.100</SampleDistance>
	<CompactMWDdata>
		<MWDparams>
			<Parameter Unit="m/min" Full="PenetrRate">PR</Parameter>
			<Parameter Unit="Bar" Full="PercPressure">PP</Parameter>
			<Parameter Unit="Bar" Full="FeedPressure">FP</Parameter>
			<Parameter Unit="Bar" Full="DampPressure">DP</Parameter>
			<Parameter Unit="Bar" Full="RotPressure">RP</Parameter>
			<Parameter Unit="Bar" Full="FlushPressure">FLP</Parameter>
		</MWDparams>
		<Samples TimeTag="2024-12-28T18:50:23" DepthTag="0.101">0.796 15.728 46.540 0.000 21.335 15.728 </Samples>
		<Samples TimeTag="2024-12-28T18:50:31" DepthTag="0.207">0.816 16.830 38.995 0.000 40.505 16.830 </Samples>
		<Samples TimeTag="2024-12-28T18:50:34" DepthTag="0.308">2.047 16.386 39.867 0.000 42.899 16.386 </Samples>
		<Samples TimeTag="2024-12-28T18:50:38" DepthTag="0.413">1.482 16.371 41.210 0.000 44.994 16.371 </Samples>
		<Samples TimeTag="2024-12-28T18:51:00" DepthTag="0.527">0.783 4.865 40.414 0.000 41.381 4.865 </Samples>
		<Samples TimeTag="2024-12-28T18:51:05" DepthTag="0.629">1.124 12.347 42.562 0.000 46.223 12.347 </Samples>
		<Samples TimeTag="2024-12-28T18:51:10" DepthTag="0.729">1.169 14.566 41.682 0.000 48.658 14.566 </Samples>
		<Samples TimeTag="2024-12-28T18:51:15" DepthTag="0.831">1.383 14.703 39.344 0.000 44.852 14.703 </Samples>
		<Samples TimeTag="2024-12-28T18:51:20" DepthTag="0.934">1.279 14.856 40.864 0.000 46.526 14.856 </Samples>
		<Samples TimeTag="2024-12-28T18:51:51" DepthTag="1.035">0.531 10.985 43.807 0.000 46.165 10.985 </Samples>
		<Samples TimeTag="2024-12-28T18:51:57" DepthTag="1.136">1.058 13.831 41.135 0.000 44.823 13.831 </Samples>
		<Samples TimeTag="2024-12-28T18:52:03" DepthTag="1.239">0.956 15.009 40.238 0.000 46.545 15.009 </Samples>
		<Samples TimeTag="2024-12-28T18:52:10" DepthTag="1.339">0.979 15.468 39.947 0.000 45.929 15.468 </Samples>
		<Samples TimeTag="2024-12-28T18:52:14" DepthTag="1.440">1.302 15.407 39.658 0.000 46.066 15.407 </Samples>
		<Samples TimeTag="2024-12-28T18:52:41" DepthTag="1.544">0.769 6.043 26.788 0.000 34.466 6.043 </Samples>
		<Samples TimeTag="2024-12-28T18:52:45" DepthTag="1.645">1.370 13.877 44.025 0.000 50.109 13.877 </Samples>
		<Samples TimeTag="2024-12-28T18:52:49" DepthTag="1.748">1.543 15.912 44.881 0.000 51.980 15.912 </Samples>
		<Samples TimeTag="2024-12-28T18:52:54" DepthTag="1.854">1.383 17.136 44.953 0.000 47.801 17.136 </Samples>
		<Samples TimeTag="2024-12-28T18:52:58" DepthTag="1.954">1.570 17.610 45.394 0.000 46.256 17.610 </Samples>
		<Samples TimeTag="2024-12-28T18:53:02" DepthTag="2.058">1.439 18.192 44.507 0.000 48.762 18.192 </Samples>
		<Samples TimeTag="2024-12-28T18:53:08" DepthTag="2.159">1.010 19.370 44.596 0.000 53.392 19.370 </Samples>
		<Samples TimeTag="2024-12-28T18:53:14" DepthTag="2.262">1.054 19.768 44.526 0.000 45.090 19.768 </Samples>
		<Samples TimeTag="2024-12-28T18:53:18" DepthTag="2.363">1.602 19.431 45.016 0.000 43.432 19.431 </Samples>
		<Samples TimeTag="2024-12-28T18:53:22" DepthTag="2.470">1.607 19.385 45.080 0.000 46.197 19.385 </Samples>
		<Samples TimeTag="2024-12-28T18:53:26" DepthTag="2.574">1.411 19.584 44.605 0.000 44.544 19.584 </Samples>
		<Samples TimeTag="2024-12-28T18:53:31" DepthTag="2.676">1.173 20.165 45.205 0.000 46.864 20.165 </Samples>
		<Samples TimeTag="2024-12-28T18:53:37" DepthTag="2.778">1.030 20.823 45.162 0.000 51.592 20.823 </Samples>
		<Samples TimeTag="2024-12-28T18:53:43" DepthTag="2.880">0.975 22.812 44.085 0.000 42.537 22.812 </Samples>
		<Samples TimeTag="2024-12-28T18:53:49" DepthTag="2.980">1.094 22.828 45.471 0.000 45.475 22.828 </Samples>
		<Samples TimeTag="2024-12-28T18:53:54" DepthTag="3.082">1.116 22.613 45.002 0.000 43.194 22.613 </Samples>
		<Samples TimeTag="2024-12-28T18:53:59" DepthTag="3.182">1.366 22.231 44.351 0.000 45.420 22.231 </Samples>
		<Samples TimeTag="2024-12-28T18:54:04" DepthTag="3.284">1.132 22.843 45.320 0.000 47.901 22.843 </Samples>
		<Samples TimeTag="2024-12-28T18:54:10" DepthTag="3.387">1.102 22.919 45.296 0.000 50.407 22.919 </Samples>
		<Samples TimeTag="2024-12-28T18:54:18" DepthTag="3.487">0.757 24.725 44.834 0.000 38.841 24.725 </Samples>
		<Samples TimeTag="2024-12-28T18:54:31" DepthTag="3.589">0.460 21.420 45.079 0.000 47.468 21.420 </Samples>
		<Samples TimeTag="2024-12-28T18:54:39" DepthTag="3.689">0.772 23.700 44.937 0.000 44.059 23.700 </Samples>
		<Samples TimeTag="2024-12-28T18:54:48" DepthTag="3.789">0.651 19.875 45.609 0.000 52.968 19.875 </Samples>
		<Samples TimeTag="2024-12-28T18:54:56" DepthTag="3.892">0.792 22.399 44.630 0.000 42.751 22.399 </Samples>
		<Samples TimeTag="2024-12-28T18:55:02" DepthTag="3.993">0.950 23.577 44.739 0.000 41.418 23.577 </Samples>
		<Samples TimeTag="2024-12-28T18:55:07" DepthTag="4.096">1.182 24.143 44.732 0.000 46.886 24.143 </Samples>
		<Samples TimeTag="2024-12-28T18:55:13" DepthTag="4.199">1.024 24.572 44.931 0.000 44.303 24.572 </Samples>
		<Samples TimeTag="2024-12-28T18:55:19" DepthTag="4.302">1.074 24.602 45.179 0.000 41.170 24.602 </Samples>
		<Samples TimeTag="2024-12-28T18:55:25" DepthTag="4.404">1.022 24.648 44.964 0.000 46.138 24.648 </Samples>
		<Samples TimeTag="2024-12-28T18:55:32" DepthTag="4.505">0.940 25.230 45.104 0.000 49.251 25.230 </Samples>
		<Samples TimeTag="2024-12-28T18:55:41" DepthTag="4.605">0.640 15.591 46.145 0.000 54.557 15.591 </Samples>
		<Samples TimeTag="2024-12-28T18:55:47" DepthTag="4.707">1.057 19.033 45.724 0.000 54.973 19.033 </Samples>
		<Samples TimeTag="2024-12-28T18:55:52" DepthTag="4.808">1.081 20.211 40.601 0.000 48.450 20.211 </Samples>
		<Samples TimeTag="2024-12-28T18:55:58" DepthTag="4.911">1.100 21.175 39.866 0.000 50.805 21.175 </Samples>
	</CompactMWDdata>
	<IR:GenTrailer>
		<IR:FileCloseDate>2024-12-28T18:57:24</IR:FileCloseDate>
		<IR:ChkSum>3701658692</IR:ChkSum>
	</IR:GenTrailer>
</DRMWD>
