<?xml version="1.0" encoding="UTF-8"?>
<!-- Generated by the RCS System Epiroc Rock Drills AB -->
<DRMWD xmlns="http://www.iredes.org/xml/DrillRig" xmlns:IR="http://www.iredes.org/xml" xmlns:xsi="http://www.w3.org/2001/XMLSchema-instance" xsi:schemaLocation="http://www.iredes.org/xml/DrillRig C:\Iredes\IR_V1.2.3\xml\DR-DrillRig_V1.2\DrillRig.xsd" IRVersion="V 1.2AC" IRDownwCompat="V 1.2AC" DRMWDDownwCompat="V 1.2AC" DRMWDVersion="V 1.2AC">
	<IR:GenHead>
		<IR:FileCreateDate>2024-12-29T16:37:10</IR:FileCreateDate>
		<IR:IRversion DownwCompat="V 1.0">V 1.2AC</IR:IRversion>
		<IR:EquipmentInfo>
			<IR:EqpManufact>Epiroc</IR:EqpManufact>
			<IR:EqpType>SmartROC D65</IR:EqpType>
			<IR:EqpSerNo>8992013064</IR:EqpSerNo>
			<IR:EqpSysVer>6.28.1</IR:EqpSysVer>
			<IR:EqpInfo>DrillingMethod: DTH</IR:EqpInfo>
		</IR:EquipmentInfo>
	</IR:GenHead>
	<IR:ReportId>MWDRI291637</IR:ReportId>
	<IR:StartLogTime>2024-12-29T16:29:41</IR:StartLogTime>
	<IR:EndLogTime>2024-12-29T16:35:50</IR:EndLogTime>
	<IR:PlanIdRef>TRN08_21_0530_001_All</IR:PlanIdRef>
	<IR:PlanNameRef>TRN08_21_0530_001_All</IR:PlanNameRef>
	<MWDholeId>F48</MWDholeId>
	<QualityReportIdRef>DQRI272324</QualityReportIdRef>
	<SampleDistance>0.100</SampleDistance>
	<CompactMWDdata>
		<MWDparams>
			<Parameter Unit="m/min" Full="PenetrRate">PR</Parameter>
			<Parameter Unit="Bar" Full="PercPressure">PP</Parameter>
			<Parameter Unit="Bar" Full="FeedPressure">FP</Parameter>
			<Parameter Unit="Bar" Full="DampPressure">DP</Parameter>
			<Parameter Unit="Bar" Full="RotPressure">RP</Parameter>
			<Parameter Unit="Bar" Full="FlushPressure">FLP</Parameter>
		</MWDparams>
		<Samples TimeTag="2024-12-29T16:29:41" DepthTag="0.104">0.963 11.062 46.473 0.000 20.544 11.062 </Samples>
		<Samples TimeTag="2024-12-29T16:29:50" DepthTag="0.208">0.714 17.794 34.690 0.000 35.211 17.794 </Samples>
		<Samples TimeTag="2024-12-29T16:29:53" DepthTag="0.312">2.604 17.059 39.049 0.000 44.897 17.059 </Samples>
		<Samples TimeTag="2024-12-29T16:29:55" DepthTag="0.413">2.296 16.463 39.650 0.000 51.705 16.463 </Samples>
		<Samples TimeTag="2024-12-29T16:29:58" DepthTag="0.516">2.198 14.153 23.724 0.000 41.614 14.153 </Samples>
		<Samples TimeTag="2024-12-29T16:30:18" DepthTag="0.618">0.812 8.063 48.057 0.000 51.229 8.063 </Samples>
		<Samples TimeTag="2024-12-29T16:30:25" DepthTag="0.719">0.911 13.770 40.257 0.000 46.261 13.770 </Samples>
		<Samples TimeTag="2024-12-29T16:30:30" DepthTag="0.822">1.111 14.918 40.582 0.000 54.678 14.918 </Samples>
		<Samples TimeTag="2024-12-29T16:30:36" DepthTag="0.922">1.001 15.744 40.885 0.000 54.285 15.744 </Samples>
		<Samples TimeTag="2024-12-29T16:31:05" DepthTag="1.035">0.604 4.131 37.183 0.000 39.115 4.131 </Samples>
		<Samples TimeTag="2024-12-29T16:31:14" DepthTag="1.135">0.669 14.673 40.508 0.000 54.589 14.673 </Samples>
		<Samples TimeTag="2024-12-29T16:31:20" DepthTag="1.239">0.963 15.560 40.122 0.000 53.122 15.560 </Samples>
		<Samples TimeTag="2024-12-29T16:31:26" DepthTag="1.342">1.078 15.682 40.290 0.000 44.969 15.682 </Samples>
		<Samples TimeTag="2024-12-29T16:31:32" DepthTag="1.443">1.008 15.606 40.159 0.000 42.502 15.606 </Samples>
		<Samples TimeTag="2024-12-29T16:32:05" DepthTag="1.552">0.639 4.850 26.090 0.000 26.706 4.850 </Samples>
		<Samples TimeTag="2024-12-29T16:32:10" DepthTag="1.654">1.274 13.586 43.125 0.000 56.002 13.586 </Samples>
		<Samples TimeTag="2024-12-29T16:32:14" DepthTag="1.758">1.410 15.943 41.053 0.000 54.276 15.943 </Samples>
		<Samples TimeTag="2024-12-29T16:32:18" DepthTag="1.858">1.441 16.830 39.084 0.000 53.511 16.830 </Samples>
		<Samples TimeTag="2024-12-29T16:32:22" DepthTag="1.960">1.629 17.457 40.752 0.000 55.585 17.457 </Samples>
		<Samples TimeTag="2024-12-29T16:32:26" DepthTag="2.064">1.406 18.085 40.558 0.000 49.844 18.085 </Samples>
		<Samples TimeTag="2024-12-29T16:32:31" DepthTag="2.170">1.370 18.513 40.627 0.000 52.991 18.513 </Samples>
		<Samples TimeTag="2024-12-29T16:32:36" DepthTag="2.271">1.278 18.743 39.360 0.000 49.546 18.743 </Samples>
		<Samples TimeTag="2024-12-29T16:32:40" DepthTag="2.374">1.455 18.834 39.352 0.000 54.207 18.834 </Samples>
		<Samples TimeTag="2024-12-29T16:32:44" DepthTag="2.477">1.407 19.217 40.451 0.000 57.097 19.217 </Samples>
		<Samples TimeTag="2024-12-29T16:33:11" DepthTag="2.578">0.743 9.685 47.590 0.000 58.012 9.685 </Samples>
		<Samples TimeTag="2024-12-29T16:33:17" DepthTag="2.679">1.013 16.264 41.470 0.000 53.327 16.264 </Samples>
		<Samples TimeTag="2024-12-29T16:33:21" DepthTag="2.781">1.462 17.136 39.262 0.000 47.128 17.136 </Samples>
		<Samples TimeTag="2024-12-29T16:33:25" DepthTag="2.884">1.601 17.518 39.776 0.000 51.433 17.518 </Samples>
		<Samples TimeTag="2024-12-29T16:33:29" DepthTag="2.985">1.615 18.008 40.578 0.000 55.735 18.008 </Samples>
		<Samples TimeTag="2024-12-29T16:33:33" DepthTag="3.086">1.456 18.406 39.987 0.000 51.578 18.406 </Samples>
		<Samples TimeTag="2024-12-29T16:33:37" DepthTag="3.189">1.589 18.605 40.765 0.000 54.808 18.605 </Samples>
		<Samples TimeTag="2024-12-29T16:33:41" DepthTag="3.293">1.365 18.850 39.167 0.000 50.948 18.850 </Samples>
		<Samples TimeTag="2024-12-29T16:33:45" DepthTag="3.395">1.530 19.125 40.290 0.000 55.666 19.125 </Samples>
		<Samples TimeTag="2024-12-29T16:33:51" DepthTag="3.501">1.060 20.012 39.454 0.000 50.176 20.012 </Samples>
		<Samples TimeTag="2024-12-29T16:34:19" DepthTag="3.607">0.678 13.372 43.370 0.000 55.701 13.372 </Samples>
		<Samples TimeTag="2024-12-29T16:34:23" DepthTag="3.713">1.436 16.111 40.965 0.000 56.366 16.111 </Samples>
		<Samples TimeTag="2024-12-29T16:34:27" DepthTag="3.819">1.449 17.105 40.082 0.000 55.616 17.105 </Samples>
		<Samples TimeTag="2024-12-29T16:34:31" DepthTag="3.921">1.733 17.840 40.123 0.000 56.996 17.840 </Samples>
		<Samples TimeTag="2024-12-29T16:34:36" DepthTag="4.027">1.367 18.926 40.522 0.000 55.290 18.926 </Samples>
		<Samples TimeTag="2024-12-29T16:34:41" DepthTag="4.132">1.209 19.859 39.081 0.000 52.874 19.859 </Samples>
		<Samples TimeTag="2024-12-29T16:34:48" DepthTag="4.236">0.825 22.522 38.683 0.000 33.056 22.522 </Samples>
		<Samples TimeTag="2024-12-29T16:34:55" DepthTag="4.343">0.998 23.746 37.851 0.000 36.206 23.746 </Samples>
		<Samples TimeTag="2024-12-29T16:34:59" DepthTag="4.445">1.527 23.072 39.843 0.000 52.760 23.072 </Samples>
		<Samples TimeTag="2024-12-29T16:35:39" DepthTag="4.546">0.889 8.752 44.794 0.000 36.415 8.752 </Samples>
		<Samples TimeTag="2024-12-29T16:35:44" DepthTag="4.646">1.085 17.763 40.190 0.000 57.029 17.763 </Samples>
		<Samples TimeTag="2024-12-29T16:35:50" DepthTag="4.747">1.164 20.089 38.168 0.000 57.224 20.089 </Samples>
	</CompactMWDdata>
	<IR:GenTrailer>
		<IR:FileCloseDate>2024-12-29T16:37:10</IR:FileCloseDate>
		<IR:ChkSum>3056032795</IR:ChkSum>
	</IR:GenTrailer>
</DRMWD>
