<?xml version="1.0" encoding="UTF-8"?>
<!-- Generated by the RCS System Epiroc Rock Drills AB -->
<DRMWD xmlns="http://www.iredes.org/xml/DrillRig" xmlns:IR="http://www.iredes.org/xml" xmlns:xsi="http://www.w3.org/2001/XMLSchema-instance" xsi:schemaLocation="http://www.iredes.org/xml/DrillRig C:\Iredes\IR_V1.2.3\xml\DR-DrillRig_V1.2\DrillRig.xsd" IRVersion="V 1.2AC" IRDownwCompat="V 1.2AC" DRMWDDownwCompat="V 1.2AC" DRMWDVersion="V 1.2AC">
	<IR:GenHead>
		<IR:FileCreateDate>2024-12-30T09:38:40</IR:FileCreateDate>
		<IR:IRversion DownwCompat="V 1.0">V 1.2AC</IR:IRversion>
		<IR:EquipmentInfo>
			<IR:EqpManufact>Epiroc</IR:EqpManufact>
			<IR:EqpType>SmartROC D65</IR:EqpType>
			<IR:EqpSerNo>8992013064</IR:EqpSerNo>
			<IR:EqpSysVer>6.28.1</IR:EqpSysVer>
			<IR:EqpInfo>DrillingMethod: DTH</IR:EqpInfo>
		</IR:EquipmentInfo>
	</IR:GenHead>
	<IR:ReportId>MWDRI300938</IR:ReportId>
	<IR:StartLogTime>2024-12-30T09:32:31</IR:StartLogTime>
	<IR:EndLogTime>2024-12-30T09:37:15</IR:EndLogTime>
	<IR:PlanIdRef>TRN09_24_0486_015_All</IR:PlanIdRef>
	<IR:PlanNameRef>TRN09_24_0486_015_All</IR:PlanNameRef>
	<MWDholeId>W21</MWDholeId>
	<QualityReportIdRef>DQRI291907</QualityReportIdRef>
	<SampleDistance>0.100</SampleDistance>
	<CompactMWDdata>
		<MWDparams>
			<Parameter Unit="m/min" Full="PenetrRate">PR</Parameter>
			<Parameter Unit="Bar" Full="PercPressure">PP</Parameter>
			<Parameter Unit="Bar" Full="FeedPressure">FP</Parameter>
			<Parameter Unit="Bar" Full="DampPressure">DP</Parameter>
			<Parameter Unit="Bar" Full="RotPressure">RP</Parameter>
			<Parameter Unit="Bar" Full="FlushPressure">FLP</Parameter>
		</MWDparams>
		<Samples TimeTag="2024-12-30T09:32:31" DepthTag="0.103">0.467 17.993 39.429 0.000 29.165 17.993 </Samples>
		<Samples TimeTag="2024-12-30T09:32:42" DepthTag="0.203">0.537 18.284 40.305 0.000 33.127 18.284 </Samples>
		<Samples TimeTag="2024-12-30T09:32:45" DepthTag="0.315">2.399 17.121 31.887 0.000 26.506 17.121 </Samples>
		<Samples TimeTag="2024-12-30T09:32:46" DepthTag="0.421">4.644 17.243 33.414 0.000 28.160 17.243 </Samples>
		<Samples TimeTag="2024-12-30T09:32:47" DepthTag="0.526">4.635 17.427 34.956 0.000 30.150 17.427 </Samples>
		<Samples TimeTag="2024-12-30T09:33:05" DepthTag="0.636">1.411 5.554 24.576 0.000 23.806 5.554 </Samples>
		<Samples TimeTag="2024-12-30T09:33:09" DepthTag="0.738">1.529 13.158 41.985 0.000 29.113 13.158 </Samples>
		<Samples TimeTag="2024-12-30T09:33:11" DepthTag="0.838">2.495 15.269 40.129 0.000 32.095 15.269 </Samples>
		<Samples TimeTag="2024-12-30T09:33:14" DepthTag="0.947">3.251 16.050 36.579 0.000 30.173 16.050 </Samples>
		<Samples TimeTag="2024-12-30T09:33:36" DepthTag="1.060">1.435 4.712 20.716 0.000 20.859 4.712 </Samples>
		<Samples TimeTag="2024-12-30T09:33:37" DepthTag="1.170">6.318 6.640 38.209 0.000 33.618 6.640 </Samples>
		<Samples TimeTag="2024-12-30T09:33:38" DepthTag="1.276">3.618 10.924 38.395 0.000 33.711 10.924 </Samples>
		<Samples TimeTag="2024-12-30T09:33:39" DepthTag="1.385">6.246 12.944 30.272 0.000 27.342 12.944 </Samples>
		<Samples TimeTag="2024-12-30T09:33:40" DepthTag="1.487">6.366 14.306 30.574 0.000 27.540 14.306 </Samples>
		<Samples TimeTag="2024-12-30T09:33:42" DepthTag="1.610">7.092 15.392 31.048 0.000 28.871 15.392 </Samples>
		<Samples TimeTag="2024-12-30T09:33:43" DepthTag="1.711">5.002 16.493 42.069 0.000 31.246 16.493 </Samples>
		<Samples TimeTag="2024-12-30T09:33:45" DepthTag="1.811">2.770 18.176 46.104 0.000 33.102 18.176 </Samples>
		<Samples TimeTag="2024-12-30T09:33:48" DepthTag="1.914">1.717 17.595 42.147 0.000 33.255 17.595 </Samples>
		<Samples TimeTag="2024-12-30T09:33:53" DepthTag="2.018">1.566 17.350 41.053 0.000 43.003 17.350 </Samples>
		<Samples TimeTag="2024-12-30T09:33:56" DepthTag="2.120">1.613 17.243 41.513 0.000 44.540 17.243 </Samples>
		<Samples TimeTag="2024-12-30T09:34:00" DepthTag="2.223">1.715 18.375 40.174 0.000 35.711 18.375 </Samples>
		<Samples TimeTag="2024-12-30T09:34:03" DepthTag="2.327">2.101 18.161 38.347 0.000 30.574 18.161 </Samples>
		<Samples TimeTag="2024-12-30T09:34:05" DepthTag="2.440">3.672 17.855 33.927 0.000 28.674 17.855 </Samples>
		<Samples TimeTag="2024-12-30T09:34:06" DepthTag="2.548">3.680 18.161 40.233 0.000 36.478 18.161 </Samples>
		<Samples TimeTag="2024-12-30T09:34:08" DepthTag="2.657">3.266 17.457 35.893 0.000 35.377 17.457 </Samples>
		<Samples TimeTag="2024-12-30T09:34:10" DepthTag="2.762">3.921 18.008 38.129 0.000 31.962 18.008 </Samples>
		<Samples TimeTag="2024-12-30T09:34:12" DepthTag="2.866">3.897 18.972 43.061 0.000 28.702 18.972 </Samples>
		<Samples TimeTag="2024-12-30T09:34:15" DepthTag="2.971">1.741 18.544 40.785 0.000 32.539 18.544 </Samples>
		<Samples TimeTag="2024-12-30T09:34:18" DepthTag="3.078">2.866 18.452 38.878 0.000 36.544 18.452 </Samples>
		<Samples TimeTag="2024-12-30T09:34:21" DepthTag="3.186">1.719 18.590 39.573 0.000 39.177 18.590 </Samples>
		<Samples TimeTag="2024-12-30T09:34:25" DepthTag="3.291">1.742 18.391 40.625 0.000 45.863 18.391 </Samples>
		<Samples TimeTag="2024-12-30T09:34:29" DepthTag="3.394">1.479 19.094 40.609 0.000 46.817 19.094 </Samples>
		<Samples TimeTag="2024-12-30T09:34:36" DepthTag="3.495">0.822 19.049 39.545 0.000 48.612 19.049 </Samples>
		<Samples TimeTag="2024-12-30T09:35:14" DepthTag="3.596">1.166 14.351 45.587 0.000 50.049 14.351 </Samples>
		<Samples TimeTag="2024-12-30T09:35:19" DepthTag="3.697">1.115 16.555 47.607 0.000 44.247 16.555 </Samples>
		<Samples TimeTag="2024-12-30T09:35:24" DepthTag="3.799">1.139 17.335 47.085 0.000 49.330 17.335 </Samples>
		<Samples TimeTag="2024-12-30T09:35:29" DepthTag="3.903">1.542 17.564 47.320 0.000 45.823 17.564 </Samples>
		<Samples TimeTag="2024-12-30T09:35:34" DepthTag="4.003">1.073 17.671 47.990 0.000 45.176 17.671 </Samples>
		<Samples TimeTag="2024-12-30T09:35:39" DepthTag="4.103">1.170 17.717 47.714 0.000 40.974 17.717 </Samples>
		<Samples TimeTag="2024-12-30T09:35:45" DepthTag="4.203">0.999 17.748 48.025 0.000 38.590 17.748 </Samples>
		<Samples TimeTag="2024-12-30T09:35:55" DepthTag="4.304">0.603 17.610 48.082 0.000 38.028 17.610 </Samples>
		<Samples TimeTag="2024-12-30T09:36:04" DepthTag="4.404">0.669 17.549 47.831 0.000 37.116 17.549 </Samples>
		<Samples TimeTag="2024-12-30T09:36:15" DepthTag="4.504">0.556 17.564 47.621 0.000 39.090 17.564 </Samples>
		<Samples TimeTag="2024-12-30T09:36:26" DepthTag="4.607">0.594 17.549 48.324 0.000 38.834 17.549 </Samples>
		<Samples TimeTag="2024-12-30T09:36:35" DepthTag="4.709">0.651 17.580 47.585 0.000 33.636 17.580 </Samples>
		<Samples TimeTag="2024-12-30T09:36:42" DepthTag="4.811">0.871 17.564 47.265 0.000 38.125 17.564 </Samples>
		<Samples TimeTag="2024-12-30T09:36:53" DepthTag="4.912">0.542 17.503 48.726 0.000 38.581 17.503 </Samples>
		<Samples TimeTag="2024-12-30T09:37:03" DepthTag="5.014">0.640 16.799 40.009 0.000 33.043 16.799 </Samples>
		<Samples TimeTag="2024-12-30T09:37:15" DepthTag="5.114">0.468 16.432 40.542 0.000 37.942 16.432 </Samples>
	</CompactMWDdata>
	<IR:GenTrailer>
		<IR:FileCloseDate>2024-12-30T09:38:40</IR:FileCloseDate>
		<IR:ChkSum>3202899817</IR:ChkSum>
	</IR:GenTrailer>
</DRMWD>
