<?xml version="1.0" encoding="UTF-8"?>
<!-- Generated by the RCS System Epiroc Rock Drills AB -->
<DRMWD xmlns="http://www.iredes.org/xml/DrillRig" xmlns:IR="http://www.iredes.org/xml" xmlns:xsi="http://www.w3.org/2001/XMLSchema-instance" xsi:schemaLocation="http://www.iredes.org/xml/DrillRig C:\Iredes\IR_V1.2.3\xml\DR-DrillRig_V1.2\DrillRig.xsd" IRVersion="V 1.2AC" IRDownwCompat="V 1.2AC" DRMWDDownwCompat="V 1.2AC" DRMWDVersion="V 1.2AC">
	<IR:GenHead>
		<IR:FileCreateDate>2024-12-30T08:32:15</IR:FileCreateDate>
		<IR:IRversion DownwCompat="V 1.0">V 1.2AC</IR:IRversion>
		<IR:EquipmentInfo>
			<IR:EqpManufact>Epiroc</IR:EqpManufact>
			<IR:EqpType>SmartROC D65</IR:EqpType>
			<IR:EqpSerNo>8992013064</IR:EqpSerNo>
			<IR:EqpSysVer>6.28.1</IR:EqpSysVer>
			<IR:EqpInfo>DrillingMethod: DTH</IR:EqpInfo>
		</IR:EquipmentInfo>
	</IR:GenHead>
	<IR:ReportId>MWDRI300832</IR:ReportId>
	<IR:StartLogTime>2024-12-30T08:28:06</IR:StartLogTime>
	<IR:EndLogTime>2024-12-30T08:31:30</IR:EndLogTime>
	<IR:PlanIdRef>TRN09_24_0486_015_All</IR:PlanIdRef>
	<IR:PlanNameRef>TRN09_24_0486_015_All</IR:PlanNameRef>
	<MWDholeId>Y34</MWDholeId>
	<QualityReportIdRef>DQRI291907</QualityReportIdRef>
	<SampleDistance>0.100</SampleDistance>
	<CompactMWDdata>
		<MWDparams>
			<Parameter Unit="m/min" Full="PenetrRate">PR</Parameter>
			<Parameter Unit="Bar" Full="PercPressure">PP</Parameter>
			<Parameter Unit="Bar" Full="FeedPressure">FP</Parameter>
			<Parameter Unit="Bar" Full="DampPressure">DP</Parameter>
			<Parameter Unit="Bar" Full="RotPressure">RP</Parameter>
			<Parameter Unit="Bar" Full="FlushPressure">FLP</Parameter>
		</MWDparams>
		<Samples TimeTag="2024-12-30T08:28:06" DepthTag="0.110">0.675 17.289 33.888 0.000 28.451 17.289 </Samples>
		<Samples TimeTag="2024-12-30T08:28:07" DepthTag="0.212">5.085 16.998 25.018 0.000 22.357 16.998 </Samples>
		<Samples TimeTag="2024-12-30T08:28:09" DepthTag="0.314">3.070 17.274 42.601 0.000 35.042 17.274 </Samples>
		<Samples TimeTag="2024-12-30T08:28:13" DepthTag="0.421">1.775 17.626 39.745 0.000 33.361 17.626 </Samples>
		<Samples TimeTag="2024-12-30T08:28:33" DepthTag="0.524">0.820 6.579 44.270 0.000 36.845 6.579 </Samples>
		<Samples TimeTag="2024-12-30T08:28:38" DepthTag="0.626">1.264 13.923 43.106 0.000 33.422 13.923 </Samples>
		<Samples TimeTag="2024-12-30T08:28:42" DepthTag="0.731">1.759 15.560 39.848 0.000 32.308 15.560 </Samples>
		<Samples TimeTag="2024-12-30T08:28:45" DepthTag="0.837">2.266 16.065 37.932 0.000 32.315 16.065 </Samples>
		<Samples TimeTag="2024-12-30T08:28:47" DepthTag="0.940">3.083 16.371 37.908 0.000 30.282 16.371 </Samples>
		<Samples TimeTag="2024-12-30T08:29:10" DepthTag="1.062">1.246 4.789 21.189 0.000 22.062 4.789 </Samples>
		<Samples TimeTag="2024-12-30T08:29:14" DepthTag="1.164">1.529 16.080 42.180 0.000 26.408 16.080 </Samples>
		<Samples TimeTag="2024-12-30T08:29:16" DepthTag="1.270">3.962 17.595 34.874 0.000 22.470 17.595 </Samples>
		<Samples TimeTag="2024-12-30T08:29:17" DepthTag="1.380">5.477 18.712 32.509 0.000 20.782 18.712 </Samples>
		<Samples TimeTag="2024-12-30T08:29:18" DepthTag="1.485">4.640 18.345 28.892 0.000 21.750 18.345 </Samples>
		<Samples TimeTag="2024-12-30T08:29:19" DepthTag="1.586">7.501 17.228 23.351 0.000 17.606 17.228 </Samples>
		<Samples TimeTag="2024-12-30T08:29:20" DepthTag="1.689">7.709 17.228 22.237 0.000 15.886 17.228 </Samples>
		<Samples TimeTag="2024-12-30T08:29:21" DepthTag="1.819">7.498 17.702 22.735 0.000 17.011 17.702 </Samples>
		<Samples TimeTag="2024-12-30T08:29:23" DepthTag="1.922">3.840 12.929 36.030 0.000 26.603 12.929 </Samples>
		<Samples TimeTag="2024-12-30T08:29:24" DepthTag="2.026">6.496 14.474 28.134 0.000 31.379 14.474 </Samples>
		<Samples TimeTag="2024-12-30T08:29:25" DepthTag="2.129">3.860 16.845 45.917 0.000 34.405 16.845 </Samples>
		<Samples TimeTag="2024-12-30T08:29:27" DepthTag="2.230">3.028 18.391 40.912 0.000 33.195 18.391 </Samples>
		<Samples TimeTag="2024-12-30T08:29:30" DepthTag="2.332">2.064 18.146 44.719 0.000 30.040 18.146 </Samples>
		<Samples TimeTag="2024-12-30T08:29:35" DepthTag="2.432">1.414 17.656 41.546 0.000 34.224 17.656 </Samples>
		<Samples TimeTag="2024-12-30T08:29:38" DepthTag="2.538">1.967 17.978 38.074 0.000 37.545 17.978 </Samples>
		<Samples TimeTag="2024-12-30T08:29:41" DepthTag="2.645">1.916 18.559 38.621 0.000 34.875 18.559 </Samples>
		<Samples TimeTag="2024-12-30T08:29:44" DepthTag="2.747">2.367 17.656 40.398 0.000 38.232 17.656 </Samples>
		<Samples TimeTag="2024-12-30T08:29:46" DepthTag="2.852">2.260 17.580 38.533 0.000 36.452 17.580 </Samples>
		<Samples TimeTag="2024-12-30T08:29:49" DepthTag="2.956">2.758 17.809 39.294 0.000 35.013 17.809 </Samples>
		<Samples TimeTag="2024-12-30T08:29:51" DepthTag="3.066">3.316 18.697 36.589 0.000 32.031 18.697 </Samples>
		<Samples TimeTag="2024-12-30T08:29:52" DepthTag="3.172">3.609 17.687 38.800 0.000 31.394 17.687 </Samples>
		<Samples TimeTag="2024-12-30T08:29:54" DepthTag="3.275">3.059 18.743 38.436 0.000 35.532 18.743 </Samples>
		<Samples TimeTag="2024-12-30T08:29:57" DepthTag="3.386">2.374 17.840 38.651 0.000 44.033 17.840 </Samples>
		<Samples TimeTag="2024-12-30T08:29:59" DepthTag="3.495">4.081 18.865 38.870 0.000 35.983 18.865 </Samples>
		<Samples TimeTag="2024-12-30T08:30:34" DepthTag="3.596">0.758 8.583 44.264 0.000 48.470 8.583 </Samples>
		<Samples TimeTag="2024-12-30T08:30:38" DepthTag="3.698">1.617 14.489 45.861 0.000 56.915 14.489 </Samples>
		<Samples TimeTag="2024-12-30T08:30:40" DepthTag="3.806">2.691 15.973 46.415 0.000 52.546 15.973 </Samples>
		<Samples TimeTag="2024-12-30T08:30:42" DepthTag="3.908">3.072 17.090 46.176 0.000 42.323 17.090 </Samples>
		<Samples TimeTag="2024-12-30T08:30:46" DepthTag="4.010">1.680 17.947 47.384 0.000 48.353 17.947 </Samples>
		<Samples TimeTag="2024-12-30T08:30:48" DepthTag="4.113">2.424 18.391 47.937 0.000 50.217 18.391 </Samples>
		<Samples TimeTag="2024-12-30T08:30:51" DepthTag="4.226">3.010 18.635 45.661 0.000 50.698 18.635 </Samples>
		<Samples TimeTag="2024-12-30T08:30:53" DepthTag="4.327">2.222 9.165 42.529 0.000 34.635 9.165 </Samples>
		<Samples TimeTag="2024-12-30T08:31:30" DepthTag="4.434">1.070 5.401 12.047 0.000 24.576 5.401 </Samples>
	</CompactMWDdata>
	<IR:GenTrailer>
		<IR:FileCloseDate>2024-12-30T08:32:15</IR:FileCloseDate>
		<IR:ChkSum>0406131856</IR:ChkSum>
	</IR:GenTrailer>
</DRMWD>
