<?xml version="1.0" encoding="UTF-8"?>
<!-- Generated by the RCS System Epiroc Rock Drills AB -->
<DRMWD xmlns="http://www.iredes.org/xml/DrillRig" xmlns:IR="http://www.iredes.org/xml" xmlns:xsi="http://www.w3.org/2001/XMLSchema-instance" xsi:schemaLocation="http://www.iredes.org/xml/DrillRig C:\Iredes\IR_V1.2.3\xml\DR-DrillRig_V1.2\DrillRig.xsd" IRVersion="V 1.2AC" IRDownwCompat="V 1.2AC" DRMWDDownwCompat="V 1.2AC" DRMWDVersion="V 1.2AC">
	<IR:GenHead>
		<IR:FileCreateDate>2024-12-30T00:34:55</IR:FileCreateDate>
		<IR:IRversion DownwCompat="V 1.0">V 1.2AC</IR:IRversion>
		<IR:EquipmentInfo>
			<IR:EqpManufact>Epiroc</IR:EqpManufact>
			<IR:EqpType>SmartROC D65</IR:EqpType>
			<IR:EqpSerNo>8992013064</IR:EqpSerNo>
			<IR:EqpSysVer>6.28.1</IR:EqpSysVer>
			<IR:EqpInfo>DrillingMethod: DTH</IR:EqpInfo>
		</IR:EquipmentInfo>
	</IR:GenHead>
	<IR:ReportId>MWDRI300034</IR:ReportId>
	<IR:StartLogTime>2024-12-30T00:27:31</IR:StartLogTime>
	<IR:EndLogTime>2024-12-30T00:31:47</IR:EndLogTime>
	<IR:PlanIdRef>TRN09_24_0486_015_All</IR:PlanIdRef>
	<IR:PlanNameRef>TRN09_24_0486_015_All</IR:PlanNameRef>
	<MWDholeId>AF52</MWDholeId>
	<QualityReportIdRef>DQRI291907</QualityReportIdRef>
	<SampleDistance>0.100</SampleDistance>
	<CompactMWDdata>
		<MWDparams>
			<Parameter Unit="m/min" Full="PenetrRate">PR</Parameter>
			<Parameter Unit="Bar" Full="PercPressure">PP</Parameter>
			<Parameter Unit="Bar" Full="FeedPressure">FP</Parameter>
			<Parameter Unit="Bar" Full="DampPressure">DP</Parameter>
			<Parameter Unit="Bar" Full="RotPressure">RP</Parameter>
			<Parameter Unit="Bar" Full="FlushPressure">FLP</Parameter>
		</MWDparams>
		<Samples TimeTag="2024-12-30T00:27:31" DepthTag="0.103">0.441 17.809 39.090 0.000 31.202 17.809 </Samples>
		<Samples TimeTag="2024-12-30T00:27:35" DepthTag="0.204">1.455 17.978 34.679 0.000 30.117 17.978 </Samples>
		<Samples TimeTag="2024-12-30T00:27:36" DepthTag="0.328">6.150 18.131 23.972 0.000 18.139 18.131 </Samples>
		<Samples TimeTag="2024-12-30T00:27:37" DepthTag="0.430">6.409 12.653 27.679 0.000 23.964 12.653 </Samples>
		<Samples TimeTag="2024-12-30T00:27:38" DepthTag="0.541">5.536 9.624 29.285 0.000 26.437 9.624 </Samples>
		<Samples TimeTag="2024-12-30T00:27:57" DepthTag="0.650">1.255 4.712 41.084 0.000 26.814 4.712 </Samples>
		<Samples TimeTag="2024-12-30T00:28:01" DepthTag="0.753">1.537 13.801 46.580 0.000 33.111 13.801 </Samples>
		<Samples TimeTag="2024-12-30T00:28:04" DepthTag="0.867">2.839 16.157 33.714 0.000 27.236 16.157 </Samples>
		<Samples TimeTag="2024-12-30T00:28:05" DepthTag="0.970">3.491 16.799 41.253 0.000 31.502 16.799 </Samples>
		<Samples TimeTag="2024-12-30T00:28:29" DepthTag="1.085">1.436 4.835 20.999 0.000 24.973 4.835 </Samples>
		<Samples TimeTag="2024-12-30T00:28:30" DepthTag="1.202">7.301 5.049 24.965 0.000 29.301 5.049 </Samples>
		<Samples TimeTag="2024-12-30T00:28:32" DepthTag="1.311">2.487 12.638 43.060 0.000 32.013 12.638 </Samples>
		<Samples TimeTag="2024-12-30T00:28:34" DepthTag="1.439">3.829 15.560 30.070 0.000 30.279 15.560 </Samples>
		<Samples TimeTag="2024-12-30T00:28:35" DepthTag="1.553">7.071 16.187 26.656 0.000 24.378 16.187 </Samples>
		<Samples TimeTag="2024-12-30T00:28:37" DepthTag="1.665">4.656 17.258 43.458 0.000 30.592 17.258 </Samples>
		<Samples TimeTag="2024-12-30T00:28:39" DepthTag="1.767">2.629 18.146 43.602 0.000 39.202 18.146 </Samples>
		<Samples TimeTag="2024-12-30T00:28:41" DepthTag="1.871">3.412 18.207 37.692 0.000 29.426 18.207 </Samples>
		<Samples TimeTag="2024-12-30T00:28:42" DepthTag="1.973">6.358 17.182 31.469 0.000 27.677 17.182 </Samples>
		<Samples TimeTag="2024-12-30T00:28:43" DepthTag="2.073">4.160 17.641 43.578 0.000 36.657 17.641 </Samples>
		<Samples TimeTag="2024-12-30T00:28:46" DepthTag="2.181">2.670 12.852 43.390 0.000 31.256 12.852 </Samples>
		<Samples TimeTag="2024-12-30T00:28:49" DepthTag="2.281">2.141 11.184 45.398 0.000 50.242 11.184 </Samples>
		<Samples TimeTag="2024-12-30T00:28:52" DepthTag="2.388">2.170 15.300 37.450 0.000 34.267 15.300 </Samples>
		<Samples TimeTag="2024-12-30T00:28:54" DepthTag="2.496">2.686 16.830 40.953 0.000 47.061 16.830 </Samples>
		<Samples TimeTag="2024-12-30T00:28:57" DepthTag="2.597">2.042 17.901 40.386 0.000 45.559 17.901 </Samples>
		<Samples TimeTag="2024-12-30T00:28:59" DepthTag="2.702">2.618 18.329 39.877 0.000 39.931 18.329 </Samples>
		<Samples TimeTag="2024-12-30T00:29:10" DepthTag="2.802">0.565 18.054 40.052 0.000 36.990 18.054 </Samples>
		<Samples TimeTag="2024-12-30T00:29:18" DepthTag="2.903">0.737 17.044 40.189 0.000 36.095 17.044 </Samples>
		<Samples TimeTag="2024-12-30T00:29:26" DepthTag="3.005">0.804 18.069 39.389 0.000 38.397 18.069 </Samples>
		<Samples TimeTag="2024-12-30T00:29:36" DepthTag="3.107">0.615 17.962 39.278 0.000 37.309 17.962 </Samples>
		<Samples TimeTag="2024-12-30T00:29:45" DepthTag="3.208">0.642 17.962 40.187 0.000 34.363 17.962 </Samples>
		<Samples TimeTag="2024-12-30T00:29:55" DepthTag="3.308">0.606 17.365 39.744 0.000 41.198 17.365 </Samples>
		<Samples TimeTag="2024-12-30T00:30:01" DepthTag="3.416">1.102 18.421 36.809 0.000 43.033 18.421 </Samples>
		<Samples TimeTag="2024-12-30T00:30:05" DepthTag="3.516">1.390 11.796 0.463 0.000 23.696 11.796 </Samples>
		<Samples TimeTag="2024-12-30T00:30:38" DepthTag="3.618">1.088 10.802 44.019 0.000 52.928 10.802 </Samples>
		<Samples TimeTag="2024-12-30T00:30:48" DepthTag="3.718">0.590 16.769 48.294 0.000 35.342 16.769 </Samples>
		<Samples TimeTag="2024-12-30T00:31:01" DepthTag="3.819">0.455 17.503 47.835 0.000 45.563 17.503 </Samples>
		<Samples TimeTag="2024-12-30T00:31:09" DepthTag="3.919">0.789 17.656 47.098 0.000 40.716 17.656 </Samples>
		<Samples TimeTag="2024-12-30T00:31:18" DepthTag="4.019">0.703 17.748 48.214 0.000 37.107 17.748 </Samples>
		<Samples TimeTag="2024-12-30T00:31:28" DepthTag="4.121">0.598 17.779 47.765 0.000 41.421 17.779 </Samples>
		<Samples TimeTag="2024-12-30T00:31:36" DepthTag="4.222">0.717 16.876 41.142 0.000 34.136 16.876 </Samples>
		<Samples TimeTag="2024-12-30T00:31:47" DepthTag="4.322">0.563 17.228 39.602 0.000 32.353 17.228 </Samples>
	</CompactMWDdata>
	<IR:GenTrailer>
		<IR:FileCloseDate>2024-12-30T00:34:55</IR:FileCloseDate>
		<IR:ChkSum>0086341694</IR:ChkSum>
	</IR:GenTrailer>
</DRMWD>
