<?xml version="1.0" encoding="UTF-8"?>
<!-- Generated by the RCS System Epiroc Rock Drills AB -->
<DRMWD xmlns="http://www.iredes.org/xml/DrillRig" xmlns:IR="http://www.iredes.org/xml" xmlns:xsi="http://www.w3.org/2001/XMLSchema-instance" xsi:schemaLocation="http://www.iredes.org/xml/DrillRig C:\Iredes\IR_V1.2.3\xml\DR-DrillRig_V1.2\DrillRig.xsd" IRVersion="V 1.2AC" IRDownwCompat="V 1.2AC" DRMWDDownwCompat="V 1.2AC" DRMWDVersion="V 1.2AC">
	<IR:GenHead>
		<IR:FileCreateDate>2024-12-29T02:40:55</IR:FileCreateDate>
		<IR:IRversion DownwCompat="V 1.0">V 1.2AC</IR:IRversion>
		<IR:EquipmentInfo>
			<IR:EqpManufact>Epiroc</IR:EqpManufact>
			<IR:EqpType>SmartROC D65</IR:EqpType>
			<IR:EqpSerNo>8992013064</IR:EqpSerNo>
			<IR:EqpSysVer>6.28.1</IR:EqpSysVer>
			<IR:EqpInfo>DrillingMethod: DTH</IR:EqpInfo>
		</IR:EquipmentInfo>
	</IR:GenHead>
	<IR:ReportId>MWDRI290240</IR:ReportId>
	<IR:StartLogTime>2024-12-29T02:33:25</IR:StartLogTime>
	<IR:EndLogTime>2024-12-29T02:39:28</IR:EndLogTime>
	<IR:PlanIdRef>TRN08_21_0530_001_All</IR:PlanIdRef>
	<IR:PlanNameRef>TRN08_21_0530_001_All</IR:PlanNameRef>
	<MWDholeId>N41</MWDholeId>
	<QualityReportIdRef>DQRI272324</QualityReportIdRef>
	<SampleDistance>0.100</SampleDistance>
	<CompactMWDdata>
		<MWDparams>
			<Parameter Unit="m/min" Full="PenetrRate">PR</Parameter>
			<Parameter Unit="Bar" Full="PercPressure">PP</Parameter>
			<Parameter Unit="Bar" Full="FeedPressure">FP</Parameter>
			<Parameter Unit="Bar" Full="DampPressure">DP</Parameter>
			<Parameter Unit="Bar" Full="RotPressure">RP</Parameter>
			<Parameter Unit="Bar" Full="FlushPressure">FLP</Parameter>
		</MWDparams>
		<Samples TimeTag="2024-12-29T02:33:25" DepthTag="0.100">0.438 12.439 37.447 0.000 40.304 12.439 </Samples>
		<Samples TimeTag="2024-12-29T02:33:29" DepthTag="0.205">1.571 13.433 40.127 0.000 43.703 13.433 </Samples>
		<Samples TimeTag="2024-12-29T02:33:34" DepthTag="0.308">1.277 14.076 40.141 0.000 44.156 14.076 </Samples>
		<Samples TimeTag="2024-12-29T02:33:38" DepthTag="0.411">1.483 14.367 38.605 0.000 44.197 14.367 </Samples>
		<Samples TimeTag="2024-12-29T02:33:59" DepthTag="0.540">0.967 5.171 28.030 0.000 28.446 5.171 </Samples>
		<Samples TimeTag="2024-12-29T02:34:04" DepthTag="0.643">1.179 11.750 43.111 0.000 49.544 11.750 </Samples>
		<Samples TimeTag="2024-12-29T02:34:09" DepthTag="0.747">1.322 13.602 40.569 0.000 46.829 13.602 </Samples>
		<Samples TimeTag="2024-12-29T02:34:13" DepthTag="0.852">1.480 14.076 40.390 0.000 43.769 14.076 </Samples>
		<Samples TimeTag="2024-12-29T02:34:18" DepthTag="0.953">1.127 14.764 39.163 0.000 48.212 14.764 </Samples>
		<Samples TimeTag="2024-12-29T02:34:56" DepthTag="1.053">0.683 15.285 39.246 0.000 47.300 15.285 </Samples>
		<Samples TimeTag="2024-12-29T02:35:01" DepthTag="1.158">1.115 15.514 40.173 0.000 46.062 15.514 </Samples>
		<Samples TimeTag="2024-12-29T02:35:31" DepthTag="1.271">0.262 4.452 38.953 0.000 46.152 4.452 </Samples>
		<Samples TimeTag="2024-12-29T02:35:40" DepthTag="1.374">0.735 14.734 41.243 0.000 47.063 14.734 </Samples>
		<Samples TimeTag="2024-12-29T02:35:46" DepthTag="1.475">1.054 15.912 39.862 0.000 50.224 15.912 </Samples>
		<Samples TimeTag="2024-12-29T02:36:33" DepthTag="1.582">0.783 24.572 41.762 0.000 40.476 24.572 </Samples>
		<Samples TimeTag="2024-12-29T02:36:35" DepthTag="1.688">2.392 22.736 43.986 0.000 42.063 22.736 </Samples>
		<Samples TimeTag="2024-12-29T02:36:38" DepthTag="1.789">2.161 21.634 44.266 0.000 43.941 21.634 </Samples>
		<Samples TimeTag="2024-12-29T02:36:42" DepthTag="1.893">1.851 20.808 44.123 0.000 45.362 20.808 </Samples>
		<Samples TimeTag="2024-12-29T02:36:45" DepthTag="1.997">1.731 20.349 44.684 0.000 43.374 20.349 </Samples>
		<Samples TimeTag="2024-12-29T02:36:49" DepthTag="2.099">1.695 20.211 44.810 0.000 45.271 20.211 </Samples>
		<Samples TimeTag="2024-12-29T02:36:54" DepthTag="2.201">1.231 21.129 45.150 0.000 49.974 21.129 </Samples>
		<Samples TimeTag="2024-12-29T02:36:59" DepthTag="2.305">1.111 21.741 45.415 0.000 49.180 21.741 </Samples>
		<Samples TimeTag="2024-12-29T02:37:05" DepthTag="2.408">1.100 22.506 44.836 0.000 43.931 22.506 </Samples>
		<Samples TimeTag="2024-12-29T02:37:10" DepthTag="2.509">1.130 22.659 45.717 0.000 45.673 22.659 </Samples>
		<Samples TimeTag="2024-12-29T02:37:16" DepthTag="2.609">1.069 22.965 44.889 0.000 42.073 22.965 </Samples>
		<Samples TimeTag="2024-12-29T02:37:22" DepthTag="2.709">0.972 23.225 45.130 0.000 40.558 23.225 </Samples>
		<Samples TimeTag="2024-12-29T02:37:28" DepthTag="2.813">1.065 23.501 45.907 0.000 40.940 23.501 </Samples>
		<Samples TimeTag="2024-12-29T02:37:34" DepthTag="2.914">1.098 23.562 44.635 0.000 40.308 23.562 </Samples>
		<Samples TimeTag="2024-12-29T02:37:39" DepthTag="3.017">1.221 23.409 44.325 0.000 41.949 23.409 </Samples>
		<Samples TimeTag="2024-12-29T02:37:44" DepthTag="3.119">1.231 22.889 45.366 0.000 45.556 22.889 </Samples>
		<Samples TimeTag="2024-12-29T02:37:49" DepthTag="3.223">1.081 22.766 45.435 0.000 47.234 22.766 </Samples>
		<Samples TimeTag="2024-12-29T02:37:56" DepthTag="3.325">0.919 23.700 44.311 0.000 49.075 23.700 </Samples>
		<Samples TimeTag="2024-12-29T02:38:01" DepthTag="3.430">1.168 23.684 44.815 0.000 42.249 23.684 </Samples>
		<Samples TimeTag="2024-12-29T02:38:07" DepthTag="3.534">1.120 23.501 45.677 0.000 43.002 23.501 </Samples>
		<Samples TimeTag="2024-12-29T02:38:12" DepthTag="3.637">1.143 23.623 45.483 0.000 44.452 23.623 </Samples>
		<Samples TimeTag="2024-12-29T02:38:18" DepthTag="3.738">1.166 23.776 44.948 0.000 40.519 23.776 </Samples>
		<Samples TimeTag="2024-12-29T02:38:23" DepthTag="3.841">1.099 23.868 44.997 0.000 41.239 23.868 </Samples>
		<Samples TimeTag="2024-12-29T02:38:29" DepthTag="3.942">0.984 24.419 45.056 0.000 44.582 24.419 </Samples>
		<Samples TimeTag="2024-12-29T02:38:36" DepthTag="4.045">0.904 24.771 45.215 0.000 46.710 24.771 </Samples>
		<Samples TimeTag="2024-12-29T02:38:43" DepthTag="4.146">0.924 25.123 44.689 0.000 42.500 25.123 </Samples>
		<Samples TimeTag="2024-12-29T02:38:48" DepthTag="4.249">1.094 25.413 44.443 0.000 42.803 25.413 </Samples>
		<Samples TimeTag="2024-12-29T02:38:54" DepthTag="4.350">1.078 25.673 45.013 0.000 43.719 25.673 </Samples>
		<Samples TimeTag="2024-12-29T02:39:00" DepthTag="4.451">1.054 25.811 45.306 0.000 40.670 25.811 </Samples>
		<Samples TimeTag="2024-12-29T02:39:06" DepthTag="4.552">1.009 25.291 44.744 0.000 38.098 25.291 </Samples>
		<Samples TimeTag="2024-12-29T02:39:11" DepthTag="4.653">1.176 25.061 44.834 0.000 42.030 25.061 </Samples>
		<Samples TimeTag="2024-12-29T02:39:16" DepthTag="4.753">1.191 24.939 44.766 0.000 41.583 24.939 </Samples>
		<Samples TimeTag="2024-12-29T02:39:22" DepthTag="4.855">1.088 24.847 40.073 0.000 43.929 24.847 </Samples>
		<Samples TimeTag="2024-12-29T02:39:28" DepthTag="4.960">1.045 25.031 38.843 0.000 36.733 25.031 </Samples>
	</CompactMWDdata>
	<IR:GenTrailer>
		<IR:FileCloseDate>2024-12-29T02:40:55</IR:FileCloseDate>
		<IR:ChkSum>2109505756</IR:ChkSum>
	</IR:GenTrailer>
</DRMWD>
