<?xml version="1.0" encoding="UTF-8"?>
<!-- Generated by the RCS System Epiroc Rock Drills AB -->
<DRMWD xmlns="http://www.iredes.org/xml/DrillRig" xmlns:IR="http://www.iredes.org/xml" xmlns:xsi="http://www.w3.org/2001/XMLSchema-instance" xsi:schemaLocation="http://www.iredes.org/xml/DrillRig C:\Iredes\IR_V1.2.3\xml\DR-DrillRig_V1.2\DrillRig.xsd" IRVersion="V 1.2AC" IRDownwCompat="V 1.2AC" DRMWDDownwCompat="V 1.2AC" DRMWDVersion="V 1.2AC">
	<IR:GenHead>
		<IR:FileCreateDate>2024-12-28T09:06:27</IR:FileCreateDate>
		<IR:IRversion DownwCompat="V 1.0">V 1.2AC</IR:IRversion>
		<IR:EquipmentInfo>
			<IR:EqpManufact>Epiroc</IR:EqpManufact>
			<IR:EqpType>SmartROC D65</IR:EqpType>
			<IR:EqpSerNo>8992013064</IR:EqpSerNo>
			<IR:EqpSysVer>6.28.1</IR:EqpSysVer>
			<IR:EqpInfo>DrillingMethod: DTH</IR:EqpInfo>
		</IR:EquipmentInfo>
	</IR:GenHead>
	<IR:ReportId>MWDRI280906</IR:ReportId>
	<IR:StartLogTime>2024-12-28T08:59:48</IR:StartLogTime>
	<IR:EndLogTime>2024-12-28T09:04:31</IR:EndLogTime>
	<IR:PlanIdRef>TRN08_21_0530_001_All</IR:PlanIdRef>
	<IR:PlanNameRef>TRN08_21_0530_001_All</IR:PlanNameRef>
	<MWDholeId>D61</MWDholeId>
	<QualityReportIdRef>DQRI272324</QualityReportIdRef>
	<SampleDistance>0.100</SampleDistance>
	<CompactMWDdata>
		<MWDparams>
			<Parameter Unit="m/min" Full="PenetrRate">PR</Parameter>
			<Parameter Unit="Bar" Full="PercPressure">PP</Parameter>
			<Parameter Unit="Bar" Full="FeedPressure">FP</Parameter>
			<Parameter Unit="Bar" Full="DampPressure">DP</Parameter>
			<Parameter Unit="Bar" Full="RotPressure">RP</Parameter>
			<Parameter Unit="Bar" Full="FlushPressure">FLP</Parameter>
		</MWDparams>
		<Samples TimeTag="2024-12-28T08:59:48" DepthTag="0.101">0.788 15.728 47.455 0.000 21.400 15.728 </Samples>
		<Samples TimeTag="2024-12-28T08:59:56" DepthTag="0.202">0.781 17.962 37.981 0.000 42.805 17.962 </Samples>
		<Samples TimeTag="2024-12-28T08:59:59" DepthTag="0.304">1.906 17.473 39.558 0.000 42.823 17.473 </Samples>
		<Samples TimeTag="2024-12-28T09:00:03" DepthTag="0.407">1.709 17.029 40.745 0.000 46.672 17.029 </Samples>
		<Samples TimeTag="2024-12-28T09:00:07" DepthTag="0.509">1.334 16.753 41.291 0.000 47.765 16.753 </Samples>
		<Samples TimeTag="2024-12-28T09:00:30" DepthTag="0.610">0.598 10.741 45.909 0.000 49.555 10.741 </Samples>
		<Samples TimeTag="2024-12-28T09:00:38" DepthTag="0.712">0.799 15.285 40.278 0.000 45.939 15.285 </Samples>
		<Samples TimeTag="2024-12-28T09:00:44" DepthTag="0.812">0.998 16.172 39.383 0.000 42.621 16.172 </Samples>
		<Samples TimeTag="2024-12-28T09:00:49" DepthTag="0.914">1.238 16.233 39.104 0.000 45.044 16.233 </Samples>
		<Samples TimeTag="2024-12-28T09:00:53" DepthTag="1.016">1.331 16.004 40.078 0.000 43.070 16.004 </Samples>
		<Samples TimeTag="2024-12-28T09:01:26" DepthTag="1.117">0.420 16.784 38.820 0.000 43.529 16.784 </Samples>
		<Samples TimeTag="2024-12-28T09:01:31" DepthTag="1.217">1.215 16.417 38.106 0.000 43.059 16.417 </Samples>
		<Samples TimeTag="2024-12-28T09:01:36" DepthTag="1.319">1.379 16.340 39.911 0.000 44.714 16.340 </Samples>
		<Samples TimeTag="2024-12-28T09:01:42" DepthTag="1.419">0.937 17.059 41.431 0.000 51.315 17.059 </Samples>
		<Samples TimeTag="2024-12-28T09:01:49" DepthTag="1.522">0.883 17.381 39.642 0.000 45.307 17.381 </Samples>
		<Samples TimeTag="2024-12-28T09:02:17" DepthTag="1.625">0.656 13.556 45.245 0.000 49.307 13.556 </Samples>
		<Samples TimeTag="2024-12-28T09:02:24" DepthTag="1.727">0.873 19.064 45.271 0.000 55.314 19.064 </Samples>
		<Samples TimeTag="2024-12-28T09:02:30" DepthTag="1.830">1.076 21.083 45.790 0.000 49.677 21.083 </Samples>
		<Samples TimeTag="2024-12-28T09:02:35" DepthTag="1.935">1.146 21.695 43.871 0.000 45.202 21.695 </Samples>
		<Samples TimeTag="2024-12-28T09:02:39" DepthTag="2.040">1.674 21.711 44.497 0.000 40.468 21.711 </Samples>
		<Samples TimeTag="2024-12-28T09:02:43" DepthTag="2.140">1.597 21.818 44.909 0.000 45.514 21.818 </Samples>
		<Samples TimeTag="2024-12-28T09:02:47" DepthTag="2.244">1.467 22.017 45.079 0.000 47.520 22.017 </Samples>
		<Samples TimeTag="2024-12-28T09:02:52" DepthTag="2.346">1.167 22.874 45.068 0.000 43.302 22.874 </Samples>
		<Samples TimeTag="2024-12-28T09:02:59" DepthTag="2.447">0.900 24.113 45.018 0.000 39.530 24.113 </Samples>
		<Samples TimeTag="2024-12-28T09:03:06" DepthTag="2.548">0.892 25.107 44.948 0.000 41.898 25.107 </Samples>
		<Samples TimeTag="2024-12-28T09:03:14" DepthTag="2.651">0.768 26.071 44.924 0.000 35.566 26.071 </Samples>
		<Samples TimeTag="2024-12-28T09:03:20" DepthTag="2.754">1.103 25.383 44.936 0.000 32.547 25.383 </Samples>
		<Samples TimeTag="2024-12-28T09:03:24" DepthTag="2.858">1.441 24.480 44.334 0.000 33.084 24.480 </Samples>
		<Samples TimeTag="2024-12-28T09:03:28" DepthTag="2.959">1.677 23.639 45.918 0.000 39.590 23.639 </Samples>
		<Samples TimeTag="2024-12-28T09:03:31" DepthTag="3.065">1.844 22.904 45.644 0.000 42.151 22.904 </Samples>
		<Samples TimeTag="2024-12-28T09:03:34" DepthTag="3.167">1.906 22.460 43.897 0.000 38.790 22.460 </Samples>
		<Samples TimeTag="2024-12-28T09:03:37" DepthTag="3.275">2.022 22.108 44.390 0.000 44.157 22.108 </Samples>
		<Samples TimeTag="2024-12-28T09:03:41" DepthTag="3.375">1.533 21.726 44.309 0.000 42.879 21.726 </Samples>
		<Samples TimeTag="2024-12-28T09:03:46" DepthTag="3.482">1.504 21.420 44.156 0.000 40.062 21.420 </Samples>
		<Samples TimeTag="2024-12-28T09:03:49" DepthTag="3.586">1.730 21.068 44.131 0.000 42.265 21.068 </Samples>
		<Samples TimeTag="2024-12-28T09:03:53" DepthTag="3.688">1.616 20.976 46.361 0.000 42.301 20.976 </Samples>
		<Samples TimeTag="2024-12-28T09:03:57" DepthTag="3.794">1.765 21.328 45.639 0.000 49.206 21.328 </Samples>
		<Samples TimeTag="2024-12-28T09:04:01" DepthTag="3.897">1.542 21.236 43.926 0.000 39.029 21.236 </Samples>
		<Samples TimeTag="2024-12-28T09:04:04" DepthTag="4.001">1.723 21.145 45.376 0.000 42.649 21.145 </Samples>
		<Samples TimeTag="2024-12-28T09:04:08" DepthTag="4.105">1.856 20.777 45.195 0.000 41.504 20.777 </Samples>
		<Samples TimeTag="2024-12-28T09:04:11" DepthTag="4.207">1.815 20.380 45.496 0.000 39.023 20.380 </Samples>
		<Samples TimeTag="2024-12-28T09:04:14" DepthTag="4.308">1.894 20.380 44.163 0.000 40.827 20.380 </Samples>
		<Samples TimeTag="2024-12-28T09:04:18" DepthTag="4.412">1.805 20.624 44.446 0.000 45.932 20.624 </Samples>
		<Samples TimeTag="2024-12-28T09:04:21" DepthTag="4.515">1.742 20.594 45.865 0.000 43.119 20.594 </Samples>
		<Samples TimeTag="2024-12-28T09:04:25" DepthTag="4.618">1.802 20.624 44.579 0.000 37.514 20.624 </Samples>
		<Samples TimeTag="2024-12-28T09:04:28" DepthTag="4.721">2.068 20.273 38.978 0.000 38.719 20.273 </Samples>
		<Samples TimeTag="2024-12-28T09:04:31" DepthTag="4.822">1.769 19.768 39.440 0.000 42.416 19.768 </Samples>
	</CompactMWDdata>
	<IR:GenTrailer>
		<IR:FileCloseDate>2024-12-28T09:06:27</IR:FileCloseDate>
		<IR:ChkSum>3068929305</IR:ChkSum>
	</IR:GenTrailer>
</DRMWD>
