<?xml version="1.0" encoding="UTF-8"?>
<!-- Generated by the RCS System Epiroc Rock Drills AB -->
<DRMWD xmlns="http://www.iredes.org/xml/DrillRig" xmlns:IR="http://www.iredes.org/xml" xmlns:xsi="http://www.w3.org/2001/XMLSchema-instance" xsi:schemaLocation="http://www.iredes.org/xml/DrillRig C:\Iredes\IR_V1.2.3\xml\DR-DrillRig_V1.2\DrillRig.xsd" IRVersion="V 1.2AC" IRDownwCompat="V 1.2AC" DRMWDDownwCompat="V 1.2AC" DRMWDVersion="V 1.2AC">
	<IR:GenHead>
		<IR:FileCreateDate>2024-12-28T15:56:34</IR:FileCreateDate>
		<IR:IRversion DownwCompat="V 1.0">V 1.2AC</IR:IRversion>
		<IR:EquipmentInfo>
			<IR:EqpManufact>Epiroc</IR:EqpManufact>
			<IR:EqpType>SmartROC D65</IR:EqpType>
			<IR:EqpSerNo>8992013064</IR:EqpSerNo>
			<IR:EqpSysVer>6.28.1</IR:EqpSysVer>
			<IR:EqpInfo>DrillingMethod: DTH</IR:EqpInfo>
		</IR:EquipmentInfo>
	</IR:GenHead>
	<IR:ReportId>MWDRI281556</IR:ReportId>
	<IR:StartLogTime>2024-12-28T15:53:05</IR:StartLogTime>
	<IR:EndLogTime>2024-12-28T15:55:01</IR:EndLogTime>
	<IR:PlanIdRef>TRN08_21_0530_001_All</IR:PlanIdRef>
	<IR:PlanNameRef>TRN08_21_0530_001_All</IR:PlanNameRef>
	<MWDholeId>N45</MWDholeId>
	<QualityReportIdRef>DQRI272324</QualityReportIdRef>
	<SampleDistance>0.100</SampleDistance>
	<CompactMWDdata>
		<MWDparams>
			<Parameter Unit="m/min" Full="PenetrRate">PR</Parameter>
			<Parameter Unit="Bar" Full="PercPressure">PP</Parameter>
			<Parameter Unit="Bar" Full="FeedPressure">FP</Parameter>
			<Parameter Unit="Bar" Full="DampPressure">DP</Parameter>
			<Parameter Unit="Bar" Full="RotPressure">RP</Parameter>
			<Parameter Unit="Bar" Full="FlushPressure">FLP</Parameter>
		</MWDparams>
		<Samples TimeTag="2024-12-28T15:53:05" DepthTag="0.109">1.245 9.731 35.032 0.000 20.972 9.731 </Samples>
		<Samples TimeTag="2024-12-28T15:53:13" DepthTag="0.214">0.751 17.121 38.571 0.000 34.024 17.121 </Samples>
		<Samples TimeTag="2024-12-28T15:53:16" DepthTag="0.316">1.912 16.493 39.780 0.000 41.831 16.493 </Samples>
		<Samples TimeTag="2024-12-28T15:53:21" DepthTag="0.418">1.276 16.784 42.081 0.000 48.144 16.784 </Samples>
		<Samples TimeTag="2024-12-28T15:53:47" DepthTag="0.521">0.481 8.400 46.906 0.000 53.422 8.400 </Samples>
		<Samples TimeTag="2024-12-28T15:53:52" DepthTag="0.624">1.116 12.959 42.055 0.000 47.078 12.959 </Samples>
		<Samples TimeTag="2024-12-28T15:53:57" DepthTag="0.726">1.438 13.892 39.211 0.000 43.613 13.892 </Samples>
		<Samples TimeTag="2024-12-28T15:54:02" DepthTag="0.828">1.064 14.994 40.878 0.000 44.895 14.994 </Samples>
		<Samples TimeTag="2024-12-28T15:54:08" DepthTag="0.931">1.180 15.025 39.413 0.000 41.114 15.025 </Samples>
		<Samples TimeTag="2024-12-28T15:54:33" DepthTag="1.035">0.755 3.580 39.762 0.000 48.810 3.580 </Samples>
		<Samples TimeTag="2024-12-28T15:54:41" DepthTag="1.136">0.739 13.326 41.468 0.000 51.961 13.326 </Samples>
		<Samples TimeTag="2024-12-28T15:54:49" DepthTag="1.237">0.756 15.514 40.371 0.000 50.339 15.514 </Samples>
		<Samples TimeTag="2024-12-28T15:54:55" DepthTag="1.339">1.059 15.468 39.027 0.000 46.393 15.468 </Samples>
		<Samples TimeTag="2024-12-28T15:55:01" DepthTag="1.441">0.996 15.667 40.381 0.000 50.038 15.667 </Samples>
	</CompactMWDdata>
	<IR:GenTrailer>
		<IR:FileCloseDate>2024-12-28T15:56:34</IR:FileCloseDate>
		<IR:ChkSum>3233387633</IR:ChkSum>
	</IR:GenTrailer>
</DRMWD>
