<?xml version="1.0" encoding="UTF-8"?>
<!-- Generated by the RCS System Epiroc Rock Drills AB -->
<DRMWD xmlns="http://www.iredes.org/xml/DrillRig" xmlns:IR="http://www.iredes.org/xml" xmlns:xsi="http://www.w3.org/2001/XMLSchema-instance" xsi:schemaLocation="http://www.iredes.org/xml/DrillRig C:\Iredes\IR_V1.2.3\xml\DR-DrillRig_V1.2\DrillRig.xsd" IRVersion="V 1.2AC" IRDownwCompat="V 1.2AC" DRMWDDownwCompat="V 1.2AC" DRMWDVersion="V 1.2AC">
	<IR:GenHead>
		<IR:FileCreateDate>2024-12-29T09:13:20</IR:FileCreateDate>
		<IR:IRversion DownwCompat="V 1.0">V 1.2AC</IR:IRversion>
		<IR:EquipmentInfo>
			<IR:EqpManufact>Epiroc</IR:EqpManufact>
			<IR:EqpType>SmartROC D65</IR:EqpType>
			<IR:EqpSerNo>8992013064</IR:EqpSerNo>
			<IR:EqpSysVer>6.28.1</IR:EqpSysVer>
			<IR:EqpInfo>DrillingMethod: DTH</IR:EqpInfo>
		</IR:EquipmentInfo>
	</IR:GenHead>
	<IR:ReportId>MWDRI290913</IR:ReportId>
	<IR:StartLogTime>2024-12-29T09:06:47</IR:StartLogTime>
	<IR:EndLogTime>2024-12-29T09:11:56</IR:EndLogTime>
	<IR:PlanIdRef>TRN08_21_0530_001_All</IR:PlanIdRef>
	<IR:PlanNameRef>TRN08_21_0530_001_All</IR:PlanNameRef>
	<MWDholeId>O36</MWDholeId>
	<QualityReportIdRef>DQRI272324</QualityReportIdRef>
	<SampleDistance>0.100</SampleDistance>
	<CompactMWDdata>
		<MWDparams>
			<Parameter Unit="m/min" Full="PenetrRate">PR</Parameter>
			<Parameter Unit="Bar" Full="PercPressure">PP</Parameter>
			<Parameter Unit="Bar" Full="FeedPressure">FP</Parameter>
			<Parameter Unit="Bar" Full="DampPressure">DP</Parameter>
			<Parameter Unit="Bar" Full="RotPressure">RP</Parameter>
			<Parameter Unit="Bar" Full="FlushPressure">FLP</Parameter>
		</MWDparams>
		<Samples TimeTag="2024-12-29T09:06:47" DepthTag="0.101">0.774 16.172 41.731 0.000 21.400 16.172 </Samples>
		<Samples TimeTag="2024-12-29T09:06:52" DepthTag="0.206">1.511 15.805 37.471 0.000 40.332 15.805 </Samples>
		<Samples TimeTag="2024-12-29T09:06:55" DepthTag="0.307">1.611 16.157 40.464 0.000 49.034 16.157 </Samples>
		<Samples TimeTag="2024-12-29T09:07:00" DepthTag="0.413">1.253 16.708 39.616 0.000 44.719 16.708 </Samples>
		<Samples TimeTag="2024-12-29T09:07:04" DepthTag="0.516">1.709 16.325 38.515 0.000 42.295 16.325 </Samples>
		<Samples TimeTag="2024-12-29T09:07:07" DepthTag="0.623">1.911 15.988 39.786 0.000 46.126 15.988 </Samples>
		<Samples TimeTag="2024-12-29T09:07:11" DepthTag="0.726">1.549 16.172 41.607 0.000 47.939 16.172 </Samples>
		<Samples TimeTag="2024-12-29T09:07:35" DepthTag="0.828">0.714 5.187 48.411 0.000 46.458 5.187 </Samples>
		<Samples TimeTag="2024-12-29T09:07:42" DepthTag="0.930">0.870 13.724 40.613 0.000 49.336 13.724 </Samples>
		<Samples TimeTag="2024-12-29T09:07:47" DepthTag="1.035">1.424 14.764 38.930 0.000 44.207 14.764 </Samples>
		<Samples TimeTag="2024-12-29T09:07:51" DepthTag="1.136">1.331 15.667 41.161 0.000 47.232 15.667 </Samples>
		<Samples TimeTag="2024-12-29T09:07:57" DepthTag="1.237">1.078 16.264 40.371 0.000 49.506 16.264 </Samples>
		<Samples TimeTag="2024-12-29T09:08:27" DepthTag="1.338">0.674 6.992 48.641 0.000 53.478 6.992 </Samples>
		<Samples TimeTag="2024-12-29T09:08:34" DepthTag="1.439">0.921 13.678 41.575 0.000 55.374 13.678 </Samples>
		<Samples TimeTag="2024-12-29T09:08:38" DepthTag="1.543">1.561 14.458 38.940 0.000 47.803 14.458 </Samples>
		<Samples TimeTag="2024-12-29T09:08:43" DepthTag="1.643">1.152 15.835 41.015 0.000 52.473 15.835 </Samples>
		<Samples TimeTag="2024-12-29T09:08:49" DepthTag="1.747">1.007 16.570 38.713 0.000 49.555 16.570 </Samples>
		<Samples TimeTag="2024-12-29T09:09:17" DepthTag="1.847">0.636 11.092 44.073 0.000 52.295 11.092 </Samples>
		<Samples TimeTag="2024-12-29T09:09:24" DepthTag="1.950">0.933 16.815 45.179 0.000 51.559 16.815 </Samples>
		<Samples TimeTag="2024-12-29T09:09:29" DepthTag="2.050">1.313 17.840 45.286 0.000 47.573 17.840 </Samples>
		<Samples TimeTag="2024-12-29T09:09:33" DepthTag="2.152">1.385 18.421 45.321 0.000 46.440 18.421 </Samples>
		<Samples TimeTag="2024-12-29T09:09:38" DepthTag="2.255">1.350 19.049 45.098 0.000 55.577 19.049 </Samples>
		<Samples TimeTag="2024-12-29T09:09:43" DepthTag="2.357">1.130 19.752 45.258 0.000 50.937 19.752 </Samples>
		<Samples TimeTag="2024-12-29T09:09:48" DepthTag="2.461">1.205 20.334 44.625 0.000 50.302 20.334 </Samples>
		<Samples TimeTag="2024-12-29T09:09:53" DepthTag="2.566">1.212 20.242 45.088 0.000 47.903 20.242 </Samples>
		<Samples TimeTag="2024-12-29T09:09:59" DepthTag="2.669">1.059 20.471 45.223 0.000 51.654 20.471 </Samples>
		<Samples TimeTag="2024-12-29T09:10:05" DepthTag="2.773">1.124 20.839 45.486 0.000 50.930 20.839 </Samples>
		<Samples TimeTag="2024-12-29T09:10:09" DepthTag="2.879">1.374 20.915 45.005 0.000 51.026 20.915 </Samples>
		<Samples TimeTag="2024-12-29T09:10:14" DepthTag="2.980">1.215 21.634 44.772 0.000 52.108 21.634 </Samples>
		<Samples TimeTag="2024-12-29T09:10:20" DepthTag="3.081">1.008 22.659 45.424 0.000 45.275 22.659 </Samples>
		<Samples TimeTag="2024-12-29T09:10:27" DepthTag="3.182">0.986 22.629 44.837 0.000 40.443 22.629 </Samples>
		<Samples TimeTag="2024-12-29T09:10:31" DepthTag="3.286">1.294 21.542 42.253 0.000 43.143 21.542 </Samples>
		<Samples TimeTag="2024-12-29T09:10:35" DepthTag="3.388">1.584 21.252 44.387 0.000 46.451 21.252 </Samples>
		<Samples TimeTag="2024-12-29T09:10:40" DepthTag="3.492">1.220 21.558 44.619 0.000 49.382 21.558 </Samples>
		<Samples TimeTag="2024-12-29T09:10:47" DepthTag="3.594">0.918 22.093 45.521 0.000 54.172 22.093 </Samples>
		<Samples TimeTag="2024-12-29T09:10:54" DepthTag="3.695">0.917 21.940 44.826 0.000 49.419 21.940 </Samples>
		<Samples TimeTag="2024-12-29T09:10:58" DepthTag="3.795">1.321 21.619 44.712 0.000 43.621 21.619 </Samples>
		<Samples TimeTag="2024-12-29T09:11:03" DepthTag="3.897">1.381 21.726 44.671 0.000 46.375 21.726 </Samples>
		<Samples TimeTag="2024-12-29T09:11:08" DepthTag="3.998">1.162 22.414 45.220 0.000 51.585 22.414 </Samples>
		<Samples TimeTag="2024-12-29T09:11:13" DepthTag="4.100">1.090 22.874 45.015 0.000 50.583 22.874 </Samples>
		<Samples TimeTag="2024-12-29T09:11:19" DepthTag="4.206">1.224 22.460 45.135 0.000 44.348 22.460 </Samples>
		<Samples TimeTag="2024-12-29T09:11:23" DepthTag="4.312">1.339 21.833 45.619 0.000 47.144 21.833 </Samples>
		<Samples TimeTag="2024-12-29T09:11:28" DepthTag="4.413">1.265 21.879 44.707 0.000 42.981 21.879 </Samples>
		<Samples TimeTag="2024-12-29T09:11:33" DepthTag="4.516">1.220 21.680 44.359 0.000 39.760 21.680 </Samples>
		<Samples TimeTag="2024-12-29T09:11:38" DepthTag="4.619">1.356 21.451 45.368 0.000 42.632 21.451 </Samples>
		<Samples TimeTag="2024-12-29T09:11:43" DepthTag="4.720">1.254 21.206 44.760 0.000 40.497 21.206 </Samples>
		<Samples TimeTag="2024-12-29T09:11:48" DepthTag="4.820">1.211 21.083 44.507 0.000 39.204 21.083 </Samples>
		<Samples TimeTag="2024-12-29T09:11:52" DepthTag="4.923">1.323 22.476 39.902 0.000 36.764 22.476 </Samples>
		<Samples TimeTag="2024-12-29T09:11:56" DepthTag="5.026">1.481 23.195 40.059 0.000 37.428 23.195 </Samples>
	</CompactMWDdata>
	<IR:GenTrailer>
		<IR:FileCloseDate>2024-12-29T09:13:20</IR:FileCloseDate>
		<IR:ChkSum>2891594352</IR:ChkSum>
	</IR:GenTrailer>
</DRMWD>
