<?xml version="1.0" encoding="UTF-8"?>
<!-- Generated by the RCS System Epiroc Rock Drills AB -->
<DRMWD xmlns="http://www.iredes.org/xml/DrillRig" xmlns:IR="http://www.iredes.org/xml" xmlns:xsi="http://www.w3.org/2001/XMLSchema-instance" xsi:schemaLocation="http://www.iredes.org/xml/DrillRig C:\Iredes\IR_V1.2.3\xml\DR-DrillRig_V1.2\DrillRig.xsd" IRVersion="V 1.2AC" IRDownwCompat="V 1.2AC" DRMWDDownwCompat="V 1.2AC" DRMWDVersion="V 1.2AC">
	<IR:GenHead>
		<IR:FileCreateDate>2024-12-29T02:31:16</IR:FileCreateDate>
		<IR:IRversion DownwCompat="V 1.0">V 1.2AC</IR:IRversion>
		<IR:EquipmentInfo>
			<IR:EqpManufact>Epiroc</IR:EqpManufact>
			<IR:EqpType>SmartROC D65</IR:EqpType>
			<IR:EqpSerNo>8992013064</IR:EqpSerNo>
			<IR:EqpSysVer>6.28.1</IR:EqpSysVer>
			<IR:EqpInfo>DrillingMethod: DTH</IR:EqpInfo>
		</IR:EquipmentInfo>
	</IR:GenHead>
	<IR:ReportId>MWDRI290231</IR:ReportId>
	<IR:StartLogTime>2024-12-29T02:24:05</IR:StartLogTime>
	<IR:EndLogTime>2024-12-29T02:29:51</IR:EndLogTime>
	<IR:PlanIdRef>TRN08_21_0530_001_All</IR:PlanIdRef>
	<IR:PlanNameRef>TRN08_21_0530_001_All</IR:PlanNameRef>
	<MWDholeId>O40</MWDholeId>
	<QualityReportIdRef>DQRI272324</QualityReportIdRef>
	<SampleDistance>0.100</SampleDistance>
	<CompactMWDdata>
		<MWDparams>
			<Parameter Unit="m/min" Full="PenetrRate">PR</Parameter>
			<Parameter Unit="Bar" Full="PercPressure">PP</Parameter>
			<Parameter Unit="Bar" Full="FeedPressure">FP</Parameter>
			<Parameter Unit="Bar" Full="DampPressure">DP</Parameter>
			<Parameter Unit="Bar" Full="RotPressure">RP</Parameter>
			<Parameter Unit="Bar" Full="FlushPressure">FLP</Parameter>
		</MWDparams>
		<Samples TimeTag="2024-12-29T02:24:05" DepthTag="0.104">0.641 16.034 43.097 0.000 20.972 16.034 </Samples>
		<Samples TimeTag="2024-12-29T02:24:11" DepthTag="0.208">1.043 15.713 39.005 0.000 41.028 15.713 </Samples>
		<Samples TimeTag="2024-12-29T02:24:14" DepthTag="0.309">1.683 15.300 40.058 0.000 42.706 15.300 </Samples>
		<Samples TimeTag="2024-12-29T02:24:18" DepthTag="0.413">1.949 15.086 40.397 0.000 44.541 15.086 </Samples>
		<Samples TimeTag="2024-12-29T02:24:41" DepthTag="0.541">0.750 5.110 29.260 0.000 34.153 5.110 </Samples>
		<Samples TimeTag="2024-12-29T02:24:47" DepthTag="0.642">0.952 13.066 42.175 0.000 48.670 13.066 </Samples>
		<Samples TimeTag="2024-12-29T02:24:53" DepthTag="0.744">1.055 15.025 40.298 0.000 52.623 15.025 </Samples>
		<Samples TimeTag="2024-12-29T02:24:59" DepthTag="0.848">1.115 15.285 40.314 0.000 46.727 15.285 </Samples>
		<Samples TimeTag="2024-12-29T02:25:04" DepthTag="0.949">1.163 15.499 40.318 0.000 47.676 15.499 </Samples>
		<Samples TimeTag="2024-12-29T02:25:31" DepthTag="1.053">0.653 5.508 48.409 0.000 52.507 5.508 </Samples>
		<Samples TimeTag="2024-12-29T02:25:43" DepthTag="1.157">0.508 15.591 38.182 0.000 46.989 15.591 </Samples>
		<Samples TimeTag="2024-12-29T02:25:48" DepthTag="1.260">1.405 15.575 41.124 0.000 48.745 15.575 </Samples>
		<Samples TimeTag="2024-12-29T02:25:54" DepthTag="1.361">1.055 15.774 39.974 0.000 49.449 15.774 </Samples>
		<Samples TimeTag="2024-12-29T02:26:00" DepthTag="1.465">0.971 16.402 40.589 0.000 54.195 16.402 </Samples>
		<Samples TimeTag="2024-12-29T02:26:30" DepthTag="1.567">0.577 9.838 43.693 0.000 56.081 9.838 </Samples>
		<Samples TimeTag="2024-12-29T02:26:38" DepthTag="1.668">0.725 18.743 44.781 0.000 54.831 18.743 </Samples>
		<Samples TimeTag="2024-12-29T02:26:44" DepthTag="1.769">1.007 20.303 44.812 0.000 47.167 20.303 </Samples>
		<Samples TimeTag="2024-12-29T02:26:50" DepthTag="1.873">1.117 20.839 45.764 0.000 44.988 20.839 </Samples>
		<Samples TimeTag="2024-12-29T02:26:54" DepthTag="1.977">1.361 20.823 45.097 0.000 44.576 20.823 </Samples>
		<Samples TimeTag="2024-12-29T02:26:59" DepthTag="2.078">1.295 20.992 44.708 0.000 42.807 20.992 </Samples>
		<Samples TimeTag="2024-12-29T02:27:04" DepthTag="2.183">1.381 21.221 45.027 0.000 47.063 21.221 </Samples>
		<Samples TimeTag="2024-12-29T02:27:09" DepthTag="2.284">1.049 22.323 45.427 0.000 48.665 22.323 </Samples>
		<Samples TimeTag="2024-12-29T02:27:16" DepthTag="2.384">0.936 22.690 45.233 0.000 43.899 22.690 </Samples>
		<Samples TimeTag="2024-12-29T02:27:21" DepthTag="2.485">1.077 22.721 45.161 0.000 43.588 22.721 </Samples>
		<Samples TimeTag="2024-12-29T02:27:28" DepthTag="2.585">0.937 22.874 44.827 0.000 43.498 22.874 </Samples>
		<Samples TimeTag="2024-12-29T02:27:34" DepthTag="2.686">1.010 22.568 44.705 0.000 45.413 22.568 </Samples>
		<Samples TimeTag="2024-12-29T02:27:40" DepthTag="2.789">1.045 22.445 45.048 0.000 45.780 22.445 </Samples>
		<Samples TimeTag="2024-12-29T02:27:46" DepthTag="2.891">0.920 23.210 44.884 0.000 50.397 23.210 </Samples>
		<Samples TimeTag="2024-12-29T02:27:53" DepthTag="2.992">0.973 23.333 45.169 0.000 43.229 23.333 </Samples>
		<Samples TimeTag="2024-12-29T02:27:58" DepthTag="3.095">1.243 23.164 45.512 0.000 41.074 23.164 </Samples>
		<Samples TimeTag="2024-12-29T02:28:02" DepthTag="3.196">1.268 23.149 44.484 0.000 47.482 23.149 </Samples>
		<Samples TimeTag="2024-12-29T02:28:09" DepthTag="3.297">0.916 23.792 45.227 0.000 49.240 23.792 </Samples>
		<Samples TimeTag="2024-12-29T02:28:18" DepthTag="3.399">0.667 25.765 44.578 0.000 33.669 25.765 </Samples>
		<Samples TimeTag="2024-12-29T02:28:27" DepthTag="3.502">0.701 15.147 46.019 0.000 56.944 15.147 </Samples>
		<Samples TimeTag="2024-12-29T02:28:35" DepthTag="3.603">0.775 19.921 45.260 0.000 54.452 19.921 </Samples>
		<Samples TimeTag="2024-12-29T02:28:41" DepthTag="3.704">1.051 21.435 45.256 0.000 46.197 21.435 </Samples>
		<Samples TimeTag="2024-12-29T02:28:46" DepthTag="3.805">1.077 22.736 44.922 0.000 44.570 22.736 </Samples>
		<Samples TimeTag="2024-12-29T02:28:53" DepthTag="3.907">0.903 23.409 44.612 0.000 41.173 23.409 </Samples>
		<Samples TimeTag="2024-12-29T02:28:58" DepthTag="4.010">1.142 24.036 45.017 0.000 45.334 24.036 </Samples>
		<Samples TimeTag="2024-12-29T02:29:05" DepthTag="4.113">1.000 24.021 44.796 0.000 41.605 24.021 </Samples>
		<Samples TimeTag="2024-12-29T02:29:09" DepthTag="4.218">1.364 24.021 44.419 0.000 42.930 24.021 </Samples>
		<Samples TimeTag="2024-12-29T02:29:14" DepthTag="4.319">1.248 24.205 44.672 0.000 45.020 24.205 </Samples>
		<Samples TimeTag="2024-12-29T02:29:19" DepthTag="4.422">1.156 24.205 45.203 0.000 42.924 24.205 </Samples>
		<Samples TimeTag="2024-12-29T02:29:24" DepthTag="4.523">1.211 24.419 45.149 0.000 43.750 24.419 </Samples>
		<Samples TimeTag="2024-12-29T02:29:30" DepthTag="4.626">1.185 24.648 44.925 0.000 40.840 24.648 </Samples>
		<Samples TimeTag="2024-12-29T02:29:35" DepthTag="4.728">1.174 25.077 44.905 0.000 43.767 25.077 </Samples>
		<Samples TimeTag="2024-12-29T02:29:40" DepthTag="4.830">1.235 25.444 45.290 0.000 51.288 25.444 </Samples>
		<Samples TimeTag="2024-12-29T02:29:46" DepthTag="4.932">1.014 25.077 40.231 0.000 40.503 25.077 </Samples>
		<Samples TimeTag="2024-12-29T02:29:51" DepthTag="5.035">1.193 25.245 39.368 0.000 41.900 25.245 </Samples>
	</CompactMWDdata>
	<IR:GenTrailer>
		<IR:FileCloseDate>2024-12-29T02:31:16</IR:FileCloseDate>
		<IR:ChkSum>2372549999</IR:ChkSum>
	</IR:GenTrailer>
</DRMWD>
