<?xml version="1.0" encoding="UTF-8"?>
<!-- Generated by the RCS System Epiroc Rock Drills AB -->
<DRMWD xmlns="http://www.iredes.org/xml/DrillRig" xmlns:IR="http://www.iredes.org/xml" xmlns:xsi="http://www.w3.org/2001/XMLSchema-instance" xsi:schemaLocation="http://www.iredes.org/xml/DrillRig C:\Iredes\IR_V1.2.3\xml\DR-DrillRig_V1.2\DrillRig.xsd" IRVersion="V 1.2AC" IRDownwCompat="V 1.2AC" DRMWDDownwCompat="V 1.2AC" DRMWDVersion="V 1.2AC">
	<IR:GenHead>
		<IR:FileCreateDate>2024-12-28T13:52:46</IR:FileCreateDate>
		<IR:IRversion DownwCompat="V 1.0">V 1.2AC</IR:IRversion>
		<IR:EquipmentInfo>
			<IR:EqpManufact>Epiroc</IR:EqpManufact>
			<IR:EqpType>SmartROC D65</IR:EqpType>
			<IR:EqpSerNo>8992013064</IR:EqpSerNo>
			<IR:EqpSysVer>6.28.1</IR:EqpSysVer>
			<IR:EqpInfo>DrillingMethod: DTH</IR:EqpInfo>
		</IR:EquipmentInfo>
	</IR:GenHead>
	<IR:ReportId>MWDRI281352</IR:ReportId>
	<IR:StartLogTime>2024-12-28T13:46:19</IR:StartLogTime>
	<IR:EndLogTime>2024-12-28T13:51:20</IR:EndLogTime>
	<IR:PlanIdRef>TRN08_21_0530_001_All</IR:PlanIdRef>
	<IR:PlanNameRef>TRN08_21_0530_001_All</IR:PlanNameRef>
	<MWDholeId>K50</MWDholeId>
	<QualityReportIdRef>DQRI272324</QualityReportIdRef>
	<SampleDistance>0.100</SampleDistance>
	<CompactMWDdata>
		<MWDparams>
			<Parameter Unit="m/min" Full="PenetrRate">PR</Parameter>
			<Parameter Unit="Bar" Full="PercPressure">PP</Parameter>
			<Parameter Unit="Bar" Full="FeedPressure">FP</Parameter>
			<Parameter Unit="Bar" Full="DampPressure">DP</Parameter>
			<Parameter Unit="Bar" Full="RotPressure">RP</Parameter>
			<Parameter Unit="Bar" Full="FlushPressure">FLP</Parameter>
		</MWDparams>
		<Samples TimeTag="2024-12-28T13:46:19" DepthTag="0.101">0.789 14.076 39.302 0.000 21.397 14.076 </Samples>
		<Samples TimeTag="2024-12-28T13:46:22" DepthTag="0.204">2.411 14.367 41.807 0.000 21.341 14.367 </Samples>
		<Samples TimeTag="2024-12-28T13:46:26" DepthTag="0.306">1.623 15.116 44.094 0.000 21.399 15.116 </Samples>
		<Samples TimeTag="2024-12-28T13:46:29" DepthTag="0.412">2.073 15.422 40.090 0.000 39.593 15.422 </Samples>
		<Samples TimeTag="2024-12-28T13:46:32" DepthTag="0.514">1.827 14.918 38.941 0.000 38.724 14.918 </Samples>
		<Samples TimeTag="2024-12-28T13:46:53" DepthTag="0.618">0.799 7.130 47.726 0.000 45.495 7.130 </Samples>
		<Samples TimeTag="2024-12-28T13:46:58" DepthTag="0.720">1.231 13.097 40.312 0.000 43.015 13.097 </Samples>
		<Samples TimeTag="2024-12-28T13:47:01" DepthTag="0.825">1.825 14.673 40.214 0.000 41.831 14.673 </Samples>
		<Samples TimeTag="2024-12-28T13:47:04" DepthTag="0.926">2.050 15.254 39.225 0.000 43.228 15.254 </Samples>
		<Samples TimeTag="2024-12-28T13:47:07" DepthTag="1.028">1.898 14.458 22.448 0.000 39.491 14.458 </Samples>
		<Samples TimeTag="2024-12-28T13:47:39" DepthTag="1.130">0.731 13.449 39.962 0.000 42.856 13.449 </Samples>
		<Samples TimeTag="2024-12-28T13:47:44" DepthTag="1.230">1.271 14.810 40.484 0.000 42.112 14.810 </Samples>
		<Samples TimeTag="2024-12-28T13:47:48" DepthTag="1.337">1.373 14.979 39.584 0.000 41.543 14.979 </Samples>
		<Samples TimeTag="2024-12-28T13:47:53" DepthTag="1.443">1.324 15.116 40.706 0.000 43.664 15.116 </Samples>
		<Samples TimeTag="2024-12-28T13:48:28" DepthTag="1.551">0.817 17.197 41.677 0.000 43.587 17.197 </Samples>
		<Samples TimeTag="2024-12-28T13:48:31" DepthTag="1.651">1.705 17.779 45.261 0.000 46.681 17.779 </Samples>
		<Samples TimeTag="2024-12-28T13:48:35" DepthTag="1.754">1.606 17.779 44.726 0.000 44.600 17.779 </Samples>
		<Samples TimeTag="2024-12-28T13:48:39" DepthTag="1.858">1.713 17.717 44.181 0.000 40.876 17.717 </Samples>
		<Samples TimeTag="2024-12-28T13:48:41" DepthTag="1.958">2.157 17.702 45.399 0.000 43.978 17.702 </Samples>
		<Samples TimeTag="2024-12-28T13:48:46" DepthTag="2.062">1.489 18.085 45.516 0.000 47.522 18.085 </Samples>
		<Samples TimeTag="2024-12-28T13:48:50" DepthTag="2.164">1.465 18.314 43.923 0.000 46.996 18.314 </Samples>
		<Samples TimeTag="2024-12-28T13:48:53" DepthTag="2.265">1.684 18.238 44.942 0.000 46.390 18.238 </Samples>
		<Samples TimeTag="2024-12-28T13:48:57" DepthTag="2.370">1.636 18.268 45.034 0.000 47.236 18.268 </Samples>
		<Samples TimeTag="2024-12-28T13:49:02" DepthTag="2.473">1.409 18.972 45.018 0.000 46.342 18.972 </Samples>
		<Samples TimeTag="2024-12-28T13:49:07" DepthTag="2.580">1.152 19.569 45.517 0.000 40.167 19.569 </Samples>
		<Samples TimeTag="2024-12-28T13:49:12" DepthTag="2.683">1.190 19.706 45.551 0.000 38.782 19.706 </Samples>
		<Samples TimeTag="2024-12-28T13:49:16" DepthTag="2.784">1.681 19.354 45.244 0.000 42.977 19.354 </Samples>
		<Samples TimeTag="2024-12-28T13:49:20" DepthTag="2.891">1.515 19.217 45.679 0.000 42.666 19.217 </Samples>
		<Samples TimeTag="2024-12-28T13:49:25" DepthTag="2.994">1.244 19.584 45.196 0.000 51.478 19.584 </Samples>
		<Samples TimeTag="2024-12-28T13:49:31" DepthTag="3.098">1.031 20.104 44.336 0.000 36.140 20.104 </Samples>
		<Samples TimeTag="2024-12-28T13:49:35" DepthTag="3.201">1.478 20.135 44.984 0.000 44.833 20.135 </Samples>
		<Samples TimeTag="2024-12-28T13:49:41" DepthTag="3.304">1.103 20.273 45.146 0.000 41.310 20.273 </Samples>
		<Samples TimeTag="2024-12-28T13:49:46" DepthTag="3.408">1.295 20.609 45.036 0.000 42.609 20.609 </Samples>
		<Samples TimeTag="2024-12-28T13:49:51" DepthTag="3.512">1.132 21.359 45.195 0.000 44.412 21.359 </Samples>
		<Samples TimeTag="2024-12-28T13:49:57" DepthTag="3.614">1.040 22.154 44.607 0.000 41.918 22.154 </Samples>
		<Samples TimeTag="2024-12-28T13:50:03" DepthTag="3.715">1.086 22.935 45.634 0.000 38.333 22.935 </Samples>
		<Samples TimeTag="2024-12-28T13:50:07" DepthTag="3.818">1.426 22.476 44.252 0.000 39.696 22.476 </Samples>
		<Samples TimeTag="2024-12-28T13:50:12" DepthTag="3.922">1.336 22.185 44.605 0.000 54.148 22.185 </Samples>
		<Samples TimeTag="2024-12-28T13:50:19" DepthTag="4.022">0.836 22.935 45.502 0.000 55.290 22.935 </Samples>
		<Samples TimeTag="2024-12-28T13:50:25" DepthTag="4.125">0.969 23.256 44.672 0.000 49.118 23.256 </Samples>
		<Samples TimeTag="2024-12-28T13:50:32" DepthTag="4.225">0.888 23.929 45.353 0.000 45.556 23.929 </Samples>
		<Samples TimeTag="2024-12-28T13:50:38" DepthTag="4.326">1.078 23.990 45.178 0.000 39.153 23.990 </Samples>
		<Samples TimeTag="2024-12-28T13:50:44" DepthTag="4.429">1.062 24.174 44.802 0.000 41.728 24.174 </Samples>
		<Samples TimeTag="2024-12-28T13:50:50" DepthTag="4.532">1.030 24.771 44.877 0.000 40.861 24.771 </Samples>
		<Samples TimeTag="2024-12-28T13:50:55" DepthTag="4.635">1.053 25.184 44.916 0.000 46.982 25.184 </Samples>
		<Samples TimeTag="2024-12-28T13:51:06" DepthTag="4.739">0.614 16.845 44.484 0.000 53.179 16.845 </Samples>
		<Samples TimeTag="2024-12-28T13:51:13" DepthTag="4.843">0.899 19.676 39.301 0.000 50.487 19.676 </Samples>
		<Samples TimeTag="2024-12-28T13:51:20" DepthTag="4.944">0.795 21.282 39.034 0.000 48.831 21.282 </Samples>
	</CompactMWDdata>
	<IR:GenTrailer>
		<IR:FileCloseDate>2024-12-28T13:52:46</IR:FileCloseDate>
		<IR:ChkSum>0906478513</IR:ChkSum>
	</IR:GenTrailer>
</DRMWD>
