<?xml version="1.0" encoding="UTF-8"?>
<!-- Generated by the RCS System Epiroc Rock Drills AB -->
<DRMWD xmlns="http://www.iredes.org/xml/DrillRig" xmlns:IR="http://www.iredes.org/xml" xmlns:xsi="http://www.w3.org/2001/XMLSchema-instance" xsi:schemaLocation="http://www.iredes.org/xml/DrillRig C:\Iredes\IR_V1.2.3\xml\DR-DrillRig_V1.2\DrillRig.xsd" IRVersion="V 1.2AC" IRDownwCompat="V 1.2AC" DRMWDDownwCompat="V 1.2AC" DRMWDVersion="V 1.2AC">
	<IR:GenHead>
		<IR:FileCreateDate>2024-12-28T06:49:01</IR:FileCreateDate>
		<IR:IRversion DownwCompat="V 1.0">V 1.2AC</IR:IRversion>
		<IR:EquipmentInfo>
			<IR:EqpManufact>Epiroc</IR:EqpManufact>
			<IR:EqpType>SmartROC D65</IR:EqpType>
			<IR:EqpSerNo>8992013064</IR:EqpSerNo>
			<IR:EqpSysVer>6.28.1</IR:EqpSysVer>
			<IR:EqpInfo>DrillingMethod: DTH</IR:EqpInfo>
		</IR:EquipmentInfo>
	</IR:GenHead>
	<IR:ReportId>MWDRI280649</IR:ReportId>
	<IR:StartLogTime>2024-12-28T06:42:06</IR:StartLogTime>
	<IR:EndLogTime>2024-12-28T06:46:44</IR:EndLogTime>
	<IR:PlanIdRef>TRN08_21_0530_001_All</IR:PlanIdRef>
	<IR:PlanNameRef>TRN08_21_0530_001_All</IR:PlanNameRef>
	<MWDholeId>L51</MWDholeId>
	<QualityReportIdRef>DQRI272324</QualityReportIdRef>
	<SampleDistance>0.100</SampleDistance>
	<CompactMWDdata>
		<MWDparams>
			<Parameter Unit="m/min" Full="PenetrRate">PR</Parameter>
			<Parameter Unit="Bar" Full="PercPressure">PP</Parameter>
			<Parameter Unit="Bar" Full="FeedPressure">FP</Parameter>
			<Parameter Unit="Bar" Full="DampPressure">DP</Parameter>
			<Parameter Unit="Bar" Full="RotPressure">RP</Parameter>
			<Parameter Unit="Bar" Full="FlushPressure">FLP</Parameter>
		</MWDparams>
		<Samples TimeTag="2024-12-28T06:42:06" DepthTag="0.103">1.030 14.979 45.461 0.000 21.016 14.979 </Samples>
		<Samples TimeTag="2024-12-28T06:42:11" DepthTag="0.204">1.380 15.637 42.485 0.000 20.981 15.637 </Samples>
		<Samples TimeTag="2024-12-28T06:42:15" DepthTag="0.309">1.379 16.555 39.239 0.000 41.010 16.555 </Samples>
		<Samples TimeTag="2024-12-28T06:42:18" DepthTag="0.418">2.708 16.325 37.531 0.000 36.292 16.325 </Samples>
		<Samples TimeTag="2024-12-28T06:42:20" DepthTag="0.527">3.273 16.111 37.670 0.000 37.231 16.111 </Samples>
		<Samples TimeTag="2024-12-28T06:42:39" DepthTag="0.630">0.986 5.034 44.591 0.000 45.775 5.034 </Samples>
		<Samples TimeTag="2024-12-28T06:42:44" DepthTag="0.731">1.372 11.796 42.908 0.000 48.014 11.796 </Samples>
		<Samples TimeTag="2024-12-28T06:42:48" DepthTag="0.834">1.350 14.719 41.190 0.000 42.245 14.719 </Samples>
		<Samples TimeTag="2024-12-28T06:42:51" DepthTag="0.937">2.079 14.856 38.462 0.000 42.987 14.856 </Samples>
		<Samples TimeTag="2024-12-28T06:43:21" DepthTag="1.040">0.734 10.205 43.141 0.000 46.869 10.205 </Samples>
		<Samples TimeTag="2024-12-28T06:43:26" DepthTag="1.143">1.226 14.030 42.316 0.000 45.634 14.030 </Samples>
		<Samples TimeTag="2024-12-28T06:43:33" DepthTag="1.245">0.828 15.820 40.054 0.000 42.039 15.820 </Samples>
		<Samples TimeTag="2024-12-28T06:43:39" DepthTag="1.345">0.999 16.187 40.293 0.000 41.305 16.187 </Samples>
		<Samples TimeTag="2024-12-28T06:43:45" DepthTag="1.446">1.011 16.402 40.613 0.000 43.713 16.402 </Samples>
		<Samples TimeTag="2024-12-28T06:44:17" DepthTag="1.550">0.506 6.151 34.843 0.000 39.767 6.151 </Samples>
		<Samples TimeTag="2024-12-28T06:44:21" DepthTag="1.651">1.505 14.306 45.017 0.000 51.114 14.306 </Samples>
		<Samples TimeTag="2024-12-28T06:44:25" DepthTag="1.753">1.474 16.769 44.758 0.000 46.576 16.769 </Samples>
		<Samples TimeTag="2024-12-28T06:44:29" DepthTag="1.858">1.627 17.779 45.022 0.000 43.896 17.779 </Samples>
		<Samples TimeTag="2024-12-28T06:44:32" DepthTag="1.962">1.725 18.360 44.304 0.000 44.795 18.360 </Samples>
		<Samples TimeTag="2024-12-28T06:44:36" DepthTag="2.064">1.706 18.697 45.417 0.000 44.418 18.697 </Samples>
		<Samples TimeTag="2024-12-28T06:44:39" DepthTag="2.169">1.861 19.003 44.326 0.000 43.961 19.003 </Samples>
		<Samples TimeTag="2024-12-28T06:44:43" DepthTag="2.269">1.799 19.140 44.523 0.000 43.861 19.140 </Samples>
		<Samples TimeTag="2024-12-28T06:44:46" DepthTag="2.378">2.140 19.263 44.801 0.000 42.175 19.263 </Samples>
		<Samples TimeTag="2024-12-28T06:44:49" DepthTag="2.480">1.910 19.370 44.991 0.000 41.909 19.370 </Samples>
		<Samples TimeTag="2024-12-28T06:44:52" DepthTag="2.585">1.968 19.492 44.873 0.000 42.811 19.492 </Samples>
		<Samples TimeTag="2024-12-28T06:44:55" DepthTag="2.687">1.952 19.569 45.290 0.000 42.108 19.569 </Samples>
		<Samples TimeTag="2024-12-28T06:44:59" DepthTag="2.796">1.895 19.844 45.618 0.000 46.035 19.844 </Samples>
		<Samples TimeTag="2024-12-28T06:45:03" DepthTag="2.902">1.588 20.150 45.293 0.000 48.273 20.150 </Samples>
		<Samples TimeTag="2024-12-28T06:45:07" DepthTag="3.003">1.512 20.273 44.712 0.000 38.997 20.273 </Samples>
		<Samples TimeTag="2024-12-28T06:45:10" DepthTag="3.105">1.733 20.227 44.395 0.000 38.755 20.227 </Samples>
		<Samples TimeTag="2024-12-28T06:45:14" DepthTag="3.212">1.666 20.242 44.481 0.000 42.431 20.242 </Samples>
		<Samples TimeTag="2024-12-28T06:45:18" DepthTag="3.317">1.567 20.318 44.584 0.000 39.632 20.318 </Samples>
		<Samples TimeTag="2024-12-28T06:45:22" DepthTag="3.419">1.519 20.502 45.286 0.000 41.048 20.502 </Samples>
		<Samples TimeTag="2024-12-28T06:45:26" DepthTag="3.520">1.550 20.716 45.452 0.000 42.225 20.716 </Samples>
		<Samples TimeTag="2024-12-28T06:45:31" DepthTag="3.626">1.372 20.839 45.394 0.000 36.928 20.839 </Samples>
		<Samples TimeTag="2024-12-28T06:45:35" DepthTag="3.727">1.502 21.053 44.658 0.000 37.792 21.053 </Samples>
		<Samples TimeTag="2024-12-28T06:45:39" DepthTag="3.831">1.447 21.191 44.676 0.000 38.225 21.191 </Samples>
		<Samples TimeTag="2024-12-28T06:45:43" DepthTag="3.937">1.753 21.344 44.384 0.000 43.567 21.344 </Samples>
		<Samples TimeTag="2024-12-28T06:45:47" DepthTag="4.038">1.575 21.711 44.339 0.000 44.875 21.711 </Samples>
		<Samples TimeTag="2024-12-28T06:45:52" DepthTag="4.140">1.233 22.108 45.120 0.000 44.068 22.108 </Samples>
		<Samples TimeTag="2024-12-28T06:45:56" DepthTag="4.244">1.251 22.491 44.433 0.000 39.850 22.491 </Samples>
		<Samples TimeTag="2024-12-28T06:46:02" DepthTag="4.347">1.225 23.210 44.595 0.000 41.665 23.210 </Samples>
		<Samples TimeTag="2024-12-28T06:46:07" DepthTag="4.449">1.133 23.929 44.830 0.000 43.980 23.929 </Samples>
		<Samples TimeTag="2024-12-28T06:46:13" DepthTag="4.549">1.076 25.153 44.889 0.000 44.795 25.153 </Samples>
		<Samples TimeTag="2024-12-28T06:46:18" DepthTag="4.653">1.073 25.888 44.795 0.000 41.883 25.888 </Samples>
		<Samples TimeTag="2024-12-28T06:46:24" DepthTag="4.754">1.087 26.500 45.217 0.000 41.730 26.500 </Samples>
		<Samples TimeTag="2024-12-28T06:46:30" DepthTag="4.858">0.970 27.525 44.789 0.000 38.624 27.525 </Samples>
		<Samples TimeTag="2024-12-28T06:46:36" DepthTag="4.959">1.004 27.938 43.340 0.000 39.354 27.938 </Samples>
		<Samples TimeTag="2024-12-28T06:46:44" DepthTag="5.060">0.764 27.662 38.914 0.000 33.854 27.662 </Samples>
	</CompactMWDdata>
	<IR:GenTrailer>
		<IR:FileCloseDate>2024-12-28T06:49:01</IR:FileCloseDate>
		<IR:ChkSum>1581110147</IR:ChkSum>
	</IR:GenTrailer>
</DRMWD>
