<?xml version="1.0" encoding="UTF-8"?>
<!-- Generated by the RCS System Epiroc Rock Drills AB -->
<DRMWD xmlns="http://www.iredes.org/xml/DrillRig" xmlns:IR="http://www.iredes.org/xml" xmlns:xsi="http://www.w3.org/2001/XMLSchema-instance" xsi:schemaLocation="http://www.iredes.org/xml/DrillRig C:\Iredes\IR_V1.2.3\xml\DR-DrillRig_V1.2\DrillRig.xsd" IRVersion="V 1.2AC" IRDownwCompat="V 1.2AC" DRMWDDownwCompat="V 1.2AC" DRMWDVersion="V 1.2AC">
	<IR:GenHead>
		<IR:FileCreateDate>2024-12-30T03:16:47</IR:FileCreateDate>
		<IR:IRversion DownwCompat="V 1.0">V 1.2AC</IR:IRversion>
		<IR:EquipmentInfo>
			<IR:EqpManufact>Epiroc</IR:EqpManufact>
			<IR:EqpType>SmartROC D65</IR:EqpType>
			<IR:EqpSerNo>8992013064</IR:EqpSerNo>
			<IR:EqpSysVer>6.28.1</IR:EqpSysVer>
			<IR:EqpInfo>DrillingMethod: DTH</IR:EqpInfo>
		</IR:EquipmentInfo>
	</IR:GenHead>
	<IR:ReportId>MWDRI300316</IR:ReportId>
	<IR:StartLogTime>2024-12-30T03:11:46</IR:StartLogTime>
	<IR:EndLogTime>2024-12-30T03:15:20</IR:EndLogTime>
	<IR:PlanIdRef>TRN09_24_0486_015_All</IR:PlanIdRef>
	<IR:PlanNameRef>TRN09_24_0486_015_All</IR:PlanNameRef>
	<MWDholeId>W34</MWDholeId>
	<QualityReportIdRef>DQRI291907</QualityReportIdRef>
	<SampleDistance>0.100</SampleDistance>
	<CompactMWDdata>
		<MWDparams>
			<Parameter Unit="m/min" Full="PenetrRate">PR</Parameter>
			<Parameter Unit="Bar" Full="PercPressure">PP</Parameter>
			<Parameter Unit="Bar" Full="FeedPressure">FP</Parameter>
			<Parameter Unit="Bar" Full="DampPressure">DP</Parameter>
			<Parameter Unit="Bar" Full="RotPressure">RP</Parameter>
			<Parameter Unit="Bar" Full="FlushPressure">FLP</Parameter>
		</MWDparams>
		<Samples TimeTag="2024-12-30T03:11:46" DepthTag="0.102">0.936 10.098 44.472 0.000 21.355 10.098 </Samples>
		<Samples TimeTag="2024-12-30T03:11:50" DepthTag="0.206">1.435 13.219 41.130 0.000 21.218 13.219 </Samples>
		<Samples TimeTag="2024-12-30T03:11:54" DepthTag="0.311">1.826 14.397 39.775 0.000 32.751 14.397 </Samples>
		<Samples TimeTag="2024-12-30T03:11:57" DepthTag="0.417">1.764 15.499 39.654 0.000 34.157 15.499 </Samples>
		<Samples TimeTag="2024-12-30T03:12:03" DepthTag="0.518">1.082 13.602 3.734 0.000 21.247 13.602 </Samples>
		<Samples TimeTag="2024-12-30T03:12:19" DepthTag="0.621">1.830 3.657 20.184 0.000 19.665 3.657 </Samples>
		<Samples TimeTag="2024-12-30T03:12:20" DepthTag="0.748">7.346 4.804 22.613 0.000 21.752 4.804 </Samples>
		<Samples TimeTag="2024-12-30T03:12:23" DepthTag="0.856">2.175 10.144 42.632 0.000 35.229 10.144 </Samples>
		<Samples TimeTag="2024-12-30T03:12:25" DepthTag="0.958">3.050 12.378 40.120 0.000 36.064 12.378 </Samples>
		<Samples TimeTag="2024-12-30T03:12:49" DepthTag="1.065">1.200 4.819 19.419 0.000 17.270 4.819 </Samples>
		<Samples TimeTag="2024-12-30T03:12:50" DepthTag="1.166">5.763 7.818 37.965 0.000 28.005 7.818 </Samples>
		<Samples TimeTag="2024-12-30T03:12:52" DepthTag="1.268">3.485 11.827 40.192 0.000 28.183 11.827 </Samples>
		<Samples TimeTag="2024-12-30T03:12:54" DepthTag="1.371">3.340 14.703 41.726 0.000 38.568 14.703 </Samples>
		<Samples TimeTag="2024-12-30T03:12:55" DepthTag="1.474">3.202 16.142 43.529 0.000 56.692 16.142 </Samples>
		<Samples TimeTag="2024-12-30T03:12:57" DepthTag="1.574">3.004 13.938 37.819 0.000 41.209 13.938 </Samples>
		<Samples TimeTag="2024-12-30T03:12:59" DepthTag="1.674">2.999 15.575 43.720 0.000 43.671 15.575 </Samples>
		<Samples TimeTag="2024-12-30T03:13:02" DepthTag="1.774">2.139 17.029 41.542 0.000 44.939 17.029 </Samples>
		<Samples TimeTag="2024-12-30T03:13:05" DepthTag="1.877">2.550 17.733 41.937 0.000 41.312 17.733 </Samples>
		<Samples TimeTag="2024-12-30T03:13:07" DepthTag="1.978">2.720 18.238 39.212 0.000 37.084 18.238 </Samples>
		<Samples TimeTag="2024-12-30T03:13:09" DepthTag="2.085">2.951 17.228 39.782 0.000 38.621 17.228 </Samples>
		<Samples TimeTag="2024-12-30T03:13:11" DepthTag="2.190">3.136 17.320 41.883 0.000 42.669 17.320 </Samples>
		<Samples TimeTag="2024-12-30T03:13:13" DepthTag="2.299">2.721 17.947 40.342 0.000 39.805 17.947 </Samples>
		<Samples TimeTag="2024-12-30T03:13:16" DepthTag="2.405">2.924 18.268 40.116 0.000 37.445 18.268 </Samples>
		<Samples TimeTag="2024-12-30T03:13:18" DepthTag="2.514">2.923 16.830 41.361 0.000 39.050 16.830 </Samples>
		<Samples TimeTag="2024-12-30T03:13:21" DepthTag="2.619">2.251 17.518 41.181 0.000 42.218 17.518 </Samples>
		<Samples TimeTag="2024-12-30T03:13:24" DepthTag="2.724">2.240 18.268 40.805 0.000 39.827 18.268 </Samples>
		<Samples TimeTag="2024-12-30T03:13:27" DepthTag="2.828">1.647 17.182 39.398 0.000 46.775 17.182 </Samples>
		<Samples TimeTag="2024-12-30T03:13:30" DepthTag="2.932">1.964 18.146 39.487 0.000 49.436 18.146 </Samples>
		<Samples TimeTag="2024-12-30T03:13:34" DepthTag="3.035">1.636 17.090 40.622 0.000 46.421 17.090 </Samples>
		<Samples TimeTag="2024-12-30T03:13:37" DepthTag="3.135">1.872 18.054 40.909 0.000 41.609 18.054 </Samples>
		<Samples TimeTag="2024-12-30T03:13:40" DepthTag="3.240">2.116 17.044 39.676 0.000 39.525 17.044 </Samples>
		<Samples TimeTag="2024-12-30T03:13:43" DepthTag="3.345">2.381 17.610 40.169 0.000 44.011 17.610 </Samples>
		<Samples TimeTag="2024-12-30T03:13:46" DepthTag="3.450">2.458 18.314 38.988 0.000 36.314 18.314 </Samples>
		<Samples TimeTag="2024-12-30T03:14:19" DepthTag="3.570">1.183 5.294 25.152 0.000 25.635 5.294 </Samples>
		<Samples TimeTag="2024-12-30T03:14:22" DepthTag="3.675">1.861 12.929 44.588 0.000 43.414 12.929 </Samples>
		<Samples TimeTag="2024-12-30T03:14:25" DepthTag="3.789">3.052 15.269 47.004 0.000 38.032 15.269 </Samples>
		<Samples TimeTag="2024-12-30T03:14:27" DepthTag="3.890">2.800 16.432 46.720 0.000 38.305 16.432 </Samples>
		<Samples TimeTag="2024-12-30T03:14:29" DepthTag="3.995">2.607 17.243 48.010 0.000 44.199 17.243 </Samples>
		<Samples TimeTag="2024-12-30T03:14:32" DepthTag="4.100">2.636 17.763 47.566 0.000 40.673 17.763 </Samples>
		<Samples TimeTag="2024-12-30T03:14:34" DepthTag="4.204">2.579 18.131 47.194 0.000 41.374 18.131 </Samples>
		<Samples TimeTag="2024-12-30T03:14:37" DepthTag="4.306">2.400 18.375 48.609 0.000 42.502 18.375 </Samples>
		<Samples TimeTag="2024-12-30T03:14:40" DepthTag="4.412">1.833 18.666 48.813 0.000 46.714 18.666 </Samples>
		<Samples TimeTag="2024-12-30T03:14:43" DepthTag="4.515">1.939 18.804 47.637 0.000 44.139 18.804 </Samples>
		<Samples TimeTag="2024-12-30T03:14:46" DepthTag="4.619">2.424 18.758 46.610 0.000 34.421 18.758 </Samples>
		<Samples TimeTag="2024-12-30T03:14:49" DepthTag="4.725">2.276 18.727 47.587 0.000 38.422 18.727 </Samples>
		<Samples TimeTag="2024-12-30T03:14:52" DepthTag="4.828">2.191 18.666 47.275 0.000 41.605 18.666 </Samples>
		<Samples TimeTag="2024-12-30T03:14:55" DepthTag="4.933">1.879 18.605 49.543 0.000 47.010 18.605 </Samples>
		<Samples TimeTag="2024-12-30T03:15:00" DepthTag="5.034">1.192 18.437 49.383 0.000 40.707 18.437 </Samples>
		<Samples TimeTag="2024-12-30T03:15:05" DepthTag="5.138">1.320 18.360 47.110 0.000 46.574 18.360 </Samples>
		<Samples TimeTag="2024-12-30T03:15:11" DepthTag="5.240">0.980 17.886 41.457 0.000 37.025 17.886 </Samples>
		<Samples TimeTag="2024-12-30T03:15:20" DepthTag="5.341">0.671 18.069 40.128 0.000 35.202 18.069 </Samples>
	</CompactMWDdata>
	<IR:GenTrailer>
		<IR:FileCloseDate>2024-12-30T03:16:47</IR:FileCloseDate>
		<IR:ChkSum>4108190024</IR:ChkSum>
	</IR:GenTrailer>
</DRMWD>
