<?xml version="1.0" encoding="UTF-8"?>
<!-- Generated by the RCS System Epiroc Rock Drills AB -->
<DRMWD xmlns="http://www.iredes.org/xml/DrillRig" xmlns:IR="http://www.iredes.org/xml" xmlns:xsi="http://www.w3.org/2001/XMLSchema-instance" xsi:schemaLocation="http://www.iredes.org/xml/DrillRig C:\Iredes\IR_V1.2.3\xml\DR-DrillRig_V1.2\DrillRig.xsd" IRVersion="V 1.2AC" IRDownwCompat="V 1.2AC" DRMWDDownwCompat="V 1.2AC" DRMWDVersion="V 1.2AC">
	<IR:GenHead>
		<IR:FileCreateDate>2024-12-30T08:58:28</IR:FileCreateDate>
		<IR:IRversion DownwCompat="V 1.0">V 1.2AC</IR:IRversion>
		<IR:EquipmentInfo>
			<IR:EqpManufact>Epiroc</IR:EqpManufact>
			<IR:EqpType>SmartROC D65</IR:EqpType>
			<IR:EqpSerNo>8992013064</IR:EqpSerNo>
			<IR:EqpSysVer>6.28.1</IR:EqpSysVer>
			<IR:EqpInfo>DrillingMethod: DTH</IR:EqpInfo>
		</IR:EquipmentInfo>
	</IR:GenHead>
	<IR:ReportId>MWDRI300858</IR:ReportId>
	<IR:StartLogTime>2024-12-30T08:52:49</IR:StartLogTime>
	<IR:EndLogTime>2024-12-30T08:57:03</IR:EndLogTime>
	<IR:PlanIdRef>TRN09_24_0486_015_All</IR:PlanIdRef>
	<IR:PlanNameRef>TRN09_24_0486_015_All</IR:PlanNameRef>
	<MWDholeId>Y33</MWDholeId>
	<QualityReportIdRef>DQRI291907</QualityReportIdRef>
	<SampleDistance>0.100</SampleDistance>
	<CompactMWDdata>
		<MWDparams>
			<Parameter Unit="m/min" Full="PenetrRate">PR</Parameter>
			<Parameter Unit="Bar" Full="PercPressure">PP</Parameter>
			<Parameter Unit="Bar" Full="FeedPressure">FP</Parameter>
			<Parameter Unit="Bar" Full="DampPressure">DP</Parameter>
			<Parameter Unit="Bar" Full="RotPressure">RP</Parameter>
			<Parameter Unit="Bar" Full="FlushPressure">FLP</Parameter>
		</MWDparams>
		<Samples TimeTag="2024-12-30T08:52:49" DepthTag="0.104">0.607 18.391 35.040 0.000 28.987 18.391 </Samples>
		<Samples TimeTag="2024-12-30T08:52:50" DepthTag="0.212">4.770 18.115 27.728 0.000 22.142 18.115 </Samples>
		<Samples TimeTag="2024-12-30T08:52:52" DepthTag="0.315">3.339 17.809 39.435 0.000 30.595 17.809 </Samples>
		<Samples TimeTag="2024-12-30T08:52:55" DepthTag="0.420">2.614 17.304 42.067 0.000 35.540 17.304 </Samples>
		<Samples TimeTag="2024-12-30T08:52:58" DepthTag="0.525">1.743 16.539 41.703 0.000 35.392 16.539 </Samples>
		<Samples TimeTag="2024-12-30T08:53:23" DepthTag="0.626">0.582 12.638 42.197 0.000 40.842 12.638 </Samples>
		<Samples TimeTag="2024-12-30T08:53:27" DepthTag="0.732">1.496 14.168 39.304 0.000 39.825 14.168 </Samples>
		<Samples TimeTag="2024-12-30T08:53:30" DepthTag="0.836">1.940 14.596 39.747 0.000 44.063 14.596 </Samples>
		<Samples TimeTag="2024-12-30T08:53:33" DepthTag="0.936">2.024 14.183 39.206 0.000 41.331 14.183 </Samples>
		<Samples TimeTag="2024-12-30T08:54:00" DepthTag="1.070">0.879 5.431 28.850 0.000 27.292 5.431 </Samples>
		<Samples TimeTag="2024-12-30T08:54:05" DepthTag="1.173">1.180 15.193 41.712 0.000 37.625 15.193 </Samples>
		<Samples TimeTag="2024-12-30T08:54:08" DepthTag="1.277">2.429 16.646 37.751 0.000 29.674 16.646 </Samples>
		<Samples TimeTag="2024-12-30T08:54:10" DepthTag="1.385">3.509 17.442 36.248 0.000 28.304 17.442 </Samples>
		<Samples TimeTag="2024-12-30T08:54:12" DepthTag="1.486">3.795 18.498 39.299 0.000 27.826 18.498 </Samples>
		<Samples TimeTag="2024-12-30T08:54:13" DepthTag="1.591">3.917 17.993 41.189 0.000 26.830 17.993 </Samples>
		<Samples TimeTag="2024-12-30T08:54:16" DepthTag="1.694">2.413 18.850 41.373 0.000 32.550 18.850 </Samples>
		<Samples TimeTag="2024-12-30T08:54:19" DepthTag="1.797">1.831 17.855 40.935 0.000 42.670 17.855 </Samples>
		<Samples TimeTag="2024-12-30T08:54:22" DepthTag="1.903">2.084 17.840 40.545 0.000 41.012 17.840 </Samples>
		<Samples TimeTag="2024-12-30T08:54:25" DepthTag="2.009">2.466 17.717 38.328 0.000 39.515 17.717 </Samples>
		<Samples TimeTag="2024-12-30T08:54:27" DepthTag="2.115">3.163 18.406 38.225 0.000 36.892 18.406 </Samples>
		<Samples TimeTag="2024-12-30T08:54:28" DepthTag="2.228">4.693 17.870 33.236 0.000 30.487 17.870 </Samples>
		<Samples TimeTag="2024-12-30T08:54:30" DepthTag="2.330">3.184 18.069 44.326 0.000 33.250 18.069 </Samples>
		<Samples TimeTag="2024-12-30T08:54:34" DepthTag="2.431">1.572 17.365 41.410 0.000 38.005 17.365 </Samples>
		<Samples TimeTag="2024-12-30T08:54:37" DepthTag="2.531">1.784 18.345 39.777 0.000 39.999 18.345 </Samples>
		<Samples TimeTag="2024-12-30T08:54:40" DepthTag="2.638">2.006 17.167 40.024 0.000 45.755 17.167 </Samples>
		<Samples TimeTag="2024-12-30T08:54:43" DepthTag="2.746">2.313 18.008 39.321 0.000 38.478 18.008 </Samples>
		<Samples TimeTag="2024-12-30T08:54:48" DepthTag="2.852">1.435 17.105 41.098 0.000 47.392 17.105 </Samples>
		<Samples TimeTag="2024-12-30T08:54:52" DepthTag="2.955">1.360 18.085 40.662 0.000 40.696 18.085 </Samples>
		<Samples TimeTag="2024-12-30T08:54:56" DepthTag="3.055">1.563 18.100 39.569 0.000 42.386 18.100 </Samples>
		<Samples TimeTag="2024-12-30T08:55:00" DepthTag="3.160">1.739 17.610 39.269 0.000 44.885 17.610 </Samples>
		<Samples TimeTag="2024-12-30T08:55:05" DepthTag="3.261">1.223 18.115 40.586 0.000 40.742 18.115 </Samples>
		<Samples TimeTag="2024-12-30T08:55:11" DepthTag="3.363">0.951 17.014 40.614 0.000 38.236 17.014 </Samples>
		<Samples TimeTag="2024-12-30T08:55:19" DepthTag="3.464">0.781 17.993 39.680 0.000 37.882 17.993 </Samples>
		<Samples TimeTag="2024-12-30T08:56:03" DepthTag="3.569">0.350 6.747 40.200 0.000 44.085 6.747 </Samples>
		<Samples TimeTag="2024-12-30T08:56:13" DepthTag="3.671">0.645 16.279 47.606 0.000 43.745 16.279 </Samples>
		<Samples TimeTag="2024-12-30T08:56:19" DepthTag="3.773">0.950 17.044 47.541 0.000 42.958 17.044 </Samples>
		<Samples TimeTag="2024-12-30T08:56:25" DepthTag="3.879">1.134 17.320 47.698 0.000 42.072 17.320 </Samples>
		<Samples TimeTag="2024-12-30T08:56:30" DepthTag="3.979">1.209 17.534 48.556 0.000 46.397 17.534 </Samples>
		<Samples TimeTag="2024-12-30T08:56:39" DepthTag="4.080">0.696 17.534 48.528 0.000 38.396 17.534 </Samples>
		<Samples TimeTag="2024-12-30T08:56:46" DepthTag="4.183">0.839 17.656 47.736 0.000 41.365 17.656 </Samples>
		<Samples TimeTag="2024-12-30T08:56:55" DepthTag="4.285">0.661 17.488 42.107 0.000 38.128 17.488 </Samples>
		<Samples TimeTag="2024-12-30T08:57:03" DepthTag="4.387">0.791 17.029 40.483 0.000 39.996 17.029 </Samples>
	</CompactMWDdata>
	<IR:GenTrailer>
		<IR:FileCloseDate>2024-12-30T08:58:28</IR:FileCloseDate>
		<IR:ChkSum>3177115000</IR:ChkSum>
	</IR:GenTrailer>
</DRMWD>
