<?xml version="1.0" encoding="UTF-8"?>
<!-- Generated by the RCS System Epiroc Rock Drills AB -->
<DRMWD xmlns="http://www.iredes.org/xml/DrillRig" xmlns:IR="http://www.iredes.org/xml" xmlns:xsi="http://www.w3.org/2001/XMLSchema-instance" xsi:schemaLocation="http://www.iredes.org/xml/DrillRig C:\Iredes\IR_V1.2.3\xml\DR-DrillRig_V1.2\DrillRig.xsd" IRVersion="V 1.2AC" IRDownwCompat="V 1.2AC" DRMWDDownwCompat="V 1.2AC" DRMWDVersion="V 1.2AC">
	<IR:GenHead>
		<IR:FileCreateDate>2024-12-28T21:14:25</IR:FileCreateDate>
		<IR:IRversion DownwCompat="V 1.0">V 1.2AC</IR:IRversion>
		<IR:EquipmentInfo>
			<IR:EqpManufact>Epiroc</IR:EqpManufact>
			<IR:EqpType>SmartROC D65</IR:EqpType>
			<IR:EqpSerNo>8992013064</IR:EqpSerNo>
			<IR:EqpSysVer>6.28.1</IR:EqpSysVer>
			<IR:EqpInfo>DrillingMethod: DTH</IR:EqpInfo>
		</IR:EquipmentInfo>
	</IR:GenHead>
	<IR:ReportId>MWDRI282114</IR:ReportId>
	<IR:StartLogTime>2024-12-28T21:06:44</IR:StartLogTime>
	<IR:EndLogTime>2024-12-28T21:12:53</IR:EndLogTime>
	<IR:PlanIdRef>TRN08_21_0530_001_All</IR:PlanIdRef>
	<IR:PlanNameRef>TRN08_21_0530_001_All</IR:PlanNameRef>
	<MWDholeId>P41</MWDholeId>
	<QualityReportIdRef>DQRI272324</QualityReportIdRef>
	<SampleDistance>0.100</SampleDistance>
	<CompactMWDdata>
		<MWDparams>
			<Parameter Unit="m/min" Full="PenetrRate">PR</Parameter>
			<Parameter Unit="Bar" Full="PercPressure">PP</Parameter>
			<Parameter Unit="Bar" Full="FeedPressure">FP</Parameter>
			<Parameter Unit="Bar" Full="DampPressure">DP</Parameter>
			<Parameter Unit="Bar" Full="RotPressure">RP</Parameter>
			<Parameter Unit="Bar" Full="FlushPressure">FLP</Parameter>
		</MWDparams>
		<Samples TimeTag="2024-12-28T21:06:44" DepthTag="0.100">0.653 18.345 42.419 0.000 20.925 18.345 </Samples>
		<Samples TimeTag="2024-12-28T21:06:48" DepthTag="0.205">1.561 17.427 36.375 0.000 40.548 17.427 </Samples>
		<Samples TimeTag="2024-12-28T21:06:51" DepthTag="0.310">2.130 16.601 38.127 0.000 44.132 16.601 </Samples>
		<Samples TimeTag="2024-12-28T21:06:54" DepthTag="0.415">2.238 16.126 41.815 0.000 47.280 16.126 </Samples>
		<Samples TimeTag="2024-12-28T21:06:57" DepthTag="0.515">1.662 15.698 42.074 0.000 44.548 15.698 </Samples>
		<Samples TimeTag="2024-12-28T21:07:18" DepthTag="0.618">0.839 6.120 47.899 0.000 48.816 6.120 </Samples>
		<Samples TimeTag="2024-12-28T21:07:26" DepthTag="0.721">0.732 13.969 40.757 0.000 46.638 13.969 </Samples>
		<Samples TimeTag="2024-12-28T21:07:32" DepthTag="0.826">1.181 14.749 39.285 0.000 48.359 14.749 </Samples>
		<Samples TimeTag="2024-12-28T21:07:36" DepthTag="0.926">1.314 14.933 40.813 0.000 50.230 14.933 </Samples>
		<Samples TimeTag="2024-12-28T21:07:43" DepthTag="1.031">0.975 15.361 38.763 0.000 44.002 15.361 </Samples>
		<Samples TimeTag="2024-12-28T21:08:10" DepthTag="1.135">0.709 8.308 46.894 0.000 52.818 8.308 </Samples>
		<Samples TimeTag="2024-12-28T21:08:17" DepthTag="1.236">0.871 14.780 40.955 0.000 50.659 14.780 </Samples>
		<Samples TimeTag="2024-12-28T21:08:23" DepthTag="1.337">1.004 16.126 40.037 0.000 50.227 16.126 </Samples>
		<Samples TimeTag="2024-12-28T21:08:28" DepthTag="1.438">1.174 16.509 39.208 0.000 51.696 16.509 </Samples>
		<Samples TimeTag="2024-12-28T21:08:34" DepthTag="1.541">1.100 17.182 39.737 0.000 50.701 17.182 </Samples>
		<Samples TimeTag="2024-12-28T21:09:02" DepthTag="1.643">0.653 10.435 43.860 0.000 51.882 10.435 </Samples>
		<Samples TimeTag="2024-12-28T21:09:08" DepthTag="1.743">0.960 16.570 44.725 0.000 54.518 16.570 </Samples>
		<Samples TimeTag="2024-12-28T21:09:14" DepthTag="1.849">1.181 17.702 45.203 0.000 46.383 17.702 </Samples>
		<Samples TimeTag="2024-12-28T21:09:18" DepthTag="1.951">1.397 18.284 45.496 0.000 48.194 18.284 </Samples>
		<Samples TimeTag="2024-12-28T21:09:23" DepthTag="2.055">1.299 18.865 46.193 0.000 48.865 18.865 </Samples>
		<Samples TimeTag="2024-12-28T21:09:28" DepthTag="2.160">1.261 19.462 45.478 0.000 46.771 19.462 </Samples>
		<Samples TimeTag="2024-12-28T21:09:32" DepthTag="2.264">1.503 19.584 44.765 0.000 43.519 19.584 </Samples>
		<Samples TimeTag="2024-12-28T21:09:36" DepthTag="2.365">1.504 19.722 44.855 0.000 44.468 19.722 </Samples>
		<Samples TimeTag="2024-12-28T21:09:40" DepthTag="2.469">1.468 19.966 45.050 0.000 44.859 19.966 </Samples>
		<Samples TimeTag="2024-12-28T21:09:45" DepthTag="2.575">1.391 19.951 45.727 0.000 39.879 19.951 </Samples>
		<Samples TimeTag="2024-12-28T21:09:49" DepthTag="2.677">1.384 20.028 44.778 0.000 46.249 20.028 </Samples>
		<Samples TimeTag="2024-12-28T21:09:53" DepthTag="2.777">1.506 20.227 45.344 0.000 49.226 20.227 </Samples>
		<Samples TimeTag="2024-12-28T21:10:00" DepthTag="2.878">0.865 21.619 45.106 0.000 48.433 21.619 </Samples>
		<Samples TimeTag="2024-12-28T21:10:06" DepthTag="2.982">1.117 21.695 44.880 0.000 39.741 21.695 </Samples>
		<Samples TimeTag="2024-12-28T21:10:11" DepthTag="3.083">1.259 21.680 44.684 0.000 41.303 21.680 </Samples>
		<Samples TimeTag="2024-12-28T21:10:15" DepthTag="3.185">1.335 21.772 44.960 0.000 41.652 21.772 </Samples>
		<Samples TimeTag="2024-12-28T21:10:21" DepthTag="3.287">1.094 22.353 45.720 0.000 45.724 22.353 </Samples>
		<Samples TimeTag="2024-12-28T21:10:27" DepthTag="3.389">1.099 22.919 45.108 0.000 45.397 22.919 </Samples>
		<Samples TimeTag="2024-12-28T21:10:33" DepthTag="3.489">0.963 23.639 45.213 0.000 48.151 23.639 </Samples>
		<Samples TimeTag="2024-12-28T21:10:39" DepthTag="3.593">1.079 24.159 45.524 0.000 46.372 24.159 </Samples>
		<Samples TimeTag="2024-12-28T21:10:44" DepthTag="3.698">1.205 24.373 45.022 0.000 42.523 24.373 </Samples>
		<Samples TimeTag="2024-12-28T21:10:49" DepthTag="3.800">1.145 24.771 44.958 0.000 45.484 24.771 </Samples>
		<Samples TimeTag="2024-12-28T21:10:55" DepthTag="3.901">0.999 25.230 44.459 0.000 48.183 25.230 </Samples>
		<Samples TimeTag="2024-12-28T21:11:06" DepthTag="4.001">0.861 14.933 45.254 0.000 56.561 14.933 </Samples>
		<Samples TimeTag="2024-12-28T21:11:13" DepthTag="4.104">0.861 20.150 45.947 0.000 54.185 20.150 </Samples>
		<Samples TimeTag="2024-12-28T21:11:19" DepthTag="4.206">1.059 21.986 44.932 0.000 49.790 21.986 </Samples>
		<Samples TimeTag="2024-12-28T21:11:24" DepthTag="4.308">1.133 22.874 44.410 0.000 53.823 22.874 </Samples>
		<Samples TimeTag="2024-12-28T21:11:30" DepthTag="4.408">1.105 23.593 44.581 0.000 53.308 23.593 </Samples>
		<Samples TimeTag="2024-12-28T21:11:36" DepthTag="4.509">0.944 24.725 45.327 0.000 47.735 24.725 </Samples>
		<Samples TimeTag="2024-12-28T21:11:45" DepthTag="4.616">0.679 19.462 43.416 0.000 51.208 19.462 </Samples>
		<Samples TimeTag="2024-12-28T21:12:01" DepthTag="4.717">0.382 15.468 46.302 0.000 57.773 15.468 </Samples>
		<Samples TimeTag="2024-12-28T21:12:23" DepthTag="4.818">0.376 16.631 43.359 0.000 54.975 16.631 </Samples>
		<Samples TimeTag="2024-12-28T21:12:53" DepthTag="4.919">0.346 6.671 40.541 0.000 53.378 6.671 </Samples>
	</CompactMWDdata>
	<IR:GenTrailer>
		<IR:FileCloseDate>2024-12-28T21:14:25</IR:FileCloseDate>
		<IR:ChkSum>0989635315</IR:ChkSum>
	</IR:GenTrailer>
</DRMWD>
