<?xml version="1.0" encoding="UTF-8"?>
<!-- Generated by the RCS System Epiroc Rock Drills AB -->
<DRMWD xmlns="http://www.iredes.org/xml/DrillRig" xmlns:IR="http://www.iredes.org/xml" xmlns:xsi="http://www.w3.org/2001/XMLSchema-instance" xsi:schemaLocation="http://www.iredes.org/xml/DrillRig C:\Iredes\IR_V1.2.3\xml\DR-DrillRig_V1.2\DrillRig.xsd" IRVersion="V 1.2AC" IRDownwCompat="V 1.2AC" DRMWDDownwCompat="V 1.2AC" DRMWDVersion="V 1.2AC">
	<IR:GenHead>
		<IR:FileCreateDate>2024-12-30T06:36:50</IR:FileCreateDate>
		<IR:IRversion DownwCompat="V 1.0">V 1.2AC</IR:IRversion>
		<IR:EquipmentInfo>
			<IR:EqpManufact>Epiroc</IR:EqpManufact>
			<IR:EqpType>SmartROC D65</IR:EqpType>
			<IR:EqpSerNo>8992013064</IR:EqpSerNo>
			<IR:EqpSysVer>6.28.1</IR:EqpSysVer>
			<IR:EqpInfo>DrillingMethod: DTH</IR:EqpInfo>
		</IR:EquipmentInfo>
	</IR:GenHead>
	<IR:ReportId>MWDRI300636</IR:ReportId>
	<IR:StartLogTime>2024-12-30T06:31:53</IR:StartLogTime>
	<IR:EndLogTime>2024-12-30T06:35:31</IR:EndLogTime>
	<IR:PlanIdRef>TRN09_24_0486_015_All</IR:PlanIdRef>
	<IR:PlanNameRef>TRN09_24_0486_015_All</IR:PlanNameRef>
	<MWDholeId>Y38</MWDholeId>
	<QualityReportIdRef>DQRI291907</QualityReportIdRef>
	<SampleDistance>0.100</SampleDistance>
	<CompactMWDdata>
		<MWDparams>
			<Parameter Unit="m/min" Full="PenetrRate">PR</Parameter>
			<Parameter Unit="Bar" Full="PercPressure">PP</Parameter>
			<Parameter Unit="Bar" Full="FeedPressure">FP</Parameter>
			<Parameter Unit="Bar" Full="DampPressure">DP</Parameter>
			<Parameter Unit="Bar" Full="RotPressure">RP</Parameter>
			<Parameter Unit="Bar" Full="FlushPressure">FLP</Parameter>
		</MWDparams>
		<Samples TimeTag="2024-12-30T06:31:53" DepthTag="0.107">0.961 7.772 44.971 0.000 20.906 7.772 </Samples>
		<Samples TimeTag="2024-12-30T06:31:58" DepthTag="0.209">1.332 13.112 42.793 0.000 20.922 13.112 </Samples>
		<Samples TimeTag="2024-12-30T06:32:02" DepthTag="0.312">1.408 14.933 40.981 0.000 40.547 14.933 </Samples>
		<Samples TimeTag="2024-12-30T06:32:05" DepthTag="0.415">1.933 15.392 39.515 0.000 41.822 15.392 </Samples>
		<Samples TimeTag="2024-12-30T06:32:08" DepthTag="0.519">2.868 15.484 34.935 0.000 34.322 15.484 </Samples>
		<Samples TimeTag="2024-12-30T06:32:31" DepthTag="0.619">0.636 12.791 44.610 0.000 33.319 12.791 </Samples>
		<Samples TimeTag="2024-12-30T06:32:35" DepthTag="0.720">1.675 16.233 41.689 0.000 28.290 16.233 </Samples>
		<Samples TimeTag="2024-12-30T06:32:38" DepthTag="0.821">1.541 18.192 41.625 0.000 32.606 18.192 </Samples>
		<Samples TimeTag="2024-12-30T06:32:43" DepthTag="0.926">1.351 17.809 40.367 0.000 34.444 17.809 </Samples>
		<Samples TimeTag="2024-12-30T06:33:09" DepthTag="1.043">0.855 5.523 30.431 0.000 31.972 5.523 </Samples>
		<Samples TimeTag="2024-12-30T06:33:13" DepthTag="1.150">1.600 14.260 41.556 0.000 39.702 14.260 </Samples>
		<Samples TimeTag="2024-12-30T06:33:16" DepthTag="1.258">2.297 17.029 41.502 0.000 40.976 17.029 </Samples>
		<Samples TimeTag="2024-12-30T06:33:18" DepthTag="1.362">2.442 18.039 39.629 0.000 35.853 18.039 </Samples>
		<Samples TimeTag="2024-12-30T06:33:20" DepthTag="1.470">2.872 17.610 40.024 0.000 35.558 17.610 </Samples>
		<Samples TimeTag="2024-12-30T06:33:23" DepthTag="1.570">2.349 17.641 40.235 0.000 35.227 17.641 </Samples>
		<Samples TimeTag="2024-12-30T06:33:25" DepthTag="1.672">2.821 18.299 37.879 0.000 29.541 18.299 </Samples>
		<Samples TimeTag="2024-12-30T06:33:27" DepthTag="1.778">4.406 17.518 37.537 0.000 34.006 17.518 </Samples>
		<Samples TimeTag="2024-12-30T06:33:29" DepthTag="1.879">2.163 19.339 43.101 0.000 27.943 19.339 </Samples>
		<Samples TimeTag="2024-12-30T06:33:39" DepthTag="1.982">0.630 17.993 38.078 0.000 25.549 17.993 </Samples>
		<Samples TimeTag="2024-12-30T06:33:42" DepthTag="2.089">2.279 17.779 37.694 0.000 28.794 17.779 </Samples>
		<Samples TimeTag="2024-12-30T06:33:46" DepthTag="2.193">1.369 17.962 38.345 0.000 26.373 17.962 </Samples>
		<Samples TimeTag="2024-12-30T06:33:49" DepthTag="2.294">2.152 17.671 35.347 0.000 26.368 17.671 </Samples>
		<Samples TimeTag="2024-12-30T06:33:51" DepthTag="2.396">3.839 18.100 34.474 0.000 26.080 18.100 </Samples>
		<Samples TimeTag="2024-12-30T06:33:52" DepthTag="2.499">5.909 18.788 30.651 0.000 24.315 18.788 </Samples>
		<Samples TimeTag="2024-12-30T06:33:53" DepthTag="2.612">7.073 18.039 27.473 0.000 22.020 18.039 </Samples>
		<Samples TimeTag="2024-12-30T06:33:54" DepthTag="2.723">4.120 18.727 42.226 0.000 27.572 18.727 </Samples>
		<Samples TimeTag="2024-12-30T06:33:58" DepthTag="2.824">1.677 18.406 43.519 0.000 25.050 18.406 </Samples>
		<Samples TimeTag="2024-12-30T06:34:01" DepthTag="2.930">2.477 18.115 41.352 0.000 27.310 18.115 </Samples>
		<Samples TimeTag="2024-12-30T06:34:03" DepthTag="3.033">3.368 18.880 36.802 0.000 30.829 18.880 </Samples>
		<Samples TimeTag="2024-12-30T06:34:04" DepthTag="3.142">3.718 18.207 40.445 0.000 28.106 18.207 </Samples>
		<Samples TimeTag="2024-12-30T06:34:07" DepthTag="3.242">2.495 19.523 44.881 0.000 33.294 19.523 </Samples>
		<Samples TimeTag="2024-12-30T06:34:15" DepthTag="3.349">0.794 19.003 38.577 0.000 33.229 19.003 </Samples>
		<Samples TimeTag="2024-12-30T06:34:21" DepthTag="3.450">0.959 18.131 39.673 0.000 36.953 18.131 </Samples>
		<Samples TimeTag="2024-12-30T06:34:58" DepthTag="3.551">0.882 13.173 44.804 0.000 45.778 13.173 </Samples>
		<Samples TimeTag="2024-12-30T06:35:05" DepthTag="3.654">0.900 18.758 47.827 0.000 47.330 18.758 </Samples>
		<Samples TimeTag="2024-12-30T06:35:10" DepthTag="3.755">1.105 20.701 47.752 0.000 45.850 20.701 </Samples>
		<Samples TimeTag="2024-12-30T06:35:15" DepthTag="3.858">1.399 21.236 47.963 0.000 46.055 21.236 </Samples>
		<Samples TimeTag="2024-12-30T06:35:18" DepthTag="3.961">1.914 21.129 47.484 0.000 44.728 21.129 </Samples>
		<Samples TimeTag="2024-12-30T06:35:22" DepthTag="4.067">1.771 20.976 48.027 0.000 42.138 20.976 </Samples>
		<Samples TimeTag="2024-12-30T06:35:25" DepthTag="4.175">2.013 21.007 47.029 0.000 43.584 21.007 </Samples>
		<Samples TimeTag="2024-12-30T06:35:28" DepthTag="4.275">2.140 20.992 47.733 0.000 47.006 20.992 </Samples>
		<Samples TimeTag="2024-12-30T06:35:30" DepthTag="4.382">3.196 20.915 42.777 0.000 39.051 20.915 </Samples>
		<Samples TimeTag="2024-12-30T06:35:31" DepthTag="4.494">7.007 19.737 29.152 0.000 27.260 19.737 </Samples>
	</CompactMWDdata>
	<IR:GenTrailer>
		<IR:FileCloseDate>2024-12-30T06:36:50</IR:FileCloseDate>
		<IR:ChkSum>0830398509</IR:ChkSum>
	</IR:GenTrailer>
</DRMWD>
