<?xml version="1.0" encoding="UTF-8"?>
<!-- Generated by the RCS System Epiroc Rock Drills AB -->
<DRMWD xmlns="http://www.iredes.org/xml/DrillRig" xmlns:IR="http://www.iredes.org/xml" xmlns:xsi="http://www.w3.org/2001/XMLSchema-instance" xsi:schemaLocation="http://www.iredes.org/xml/DrillRig C:\Iredes\IR_V1.2.3\xml\DR-DrillRig_V1.2\DrillRig.xsd" IRVersion="V 1.2AC" IRDownwCompat="V 1.2AC" DRMWDDownwCompat="V 1.2AC" DRMWDVersion="V 1.2AC">
	<IR:GenHead>
		<IR:FileCreateDate>2024-12-29T01:44:39</IR:FileCreateDate>
		<IR:IRversion DownwCompat="V 1.0">V 1.2AC</IR:IRversion>
		<IR:EquipmentInfo>
			<IR:EqpManufact>Epiroc</IR:EqpManufact>
			<IR:EqpType>SmartROC D65</IR:EqpType>
			<IR:EqpSerNo>8992013064</IR:EqpSerNo>
			<IR:EqpSysVer>6.28.1</IR:EqpSysVer>
			<IR:EqpInfo>DrillingMethod: DTH</IR:EqpInfo>
		</IR:EquipmentInfo>
	</IR:GenHead>
	<IR:ReportId>MWDRI290144</IR:ReportId>
	<IR:StartLogTime>2024-12-29T01:36:37</IR:StartLogTime>
	<IR:EndLogTime>2024-12-29T01:43:08</IR:EndLogTime>
	<IR:PlanIdRef>TRN08_21_0530_001_All</IR:PlanIdRef>
	<IR:PlanNameRef>TRN08_21_0530_001_All</IR:PlanNameRef>
	<MWDholeId>O41</MWDholeId>
	<QualityReportIdRef>DQRI272324</QualityReportIdRef>
	<SampleDistance>0.100</SampleDistance>
	<CompactMWDdata>
		<MWDparams>
			<Parameter Unit="m/min" Full="PenetrRate">PR</Parameter>
			<Parameter Unit="Bar" Full="PercPressure">PP</Parameter>
			<Parameter Unit="Bar" Full="FeedPressure">FP</Parameter>
			<Parameter Unit="Bar" Full="DampPressure">DP</Parameter>
			<Parameter Unit="Bar" Full="RotPressure">RP</Parameter>
			<Parameter Unit="Bar" Full="FlushPressure">FLP</Parameter>
		</MWDparams>
		<Samples TimeTag="2024-12-29T01:36:37" DepthTag="0.103">0.857 9.425 41.081 0.000 22.221 9.425 </Samples>
		<Samples TimeTag="2024-12-29T01:36:45" DepthTag="0.204">0.716 16.769 37.339 0.000 37.555 16.769 </Samples>
		<Samples TimeTag="2024-12-29T01:36:48" DepthTag="0.305">1.807 16.402 40.568 0.000 43.476 16.402 </Samples>
		<Samples TimeTag="2024-12-29T01:36:52" DepthTag="0.406">1.673 16.142 37.733 0.000 44.880 16.142 </Samples>
		<Samples TimeTag="2024-12-29T01:36:55" DepthTag="0.512">1.978 15.009 34.202 0.000 43.564 15.009 </Samples>
		<Samples TimeTag="2024-12-29T01:37:16" DepthTag="0.613">0.747 9.410 46.897 0.000 51.411 9.410 </Samples>
		<Samples TimeTag="2024-12-29T01:37:22" DepthTag="0.716">0.987 14.260 40.948 0.000 50.757 14.260 </Samples>
		<Samples TimeTag="2024-12-29T01:37:26" DepthTag="0.819">1.550 14.535 40.094 0.000 48.050 14.535 </Samples>
		<Samples TimeTag="2024-12-29T01:37:30" DepthTag="0.919">1.595 14.581 40.013 0.000 48.869 14.581 </Samples>
		<Samples TimeTag="2024-12-29T01:37:56" DepthTag="1.038">0.808 3.611 39.748 0.000 45.149 3.611 </Samples>
		<Samples TimeTag="2024-12-29T01:38:04" DepthTag="1.143">0.823 13.020 41.064 0.000 52.595 13.020 </Samples>
		<Samples TimeTag="2024-12-29T01:38:10" DepthTag="1.244">0.900 15.162 41.178 0.000 55.195 15.162 </Samples>
		<Samples TimeTag="2024-12-29T01:38:15" DepthTag="1.347">1.218 15.193 38.088 0.000 45.911 15.193 </Samples>
		<Samples TimeTag="2024-12-29T01:38:20" DepthTag="1.447">1.447 14.979 40.844 0.000 52.942 14.979 </Samples>
		<Samples TimeTag="2024-12-29T01:38:46" DepthTag="1.563">0.895 5.906 31.910 0.000 40.660 5.906 </Samples>
		<Samples TimeTag="2024-12-29T01:38:51" DepthTag="1.664">1.295 14.045 45.361 0.000 52.753 14.045 </Samples>
		<Samples TimeTag="2024-12-29T01:38:55" DepthTag="1.764">1.450 16.019 44.685 0.000 50.355 16.019 </Samples>
		<Samples TimeTag="2024-12-29T01:38:59" DepthTag="1.869">1.561 16.906 45.154 0.000 49.564 16.906 </Samples>
		<Samples TimeTag="2024-12-29T01:39:03" DepthTag="1.970">1.461 17.381 44.678 0.000 44.282 17.381 </Samples>
		<Samples TimeTag="2024-12-29T01:39:07" DepthTag="2.072">1.515 18.039 45.753 0.000 46.741 18.039 </Samples>
		<Samples TimeTag="2024-12-29T01:39:13" DepthTag="2.174">1.095 19.156 45.436 0.000 49.707 19.156 </Samples>
		<Samples TimeTag="2024-12-29T01:39:18" DepthTag="2.275">1.218 19.446 44.667 0.000 42.118 19.446 </Samples>
		<Samples TimeTag="2024-12-29T01:39:21" DepthTag="2.375">1.785 19.584 44.839 0.000 43.511 19.584 </Samples>
		<Samples TimeTag="2024-12-29T01:39:25" DepthTag="2.477">1.575 19.569 44.773 0.000 45.611 19.569 </Samples>
		<Samples TimeTag="2024-12-29T01:39:29" DepthTag="2.580">1.484 19.660 45.461 0.000 45.945 19.660 </Samples>
		<Samples TimeTag="2024-12-29T01:39:34" DepthTag="2.683">1.405 20.043 44.646 0.000 44.280 20.043 </Samples>
		<Samples TimeTag="2024-12-29T01:39:38" DepthTag="2.788">1.429 20.043 45.382 0.000 40.059 20.043 </Samples>
		<Samples TimeTag="2024-12-29T01:39:42" DepthTag="2.889">1.442 19.921 45.234 0.000 38.640 19.921 </Samples>
		<Samples TimeTag="2024-12-29T01:39:46" DepthTag="2.991">1.531 19.890 44.788 0.000 40.474 19.890 </Samples>
		<Samples TimeTag="2024-12-29T01:39:51" DepthTag="3.091">1.314 19.890 45.376 0.000 39.978 19.890 </Samples>
		<Samples TimeTag="2024-12-29T01:39:55" DepthTag="3.192">1.450 19.982 44.122 0.000 36.926 19.982 </Samples>
		<Samples TimeTag="2024-12-29T01:39:59" DepthTag="3.296">1.547 20.104 45.101 0.000 43.527 20.104 </Samples>
		<Samples TimeTag="2024-12-29T01:40:04" DepthTag="3.397">1.269 20.640 45.034 0.000 40.857 20.640 </Samples>
		<Samples TimeTag="2024-12-29T01:40:09" DepthTag="3.502">1.300 21.175 44.437 0.000 37.319 21.175 </Samples>
		<Samples TimeTag="2024-12-29T01:40:13" DepthTag="3.602">1.364 21.695 44.474 0.000 42.932 21.695 </Samples>
		<Samples TimeTag="2024-12-29T01:40:16" DepthTag="3.710">2.523 22.047 43.125 0.000 38.830 22.047 </Samples>
		<Samples TimeTag="2024-12-29T01:40:18" DepthTag="3.823">3.685 22.629 44.206 0.000 40.871 22.629 </Samples>
		<Samples TimeTag="2024-12-29T01:40:23" DepthTag="3.931">1.210 12.026 41.484 0.000 34.983 12.026 </Samples>
		<Samples TimeTag="2024-12-29T01:40:33" DepthTag="4.034">0.627 10.144 43.675 0.000 33.399 10.144 </Samples>
		<Samples TimeTag="2024-12-29T01:41:05" DepthTag="4.141">0.383 6.273 32.717 0.000 27.169 6.273 </Samples>
		<Samples TimeTag="2024-12-29T01:41:10" DepthTag="4.245">1.303 17.626 39.785 0.000 35.383 17.626 </Samples>
		<Samples TimeTag="2024-12-29T01:41:39" DepthTag="4.348">0.373 9.257 48.338 0.000 35.367 9.257 </Samples>
		<Samples TimeTag="2024-12-29T01:41:48" DepthTag="4.462">0.733 13.051 40.997 0.000 30.587 13.051 </Samples>
		<Samples TimeTag="2024-12-29T01:42:18" DepthTag="4.579">0.409 7.910 36.755 0.000 28.069 7.910 </Samples>
		<Samples TimeTag="2024-12-29T01:42:24" DepthTag="4.699">1.161 15.422 36.963 0.000 33.408 15.422 </Samples>
		<Samples TimeTag="2024-12-29T01:42:32" DepthTag="4.804">0.787 11.245 37.064 0.000 34.380 11.245 </Samples>
		<Samples TimeTag="2024-12-29T01:43:08" DepthTag="4.919">0.291 6.717 37.074 0.000 32.498 6.717 </Samples>
	</CompactMWDdata>
	<IR:GenTrailer>
		<IR:FileCloseDate>2024-12-29T01:44:39</IR:FileCloseDate>
		<IR:ChkSum>3602972393</IR:ChkSum>
	</IR:GenTrailer>
</DRMWD>
