<?xml version="1.0" encoding="UTF-8"?>
<!-- Generated by the RCS System Epiroc Rock Drills AB -->
<DRMWD xmlns="http://www.iredes.org/xml/DrillRig" xmlns:IR="http://www.iredes.org/xml" xmlns:xsi="http://www.w3.org/2001/XMLSchema-instance" xsi:schemaLocation="http://www.iredes.org/xml/DrillRig C:\Iredes\IR_V1.2.3\xml\DR-DrillRig_V1.2\DrillRig.xsd" IRVersion="V 1.2AC" IRDownwCompat="V 1.2AC" DRMWDDownwCompat="V 1.2AC" DRMWDVersion="V 1.2AC">
	<IR:GenHead>
		<IR:FileCreateDate>2024-12-30T03:24:22</IR:FileCreateDate>
		<IR:IRversion DownwCompat="V 1.0">V 1.2AC</IR:IRversion>
		<IR:EquipmentInfo>
			<IR:EqpManufact>Epiroc</IR:EqpManufact>
			<IR:EqpType>SmartROC D65</IR:EqpType>
			<IR:EqpSerNo>8992013064</IR:EqpSerNo>
			<IR:EqpSysVer>6.28.1</IR:EqpSysVer>
			<IR:EqpInfo>DrillingMethod: DTH</IR:EqpInfo>
		</IR:EquipmentInfo>
	</IR:GenHead>
	<IR:ReportId>MWDRI300324</IR:ReportId>
	<IR:StartLogTime>2024-12-30T03:18:46</IR:StartLogTime>
	<IR:EndLogTime>2024-12-30T03:22:53</IR:EndLogTime>
	<IR:PlanIdRef>TRN09_24_0486_015_All</IR:PlanIdRef>
	<IR:PlanNameRef>TRN09_24_0486_015_All</IR:PlanNameRef>
	<MWDholeId>X38</MWDholeId>
	<QualityReportIdRef>DQRI291907</QualityReportIdRef>
	<SampleDistance>0.100</SampleDistance>
	<CompactMWDdata>
		<MWDparams>
			<Parameter Unit="m/min" Full="PenetrRate">PR</Parameter>
			<Parameter Unit="Bar" Full="PercPressure">PP</Parameter>
			<Parameter Unit="Bar" Full="FeedPressure">FP</Parameter>
			<Parameter Unit="Bar" Full="DampPressure">DP</Parameter>
			<Parameter Unit="Bar" Full="RotPressure">RP</Parameter>
			<Parameter Unit="Bar" Full="FlushPressure">FLP</Parameter>
		</MWDparams>
		<Samples TimeTag="2024-12-30T03:18:46" DepthTag="0.103">0.634 11.521 43.131 0.000 21.049 11.521 </Samples>
		<Samples TimeTag="2024-12-30T03:18:53" DepthTag="0.205">0.907 15.040 39.789 0.000 33.367 15.040 </Samples>
		<Samples TimeTag="2024-12-30T03:18:56" DepthTag="0.307">1.900 15.147 39.637 0.000 47.400 15.147 </Samples>
		<Samples TimeTag="2024-12-30T03:18:59" DepthTag="0.410">1.939 15.147 39.981 0.000 41.632 15.147 </Samples>
		<Samples TimeTag="2024-12-30T03:19:03" DepthTag="0.517">1.845 15.132 40.016 0.000 42.327 15.132 </Samples>
		<Samples TimeTag="2024-12-30T03:19:23" DepthTag="0.619">0.815 7.619 47.219 0.000 46.685 7.619 </Samples>
		<Samples TimeTag="2024-12-30T03:19:28" DepthTag="0.723">1.231 13.082 41.171 0.000 44.663 13.082 </Samples>
		<Samples TimeTag="2024-12-30T03:19:32" DepthTag="0.826">1.945 14.489 39.706 0.000 40.252 14.489 </Samples>
		<Samples TimeTag="2024-12-30T03:19:34" DepthTag="0.927">2.514 15.071 38.845 0.000 37.188 15.071 </Samples>
		<Samples TimeTag="2024-12-30T03:20:00" DepthTag="1.069">1.192 5.018 21.447 0.000 24.388 5.018 </Samples>
		<Samples TimeTag="2024-12-30T03:20:02" DepthTag="1.172">2.323 11.888 44.406 0.000 36.604 11.888 </Samples>
		<Samples TimeTag="2024-12-30T03:20:05" DepthTag="1.279">2.669 15.239 39.469 0.000 34.747 15.239 </Samples>
		<Samples TimeTag="2024-12-30T03:20:06" DepthTag="1.381">3.473 16.601 40.215 0.000 30.982 16.601 </Samples>
		<Samples TimeTag="2024-12-30T03:20:09" DepthTag="1.489">2.708 18.681 41.096 0.000 31.848 18.681 </Samples>
		<Samples TimeTag="2024-12-30T03:20:10" DepthTag="1.605">4.321 17.197 38.276 0.000 32.608 17.197 </Samples>
		<Samples TimeTag="2024-12-30T03:20:12" DepthTag="1.715">3.287 17.809 40.370 0.000 35.574 17.809 </Samples>
		<Samples TimeTag="2024-12-30T03:20:15" DepthTag="1.830">2.882 18.482 39.066 0.000 42.713 18.482 </Samples>
		<Samples TimeTag="2024-12-30T03:20:17" DepthTag="1.939">3.264 17.136 40.626 0.000 34.498 17.136 </Samples>
		<Samples TimeTag="2024-12-30T03:20:19" DepthTag="2.046">3.994 17.748 38.026 0.000 34.142 17.748 </Samples>
		<Samples TimeTag="2024-12-30T03:20:20" DepthTag="2.156">4.097 18.467 37.478 0.000 32.459 18.467 </Samples>
		<Samples TimeTag="2024-12-30T03:20:22" DepthTag="2.258">2.831 17.014 42.623 0.000 42.097 17.014 </Samples>
		<Samples TimeTag="2024-12-30T03:20:24" DepthTag="2.360">3.057 17.656 41.556 0.000 39.921 17.656 </Samples>
		<Samples TimeTag="2024-12-30T03:20:27" DepthTag="2.460">2.494 18.299 43.259 0.000 42.337 18.299 </Samples>
		<Samples TimeTag="2024-12-30T03:20:30" DepthTag="2.564">1.856 17.029 41.374 0.000 38.531 17.029 </Samples>
		<Samples TimeTag="2024-12-30T03:20:34" DepthTag="2.672">1.611 18.238 39.280 0.000 40.058 18.238 </Samples>
		<Samples TimeTag="2024-12-30T03:20:39" DepthTag="2.780">1.412 17.626 38.943 0.000 45.396 17.626 </Samples>
		<Samples TimeTag="2024-12-30T03:20:42" DepthTag="2.886">1.846 18.391 39.664 0.000 42.099 18.391 </Samples>
		<Samples TimeTag="2024-12-30T03:20:45" DepthTag="2.987">1.895 17.488 41.021 0.000 48.776 17.488 </Samples>
		<Samples TimeTag="2024-12-30T03:20:49" DepthTag="3.095">1.791 18.329 39.155 0.000 41.100 18.329 </Samples>
		<Samples TimeTag="2024-12-30T03:20:53" DepthTag="3.197">1.621 17.427 39.584 0.000 55.047 17.427 </Samples>
		<Samples TimeTag="2024-12-30T03:20:55" DepthTag="3.298">2.168 18.192 40.981 0.000 41.483 18.192 </Samples>
		<Samples TimeTag="2024-12-30T03:21:01" DepthTag="3.406">1.150 17.809 39.339 0.000 49.421 17.809 </Samples>
		<Samples TimeTag="2024-12-30T03:21:05" DepthTag="3.508">1.625 17.962 39.621 0.000 47.942 17.962 </Samples>
		<Samples TimeTag="2024-12-30T03:21:40" DepthTag="3.610">0.784 8.155 44.075 0.000 51.822 8.155 </Samples>
		<Samples TimeTag="2024-12-30T03:21:44" DepthTag="3.712">1.531 14.657 46.507 0.000 48.161 14.657 </Samples>
		<Samples TimeTag="2024-12-30T03:21:47" DepthTag="3.818">2.135 16.310 46.594 0.000 47.002 16.310 </Samples>
		<Samples TimeTag="2024-12-30T03:21:49" DepthTag="3.919">2.531 17.136 47.057 0.000 46.584 17.136 </Samples>
		<Samples TimeTag="2024-12-30T03:21:52" DepthTag="4.021">2.373 17.794 48.027 0.000 44.648 17.794 </Samples>
		<Samples TimeTag="2024-12-30T03:21:55" DepthTag="4.121">2.143 18.176 48.392 0.000 42.378 18.176 </Samples>
		<Samples TimeTag="2024-12-30T03:21:58" DepthTag="4.221">2.265 18.452 47.818 0.000 44.672 18.452 </Samples>
		<Samples TimeTag="2024-12-30T03:22:00" DepthTag="4.322">2.049 18.590 47.418 0.000 39.905 18.590 </Samples>
		<Samples TimeTag="2024-12-30T03:22:03" DepthTag="4.430">2.313 18.620 47.335 0.000 40.291 18.620 </Samples>
		<Samples TimeTag="2024-12-30T03:22:06" DepthTag="4.532">2.179 18.727 48.026 0.000 40.846 18.727 </Samples>
		<Samples TimeTag="2024-12-30T03:22:10" DepthTag="4.634">1.685 18.834 48.673 0.000 44.593 18.834 </Samples>
		<Samples TimeTag="2024-12-30T03:22:13" DepthTag="4.735">1.896 18.941 49.170 0.000 47.354 18.941 </Samples>
		<Samples TimeTag="2024-12-30T03:22:17" DepthTag="4.846">1.841 18.819 47.923 0.000 46.917 18.819 </Samples>
		<Samples TimeTag="2024-12-30T03:22:20" DepthTag="4.947">1.710 18.697 49.136 0.000 47.769 18.697 </Samples>
		<Samples TimeTag="2024-12-30T03:22:24" DepthTag="5.048">1.427 18.666 47.989 0.000 47.939 18.666 </Samples>
		<Samples TimeTag="2024-12-30T03:22:32" DepthTag="5.150">0.763 18.314 47.766 0.000 42.353 18.314 </Samples>
		<Samples TimeTag="2024-12-30T03:22:41" DepthTag="5.250">0.700 18.131 48.065 0.000 42.228 18.131 </Samples>
		<Samples TimeTag="2024-12-30T03:22:45" DepthTag="5.351">1.608 17.411 41.555 0.000 44.041 17.411 </Samples>
		<Samples TimeTag="2024-12-30T03:22:53" DepthTag="5.452">0.769 16.753 40.641 0.000 40.834 16.753 </Samples>
	</CompactMWDdata>
	<IR:GenTrailer>
		<IR:FileCloseDate>2024-12-30T03:24:22</IR:FileCloseDate>
		<IR:ChkSum>2526105280</IR:ChkSum>
	</IR:GenTrailer>
</DRMWD>
