<?xml version="1.0" encoding="UTF-8"?>
<!-- Generated by the RCS System Epiroc Rock Drills AB -->
<DRMWD xmlns="http://www.iredes.org/xml/DrillRig" xmlns:IR="http://www.iredes.org/xml" xmlns:xsi="http://www.w3.org/2001/XMLSchema-instance" xsi:schemaLocation="http://www.iredes.org/xml/DrillRig C:\Iredes\IR_V1.2.3\xml\DR-DrillRig_V1.2\DrillRig.xsd" IRVersion="V 1.2AC" IRDownwCompat="V 1.2AC" DRMWDDownwCompat="V 1.2AC" DRMWDVersion="V 1.2AC">
	<IR:GenHead>
		<IR:FileCreateDate>2024-12-30T01:17:24</IR:FileCreateDate>
		<IR:IRversion DownwCompat="V 1.0">V 1.2AC</IR:IRversion>
		<IR:EquipmentInfo>
			<IR:EqpManufact>Epiroc</IR:EqpManufact>
			<IR:EqpType>SmartROC D65</IR:EqpType>
			<IR:EqpSerNo>8992013064</IR:EqpSerNo>
			<IR:EqpSysVer>6.28.1</IR:EqpSysVer>
			<IR:EqpInfo>DrillingMethod: DTH</IR:EqpInfo>
		</IR:EquipmentInfo>
	</IR:GenHead>
	<IR:ReportId>MWDRI300117</IR:ReportId>
	<IR:StartLogTime>2024-12-30T01:11:06</IR:StartLogTime>
	<IR:EndLogTime>2024-12-30T01:15:54</IR:EndLogTime>
	<IR:PlanIdRef>TRN09_24_0486_015_All</IR:PlanIdRef>
	<IR:PlanNameRef>TRN09_24_0486_015_All</IR:PlanNameRef>
	<MWDholeId>X42</MWDholeId>
	<QualityReportIdRef>DQRI291907</QualityReportIdRef>
	<SampleDistance>0.100</SampleDistance>
	<CompactMWDdata>
		<MWDparams>
			<Parameter Unit="m/min" Full="PenetrRate">PR</Parameter>
			<Parameter Unit="Bar" Full="PercPressure">PP</Parameter>
			<Parameter Unit="Bar" Full="FeedPressure">FP</Parameter>
			<Parameter Unit="Bar" Full="DampPressure">DP</Parameter>
			<Parameter Unit="Bar" Full="RotPressure">RP</Parameter>
			<Parameter Unit="Bar" Full="FlushPressure">FLP</Parameter>
		</MWDparams>
		<Samples TimeTag="2024-12-30T01:11:06" DepthTag="0.102">0.670 16.279 37.900 0.000 21.400 16.279 </Samples>
		<Samples TimeTag="2024-12-30T01:11:10" DepthTag="0.203">1.691 16.325 41.919 0.000 34.575 16.325 </Samples>
		<Samples TimeTag="2024-12-30T01:11:14" DepthTag="0.305">1.383 16.157 38.339 0.000 36.425 16.157 </Samples>
		<Samples TimeTag="2024-12-30T01:11:18" DepthTag="0.406">1.794 16.034 41.396 0.000 41.879 16.034 </Samples>
		<Samples TimeTag="2024-12-30T01:11:22" DepthTag="0.510">1.628 16.524 41.084 0.000 36.163 16.524 </Samples>
		<Samples TimeTag="2024-12-30T01:11:46" DepthTag="0.613">0.594 13.954 43.873 0.000 35.757 13.954 </Samples>
		<Samples TimeTag="2024-12-30T01:11:50" DepthTag="0.715">1.376 17.289 37.005 0.000 28.903 17.289 </Samples>
		<Samples TimeTag="2024-12-30T01:11:53" DepthTag="0.816">1.953 18.345 38.882 0.000 31.419 18.345 </Samples>
		<Samples TimeTag="2024-12-30T01:11:57" DepthTag="0.920">1.793 17.564 40.689 0.000 30.751 17.564 </Samples>
		<Samples TimeTag="2024-12-30T01:12:01" DepthTag="1.020">1.366 16.509 25.011 0.000 24.205 16.509 </Samples>
		<Samples TimeTag="2024-12-30T01:12:29" DepthTag="1.121">0.691 15.132 45.831 0.000 30.219 15.132 </Samples>
		<Samples TimeTag="2024-12-30T01:12:32" DepthTag="1.223">1.622 18.773 40.190 0.000 27.976 18.773 </Samples>
		<Samples TimeTag="2024-12-30T01:12:35" DepthTag="1.324">1.886 18.207 39.597 0.000 27.322 18.207 </Samples>
		<Samples TimeTag="2024-12-30T01:12:39" DepthTag="1.431">2.001 17.427 39.017 0.000 31.505 17.427 </Samples>
		<Samples TimeTag="2024-12-30T01:12:42" DepthTag="1.540">2.313 18.421 37.880 0.000 33.200 18.421 </Samples>
		<Samples TimeTag="2024-12-30T01:12:44" DepthTag="1.645">2.137 17.396 39.322 0.000 30.833 17.396 </Samples>
		<Samples TimeTag="2024-12-30T01:12:47" DepthTag="1.749">2.773 17.916 38.379 0.000 37.468 17.916 </Samples>
		<Samples TimeTag="2024-12-30T01:12:50" DepthTag="1.852">1.826 18.253 40.602 0.000 42.832 18.253 </Samples>
		<Samples TimeTag="2024-12-30T01:12:54" DepthTag="1.953">1.464 17.610 40.971 0.000 40.954 17.610 </Samples>
		<Samples TimeTag="2024-12-30T01:13:00" DepthTag="2.056">1.098 17.442 38.604 0.000 38.339 17.442 </Samples>
		<Samples TimeTag="2024-12-30T01:13:04" DepthTag="2.158">1.523 17.733 40.913 0.000 42.781 17.733 </Samples>
		<Samples TimeTag="2024-12-30T01:13:09" DepthTag="2.260">1.231 18.345 38.759 0.000 41.708 18.345 </Samples>
		<Samples TimeTag="2024-12-30T01:13:13" DepthTag="2.364">1.418 17.473 39.599 0.000 45.755 17.473 </Samples>
		<Samples TimeTag="2024-12-30T01:13:18" DepthTag="2.467">1.399 18.176 40.277 0.000 43.747 18.176 </Samples>
		<Samples TimeTag="2024-12-30T01:13:21" DepthTag="2.570">1.922 16.922 35.986 0.000 35.220 16.922 </Samples>
		<Samples TimeTag="2024-12-30T01:13:27" DepthTag="2.671">1.011 18.085 39.960 0.000 47.808 18.085 </Samples>
		<Samples TimeTag="2024-12-30T01:13:32" DepthTag="2.777">1.311 17.228 39.524 0.000 44.780 17.228 </Samples>
		<Samples TimeTag="2024-12-30T01:13:36" DepthTag="2.879">1.470 18.284 40.732 0.000 43.779 18.284 </Samples>
		<Samples TimeTag="2024-12-30T01:13:41" DepthTag="2.982">1.194 17.947 40.391 0.000 42.789 17.947 </Samples>
		<Samples TimeTag="2024-12-30T01:13:44" DepthTag="3.085">1.924 17.212 38.105 0.000 43.154 17.212 </Samples>
		<Samples TimeTag="2024-12-30T01:13:46" DepthTag="3.191">2.938 17.365 38.228 0.000 37.397 17.365 </Samples>
		<Samples TimeTag="2024-12-30T01:13:49" DepthTag="3.296">2.370 18.161 40.453 0.000 42.172 18.161 </Samples>
		<Samples TimeTag="2024-12-30T01:13:52" DepthTag="3.402">2.151 17.090 40.820 0.000 49.680 17.090 </Samples>
		<Samples TimeTag="2024-12-30T01:13:56" DepthTag="3.509">1.776 18.146 40.376 0.000 44.564 18.146 </Samples>
		<Samples TimeTag="2024-12-30T01:14:29" DepthTag="3.617">0.970 7.405 40.737 0.000 43.750 7.405 </Samples>
		<Samples TimeTag="2024-12-30T01:14:34" DepthTag="3.719">1.237 15.331 47.332 0.000 47.769 15.331 </Samples>
		<Samples TimeTag="2024-12-30T01:14:38" DepthTag="3.822">1.920 16.662 46.834 0.000 45.961 16.662 </Samples>
		<Samples TimeTag="2024-12-30T01:14:40" DepthTag="3.923">2.039 17.274 47.502 0.000 45.541 17.274 </Samples>
		<Samples TimeTag="2024-12-30T01:14:44" DepthTag="4.026">1.548 17.825 48.295 0.000 47.236 17.825 </Samples>
		<Samples TimeTag="2024-12-30T01:14:48" DepthTag="4.135">1.882 18.222 47.377 0.000 45.286 18.222 </Samples>
		<Samples TimeTag="2024-12-30T01:14:51" DepthTag="4.237">2.252 18.345 48.277 0.000 41.547 18.345 </Samples>
		<Samples TimeTag="2024-12-30T01:14:54" DepthTag="4.344">1.857 18.498 48.308 0.000 40.109 18.498 </Samples>
		<Samples TimeTag="2024-12-30T01:14:58" DepthTag="4.448">1.555 18.574 48.268 0.000 44.796 18.574 </Samples>
		<Samples TimeTag="2024-12-30T01:15:02" DepthTag="4.551">1.482 18.743 49.240 0.000 42.798 18.743 </Samples>
		<Samples TimeTag="2024-12-30T01:15:08" DepthTag="4.651">0.971 18.605 48.528 0.000 43.408 18.605 </Samples>
		<Samples TimeTag="2024-12-30T01:15:12" DepthTag="4.751">1.971 18.513 47.078 0.000 42.174 18.513 </Samples>
		<Samples TimeTag="2024-12-30T01:15:20" DepthTag="4.852">0.757 18.176 47.991 0.000 33.316 18.176 </Samples>
		<Samples TimeTag="2024-12-30T01:15:31" DepthTag="4.952">0.522 17.947 47.501 0.000 34.490 17.947 </Samples>
		<Samples TimeTag="2024-12-30T01:15:37" DepthTag="5.053">0.939 18.085 47.552 0.000 45.213 18.085 </Samples>
		<Samples TimeTag="2024-12-30T01:15:42" DepthTag="5.156">1.350 18.238 46.650 0.000 37.871 18.238 </Samples>
		<Samples TimeTag="2024-12-30T01:15:45" DepthTag="5.257">1.895 18.437 41.855 0.000 39.559 18.437 </Samples>
		<Samples TimeTag="2024-12-30T01:15:54" DepthTag="5.357">0.671 16.876 41.319 0.000 38.105 16.876 </Samples>
	</CompactMWDdata>
	<IR:GenTrailer>
		<IR:FileCloseDate>2024-12-30T01:17:24</IR:FileCloseDate>
		<IR:ChkSum>0411819787</IR:ChkSum>
	</IR:GenTrailer>
</DRMWD>
