<?xml version="1.0" encoding="UTF-8"?>
<!-- Generated by the RCS System Epiroc Rock Drills AB -->
<DRMWD xmlns="http://www.iredes.org/xml/DrillRig" xmlns:IR="http://www.iredes.org/xml" xmlns:xsi="http://www.w3.org/2001/XMLSchema-instance" xsi:schemaLocation="http://www.iredes.org/xml/DrillRig C:\Iredes\IR_V1.2.3\xml\DR-DrillRig_V1.2\DrillRig.xsd" IRVersion="V 1.2AC" IRDownwCompat="V 1.2AC" DRMWDDownwCompat="V 1.2AC" DRMWDVersion="V 1.2AC">
	<IR:GenHead>
		<IR:FileCreateDate>2024-12-29T04:38:50</IR:FileCreateDate>
		<IR:IRversion DownwCompat="V 1.0">V 1.2AC</IR:IRversion>
		<IR:EquipmentInfo>
			<IR:EqpManufact>Epiroc</IR:EqpManufact>
			<IR:EqpType>SmartROC D65</IR:EqpType>
			<IR:EqpSerNo>8992013064</IR:EqpSerNo>
			<IR:EqpSysVer>6.28.1</IR:EqpSysVer>
			<IR:EqpInfo>DrillingMethod: DTH</IR:EqpInfo>
		</IR:EquipmentInfo>
	</IR:GenHead>
	<IR:ReportId>MWDRI290438</IR:ReportId>
	<IR:StartLogTime>2024-12-29T04:32:23</IR:StartLogTime>
	<IR:EndLogTime>2024-12-29T04:37:21</IR:EndLogTime>
	<IR:PlanIdRef>TRN08_21_0530_001_All</IR:PlanIdRef>
	<IR:PlanNameRef>TRN08_21_0530_001_All</IR:PlanNameRef>
	<MWDholeId>K44</MWDholeId>
	<QualityReportIdRef>DQRI272324</QualityReportIdRef>
	<SampleDistance>0.100</SampleDistance>
	<CompactMWDdata>
		<MWDparams>
			<Parameter Unit="m/min" Full="PenetrRate">PR</Parameter>
			<Parameter Unit="Bar" Full="PercPressure">PP</Parameter>
			<Parameter Unit="Bar" Full="FeedPressure">FP</Parameter>
			<Parameter Unit="Bar" Full="DampPressure">DP</Parameter>
			<Parameter Unit="Bar" Full="RotPressure">RP</Parameter>
			<Parameter Unit="Bar" Full="FlushPressure">FLP</Parameter>
		</MWDparams>
		<Samples TimeTag="2024-12-29T04:32:23" DepthTag="0.106">0.752 14.076 45.647 0.000 20.331 14.076 </Samples>
		<Samples TimeTag="2024-12-29T04:32:25" DepthTag="0.213">2.741 14.183 41.584 0.000 20.530 14.183 </Samples>
		<Samples TimeTag="2024-12-29T04:32:31" DepthTag="0.315">1.015 15.835 38.563 0.000 45.850 15.835 </Samples>
		<Samples TimeTag="2024-12-29T04:32:34" DepthTag="0.415">2.282 15.499 39.883 0.000 45.472 15.499 </Samples>
		<Samples TimeTag="2024-12-29T04:32:37" DepthTag="0.519">1.937 15.254 41.851 0.000 42.611 15.254 </Samples>
		<Samples TimeTag="2024-12-29T04:32:59" DepthTag="0.622">0.658 11.567 43.866 0.000 50.521 11.567 </Samples>
		<Samples TimeTag="2024-12-29T04:33:06" DepthTag="0.724">0.930 14.566 40.357 0.000 49.447 14.566 </Samples>
		<Samples TimeTag="2024-12-29T04:33:11" DepthTag="0.828">1.349 14.688 39.606 0.000 46.991 14.688 </Samples>
		<Samples TimeTag="2024-12-29T04:33:16" DepthTag="0.930">1.063 15.254 39.704 0.000 47.316 15.254 </Samples>
		<Samples TimeTag="2024-12-29T04:33:45" DepthTag="1.032">0.600 4.651 39.066 0.000 42.579 4.651 </Samples>
		<Samples TimeTag="2024-12-29T04:33:51" DepthTag="1.134">1.084 11.842 42.166 0.000 47.344 11.842 </Samples>
		<Samples TimeTag="2024-12-29T04:33:56" DepthTag="1.235">1.206 14.229 42.069 0.000 49.278 14.229 </Samples>
		<Samples TimeTag="2024-12-29T04:34:02" DepthTag="1.336">0.915 15.377 39.495 0.000 46.447 15.377 </Samples>
		<Samples TimeTag="2024-12-29T04:34:07" DepthTag="1.440">1.197 15.285 38.582 0.000 46.491 15.285 </Samples>
		<Samples TimeTag="2024-12-29T04:34:34" DepthTag="1.547">0.766 5.814 36.816 0.000 46.702 5.814 </Samples>
		<Samples TimeTag="2024-12-29T04:34:39" DepthTag="1.648">1.366 13.694 45.117 0.000 54.445 13.694 </Samples>
		<Samples TimeTag="2024-12-29T04:34:44" DepthTag="1.750">1.061 16.937 45.053 0.000 48.679 16.937 </Samples>
		<Samples TimeTag="2024-12-29T04:34:50" DepthTag="1.854">1.079 17.901 45.371 0.000 42.593 17.901 </Samples>
		<Samples TimeTag="2024-12-29T04:34:54" DepthTag="1.954">1.662 17.947 44.031 0.000 45.776 17.947 </Samples>
		<Samples TimeTag="2024-12-29T04:34:59" DepthTag="2.056">1.273 19.232 45.558 0.000 54.288 19.232 </Samples>
		<Samples TimeTag="2024-12-29T04:35:04" DepthTag="2.156">1.118 19.905 44.729 0.000 43.143 19.905 </Samples>
		<Samples TimeTag="2024-12-29T04:35:09" DepthTag="2.258">1.271 19.951 44.526 0.000 45.790 19.951 </Samples>
		<Samples TimeTag="2024-12-29T04:35:13" DepthTag="2.358">1.370 20.288 44.617 0.000 50.937 20.288 </Samples>
		<Samples TimeTag="2024-12-29T04:35:19" DepthTag="2.459">0.980 21.236 45.002 0.000 50.898 21.236 </Samples>
		<Samples TimeTag="2024-12-29T04:35:26" DepthTag="2.561">0.912 22.047 44.692 0.000 39.307 22.047 </Samples>
		<Samples TimeTag="2024-12-29T04:35:33" DepthTag="2.664">0.923 22.613 44.416 0.000 36.155 22.613 </Samples>
		<Samples TimeTag="2024-12-29T04:35:38" DepthTag="2.766">1.168 22.782 45.317 0.000 44.054 22.782 </Samples>
		<Samples TimeTag="2024-12-29T04:35:43" DepthTag="2.868">1.337 22.476 45.385 0.000 42.622 22.476 </Samples>
		<Samples TimeTag="2024-12-29T04:35:47" DepthTag="2.971">1.329 22.185 45.406 0.000 42.546 22.185 </Samples>
		<Samples TimeTag="2024-12-29T04:35:52" DepthTag="3.073">1.345 21.695 45.016 0.000 40.174 21.695 </Samples>
		<Samples TimeTag="2024-12-29T04:35:56" DepthTag="3.178">1.419 21.802 44.671 0.000 40.491 21.802 </Samples>
		<Samples TimeTag="2024-12-29T04:36:01" DepthTag="3.285">1.462 21.588 45.440 0.000 43.148 21.588 </Samples>
		<Samples TimeTag="2024-12-29T04:36:05" DepthTag="3.388">1.284 21.741 45.056 0.000 46.303 21.741 </Samples>
		<Samples TimeTag="2024-12-29T04:36:10" DepthTag="3.490">1.336 21.772 45.346 0.000 44.180 21.772 </Samples>
		<Samples TimeTag="2024-12-29T04:36:15" DepthTag="3.593">1.192 21.772 45.045 0.000 42.509 21.772 </Samples>
		<Samples TimeTag="2024-12-29T04:36:19" DepthTag="3.695">1.463 21.955 45.672 0.000 46.107 21.955 </Samples>
		<Samples TimeTag="2024-12-29T04:36:24" DepthTag="3.799">1.301 22.093 44.586 0.000 44.552 22.093 </Samples>
		<Samples TimeTag="2024-12-29T04:36:29" DepthTag="3.902">1.181 22.445 44.669 0.000 41.930 22.445 </Samples>
		<Samples TimeTag="2024-12-29T04:36:34" DepthTag="4.002">1.364 22.522 45.083 0.000 45.911 22.522 </Samples>
		<Samples TimeTag="2024-12-29T04:36:38" DepthTag="4.104">1.377 22.935 44.648 0.000 46.565 22.935 </Samples>
		<Samples TimeTag="2024-12-29T04:36:43" DepthTag="4.209">1.380 23.164 45.500 0.000 49.438 23.164 </Samples>
		<Samples TimeTag="2024-12-29T04:36:49" DepthTag="4.311">1.017 23.822 45.372 0.000 50.013 23.822 </Samples>
		<Samples TimeTag="2024-12-29T04:36:55" DepthTag="4.412">1.010 23.960 44.468 0.000 48.589 23.960 </Samples>
		<Samples TimeTag="2024-12-29T04:37:00" DepthTag="4.513">1.183 23.899 44.985 0.000 46.504 23.899 </Samples>
		<Samples TimeTag="2024-12-29T04:37:05" DepthTag="4.615">1.118 24.266 44.895 0.000 42.646 24.266 </Samples>
		<Samples TimeTag="2024-12-29T04:37:11" DepthTag="4.720">1.212 24.312 44.081 0.000 42.946 24.312 </Samples>
		<Samples TimeTag="2024-12-29T04:37:16" DepthTag="4.825">1.259 24.403 41.886 0.000 40.103 24.403 </Samples>
		<Samples TimeTag="2024-12-29T04:37:21" DepthTag="4.927">1.147 24.266 39.831 0.000 39.589 24.266 </Samples>
	</CompactMWDdata>
	<IR:GenTrailer>
		<IR:FileCloseDate>2024-12-29T04:38:50</IR:FileCloseDate>
		<IR:ChkSum>1424480382</IR:ChkSum>
	</IR:GenTrailer>
</DRMWD>
