<?xml version="1.0" encoding="UTF-8"?>
<!-- Generated by the RCS System Epiroc Rock Drills AB -->
<DRMWD xmlns="http://www.iredes.org/xml/DrillRig" xmlns:IR="http://www.iredes.org/xml" xmlns:xsi="http://www.w3.org/2001/XMLSchema-instance" xsi:schemaLocation="http://www.iredes.org/xml/DrillRig C:\Iredes\IR_V1.2.3\xml\DR-DrillRig_V1.2\DrillRig.xsd" IRVersion="V 1.2AC" IRDownwCompat="V 1.2AC" DRMWDDownwCompat="V 1.2AC" DRMWDVersion="V 1.2AC">
	<IR:GenHead>
		<IR:FileCreateDate>2024-12-28T14:52:07</IR:FileCreateDate>
		<IR:IRversion DownwCompat="V 1.0">V 1.2AC</IR:IRversion>
		<IR:EquipmentInfo>
			<IR:EqpManufact>Epiroc</IR:EqpManufact>
			<IR:EqpType>SmartROC D65</IR:EqpType>
			<IR:EqpSerNo>8992013064</IR:EqpSerNo>
			<IR:EqpSysVer>6.28.1</IR:EqpSysVer>
			<IR:EqpInfo>DrillingMethod: DTH</IR:EqpInfo>
		</IR:EquipmentInfo>
	</IR:GenHead>
	<IR:ReportId>MWDRI281452</IR:ReportId>
	<IR:StartLogTime>2024-12-28T14:45:40</IR:StartLogTime>
	<IR:EndLogTime>2024-12-28T14:50:39</IR:EndLogTime>
	<IR:PlanIdRef>TRN08_21_0530_001_All</IR:PlanIdRef>
	<IR:PlanNameRef>TRN08_21_0530_001_All</IR:PlanNameRef>
	<MWDholeId>E57</MWDholeId>
	<QualityReportIdRef>DQRI272324</QualityReportIdRef>
	<SampleDistance>0.100</SampleDistance>
	<CompactMWDdata>
		<MWDparams>
			<Parameter Unit="m/min" Full="PenetrRate">PR</Parameter>
			<Parameter Unit="Bar" Full="PercPressure">PP</Parameter>
			<Parameter Unit="Bar" Full="FeedPressure">FP</Parameter>
			<Parameter Unit="Bar" Full="DampPressure">DP</Parameter>
			<Parameter Unit="Bar" Full="RotPressure">RP</Parameter>
			<Parameter Unit="Bar" Full="FlushPressure">FLP</Parameter>
		</MWDparams>
		<Samples TimeTag="2024-12-28T14:45:40" DepthTag="0.109">1.413 13.908 32.078 0.000 20.972 13.908 </Samples>
		<Samples TimeTag="2024-12-28T14:45:50" DepthTag="0.211">0.609 17.886 38.588 0.000 42.825 17.886 </Samples>
		<Samples TimeTag="2024-12-28T14:45:54" DepthTag="0.313">1.469 17.457 40.092 0.000 43.881 17.457 </Samples>
		<Samples TimeTag="2024-12-28T14:45:58" DepthTag="0.415">1.458 17.182 40.108 0.000 41.863 17.182 </Samples>
		<Samples TimeTag="2024-12-28T14:46:21" DepthTag="0.528">0.678 5.171 40.016 0.000 41.285 5.171 </Samples>
		<Samples TimeTag="2024-12-28T14:46:27" DepthTag="0.629">0.984 12.531 42.280 0.000 44.371 12.531 </Samples>
		<Samples TimeTag="2024-12-28T14:46:34" DepthTag="0.731">0.894 14.673 41.047 0.000 48.557 14.673 </Samples>
		<Samples TimeTag="2024-12-28T14:46:40" DepthTag="0.833">1.044 14.963 38.476 0.000 41.979 14.963 </Samples>
		<Samples TimeTag="2024-12-28T14:46:45" DepthTag="0.934">1.326 14.810 39.016 0.000 41.104 14.810 </Samples>
		<Samples TimeTag="2024-12-28T14:47:11" DepthTag="1.037">0.756 5.845 48.220 0.000 48.631 5.845 </Samples>
		<Samples TimeTag="2024-12-28T14:47:17" DepthTag="1.137">1.001 12.332 41.884 0.000 46.206 12.332 </Samples>
		<Samples TimeTag="2024-12-28T14:47:22" DepthTag="1.241">1.287 13.724 39.903 0.000 42.122 13.724 </Samples>
		<Samples TimeTag="2024-12-28T14:47:27" DepthTag="1.342">1.262 14.198 40.387 0.000 44.906 14.198 </Samples>
		<Samples TimeTag="2024-12-28T14:47:31" DepthTag="1.446">1.371 14.428 39.315 0.000 47.415 14.428 </Samples>
		<Samples TimeTag="2024-12-28T14:47:56" DepthTag="1.553">0.887 6.931 35.276 0.000 41.434 6.931 </Samples>
		<Samples TimeTag="2024-12-28T14:48:01" DepthTag="1.657">1.293 14.611 44.607 0.000 52.779 14.611 </Samples>
		<Samples TimeTag="2024-12-28T14:48:06" DepthTag="1.759">1.229 16.616 44.622 0.000 45.351 16.616 </Samples>
		<Samples TimeTag="2024-12-28T14:48:10" DepthTag="1.861">1.626 16.937 45.320 0.000 38.440 16.937 </Samples>
		<Samples TimeTag="2024-12-28T14:48:14" DepthTag="1.964">1.538 17.167 44.648 0.000 43.120 17.167 </Samples>
		<Samples TimeTag="2024-12-28T14:48:18" DepthTag="2.066">1.703 17.365 44.893 0.000 43.623 17.365 </Samples>
		<Samples TimeTag="2024-12-28T14:48:21" DepthTag="2.167">1.892 17.473 43.899 0.000 44.113 17.473 </Samples>
		<Samples TimeTag="2024-12-28T14:48:24" DepthTag="2.270">1.832 17.580 44.704 0.000 45.133 17.580 </Samples>
		<Samples TimeTag="2024-12-28T14:48:27" DepthTag="2.371">1.974 17.610 44.936 0.000 48.721 17.610 </Samples>
		<Samples TimeTag="2024-12-28T14:48:30" DepthTag="2.476">1.976 17.779 45.241 0.000 49.217 17.779 </Samples>
		<Samples TimeTag="2024-12-28T14:48:35" DepthTag="2.577">1.452 18.253 44.493 0.000 40.346 18.253 </Samples>
		<Samples TimeTag="2024-12-28T14:48:39" DepthTag="2.684">1.536 18.375 45.323 0.000 42.442 18.375 </Samples>
		<Samples TimeTag="2024-12-28T14:48:43" DepthTag="2.786">1.388 18.467 44.719 0.000 43.624 18.467 </Samples>
		<Samples TimeTag="2024-12-28T14:48:48" DepthTag="2.889">1.393 18.513 44.335 0.000 43.472 18.513 </Samples>
		<Samples TimeTag="2024-12-28T14:48:51" DepthTag="2.989">1.788 18.727 45.671 0.000 44.588 18.727 </Samples>
		<Samples TimeTag="2024-12-28T14:48:56" DepthTag="3.095">1.368 19.263 45.543 0.000 42.844 19.263 </Samples>
		<Samples TimeTag="2024-12-28T14:49:01" DepthTag="3.198">1.240 19.691 44.769 0.000 38.784 19.691 </Samples>
		<Samples TimeTag="2024-12-28T14:49:05" DepthTag="3.301">1.352 20.089 44.730 0.000 40.729 20.089 </Samples>
		<Samples TimeTag="2024-12-28T14:49:10" DepthTag="3.402">1.204 20.716 44.719 0.000 45.149 20.716 </Samples>
		<Samples TimeTag="2024-12-28T14:49:16" DepthTag="3.504">1.091 21.665 44.940 0.000 45.874 21.665 </Samples>
		<Samples TimeTag="2024-12-28T14:49:22" DepthTag="3.606">1.061 22.047 45.479 0.000 45.890 22.047 </Samples>
		<Samples TimeTag="2024-12-28T14:49:29" DepthTag="3.707">0.833 22.445 45.431 0.000 39.978 22.445 </Samples>
		<Samples TimeTag="2024-12-28T14:49:34" DepthTag="3.810">1.155 22.583 44.744 0.000 39.567 22.583 </Samples>
		<Samples TimeTag="2024-12-28T14:49:39" DepthTag="3.911">1.157 23.027 45.070 0.000 41.033 23.027 </Samples>
		<Samples TimeTag="2024-12-28T14:49:45" DepthTag="4.011">1.158 23.486 45.603 0.000 44.253 23.486 </Samples>
		<Samples TimeTag="2024-12-28T14:49:50" DepthTag="4.113">1.090 24.159 45.321 0.000 41.627 24.159 </Samples>
		<Samples TimeTag="2024-12-28T14:49:56" DepthTag="4.214">1.049 24.862 45.271 0.000 42.722 24.862 </Samples>
		<Samples TimeTag="2024-12-28T14:50:02" DepthTag="4.315">1.050 25.031 44.864 0.000 40.379 25.031 </Samples>
		<Samples TimeTag="2024-12-28T14:50:08" DepthTag="4.416">0.972 25.612 45.324 0.000 41.751 25.612 </Samples>
		<Samples TimeTag="2024-12-28T14:50:15" DepthTag="4.517">0.913 25.964 45.567 0.000 39.116 25.964 </Samples>
		<Samples TimeTag="2024-12-28T14:50:21" DepthTag="4.617">0.882 25.872 43.284 0.000 35.285 25.872 </Samples>
		<Samples TimeTag="2024-12-28T14:50:27" DepthTag="4.717">1.089 25.934 45.757 0.000 38.991 25.934 </Samples>
		<Samples TimeTag="2024-12-28T14:50:33" DepthTag="4.818">0.945 25.628 40.121 0.000 35.109 25.628 </Samples>
		<Samples TimeTag="2024-12-28T14:50:39" DepthTag="4.919">1.046 25.490 40.465 0.000 38.659 25.490 </Samples>
	</CompactMWDdata>
	<IR:GenTrailer>
		<IR:FileCloseDate>2024-12-28T14:52:07</IR:FileCloseDate>
		<IR:ChkSum>1233276949</IR:ChkSum>
	</IR:GenTrailer>
</DRMWD>
