<?xml version="1.0" encoding="UTF-8"?>
<!-- Generated by the RCS System Epiroc Rock Drills AB -->
<DRMWD xmlns="http://www.iredes.org/xml/DrillRig" xmlns:IR="http://www.iredes.org/xml" xmlns:xsi="http://www.w3.org/2001/XMLSchema-instance" xsi:schemaLocation="http://www.iredes.org/xml/DrillRig C:\Iredes\IR_V1.2.3\xml\DR-DrillRig_V1.2\DrillRig.xsd" IRVersion="V 1.2AC" IRDownwCompat="V 1.2AC" DRMWDDownwCompat="V 1.2AC" DRMWDVersion="V 1.2AC">
	<IR:GenHead>
		<IR:FileCreateDate>2024-12-29T07:48:27</IR:FileCreateDate>
		<IR:IRversion DownwCompat="V 1.0">V 1.2AC</IR:IRversion>
		<IR:EquipmentInfo>
			<IR:EqpManufact>Epiroc</IR:EqpManufact>
			<IR:EqpType>SmartROC D65</IR:EqpType>
			<IR:EqpSerNo>8992013064</IR:EqpSerNo>
			<IR:EqpSysVer>6.28.1</IR:EqpSysVer>
			<IR:EqpInfo>DrillingMethod: DTH</IR:EqpInfo>
		</IR:EquipmentInfo>
	</IR:GenHead>
	<IR:ReportId>MWDRI290748</IR:ReportId>
	<IR:StartLogTime>2024-12-29T07:38:19</IR:StartLogTime>
	<IR:EndLogTime>2024-12-29T07:47:01</IR:EndLogTime>
	<IR:PlanIdRef>TRN08_21_0530_001_All</IR:PlanIdRef>
	<IR:PlanNameRef>TRN08_21_0530_001_All</IR:PlanNameRef>
	<MWDholeId>L41</MWDholeId>
	<QualityReportIdRef>DQRI272324</QualityReportIdRef>
	<SampleDistance>0.100</SampleDistance>
	<CompactMWDdata>
		<MWDparams>
			<Parameter Unit="m/min" Full="PenetrRate">PR</Parameter>
			<Parameter Unit="Bar" Full="PercPressure">PP</Parameter>
			<Parameter Unit="Bar" Full="FeedPressure">FP</Parameter>
			<Parameter Unit="Bar" Full="DampPressure">DP</Parameter>
			<Parameter Unit="Bar" Full="RotPressure">RP</Parameter>
			<Parameter Unit="Bar" Full="FlushPressure">FLP</Parameter>
		</MWDparams>
		<Samples TimeTag="2024-12-29T07:38:19" DepthTag="0.101">1.275 14.428 46.147 0.000 20.974 14.428 </Samples>
		<Samples TimeTag="2024-12-29T07:38:27" DepthTag="0.207">0.789 17.320 36.291 0.000 37.429 17.320 </Samples>
		<Samples TimeTag="2024-12-29T07:38:30" DepthTag="0.312">2.141 16.539 39.636 0.000 42.414 16.539 </Samples>
		<Samples TimeTag="2024-12-29T07:38:33" DepthTag="0.413">1.966 15.988 39.994 0.000 43.650 15.988 </Samples>
		<Samples TimeTag="2024-12-29T07:38:37" DepthTag="0.514">1.683 16.034 42.748 0.000 48.622 16.034 </Samples>
		<Samples TimeTag="2024-12-29T07:38:42" DepthTag="0.616">1.144 16.050 40.561 0.000 46.133 16.050 </Samples>
		<Samples TimeTag="2024-12-29T07:40:40" DepthTag="0.741">0.709 4.345 34.850 0.000 35.445 4.345 </Samples>
		<Samples TimeTag="2024-12-29T07:40:53" DepthTag="0.848">0.501 18.681 36.108 0.000 41.489 18.681 </Samples>
		<Samples TimeTag="2024-12-29T07:40:56" DepthTag="0.952">1.849 17.687 38.922 0.000 45.120 17.687 </Samples>
		<Samples TimeTag="2024-12-29T07:41:00" DepthTag="1.058">1.756 16.876 38.888 0.000 43.839 16.876 </Samples>
		<Samples TimeTag="2024-12-29T07:41:04" DepthTag="1.160">1.617 16.891 41.360 0.000 46.229 16.891 </Samples>
		<Samples TimeTag="2024-12-29T07:41:35" DepthTag="1.260">0.541 7.482 48.824 0.000 42.724 7.482 </Samples>
		<Samples TimeTag="2024-12-29T07:42:08" DepthTag="1.364">0.189 12.638 46.528 0.000 48.575 12.638 </Samples>
		<Samples TimeTag="2024-12-29T07:42:12" DepthTag="1.465">1.328 14.627 40.756 0.000 45.561 14.627 </Samples>
		<Samples TimeTag="2024-12-29T07:42:17" DepthTag="1.567">1.393 15.239 40.548 0.000 47.612 15.239 </Samples>
		<Samples TimeTag="2024-12-29T07:42:22" DepthTag="1.669">1.270 15.897 39.737 0.000 50.504 15.897 </Samples>
		<Samples TimeTag="2024-12-29T07:42:51" DepthTag="1.782">0.737 5.982 34.018 0.000 44.788 5.982 </Samples>
		<Samples TimeTag="2024-12-29T07:42:57" DepthTag="1.882">0.976 15.422 44.677 0.000 51.855 15.422 </Samples>
		<Samples TimeTag="2024-12-29T07:43:03" DepthTag="1.985">1.025 17.626 45.391 0.000 50.215 17.626 </Samples>
		<Samples TimeTag="2024-12-29T07:43:08" DepthTag="2.090">1.206 18.452 45.002 0.000 52.877 18.452 </Samples>
		<Samples TimeTag="2024-12-29T07:43:13" DepthTag="2.192">1.136 19.462 44.541 0.000 56.058 19.462 </Samples>
		<Samples TimeTag="2024-12-29T07:43:19" DepthTag="2.292">1.045 20.012 45.360 0.000 50.350 20.012 </Samples>
		<Samples TimeTag="2024-12-29T07:43:24" DepthTag="2.396">1.227 19.783 45.333 0.000 45.346 19.783 </Samples>
		<Samples TimeTag="2024-12-29T07:43:29" DepthTag="2.496">1.215 20.012 44.961 0.000 46.378 20.012 </Samples>
		<Samples TimeTag="2024-12-29T07:43:34" DepthTag="2.597">1.152 20.854 44.341 0.000 41.776 20.854 </Samples>
		<Samples TimeTag="2024-12-29T07:43:40" DepthTag="2.701">1.136 21.481 44.832 0.000 45.302 21.481 </Samples>
		<Samples TimeTag="2024-12-29T07:43:45" DepthTag="2.802">1.110 21.925 45.646 0.000 51.643 21.925 </Samples>
		<Samples TimeTag="2024-12-29T07:43:51" DepthTag="2.904">1.061 22.598 44.874 0.000 50.895 22.598 </Samples>
		<Samples TimeTag="2024-12-29T07:43:57" DepthTag="3.005">1.042 22.812 44.352 0.000 41.589 22.812 </Samples>
		<Samples TimeTag="2024-12-29T07:44:02" DepthTag="3.105">1.104 23.486 45.312 0.000 40.084 23.486 </Samples>
		<Samples TimeTag="2024-12-29T07:44:08" DepthTag="3.206">1.074 24.113 44.639 0.000 43.834 24.113 </Samples>
		<Samples TimeTag="2024-12-29T07:44:13" DepthTag="3.309">1.316 24.128 45.116 0.000 41.757 24.128 </Samples>
		<Samples TimeTag="2024-12-29T07:44:17" DepthTag="3.414">1.353 24.449 45.140 0.000 46.134 24.449 </Samples>
		<Samples TimeTag="2024-12-29T07:44:23" DepthTag="3.517">1.179 25.000 45.252 0.000 47.184 25.000 </Samples>
		<Samples TimeTag="2024-12-29T07:44:30" DepthTag="3.621">0.850 22.537 44.867 0.000 54.996 22.537 </Samples>
		<Samples TimeTag="2024-12-29T07:44:41" DepthTag="3.730">0.615 12.852 43.659 0.000 50.034 12.852 </Samples>
		<Samples TimeTag="2024-12-29T07:44:49" DepthTag="3.832">0.729 20.150 44.938 0.000 49.484 20.150 </Samples>
		<Samples TimeTag="2024-12-29T07:44:57" DepthTag="3.933">0.762 23.440 44.998 0.000 46.762 23.440 </Samples>
		<Samples TimeTag="2024-12-29T07:45:08" DepthTag="4.034">0.531 15.591 44.894 0.000 59.184 15.591 </Samples>
		<Samples TimeTag="2024-12-29T07:45:16" DepthTag="4.136">0.821 20.517 45.345 0.000 56.402 20.517 </Samples>
		<Samples TimeTag="2024-12-29T07:45:25" DepthTag="4.237">0.676 24.817 45.754 0.000 48.621 24.817 </Samples>
		<Samples TimeTag="2024-12-29T07:45:42" DepthTag="4.338">0.348 18.345 45.631 0.000 53.644 18.345 </Samples>
		<Samples TimeTag="2024-12-29T07:45:54" DepthTag="4.441">0.517 25.061 44.413 0.000 45.007 25.061 </Samples>
		<Samples TimeTag="2024-12-29T07:46:00" DepthTag="4.544">1.107 25.490 44.555 0.000 43.621 25.490 </Samples>
		<Samples TimeTag="2024-12-29T07:46:12" DepthTag="4.648">0.510 16.906 44.112 0.000 48.450 16.906 </Samples>
		<Samples TimeTag="2024-12-29T07:46:45" DepthTag="4.750">0.425 8.415 49.268 0.000 55.371 8.415 </Samples>
		<Samples TimeTag="2024-12-29T07:46:51" DepthTag="4.854">0.970 17.503 42.944 0.000 53.369 17.503 </Samples>
		<Samples TimeTag="2024-12-29T07:46:56" DepthTag="4.955">1.219 19.339 39.941 0.000 50.167 19.339 </Samples>
		<Samples TimeTag="2024-12-29T07:47:01" DepthTag="5.057">1.234 20.762 40.254 0.000 48.094 20.762 </Samples>
	</CompactMWDdata>
	<IR:GenTrailer>
		<IR:FileCloseDate>2024-12-29T07:48:27</IR:FileCloseDate>
		<IR:ChkSum>1264213722</IR:ChkSum>
	</IR:GenTrailer>
</DRMWD>
