<?xml version="1.0" encoding="UTF-8"?>
<!-- Generated by the RCS System Epiroc Rock Drills AB -->
<DRMWD xmlns="http://www.iredes.org/xml/DrillRig" xmlns:IR="http://www.iredes.org/xml" xmlns:xsi="http://www.w3.org/2001/XMLSchema-instance" xsi:schemaLocation="http://www.iredes.org/xml/DrillRig C:\Iredes\IR_V1.2.3\xml\DR-DrillRig_V1.2\DrillRig.xsd" IRVersion="V 1.2AC" IRDownwCompat="V 1.2AC" DRMWDDownwCompat="V 1.2AC" DRMWDVersion="V 1.2AC">
	<IR:GenHead>
		<IR:FileCreateDate>2024-12-29T00:04:50</IR:FileCreateDate>
		<IR:IRversion DownwCompat="V 1.0">V 1.2AC</IR:IRversion>
		<IR:EquipmentInfo>
			<IR:EqpManufact>Epiroc</IR:EqpManufact>
			<IR:EqpType>SmartROC D65</IR:EqpType>
			<IR:EqpSerNo>8992013064</IR:EqpSerNo>
			<IR:EqpSysVer>6.28.1</IR:EqpSysVer>
			<IR:EqpInfo>DrillingMethod: DTH</IR:EqpInfo>
		</IR:EquipmentInfo>
	</IR:GenHead>
	<IR:ReportId>MWDRI290004</IR:ReportId>
	<IR:StartLogTime>2024-12-28T23:59:50</IR:StartLogTime>
	<IR:EndLogTime>2024-12-29T00:03:26</IR:EndLogTime>
	<IR:PlanIdRef>TRN08_21_0530_001_All</IR:PlanIdRef>
	<IR:PlanNameRef>TRN08_21_0530_001_All</IR:PlanNameRef>
	<MWDholeId>F52</MWDholeId>
	<QualityReportIdRef>DQRI272324</QualityReportIdRef>
	<SampleDistance>0.100</SampleDistance>
	<CompactMWDdata>
		<MWDparams>
			<Parameter Unit="m/min" Full="PenetrRate">PR</Parameter>
			<Parameter Unit="Bar" Full="PercPressure">PP</Parameter>
			<Parameter Unit="Bar" Full="FeedPressure">FP</Parameter>
			<Parameter Unit="Bar" Full="DampPressure">DP</Parameter>
			<Parameter Unit="Bar" Full="RotPressure">RP</Parameter>
			<Parameter Unit="Bar" Full="FlushPressure">FLP</Parameter>
		</MWDparams>
		<Samples TimeTag="2024-12-28T23:59:50" DepthTag="0.115">1.168 10.343 21.679 0.000 20.963 10.343 </Samples>
		<Samples TimeTag="2024-12-28T23:59:53" DepthTag="0.216">2.164 12.944 46.478 0.000 20.968 12.944 </Samples>
		<Samples TimeTag="2024-12-29T00:00:00" DepthTag="0.316">0.859 16.493 39.382 0.000 43.185 16.493 </Samples>
		<Samples TimeTag="2024-12-29T00:00:03" DepthTag="0.418">1.625 16.432 38.233 0.000 43.935 16.432 </Samples>
		<Samples TimeTag="2024-12-29T00:00:09" DepthTag="0.519">1.036 5.875 0.987 0.000 18.775 5.875 </Samples>
		<Samples TimeTag="2024-12-29T00:00:27" DepthTag="0.621">1.272 9.899 45.927 0.000 47.254 9.899 </Samples>
		<Samples TimeTag="2024-12-29T00:00:31" DepthTag="0.723">1.551 12.684 40.763 0.000 44.831 12.684 </Samples>
		<Samples TimeTag="2024-12-29T00:00:34" DepthTag="0.824">1.886 13.755 39.583 0.000 48.788 13.755 </Samples>
		<Samples TimeTag="2024-12-29T00:00:37" DepthTag="0.924">1.750 14.015 39.971 0.000 46.162 14.015 </Samples>
		<Samples TimeTag="2024-12-29T00:01:03" DepthTag="1.025">0.827 5.217 39.426 0.000 41.174 5.217 </Samples>
		<Samples TimeTag="2024-12-29T00:01:08" DepthTag="1.128">1.222 11.689 42.514 0.000 49.376 11.689 </Samples>
		<Samples TimeTag="2024-12-29T00:01:11" DepthTag="1.233">1.673 13.433 40.648 0.000 47.420 13.433 </Samples>
		<Samples TimeTag="2024-12-29T00:01:15" DepthTag="1.334">1.892 14.045 40.398 0.000 45.518 14.045 </Samples>
		<Samples TimeTag="2024-12-29T00:01:18" DepthTag="1.439">1.869 14.321 39.559 0.000 46.952 14.321 </Samples>
		<Samples TimeTag="2024-12-29T00:01:44" DepthTag="1.558">1.047 6.074 30.207 0.000 33.675 6.074 </Samples>
		<Samples TimeTag="2024-12-29T00:01:48" DepthTag="1.661">1.442 13.678 43.889 0.000 48.854 13.678 </Samples>
		<Samples TimeTag="2024-12-29T00:01:52" DepthTag="1.764">1.571 15.744 44.993 0.000 45.431 15.744 </Samples>
		<Samples TimeTag="2024-12-29T00:01:55" DepthTag="1.866">1.706 16.570 44.153 0.000 43.898 16.570 </Samples>
		<Samples TimeTag="2024-12-29T00:01:59" DepthTag="1.970">1.802 16.952 44.897 0.000 45.709 16.952 </Samples>
		<Samples TimeTag="2024-12-29T00:02:02" DepthTag="2.071">2.156 17.212 44.462 0.000 48.762 17.212 </Samples>
		<Samples TimeTag="2024-12-29T00:02:04" DepthTag="2.172">2.167 17.350 44.524 0.000 47.015 17.350 </Samples>
		<Samples TimeTag="2024-12-29T00:02:07" DepthTag="2.273">2.229 17.442 44.916 0.000 45.786 17.442 </Samples>
		<Samples TimeTag="2024-12-29T00:02:10" DepthTag="2.380">2.424 17.534 45.661 0.000 46.797 17.534 </Samples>
		<Samples TimeTag="2024-12-29T00:02:13" DepthTag="2.481">1.883 17.626 44.409 0.000 43.857 17.626 </Samples>
		<Samples TimeTag="2024-12-29T00:02:16" DepthTag="2.586">2.229 17.687 45.073 0.000 41.202 17.687 </Samples>
		<Samples TimeTag="2024-12-29T00:02:19" DepthTag="2.687">2.161 17.763 45.222 0.000 45.860 17.763 </Samples>
		<Samples TimeTag="2024-12-29T00:02:22" DepthTag="2.791">2.110 17.794 45.730 0.000 44.174 17.794 </Samples>
		<Samples TimeTag="2024-12-29T00:02:24" DepthTag="2.891">2.143 17.825 45.083 0.000 46.251 17.825 </Samples>
		<Samples TimeTag="2024-12-29T00:02:27" DepthTag="2.999">2.175 17.870 45.379 0.000 49.008 17.870 </Samples>
		<Samples TimeTag="2024-12-29T00:02:31" DepthTag="3.105">1.853 18.161 45.444 0.000 46.251 18.161 </Samples>
		<Samples TimeTag="2024-12-29T00:02:35" DepthTag="3.210">1.561 17.947 45.545 0.000 44.034 17.947 </Samples>
		<Samples TimeTag="2024-12-29T00:02:38" DepthTag="3.312">1.745 17.916 44.910 0.000 44.768 17.916 </Samples>
		<Samples TimeTag="2024-12-29T00:02:42" DepthTag="3.414">1.767 17.978 44.306 0.000 42.001 17.978 </Samples>
		<Samples TimeTag="2024-12-29T00:02:45" DepthTag="3.519">1.740 17.962 44.311 0.000 45.976 17.962 </Samples>
		<Samples TimeTag="2024-12-29T00:02:49" DepthTag="3.623">1.732 17.932 45.652 0.000 43.986 17.932 </Samples>
		<Samples TimeTag="2024-12-29T00:02:53" DepthTag="3.725">1.729 17.947 44.683 0.000 43.231 17.947 </Samples>
		<Samples TimeTag="2024-12-29T00:02:56" DepthTag="3.825">1.987 17.916 43.820 0.000 42.549 17.916 </Samples>
		<Samples TimeTag="2024-12-29T00:02:59" DepthTag="3.932">2.159 17.886 44.933 0.000 45.785 17.886 </Samples>
		<Samples TimeTag="2024-12-29T00:03:01" DepthTag="4.037">2.369 17.916 44.802 0.000 41.506 17.916 </Samples>
		<Samples TimeTag="2024-12-29T00:03:04" DepthTag="4.140">2.083 18.176 45.250 0.000 51.861 18.176 </Samples>
		<Samples TimeTag="2024-12-29T00:03:08" DepthTag="4.241">1.446 17.978 45.208 0.000 40.089 17.978 </Samples>
		<Samples TimeTag="2024-12-29T00:03:12" DepthTag="4.348">1.668 17.886 44.966 0.000 39.549 17.886 </Samples>
		<Samples TimeTag="2024-12-29T00:03:16" DepthTag="4.455">1.777 17.855 45.201 0.000 41.647 17.855 </Samples>
		<Samples TimeTag="2024-12-29T00:03:19" DepthTag="4.555">1.702 17.809 45.478 0.000 42.584 17.809 </Samples>
		<Samples TimeTag="2024-12-29T00:03:23" DepthTag="4.656">1.757 17.748 41.314 0.000 44.663 17.748 </Samples>
		<Samples TimeTag="2024-12-29T00:03:26" DepthTag="4.759">1.716 17.641 40.132 0.000 43.292 17.641 </Samples>
	</CompactMWDdata>
	<IR:GenTrailer>
		<IR:FileCloseDate>2024-12-29T00:04:50</IR:FileCloseDate>
		<IR:ChkSum>0829495546</IR:ChkSum>
	</IR:GenTrailer>
</DRMWD>
