<?xml version="1.0" encoding="UTF-8"?>
<!-- Generated by the RCS System Epiroc Rock Drills AB -->
<DRMWD xmlns="http://www.iredes.org/xml/DrillRig" xmlns:IR="http://www.iredes.org/xml" xmlns:xsi="http://www.w3.org/2001/XMLSchema-instance" xsi:schemaLocation="http://www.iredes.org/xml/DrillRig C:\Iredes\IR_V1.2.3\xml\DR-DrillRig_V1.2\DrillRig.xsd" IRVersion="V 1.2AC" IRDownwCompat="V 1.2AC" DRMWDDownwCompat="V 1.2AC" DRMWDVersion="V 1.2AC">
	<IR:GenHead>
		<IR:FileCreateDate>2024-12-30T09:07:55</IR:FileCreateDate>
		<IR:IRversion DownwCompat="V 1.0">V 1.2AC</IR:IRversion>
		<IR:EquipmentInfo>
			<IR:EqpManufact>Epiroc</IR:EqpManufact>
			<IR:EqpType>SmartROC D65</IR:EqpType>
			<IR:EqpSerNo>8992013064</IR:EqpSerNo>
			<IR:EqpSysVer>6.28.1</IR:EqpSysVer>
			<IR:EqpInfo>DrillingMethod: DTH</IR:EqpInfo>
		</IR:EquipmentInfo>
	</IR:GenHead>
	<IR:ReportId>MWDRI300907</IR:ReportId>
	<IR:StartLogTime>2024-12-30T09:01:46</IR:StartLogTime>
	<IR:EndLogTime>2024-12-30T09:06:24</IR:EndLogTime>
	<IR:PlanIdRef>TRN09_24_0486_015_All</IR:PlanIdRef>
	<IR:PlanNameRef>TRN09_24_0486_015_All</IR:PlanNameRef>
	<MWDholeId>W22</MWDholeId>
	<QualityReportIdRef>DQRI291907</QualityReportIdRef>
	<SampleDistance>0.100</SampleDistance>
	<CompactMWDdata>
		<MWDparams>
			<Parameter Unit="m/min" Full="PenetrRate">PR</Parameter>
			<Parameter Unit="Bar" Full="PercPressure">PP</Parameter>
			<Parameter Unit="Bar" Full="FeedPressure">FP</Parameter>
			<Parameter Unit="Bar" Full="DampPressure">DP</Parameter>
			<Parameter Unit="Bar" Full="RotPressure">RP</Parameter>
			<Parameter Unit="Bar" Full="FlushPressure">FLP</Parameter>
		</MWDparams>
		<Samples TimeTag="2024-12-30T09:01:46" DepthTag="0.101">0.537 17.626 34.318 0.000 24.917 17.626 </Samples>
		<Samples TimeTag="2024-12-30T09:01:49" DepthTag="0.207">2.481 17.610 38.733 0.000 32.401 17.610 </Samples>
		<Samples TimeTag="2024-12-30T09:01:52" DepthTag="0.310">1.916 17.289 39.799 0.000 34.537 17.289 </Samples>
		<Samples TimeTag="2024-12-30T09:01:55" DepthTag="0.418">2.025 16.891 38.962 0.000 36.460 16.891 </Samples>
		<Samples TimeTag="2024-12-30T09:02:15" DepthTag="0.555">1.280 5.447 28.576 0.000 23.919 5.447 </Samples>
		<Samples TimeTag="2024-12-30T09:02:18" DepthTag="0.659">1.734 11.215 43.279 0.000 35.043 11.215 </Samples>
		<Samples TimeTag="2024-12-30T09:02:21" DepthTag="0.770">2.595 13.648 39.726 0.000 31.241 13.648 </Samples>
		<Samples TimeTag="2024-12-30T09:02:24" DepthTag="0.872">2.063 15.866 40.536 0.000 32.305 15.866 </Samples>
		<Samples TimeTag="2024-12-30T09:02:25" DepthTag="0.991">3.874 16.096 33.578 0.000 24.557 16.096 </Samples>
		<Samples TimeTag="2024-12-30T09:02:49" DepthTag="1.098">1.162 5.355 21.194 0.000 22.705 5.355 </Samples>
		<Samples TimeTag="2024-12-30T09:02:52" DepthTag="1.200">2.304 11.812 44.582 0.000 40.298 11.812 </Samples>
		<Samples TimeTag="2024-12-30T09:02:54" DepthTag="1.305">2.900 14.810 39.627 0.000 37.905 14.810 </Samples>
		<Samples TimeTag="2024-12-30T09:02:55" DepthTag="1.409">4.606 15.820 35.314 0.000 31.182 15.820 </Samples>
		<Samples TimeTag="2024-12-30T09:02:56" DepthTag="1.515">5.249 16.922 40.101 0.000 28.243 16.922 </Samples>
		<Samples TimeTag="2024-12-30T09:02:58" DepthTag="1.619">3.903 18.161 38.722 0.000 29.364 18.161 </Samples>
		<Samples TimeTag="2024-12-30T09:02:59" DepthTag="1.720">5.841 18.590 28.956 0.000 22.642 18.590 </Samples>
		<Samples TimeTag="2024-12-30T09:03:00" DepthTag="1.838">7.362 17.580 22.667 0.000 18.128 17.580 </Samples>
		<Samples TimeTag="2024-12-30T09:03:01" DepthTag="1.964">7.237 17.381 24.023 0.000 19.269 17.381 </Samples>
		<Samples TimeTag="2024-12-30T09:03:02" DepthTag="2.073">5.420 18.406 38.860 0.000 27.151 18.406 </Samples>
		<Samples TimeTag="2024-12-30T09:03:05" DepthTag="2.180">2.672 17.167 44.392 0.000 33.375 17.167 </Samples>
		<Samples TimeTag="2024-12-30T09:03:08" DepthTag="2.288">2.075 17.962 38.932 0.000 40.867 17.962 </Samples>
		<Samples TimeTag="2024-12-30T09:03:10" DepthTag="2.389">2.288 17.197 42.297 0.000 40.821 17.197 </Samples>
		<Samples TimeTag="2024-12-30T09:03:15" DepthTag="2.491">1.466 17.626 40.866 0.000 41.486 17.626 </Samples>
		<Samples TimeTag="2024-12-30T09:03:22" DepthTag="2.591">0.807 18.268 38.836 0.000 39.459 18.268 </Samples>
		<Samples TimeTag="2024-12-30T09:03:29" DepthTag="2.692">0.844 16.723 41.202 0.000 40.414 16.723 </Samples>
		<Samples TimeTag="2024-12-30T09:03:38" DepthTag="2.796">0.747 17.916 40.804 0.000 39.240 17.916 </Samples>
		<Samples TimeTag="2024-12-30T09:03:45" DepthTag="2.900">0.798 18.284 36.248 0.000 36.607 18.284 </Samples>
		<Samples TimeTag="2024-12-30T09:03:55" DepthTag="3.002">0.678 17.978 40.495 0.000 39.096 17.978 </Samples>
		<Samples TimeTag="2024-12-30T09:04:01" DepthTag="3.106">0.984 16.937 38.686 0.000 39.440 16.937 </Samples>
		<Samples TimeTag="2024-12-30T09:04:06" DepthTag="3.210">1.291 17.488 40.151 0.000 40.925 17.488 </Samples>
		<Samples TimeTag="2024-12-30T09:04:10" DepthTag="3.313">1.322 17.886 41.110 0.000 42.911 17.886 </Samples>
		<Samples TimeTag="2024-12-30T09:04:17" DepthTag="3.415">0.859 18.176 40.826 0.000 37.631 18.176 </Samples>
		<Samples TimeTag="2024-12-30T09:05:04" DepthTag="3.534">0.359 5.294 35.975 0.000 41.557 5.294 </Samples>
		<Samples TimeTag="2024-12-30T09:05:12" DepthTag="3.637">0.773 15.728 47.039 0.000 47.999 15.728 </Samples>
		<Samples TimeTag="2024-12-30T09:05:15" DepthTag="3.738">1.939 16.601 47.749 0.000 45.565 16.601 </Samples>
		<Samples TimeTag="2024-12-30T09:05:18" DepthTag="3.839">1.980 17.075 47.099 0.000 46.928 17.075 </Samples>
		<Samples TimeTag="2024-12-30T09:05:21" DepthTag="3.943">2.218 17.442 48.769 0.000 49.858 17.442 </Samples>
		<Samples TimeTag="2024-12-30T09:05:26" DepthTag="4.049">1.332 17.748 49.453 0.000 40.465 17.748 </Samples>
		<Samples TimeTag="2024-12-30T09:05:30" DepthTag="4.151">1.552 17.916 46.899 0.000 42.113 17.916 </Samples>
		<Samples TimeTag="2024-12-30T09:05:33" DepthTag="4.262">2.192 18.023 45.774 0.000 46.639 18.023 </Samples>
		<Samples TimeTag="2024-12-30T09:05:35" DepthTag="4.363">2.347 18.253 47.023 0.000 52.193 18.253 </Samples>
		<Samples TimeTag="2024-12-30T09:05:42" DepthTag="4.464">0.894 9.792 21.456 0.000 45.346 9.792 </Samples>
		<Samples TimeTag="2024-12-30T09:05:49" DepthTag="4.566">0.826 16.142 45.102 0.000 43.307 16.142 </Samples>
		<Samples TimeTag="2024-12-30T09:05:58" DepthTag="4.668">0.697 17.136 47.924 0.000 43.583 17.136 </Samples>
		<Samples TimeTag="2024-12-30T09:06:03" DepthTag="4.771">1.347 17.442 47.627 0.000 46.692 17.442 </Samples>
		<Samples TimeTag="2024-12-30T09:06:08" DepthTag="4.873">1.127 17.671 48.419 0.000 43.471 17.671 </Samples>
		<Samples TimeTag="2024-12-30T09:06:15" DepthTag="4.975">0.874 17.427 42.244 0.000 36.533 17.427 </Samples>
		<Samples TimeTag="2024-12-30T09:06:24" DepthTag="5.076">0.685 17.044 40.116 0.000 34.361 17.044 </Samples>
	</CompactMWDdata>
	<IR:GenTrailer>
		<IR:FileCloseDate>2024-12-30T09:07:55</IR:FileCloseDate>
		<IR:ChkSum>2324648219</IR:ChkSum>
	</IR:GenTrailer>
</DRMWD>
