<?xml version="1.0" encoding="UTF-8"?>
<!-- Generated by the RCS System Epiroc Rock Drills AB -->
<DRMWD xmlns="http://www.iredes.org/xml/DrillRig" xmlns:IR="http://www.iredes.org/xml" xmlns:xsi="http://www.w3.org/2001/XMLSchema-instance" xsi:schemaLocation="http://www.iredes.org/xml/DrillRig C:\Iredes\IR_V1.2.3\xml\DR-DrillRig_V1.2\DrillRig.xsd" IRVersion="V 1.2AC" IRDownwCompat="V 1.2AC" DRMWDDownwCompat="V 1.2AC" DRMWDVersion="V 1.2AC">
	<IR:GenHead>
		<IR:FileCreateDate>2024-12-28T00:40:32</IR:FileCreateDate>
		<IR:IRversion DownwCompat="V 1.0">V 1.2AC</IR:IRversion>
		<IR:EquipmentInfo>
			<IR:EqpManufact>Epiroc</IR:EqpManufact>
			<IR:EqpType>SmartROC D65</IR:EqpType>
			<IR:EqpSerNo>8992013064</IR:EqpSerNo>
			<IR:EqpSysVer>6.28.1</IR:EqpSysVer>
			<IR:EqpInfo>DrillingMethod: DTH</IR:EqpInfo>
		</IR:EquipmentInfo>
	</IR:GenHead>
	<IR:ReportId>MWDRI280040</IR:ReportId>
	<IR:StartLogTime>2024-12-28T00:33:29</IR:StartLogTime>
	<IR:EndLogTime>2024-12-28T00:38:31</IR:EndLogTime>
	<IR:PlanIdRef>TRN08_21_0530_001_All</IR:PlanIdRef>
	<IR:PlanNameRef>TRN08_21_0530_001_All</IR:PlanNameRef>
	<MWDholeId>H41</MWDholeId>
	<QualityReportIdRef>DQRI272324</QualityReportIdRef>
	<SampleDistance>0.100</SampleDistance>
	<CompactMWDdata>
		<MWDparams>
			<Parameter Unit="m/min" Full="PenetrRate">PR</Parameter>
			<Parameter Unit="Bar" Full="PercPressure">PP</Parameter>
			<Parameter Unit="Bar" Full="FeedPressure">FP</Parameter>
			<Parameter Unit="Bar" Full="DampPressure">DP</Parameter>
			<Parameter Unit="Bar" Full="RotPressure">RP</Parameter>
			<Parameter Unit="Bar" Full="FlushPressure">FLP</Parameter>
		</MWDparams>
		<Samples TimeTag="2024-12-28T00:33:29" DepthTag="0.101">0.723 16.601 42.804 0.000 21.457 16.601 </Samples>
		<Samples TimeTag="2024-12-28T00:33:33" DepthTag="0.211">1.441 16.708 37.114 0.000 46.250 16.708 </Samples>
		<Samples TimeTag="2024-12-28T00:33:35" DepthTag="0.311">3.016 16.555 39.452 0.000 46.124 16.555 </Samples>
		<Samples TimeTag="2024-12-28T00:33:38" DepthTag="0.414">2.401 16.264 40.273 0.000 46.059 16.264 </Samples>
		<Samples TimeTag="2024-12-28T00:33:40" DepthTag="0.516">2.540 15.285 38.162 0.000 45.988 15.285 </Samples>
		<Samples TimeTag="2024-12-28T00:34:02" DepthTag="0.616">0.714 10.266 47.290 0.000 54.421 10.266 </Samples>
		<Samples TimeTag="2024-12-28T00:34:07" DepthTag="0.722">1.273 14.091 41.024 0.000 46.984 14.091 </Samples>
		<Samples TimeTag="2024-12-28T00:34:11" DepthTag="0.823">1.457 14.719 40.237 0.000 49.734 14.719 </Samples>
		<Samples TimeTag="2024-12-28T00:34:15" DepthTag="0.924">1.572 15.071 39.604 0.000 50.568 15.071 </Samples>
		<Samples TimeTag="2024-12-28T00:34:41" DepthTag="1.033">0.701 4.085 35.059 0.000 41.902 4.085 </Samples>
		<Samples TimeTag="2024-12-28T00:34:48" DepthTag="1.134">0.835 13.816 41.499 0.000 51.606 13.816 </Samples>
		<Samples TimeTag="2024-12-28T00:34:53" DepthTag="1.236">1.302 14.826 40.116 0.000 51.696 14.826 </Samples>
		<Samples TimeTag="2024-12-28T00:34:58" DepthTag="1.337">1.104 15.759 40.506 0.000 48.810 15.759 </Samples>
		<Samples TimeTag="2024-12-28T00:35:04" DepthTag="1.441">1.115 16.861 40.632 0.000 48.672 16.861 </Samples>
		<Samples TimeTag="2024-12-28T00:35:32" DepthTag="1.545">0.732 8.308 33.087 0.000 40.113 8.308 </Samples>
		<Samples TimeTag="2024-12-28T00:35:39" DepthTag="1.646">0.797 18.819 45.677 0.000 55.232 18.819 </Samples>
		<Samples TimeTag="2024-12-28T00:35:44" DepthTag="1.748">1.274 20.303 43.351 0.000 45.203 20.303 </Samples>
		<Samples TimeTag="2024-12-28T00:35:49" DepthTag="1.851">1.392 20.961 44.525 0.000 48.514 20.961 </Samples>
		<Samples TimeTag="2024-12-28T00:35:52" DepthTag="1.951">1.535 20.915 44.058 0.000 42.807 20.915 </Samples>
		<Samples TimeTag="2024-12-28T00:35:56" DepthTag="2.055">1.805 20.915 44.068 0.000 44.220 20.915 </Samples>
		<Samples TimeTag="2024-12-28T00:36:00" DepthTag="2.157">1.697 21.160 44.501 0.000 47.158 21.160 </Samples>
		<Samples TimeTag="2024-12-28T00:36:03" DepthTag="2.259">1.618 21.481 44.454 0.000 43.752 21.481 </Samples>
		<Samples TimeTag="2024-12-28T00:36:08" DepthTag="2.364">1.484 21.619 45.626 0.000 43.889 21.619 </Samples>
		<Samples TimeTag="2024-12-28T00:36:12" DepthTag="2.470">1.528 21.389 45.391 0.000 43.539 21.389 </Samples>
		<Samples TimeTag="2024-12-28T00:36:16" DepthTag="2.575">1.426 21.466 44.927 0.000 46.919 21.466 </Samples>
		<Samples TimeTag="2024-12-28T00:36:21" DepthTag="2.675">1.318 22.460 45.800 0.000 51.141 22.460 </Samples>
		<Samples TimeTag="2024-12-28T00:36:27" DepthTag="2.776">1.004 23.547 45.266 0.000 40.793 23.547 </Samples>
		<Samples TimeTag="2024-12-28T00:36:31" DepthTag="2.879">1.397 23.684 45.137 0.000 46.941 23.684 </Samples>
		<Samples TimeTag="2024-12-28T00:36:36" DepthTag="2.984">1.209 24.052 44.767 0.000 43.866 24.052 </Samples>
		<Samples TimeTag="2024-12-28T00:36:42" DepthTag="3.086">1.057 24.419 45.224 0.000 47.368 24.419 </Samples>
		<Samples TimeTag="2024-12-28T00:36:47" DepthTag="3.186">1.122 24.403 44.825 0.000 45.533 24.403 </Samples>
		<Samples TimeTag="2024-12-28T00:36:52" DepthTag="3.287">1.215 24.036 45.237 0.000 49.550 24.036 </Samples>
		<Samples TimeTag="2024-12-28T00:36:58" DepthTag="3.389">1.092 23.914 45.757 0.000 49.757 23.914 </Samples>
		<Samples TimeTag="2024-12-28T00:37:04" DepthTag="3.489">1.074 23.975 44.704 0.000 49.530 23.975 </Samples>
		<Samples TimeTag="2024-12-28T00:37:09" DepthTag="3.590">1.119 24.036 45.023 0.000 41.465 24.036 </Samples>
		<Samples TimeTag="2024-12-28T00:37:15" DepthTag="3.690">1.071 24.878 45.294 0.000 49.549 24.878 </Samples>
		<Samples TimeTag="2024-12-28T00:37:21" DepthTag="3.791">1.038 24.924 44.489 0.000 42.044 24.924 </Samples>
		<Samples TimeTag="2024-12-28T00:37:25" DepthTag="3.894">1.310 24.618 44.964 0.000 57.282 24.618 </Samples>
		<Samples TimeTag="2024-12-28T00:37:31" DepthTag="3.995">1.076 25.077 45.374 0.000 61.250 25.077 </Samples>
		<Samples TimeTag="2024-12-28T00:37:38" DepthTag="4.096">0.824 21.160 44.980 0.000 58.441 21.160 </Samples>
		<Samples TimeTag="2024-12-28T00:37:45" DepthTag="4.200">0.992 22.736 45.395 0.000 47.383 22.736 </Samples>
		<Samples TimeTag="2024-12-28T00:37:51" DepthTag="4.302">1.014 23.899 45.245 0.000 48.036 23.899 </Samples>
		<Samples TimeTag="2024-12-28T00:37:57" DepthTag="4.405">1.001 24.434 44.728 0.000 46.056 24.434 </Samples>
		<Samples TimeTag="2024-12-28T00:38:02" DepthTag="4.505">1.042 25.153 44.669 0.000 51.438 25.153 </Samples>
		<Samples TimeTag="2024-12-28T00:38:08" DepthTag="4.606">1.055 25.842 44.611 0.000 56.148 25.842 </Samples>
		<Samples TimeTag="2024-12-28T00:38:15" DepthTag="4.706">0.880 26.653 44.941 0.000 47.246 26.653 </Samples>
		<Samples TimeTag="2024-12-28T00:38:22" DepthTag="4.807">0.883 26.959 44.374 0.000 56.945 26.959 </Samples>
		<Samples TimeTag="2024-12-28T00:38:31" DepthTag="4.907">0.671 19.094 37.159 0.000 53.420 19.094 </Samples>
	</CompactMWDdata>
	<IR:GenTrailer>
		<IR:FileCloseDate>2024-12-28T00:40:32</IR:FileCloseDate>
		<IR:ChkSum>0344319031</IR:ChkSum>
	</IR:GenTrailer>
</DRMWD>
