<?xml version="1.0" encoding="UTF-8"?>
<!-- Generated by the RCS System Epiroc Rock Drills AB -->
<DRMWD xmlns="http://www.iredes.org/xml/DrillRig" xmlns:IR="http://www.iredes.org/xml" xmlns:xsi="http://www.w3.org/2001/XMLSchema-instance" xsi:schemaLocation="http://www.iredes.org/xml/DrillRig C:\Iredes\IR_V1.2.3\xml\DR-DrillRig_V1.2\DrillRig.xsd" IRVersion="V 1.2AC" IRDownwCompat="V 1.2AC" DRMWDDownwCompat="V 1.2AC" DRMWDVersion="V 1.2AC">
	<IR:GenHead>
		<IR:FileCreateDate>2024-12-29T03:41:18</IR:FileCreateDate>
		<IR:IRversion DownwCompat="V 1.0">V 1.2AC</IR:IRversion>
		<IR:EquipmentInfo>
			<IR:EqpManufact>Epiroc</IR:EqpManufact>
			<IR:EqpType>SmartROC D65</IR:EqpType>
			<IR:EqpSerNo>8992013064</IR:EqpSerNo>
			<IR:EqpSysVer>6.28.1</IR:EqpSysVer>
			<IR:EqpInfo>DrillingMethod: DTH</IR:EqpInfo>
		</IR:EquipmentInfo>
	</IR:GenHead>
	<IR:ReportId>MWDRI290341</IR:ReportId>
	<IR:StartLogTime>2024-12-29T03:34:31</IR:StartLogTime>
	<IR:EndLogTime>2024-12-29T03:39:51</IR:EndLogTime>
	<IR:PlanIdRef>TRN08_21_0530_001_All</IR:PlanIdRef>
	<IR:PlanNameRef>TRN08_21_0530_001_All</IR:PlanNameRef>
	<MWDholeId>Q37</MWDholeId>
	<QualityReportIdRef>DQRI272324</QualityReportIdRef>
	<SampleDistance>0.100</SampleDistance>
	<CompactMWDdata>
		<MWDparams>
			<Parameter Unit="m/min" Full="PenetrRate">PR</Parameter>
			<Parameter Unit="Bar" Full="PercPressure">PP</Parameter>
			<Parameter Unit="Bar" Full="FeedPressure">FP</Parameter>
			<Parameter Unit="Bar" Full="DampPressure">DP</Parameter>
			<Parameter Unit="Bar" Full="RotPressure">RP</Parameter>
			<Parameter Unit="Bar" Full="FlushPressure">FLP</Parameter>
		</MWDparams>
		<Samples TimeTag="2024-12-29T03:34:31" DepthTag="0.100">0.859 13.954 45.734 0.000 21.400 13.954 </Samples>
		<Samples TimeTag="2024-12-29T03:34:36" DepthTag="0.203">1.051 14.351 42.378 0.000 21.400 14.351 </Samples>
		<Samples TimeTag="2024-12-29T03:34:40" DepthTag="0.306">1.637 14.458 39.980 0.000 44.419 14.458 </Samples>
		<Samples TimeTag="2024-12-29T03:34:43" DepthTag="0.407">1.997 14.550 38.906 0.000 47.538 14.550 </Samples>
		<Samples TimeTag="2024-12-29T03:34:46" DepthTag="0.508">2.159 13.709 33.466 0.000 42.855 13.709 </Samples>
		<Samples TimeTag="2024-12-29T03:35:07" DepthTag="0.609">0.762 10.878 45.727 0.000 60.279 10.878 </Samples>
		<Samples TimeTag="2024-12-29T03:35:13" DepthTag="0.710">0.919 14.367 40.246 0.000 48.442 14.367 </Samples>
		<Samples TimeTag="2024-12-29T03:35:17" DepthTag="0.812">1.532 14.351 39.508 0.000 43.591 14.351 </Samples>
		<Samples TimeTag="2024-12-29T03:35:22" DepthTag="0.915">1.402 14.382 38.487 0.000 43.974 14.382 </Samples>
		<Samples TimeTag="2024-12-29T03:35:48" DepthTag="1.036">0.863 3.626 29.946 0.000 36.747 3.626 </Samples>
		<Samples TimeTag="2024-12-29T03:35:54" DepthTag="1.138">0.929 11.995 42.814 0.000 49.302 11.995 </Samples>
		<Samples TimeTag="2024-12-29T03:36:02" DepthTag="1.240">0.848 14.428 40.245 0.000 48.360 14.428 </Samples>
		<Samples TimeTag="2024-12-29T03:36:08" DepthTag="1.341">0.975 14.979 39.334 0.000 45.732 14.979 </Samples>
		<Samples TimeTag="2024-12-29T03:36:14" DepthTag="1.442">0.982 15.377 39.362 0.000 46.653 15.377 </Samples>
		<Samples TimeTag="2024-12-29T03:36:40" DepthTag="1.554">0.861 6.900 34.484 0.000 42.073 6.900 </Samples>
		<Samples TimeTag="2024-12-29T03:36:47" DepthTag="1.657">0.913 16.004 44.890 0.000 49.941 16.004 </Samples>
		<Samples TimeTag="2024-12-29T03:36:51" DepthTag="1.759">1.527 17.044 44.849 0.000 52.132 17.044 </Samples>
		<Samples TimeTag="2024-12-29T03:36:57" DepthTag="1.862">1.053 18.513 45.030 0.000 48.259 18.513 </Samples>
		<Samples TimeTag="2024-12-29T03:37:01" DepthTag="1.967">1.612 18.467 45.418 0.000 46.633 18.467 </Samples>
		<Samples TimeTag="2024-12-29T03:37:05" DepthTag="2.070">1.703 18.559 45.397 0.000 46.705 18.559 </Samples>
		<Samples TimeTag="2024-12-29T03:37:08" DepthTag="2.175">1.634 18.666 45.831 0.000 51.535 18.666 </Samples>
		<Samples TimeTag="2024-12-29T03:37:12" DepthTag="2.279">1.662 18.758 45.082 0.000 49.102 18.758 </Samples>
		<Samples TimeTag="2024-12-29T03:37:16" DepthTag="2.381">1.531 19.140 45.004 0.000 51.774 19.140 </Samples>
		<Samples TimeTag="2024-12-29T03:37:21" DepthTag="2.485">1.188 19.875 45.243 0.000 55.190 19.875 </Samples>
		<Samples TimeTag="2024-12-29T03:37:27" DepthTag="2.589">1.110 20.732 44.895 0.000 44.537 20.732 </Samples>
		<Samples TimeTag="2024-12-29T03:37:32" DepthTag="2.689">1.173 20.655 45.252 0.000 45.946 20.655 </Samples>
		<Samples TimeTag="2024-12-29T03:37:38" DepthTag="2.795">1.162 20.839 45.471 0.000 49.138 20.839 </Samples>
		<Samples TimeTag="2024-12-29T03:37:43" DepthTag="2.899">1.118 21.068 45.024 0.000 51.513 21.068 </Samples>
		<Samples TimeTag="2024-12-29T03:37:48" DepthTag="3.000">1.184 21.068 44.619 0.000 50.649 21.068 </Samples>
		<Samples TimeTag="2024-12-29T03:37:54" DepthTag="3.103">1.099 21.925 45.116 0.000 54.204 21.925 </Samples>
		<Samples TimeTag="2024-12-29T03:37:59" DepthTag="3.206">1.143 22.782 44.896 0.000 47.005 22.782 </Samples>
		<Samples TimeTag="2024-12-29T03:38:05" DepthTag="3.309">1.057 23.455 45.102 0.000 48.261 23.455 </Samples>
		<Samples TimeTag="2024-12-29T03:38:12" DepthTag="3.412">0.961 24.296 44.966 0.000 48.912 24.296 </Samples>
		<Samples TimeTag="2024-12-29T03:38:17" DepthTag="3.514">1.143 24.403 44.867 0.000 44.681 24.403 </Samples>
		<Samples TimeTag="2024-12-29T03:38:23" DepthTag="3.615">1.080 24.878 45.254 0.000 42.716 24.878 </Samples>
		<Samples TimeTag="2024-12-29T03:38:28" DepthTag="3.716">1.127 24.893 45.616 0.000 44.919 24.893 </Samples>
		<Samples TimeTag="2024-12-29T03:38:34" DepthTag="3.818">1.089 25.061 45.469 0.000 43.357 25.061 </Samples>
		<Samples TimeTag="2024-12-29T03:38:40" DepthTag="3.922">1.042 25.123 44.399 0.000 41.487 25.123 </Samples>
		<Samples TimeTag="2024-12-29T03:38:45" DepthTag="4.024">1.133 25.291 45.043 0.000 46.779 25.291 </Samples>
		<Samples TimeTag="2024-12-29T03:38:50" DepthTag="4.127">1.185 25.490 45.425 0.000 47.161 25.490 </Samples>
		<Samples TimeTag="2024-12-29T03:38:56" DepthTag="4.227">1.072 25.643 45.093 0.000 47.353 25.643 </Samples>
		<Samples TimeTag="2024-12-29T03:39:03" DepthTag="4.330">0.859 15.805 44.613 0.000 57.835 15.805 </Samples>
		<Samples TimeTag="2024-12-29T03:39:09" DepthTag="4.431">1.019 19.186 45.476 0.000 58.428 19.186 </Samples>
		<Samples TimeTag="2024-12-29T03:39:15" DepthTag="4.533">1.042 21.267 44.378 0.000 45.449 21.267 </Samples>
		<Samples TimeTag="2024-12-29T03:39:21" DepthTag="4.633">0.975 23.271 44.404 0.000 42.310 23.271 </Samples>
		<Samples TimeTag="2024-12-29T03:39:25" DepthTag="4.734">1.378 24.159 45.287 0.000 48.131 24.159 </Samples>
		<Samples TimeTag="2024-12-29T03:39:31" DepthTag="4.836">1.058 25.107 44.843 0.000 51.355 25.107 </Samples>
		<Samples TimeTag="2024-12-29T03:39:40" DepthTag="4.937">0.707 16.509 45.555 0.000 55.890 16.509 </Samples>
		<Samples TimeTag="2024-12-29T03:39:46" DepthTag="5.038">1.001 19.982 41.166 0.000 51.634 19.982 </Samples>
		<Samples TimeTag="2024-12-29T03:39:51" DepthTag="5.140">1.091 21.649 38.973 0.000 49.026 21.649 </Samples>
	</CompactMWDdata>
	<IR:GenTrailer>
		<IR:FileCloseDate>2024-12-29T03:41:18</IR:FileCloseDate>
		<IR:ChkSum>2273258924</IR:ChkSum>
	</IR:GenTrailer>
</DRMWD>
