<?xml version="1.0" encoding="UTF-8"?>
<!-- Generated by the RCS System Epiroc Rock Drills AB -->
<DRMWD xmlns="http://www.iredes.org/xml/DrillRig" xmlns:IR="http://www.iredes.org/xml" xmlns:xsi="http://www.w3.org/2001/XMLSchema-instance" xsi:schemaLocation="http://www.iredes.org/xml/DrillRig C:\Iredes\IR_V1.2.3\xml\DR-DrillRig_V1.2\DrillRig.xsd" IRVersion="V 1.2AC" IRDownwCompat="V 1.2AC" DRMWDDownwCompat="V 1.2AC" DRMWDVersion="V 1.2AC">
	<IR:GenHead>
		<IR:FileCreateDate>2024-12-30T00:16:50</IR:FileCreateDate>
		<IR:IRversion DownwCompat="V 1.0">V 1.2AC</IR:IRversion>
		<IR:EquipmentInfo>
			<IR:EqpManufact>Epiroc</IR:EqpManufact>
			<IR:EqpType>SmartROC D65</IR:EqpType>
			<IR:EqpSerNo>8992013064</IR:EqpSerNo>
			<IR:EqpSysVer>6.28.1</IR:EqpSysVer>
			<IR:EqpInfo>DrillingMethod: DTH</IR:EqpInfo>
		</IR:EquipmentInfo>
	</IR:GenHead>
	<IR:ReportId>MWDRI300016</IR:ReportId>
	<IR:StartLogTime>2024-12-30T00:09:25</IR:StartLogTime>
	<IR:EndLogTime>2024-12-30T00:14:45</IR:EndLogTime>
	<IR:PlanIdRef>TRN09_24_0486_015_All</IR:PlanIdRef>
	<IR:PlanNameRef>TRN09_24_0486_015_All</IR:PlanNameRef>
	<MWDholeId>AF54</MWDholeId>
	<QualityReportIdRef>DQRI291907</QualityReportIdRef>
	<SampleDistance>0.100</SampleDistance>
	<CompactMWDdata>
		<MWDparams>
			<Parameter Unit="m/min" Full="PenetrRate">PR</Parameter>
			<Parameter Unit="Bar" Full="PercPressure">PP</Parameter>
			<Parameter Unit="Bar" Full="FeedPressure">FP</Parameter>
			<Parameter Unit="Bar" Full="DampPressure">DP</Parameter>
			<Parameter Unit="Bar" Full="RotPressure">RP</Parameter>
			<Parameter Unit="Bar" Full="FlushPressure">FLP</Parameter>
		</MWDparams>
		<Samples TimeTag="2024-12-30T00:09:25" DepthTag="0.101">0.641 13.969 43.172 0.000 21.400 13.969 </Samples>
		<Samples TimeTag="2024-12-30T00:09:31" DepthTag="0.201">1.073 17.549 32.209 0.000 24.743 17.549 </Samples>
		<Samples TimeTag="2024-12-30T00:09:32" DepthTag="0.307">3.940 17.105 36.139 0.000 27.674 17.105 </Samples>
		<Samples TimeTag="2024-12-30T00:09:34" DepthTag="0.412">3.430 17.626 37.582 0.000 28.920 17.626 </Samples>
		<Samples TimeTag="2024-12-30T00:09:36" DepthTag="0.515">3.511 17.901 35.370 0.000 32.444 17.901 </Samples>
		<Samples TimeTag="2024-12-30T00:09:53" DepthTag="0.636">1.805 3.488 22.488 0.000 28.122 3.488 </Samples>
		<Samples TimeTag="2024-12-30T00:09:54" DepthTag="0.737">7.590 4.437 21.956 0.000 23.445 4.437 </Samples>
		<Samples TimeTag="2024-12-30T00:09:56" DepthTag="0.844">3.628 7.803 43.795 0.000 39.874 7.803 </Samples>
		<Samples TimeTag="2024-12-30T00:09:58" DepthTag="0.946">3.062 10.664 42.409 0.000 35.925 10.664 </Samples>
		<Samples TimeTag="2024-12-30T00:10:22" DepthTag="1.054">1.047 7.038 40.067 0.000 35.585 7.038 </Samples>
		<Samples TimeTag="2024-12-30T00:10:24" DepthTag="1.162">3.229 11.628 40.529 0.000 30.275 11.628 </Samples>
		<Samples TimeTag="2024-12-30T00:10:26" DepthTag="1.265">3.092 14.795 45.567 0.000 33.254 14.795 </Samples>
		<Samples TimeTag="2024-12-30T00:10:29" DepthTag="1.368">2.552 16.157 43.499 0.000 39.646 16.157 </Samples>
		<Samples TimeTag="2024-12-30T00:10:31" DepthTag="1.474">2.264 17.167 41.814 0.000 38.798 17.167 </Samples>
		<Samples TimeTag="2024-12-30T00:10:35" DepthTag="1.579">1.971 17.916 40.562 0.000 43.358 17.916 </Samples>
		<Samples TimeTag="2024-12-30T00:10:38" DepthTag="1.682">1.711 16.845 40.975 0.000 37.212 16.845 </Samples>
		<Samples TimeTag="2024-12-30T00:10:42" DepthTag="1.785">1.483 17.641 39.745 0.000 44.737 17.641 </Samples>
		<Samples TimeTag="2024-12-30T00:10:45" DepthTag="1.887">2.194 17.978 39.947 0.000 37.081 17.978 </Samples>
		<Samples TimeTag="2024-12-30T00:10:48" DepthTag="1.988">2.028 17.580 39.919 0.000 42.365 17.580 </Samples>
		<Samples TimeTag="2024-12-30T00:10:55" DepthTag="2.092">0.939 17.549 39.720 0.000 38.779 17.549 </Samples>
		<Samples TimeTag="2024-12-30T00:11:01" DepthTag="2.194">1.018 18.039 40.565 0.000 30.686 18.039 </Samples>
		<Samples TimeTag="2024-12-30T00:11:11" DepthTag="2.295">0.585 17.595 40.043 0.000 34.883 17.595 </Samples>
		<Samples TimeTag="2024-12-30T00:11:20" DepthTag="2.395">0.701 16.692 40.754 0.000 34.429 16.692 </Samples>
		<Samples TimeTag="2024-12-30T00:11:30" DepthTag="2.500">0.638 17.870 37.893 0.000 43.166 17.870 </Samples>
		<Samples TimeTag="2024-12-30T00:11:38" DepthTag="2.603">0.721 16.784 39.382 0.000 35.769 16.784 </Samples>
		<Samples TimeTag="2024-12-30T00:11:54" DepthTag="2.703">0.377 18.115 40.208 0.000 31.850 18.115 </Samples>
		<Samples TimeTag="2024-12-30T00:12:10" DepthTag="2.804">0.393 17.932 39.788 0.000 34.413 17.932 </Samples>
		<Samples TimeTag="2024-12-30T00:12:21" DepthTag="2.905">0.520 16.968 40.080 0.000 31.888 16.968 </Samples>
		<Samples TimeTag="2024-12-30T00:12:33" DepthTag="3.006">0.541 18.008 38.684 0.000 35.724 18.008 </Samples>
		<Samples TimeTag="2024-12-30T00:12:45" DepthTag="3.108">0.493 18.100 39.510 0.000 38.922 18.100 </Samples>
		<Samples TimeTag="2024-12-30T00:12:55" DepthTag="3.213">0.632 17.947 38.061 0.000 36.912 17.947 </Samples>
		<Samples TimeTag="2024-12-30T00:12:58" DepthTag="3.320">1.990 18.253 38.340 0.000 43.445 18.253 </Samples>
		<Samples TimeTag="2024-12-30T00:13:03" DepthTag="3.420">1.367 17.488 41.698 0.000 35.258 17.488 </Samples>
		<Samples TimeTag="2024-12-30T00:13:46" DepthTag="3.524">0.370 6.962 41.443 0.000 46.238 6.962 </Samples>
		<Samples TimeTag="2024-12-30T00:13:52" DepthTag="3.626">0.988 15.361 46.901 0.000 45.364 15.361 </Samples>
		<Samples TimeTag="2024-12-30T00:13:59" DepthTag="3.726">0.863 16.968 47.379 0.000 47.235 16.968 </Samples>
		<Samples TimeTag="2024-12-30T00:14:05" DepthTag="3.827">1.000 17.473 48.714 0.000 41.264 17.473 </Samples>
		<Samples TimeTag="2024-12-30T00:14:11" DepthTag="3.927">0.936 17.733 47.609 0.000 40.029 17.733 </Samples>
		<Samples TimeTag="2024-12-30T00:14:19" DepthTag="4.027">0.835 17.932 48.171 0.000 42.186 17.932 </Samples>
		<Samples TimeTag="2024-12-30T00:14:27" DepthTag="4.129">0.743 17.870 47.805 0.000 40.520 17.870 </Samples>
		<Samples TimeTag="2024-12-30T00:14:36" DepthTag="4.230">0.651 17.855 42.058 0.000 34.855 17.855 </Samples>
		<Samples TimeTag="2024-12-30T00:14:45" DepthTag="4.333">0.669 18.039 40.303 0.000 30.652 18.039 </Samples>
	</CompactMWDdata>
	<IR:GenTrailer>
		<IR:FileCloseDate>2024-12-30T00:16:50</IR:FileCloseDate>
		<IR:ChkSum>2761619997</IR:ChkSum>
	</IR:GenTrailer>
</DRMWD>
