<?xml version="1.0" encoding="UTF-8"?>
<!-- Generated by the RCS System Epiroc Rock Drills AB -->
<DRMWD xmlns="http://www.iredes.org/xml/DrillRig" xmlns:IR="http://www.iredes.org/xml" xmlns:xsi="http://www.w3.org/2001/XMLSchema-instance" xsi:schemaLocation="http://www.iredes.org/xml/DrillRig C:\Iredes\IR_V1.2.3\xml\DR-DrillRig_V1.2\DrillRig.xsd" IRVersion="V 1.2AC" IRDownwCompat="V 1.2AC" DRMWDDownwCompat="V 1.2AC" DRMWDVersion="V 1.2AC">
	<IR:GenHead>
		<IR:FileCreateDate>2025-01-01T06:09:32</IR:FileCreateDate>
		<IR:IRversion DownwCompat="V 1.0">V 1.2AC</IR:IRversion>
		<IR:EquipmentInfo>
			<IR:EqpManufact>Epiroc</IR:EqpManufact>
			<IR:EqpType>SmartROC D65</IR:EqpType>
			<IR:EqpSerNo>8992013064</IR:EqpSerNo>
			<IR:EqpSysVer>6.28.1</IR:EqpSysVer>
			<IR:EqpInfo>DrillingMethod: DTH</IR:EqpInfo>
		</IR:EquipmentInfo>
	</IR:GenHead>
	<IR:ReportId>MWDRI010609</IR:ReportId>
	<IR:StartLogTime>2025-01-01T05:51:59</IR:StartLogTime>
	<IR:EndLogTime>2025-01-01T06:07:09</IR:EndLogTime>
	<IR:PlanIdRef>TRN09_24_0486_015_All</IR:PlanIdRef>
	<IR:PlanNameRef>TRN09_24_0486_015_All</IR:PlanNameRef>
	<MWDholeId>U46</MWDholeId>
	<QualityReportIdRef>DQRI311609</QualityReportIdRef>
	<SampleDistance>0.100</SampleDistance>
	<CompactMWDdata>
		<MWDparams>
			<Parameter Unit="m/min" Full="PenetrRate">PR</Parameter>
			<Parameter Unit="Bar" Full="PercPressure">PP</Parameter>
			<Parameter Unit="Bar" Full="FeedPressure">FP</Parameter>
			<Parameter Unit="Bar" Full="DampPressure">DP</Parameter>
			<Parameter Unit="Bar" Full="RotPressure">RP</Parameter>
			<Parameter Unit="Bar" Full="FlushPressure">FLP</Parameter>
		</MWDparams>
		<Samples TimeTag="2025-01-01T05:51:59" DepthTag="0.102">0.581 8.415 47.740 0.000 20.990 8.415 </Samples>
		<Samples TimeTag="2025-01-01T05:52:06" DepthTag="0.204">0.951 13.755 42.790 0.000 20.974 13.755 </Samples>
		<Samples TimeTag="2025-01-01T05:52:14" DepthTag="0.305">0.779 15.009 40.531 0.000 48.928 15.009 </Samples>
		<Samples TimeTag="2025-01-01T05:52:22" DepthTag="0.406">0.707 15.499 40.720 0.000 58.264 15.499 </Samples>
		<Samples TimeTag="2025-01-01T05:52:31" DepthTag="0.508">0.704 15.790 40.755 0.000 54.195 15.790 </Samples>
		<Samples TimeTag="2025-01-01T05:52:39" DepthTag="0.608">0.759 15.759 40.514 0.000 47.273 15.759 </Samples>
		<Samples TimeTag="2025-01-01T05:53:08" DepthTag="0.711">0.623 13.770 43.103 0.000 55.838 13.770 </Samples>
		<Samples TimeTag="2025-01-01T05:53:16" DepthTag="0.812">0.761 15.728 39.945 0.000 47.005 15.728 </Samples>
		<Samples TimeTag="2025-01-01T05:53:22" DepthTag="0.915">1.114 16.463 40.627 0.000 35.658 16.463 </Samples>
		<Samples TimeTag="2025-01-01T05:53:26" DepthTag="1.017">1.383 16.753 39.430 0.000 37.441 16.753 </Samples>
		<Samples TimeTag="2025-01-01T05:53:30" DepthTag="1.117">1.366 17.473 39.644 0.000 33.723 17.473 </Samples>
		<Samples TimeTag="2025-01-01T05:53:34" DepthTag="1.220">1.639 17.825 38.939 0.000 32.366 17.825 </Samples>
		<Samples TimeTag="2025-01-01T05:53:38" DepthTag="1.327">1.861 18.039 37.816 0.000 31.831 18.039 </Samples>
		<Samples TimeTag="2025-01-01T05:54:06" DepthTag="1.455">1.368 4.437 21.367 0.000 24.613 4.437 </Samples>
		<Samples TimeTag="2025-01-01T05:54:10" DepthTag="1.557">1.262 12.806 42.848 0.000 40.885 12.806 </Samples>
		<Samples TimeTag="2025-01-01T05:54:16" DepthTag="1.658">1.181 15.851 40.689 0.000 45.677 15.851 </Samples>
		<Samples TimeTag="2025-01-01T05:54:19" DepthTag="1.759">1.685 16.050 40.007 0.000 44.500 16.050 </Samples>
		<Samples TimeTag="2025-01-01T05:54:23" DepthTag="1.863">1.621 16.126 39.927 0.000 46.992 16.126 </Samples>
		<Samples TimeTag="2025-01-01T05:54:27" DepthTag="1.963">1.663 16.203 39.678 0.000 45.855 16.203 </Samples>
		<Samples TimeTag="2025-01-01T05:54:29" DepthTag="2.064">2.218 16.172 38.406 0.000 46.387 16.172 </Samples>
		<Samples TimeTag="2025-01-01T05:55:03" DepthTag="2.179">1.479 5.661 22.994 0.000 28.901 5.661 </Samples>
		<Samples TimeTag="2025-01-01T05:55:07" DepthTag="2.280">1.382 15.361 42.553 0.000 36.408 15.361 </Samples>
		<Samples TimeTag="2025-01-01T05:55:10" DepthTag="2.381">2.347 17.365 40.140 0.000 36.860 17.365 </Samples>
		<Samples TimeTag="2025-01-01T05:55:12" DepthTag="2.482">2.695 18.437 39.977 0.000 38.073 18.437 </Samples>
		<Samples TimeTag="2025-01-01T05:55:14" DepthTag="2.585">3.502 17.549 36.424 0.000 35.821 17.549 </Samples>
		<Samples TimeTag="2025-01-01T05:55:15" DepthTag="2.692">4.025 17.825 37.256 0.000 30.377 17.825 </Samples>
		<Samples TimeTag="2025-01-01T05:55:17" DepthTag="2.804">4.928 18.544 34.723 0.000 30.426 18.544 </Samples>
		<Samples TimeTag="2025-01-01T05:55:18" DepthTag="2.915">5.494 17.641 36.818 0.000 29.653 17.641 </Samples>
		<Samples TimeTag="2025-01-01T05:55:20" DepthTag="3.017">3.810 17.870 42.676 0.000 38.682 17.870 </Samples>
		<Samples TimeTag="2025-01-01T05:55:59" DepthTag="3.148">1.000 4.712 21.725 0.000 30.172 4.712 </Samples>
		<Samples TimeTag="2025-01-01T05:56:01" DepthTag="3.250">2.829 10.450 47.468 0.000 55.667 10.450 </Samples>
		<Samples TimeTag="2025-01-01T05:56:05" DepthTag="3.353">1.714 15.545 42.597 0.000 55.781 15.545 </Samples>
		<Samples TimeTag="2025-01-01T05:56:09" DepthTag="3.454">1.379 13.342 38.977 0.000 56.681 13.342 </Samples>
		<Samples TimeTag="2025-01-01T05:56:43" DepthTag="3.565">0.852 5.049 21.419 0.000 28.339 5.049 </Samples>
		<Samples TimeTag="2025-01-01T05:56:44" DepthTag="3.671">7.984 6.258 31.149 0.000 37.792 6.258 </Samples>
		<Samples TimeTag="2025-01-01T05:56:48" DepthTag="3.771">1.782 14.428 54.237 0.000 55.909 14.428 </Samples>
		<Samples TimeTag="2025-01-01T05:56:51" DepthTag="3.875">2.044 16.922 54.648 0.000 46.657 16.922 </Samples>
		<Samples TimeTag="2025-01-01T05:56:53" DepthTag="3.978">2.199 18.131 54.570 0.000 55.570 18.131 </Samples>
		<Samples TimeTag="2025-01-01T05:56:56" DepthTag="4.085">2.666 18.788 55.247 0.000 53.077 18.788 </Samples>
		<Samples TimeTag="2025-01-01T05:56:58" DepthTag="4.189">2.880 19.309 54.266 0.000 50.385 19.309 </Samples>
		<Samples TimeTag="2025-01-01T05:57:00" DepthTag="4.291">3.305 19.599 53.592 0.000 40.895 19.599 </Samples>
		<Samples TimeTag="2025-01-01T05:57:01" DepthTag="4.391">3.743 19.813 54.360 0.000 42.130 19.813 </Samples>
		<Samples TimeTag="2025-01-01T05:57:04" DepthTag="4.498">2.981 20.135 54.496 0.000 47.490 20.135 </Samples>
		<Samples TimeTag="2025-01-01T05:57:05" DepthTag="4.601">4.526 20.273 54.647 0.000 38.185 20.273 </Samples>
		<Samples TimeTag="2025-01-01T05:57:07" DepthTag="4.714">4.225 20.426 53.655 0.000 40.385 20.426 </Samples>
		<Samples TimeTag="2025-01-01T05:57:08" DepthTag="4.820">6.122 20.563 54.210 0.000 40.757 20.563 </Samples>
		<Samples TimeTag="2025-01-01T05:57:10" DepthTag="4.926">3.172 20.624 55.771 0.000 47.663 20.624 </Samples>
		<Samples TimeTag="2025-01-01T05:57:12" DepthTag="5.039">3.371 20.686 52.649 0.000 52.864 20.686 </Samples>
		<Samples TimeTag="2025-01-01T05:57:14" DepthTag="5.141">2.387 20.839 56.697 0.000 63.717 20.839 </Samples>
		<Samples TimeTag="2025-01-01T05:57:17" DepthTag="5.241">1.873 20.823 55.287 0.000 55.110 20.823 </Samples>
		<Samples TimeTag="2025-01-01T05:57:20" DepthTag="5.350">2.340 20.793 53.517 0.000 53.312 20.793 </Samples>
		<Samples TimeTag="2025-01-01T05:57:23" DepthTag="5.456">2.256 20.839 55.778 0.000 57.149 20.839 </Samples>
		<Samples TimeTag="2025-01-01T05:57:28" DepthTag="5.558">1.230 20.854 55.550 0.000 55.816 20.854 </Samples>
		<Samples TimeTag="2025-01-01T05:57:32" DepthTag="5.659">1.425 20.900 55.125 0.000 51.832 20.900 </Samples>
		<Samples TimeTag="2025-01-01T05:57:36" DepthTag="5.764">1.793 20.869 55.385 0.000 54.319 20.869 </Samples>
		<Samples TimeTag="2025-01-01T05:57:39" DepthTag="5.866">1.680 20.869 55.235 0.000 56.470 20.869 </Samples>
		<Samples TimeTag="2025-01-01T05:57:43" DepthTag="5.966">1.884 20.915 54.348 0.000 51.745 20.915 </Samples>
		<Samples TimeTag="2025-01-01T05:57:47" DepthTag="6.067">1.364 20.961 55.004 0.000 52.690 20.961 </Samples>
		<Samples TimeTag="2025-01-01T05:57:51" DepthTag="6.167">1.451 20.930 55.166 0.000 49.002 20.930 </Samples>
		<Samples TimeTag="2025-01-01T05:57:54" DepthTag="6.269">2.178 20.915 54.935 0.000 54.754 20.915 </Samples>
		<Samples TimeTag="2025-01-01T05:58:02" DepthTag="6.370">0.770 20.548 55.069 0.000 47.370 20.548 </Samples>
		<Samples TimeTag="2025-01-01T05:58:10" DepthTag="6.471">0.765 20.303 54.237 0.000 47.963 20.303 </Samples>
		<Samples TimeTag="2025-01-01T05:58:17" DepthTag="6.575">0.814 20.426 54.539 0.000 51.899 20.426 </Samples>
		<Samples TimeTag="2025-01-01T05:58:23" DepthTag="6.677">1.016 20.471 54.124 0.000 61.572 20.471 </Samples>
		<Samples TimeTag="2025-01-01T05:58:32" DepthTag="6.779">0.683 20.732 55.574 0.000 54.342 20.732 </Samples>
		<Samples TimeTag="2025-01-01T05:58:39" DepthTag="6.880">0.943 20.946 54.495 0.000 54.191 20.946 </Samples>
		<Samples TimeTag="2025-01-01T05:58:43" DepthTag="6.982">1.391 20.946 55.353 0.000 60.801 20.946 </Samples>
		<Samples TimeTag="2025-01-01T05:58:46" DepthTag="7.094">2.612 20.992 52.807 0.000 62.533 20.992 </Samples>
		<Samples TimeTag="2025-01-01T05:58:51" DepthTag="7.214">1.498 8.644 35.665 0.000 49.394 8.644 </Samples>
		<Samples TimeTag="2025-01-01T05:59:07" DepthTag="7.315">0.366 19.263 54.281 0.000 53.048 19.263 </Samples>
		<Samples TimeTag="2025-01-01T05:59:22" DepthTag="7.417">0.416 19.645 54.723 0.000 50.489 19.645 </Samples>
		<Samples TimeTag="2025-01-01T05:59:36" DepthTag="7.517">0.436 19.523 54.186 0.000 51.112 19.523 </Samples>
		<Samples TimeTag="2025-01-01T05:59:47" DepthTag="7.619">0.525 13.066 42.199 0.000 51.347 13.066 </Samples>
		<Samples TimeTag="2025-01-01T06:00:27" DepthTag="7.719">0.242 16.463 40.083 0.000 44.957 16.463 </Samples>
		<Samples TimeTag="2025-01-01T06:05:07" DepthTag="7.833">0.223 5.324 28.993 0.000 28.414 5.324 </Samples>
		<Samples TimeTag="2025-01-01T06:05:27" DepthTag="7.933">0.303 17.656 54.991 0.000 45.765 17.656 </Samples>
		<Samples TimeTag="2025-01-01T06:05:37" DepthTag="8.034">0.619 18.635 55.068 0.000 48.868 18.635 </Samples>
		<Samples TimeTag="2025-01-01T06:05:48" DepthTag="8.136">0.537 18.972 54.835 0.000 48.558 18.972 </Samples>
		<Samples TimeTag="2025-01-01T06:05:58" DepthTag="8.238">0.628 18.987 54.551 0.000 53.715 18.987 </Samples>
		<Samples TimeTag="2025-01-01T06:06:08" DepthTag="8.339">0.644 19.033 54.909 0.000 45.923 19.033 </Samples>
		<Samples TimeTag="2025-01-01T06:06:20" DepthTag="8.439">0.494 18.972 55.267 0.000 43.915 18.972 </Samples>
		<Samples TimeTag="2025-01-01T06:06:30" DepthTag="8.540">0.594 19.018 44.950 0.000 48.467 19.018 </Samples>
		<Samples TimeTag="2025-01-01T06:07:09" DepthTag="8.641">0.231 14.979 40.612 0.000 46.397 14.979 </Samples>
	</CompactMWDdata>
	<IR:GenTrailer>
		<IR:FileCloseDate>2025-01-01T06:09:32</IR:FileCloseDate>
		<IR:ChkSum>0308432135</IR:ChkSum>
	</IR:GenTrailer>
</DRMWD>
