<?xml version="1.0" encoding="UTF-8"?>
<!-- Generated by the RCS System Epiroc Rock Drills AB -->
<DRMWD xmlns="http://www.iredes.org/xml/DrillRig" xmlns:IR="http://www.iredes.org/xml" xmlns:xsi="http://www.w3.org/2001/XMLSchema-instance" xsi:schemaLocation="http://www.iredes.org/xml/DrillRig C:\Iredes\IR_V1.2.3\xml\DR-DrillRig_V1.2\DrillRig.xsd" IRVersion="V 1.2AC" IRDownwCompat="V 1.2AC" DRMWDDownwCompat="V 1.2AC" DRMWDVersion="V 1.2AC">
	<IR:GenHead>
		<IR:FileCreateDate>2024-12-28T23:13:59</IR:FileCreateDate>
		<IR:IRversion DownwCompat="V 1.0">V 1.2AC</IR:IRversion>
		<IR:EquipmentInfo>
			<IR:EqpManufact>Epiroc</IR:EqpManufact>
			<IR:EqpType>SmartROC D65</IR:EqpType>
			<IR:EqpSerNo>8992013064</IR:EqpSerNo>
			<IR:EqpSysVer>6.28.1</IR:EqpSysVer>
			<IR:EqpInfo>DrillingMethod: DTH</IR:EqpInfo>
		</IR:EquipmentInfo>
	</IR:GenHead>
	<IR:ReportId>MWDRI282313</IR:ReportId>
	<IR:StartLogTime>2024-12-28T23:09:52</IR:StartLogTime>
	<IR:EndLogTime>2024-12-28T23:11:16</IR:EndLogTime>
	<IR:PlanIdRef>TRN08_21_0530_001_All</IR:PlanIdRef>
	<IR:PlanNameRef>TRN08_21_0530_001_All</IR:PlanNameRef>
	<MWDholeId>E54</MWDholeId>
	<QualityReportIdRef>DQRI272324</QualityReportIdRef>
	<SampleDistance>0.100</SampleDistance>
	<CompactMWDdata>
		<MWDparams>
			<Parameter Unit="m/min" Full="PenetrRate">PR</Parameter>
			<Parameter Unit="Bar" Full="PercPressure">PP</Parameter>
			<Parameter Unit="Bar" Full="FeedPressure">FP</Parameter>
			<Parameter Unit="Bar" Full="DampPressure">DP</Parameter>
			<Parameter Unit="Bar" Full="RotPressure">RP</Parameter>
			<Parameter Unit="Bar" Full="FlushPressure">FLP</Parameter>
		</MWDparams>
		<Samples TimeTag="2024-12-28T23:09:52" DepthTag="3.358">0.896 1.499 41.353 0.000 35.592 1.499 </Samples>
		<Samples TimeTag="2024-12-28T23:10:02" DepthTag="3.461">0.621 13.265 42.553 0.000 49.198 13.265 </Samples>
		<Samples TimeTag="2024-12-28T23:10:06" DepthTag="3.565">1.412 15.897 43.669 0.000 51.411 15.897 </Samples>
		<Samples TimeTag="2024-12-28T23:10:10" DepthTag="3.666">1.606 16.998 44.726 0.000 51.544 16.998 </Samples>
		<Samples TimeTag="2024-12-28T23:10:14" DepthTag="3.770">1.415 18.100 44.955 0.000 51.095 18.100 </Samples>
		<Samples TimeTag="2024-12-28T23:10:20" DepthTag="3.872">1.090 19.798 45.082 0.000 54.746 19.798 </Samples>
		<Samples TimeTag="2024-12-28T23:10:26" DepthTag="3.975">0.999 21.481 45.164 0.000 52.076 21.481 </Samples>
		<Samples TimeTag="2024-12-28T23:10:33" DepthTag="4.076">0.888 23.363 44.587 0.000 45.751 23.363 </Samples>
		<Samples TimeTag="2024-12-28T23:10:40" DepthTag="4.176">0.815 24.694 45.201 0.000 35.114 24.694 </Samples>
		<Samples TimeTag="2024-12-28T23:10:45" DepthTag="4.280">1.196 24.832 44.993 0.000 44.024 24.832 </Samples>
		<Samples TimeTag="2024-12-28T23:10:51" DepthTag="4.382">1.175 24.556 45.266 0.000 43.194 24.556 </Samples>
		<Samples TimeTag="2024-12-28T23:10:57" DepthTag="4.485">0.976 24.679 44.911 0.000 44.500 24.679 </Samples>
		<Samples TimeTag="2024-12-28T23:11:04" DepthTag="4.588">0.905 25.230 45.139 0.000 40.720 25.230 </Samples>
		<Samples TimeTag="2024-12-28T23:11:10" DepthTag="4.690">0.957 25.199 40.375 0.000 43.588 25.199 </Samples>
		<Samples TimeTag="2024-12-28T23:11:16" DepthTag="4.791">1.041 24.281 40.202 0.000 37.563 24.281 </Samples>
	</CompactMWDdata>
	<IR:GenTrailer>
		<IR:FileCloseDate>2024-12-28T23:13:59</IR:FileCloseDate>
		<IR:ChkSum>0078663126</IR:ChkSum>
	</IR:GenTrailer>
</DRMWD>
