<?xml version="1.0" encoding="UTF-8"?>
<!-- Generated by the RCS System Epiroc Rock Drills AB -->
<DRMWD xmlns="http://www.iredes.org/xml/DrillRig" xmlns:IR="http://www.iredes.org/xml" xmlns:xsi="http://www.w3.org/2001/XMLSchema-instance" xsi:schemaLocation="http://www.iredes.org/xml/DrillRig C:\Iredes\IR_V1.2.3\xml\DR-DrillRig_V1.2\DrillRig.xsd" IRVersion="V 1.2AC" IRDownwCompat="V 1.2AC" DRMWDDownwCompat="V 1.2AC" DRMWDVersion="V 1.2AC">
	<IR:GenHead>
		<IR:FileCreateDate>2024-12-28T23:22:44</IR:FileCreateDate>
		<IR:IRversion DownwCompat="V 1.0">V 1.2AC</IR:IRversion>
		<IR:EquipmentInfo>
			<IR:EqpManufact>Epiroc</IR:EqpManufact>
			<IR:EqpType>SmartROC D65</IR:EqpType>
			<IR:EqpSerNo>8992013064</IR:EqpSerNo>
			<IR:EqpSysVer>6.28.1</IR:EqpSysVer>
			<IR:EqpInfo>DrillingMethod: DTH</IR:EqpInfo>
		</IR:EquipmentInfo>
	</IR:GenHead>
	<IR:ReportId>MWDRI282322</IR:ReportId>
	<IR:StartLogTime>2024-12-28T23:15:57</IR:StartLogTime>
	<IR:EndLogTime>2024-12-28T23:21:18</IR:EndLogTime>
	<IR:PlanIdRef>TRN08_21_0530_001_All</IR:PlanIdRef>
	<IR:PlanNameRef>TRN08_21_0530_001_All</IR:PlanNameRef>
	<MWDholeId>D55</MWDholeId>
	<QualityReportIdRef>DQRI272324</QualityReportIdRef>
	<SampleDistance>0.100</SampleDistance>
	<CompactMWDdata>
		<MWDparams>
			<Parameter Unit="m/min" Full="PenetrRate">PR</Parameter>
			<Parameter Unit="Bar" Full="PercPressure">PP</Parameter>
			<Parameter Unit="Bar" Full="FeedPressure">FP</Parameter>
			<Parameter Unit="Bar" Full="DampPressure">DP</Parameter>
			<Parameter Unit="Bar" Full="RotPressure">RP</Parameter>
			<Parameter Unit="Bar" Full="FlushPressure">FLP</Parameter>
		</MWDparams>
		<Samples TimeTag="2024-12-28T23:15:57" DepthTag="0.102">1.327 7.925 37.575 0.000 21.401 7.925 </Samples>
		<Samples TimeTag="2024-12-28T23:16:01" DepthTag="0.204">1.460 13.219 45.569 0.000 21.400 13.219 </Samples>
		<Samples TimeTag="2024-12-28T23:16:06" DepthTag="0.306">1.240 16.096 38.252 0.000 42.109 16.096 </Samples>
		<Samples TimeTag="2024-12-28T23:16:10" DepthTag="0.413">1.766 16.050 36.929 0.000 44.135 16.050 </Samples>
		<Samples TimeTag="2024-12-28T23:16:13" DepthTag="0.513">1.873 13.357 16.545 0.000 36.650 13.357 </Samples>
		<Samples TimeTag="2024-12-28T23:16:33" DepthTag="0.615">0.822 9.257 46.574 0.000 49.752 9.257 </Samples>
		<Samples TimeTag="2024-12-28T23:16:40" DepthTag="0.721">0.936 13.831 40.446 0.000 49.545 13.831 </Samples>
		<Samples TimeTag="2024-12-28T23:16:44" DepthTag="0.823">1.557 14.214 39.123 0.000 48.222 14.214 </Samples>
		<Samples TimeTag="2024-12-28T23:16:48" DepthTag="0.924">1.570 14.550 40.729 0.000 47.876 14.550 </Samples>
		<Samples TimeTag="2024-12-28T23:17:16" DepthTag="1.025">0.577 9.287 47.278 0.000 54.876 9.287 </Samples>
		<Samples TimeTag="2024-12-28T23:17:33" DepthTag="1.125">0.362 13.602 44.392 0.000 52.352 13.602 </Samples>
		<Samples TimeTag="2024-12-28T23:17:39" DepthTag="1.227">1.018 15.682 40.410 0.000 46.956 15.682 </Samples>
		<Samples TimeTag="2024-12-28T23:17:45" DepthTag="1.329">0.992 16.524 41.253 0.000 51.200 16.524 </Samples>
		<Samples TimeTag="2024-12-28T23:17:52" DepthTag="1.430">0.833 17.641 39.292 0.000 52.959 17.641 </Samples>
		<Samples TimeTag="2024-12-28T23:18:23" DepthTag="1.537">0.565 6.105 34.560 0.000 39.220 6.105 </Samples>
		<Samples TimeTag="2024-12-28T23:18:27" DepthTag="1.637">1.363 13.709 45.378 0.000 43.816 13.709 </Samples>
		<Samples TimeTag="2024-12-28T23:18:32" DepthTag="1.742">1.478 16.080 44.661 0.000 49.879 16.080 </Samples>
		<Samples TimeTag="2024-12-28T23:18:36" DepthTag="1.843">1.549 16.968 45.263 0.000 50.151 16.968 </Samples>
		<Samples TimeTag="2024-12-28T23:18:40" DepthTag="1.946">1.450 17.687 44.507 0.000 53.841 17.687 </Samples>
		<Samples TimeTag="2024-12-28T23:18:44" DepthTag="2.051">1.516 18.146 44.663 0.000 54.306 18.146 </Samples>
		<Samples TimeTag="2024-12-28T23:18:48" DepthTag="2.153">1.429 18.773 44.642 0.000 51.440 18.773 </Samples>
		<Samples TimeTag="2024-12-28T23:18:54" DepthTag="2.255">0.990 19.615 45.446 0.000 42.102 19.615 </Samples>
		<Samples TimeTag="2024-12-28T23:18:58" DepthTag="2.356">1.905 19.324 45.061 0.000 42.903 19.324 </Samples>
		<Samples TimeTag="2024-12-28T23:19:01" DepthTag="2.457">1.595 19.385 44.932 0.000 45.936 19.385 </Samples>
		<Samples TimeTag="2024-12-28T23:19:06" DepthTag="2.560">1.281 19.660 44.636 0.000 48.280 19.660 </Samples>
		<Samples TimeTag="2024-12-28T23:19:11" DepthTag="2.663">1.252 20.043 45.475 0.000 47.688 20.043 </Samples>
		<Samples TimeTag="2024-12-28T23:19:16" DepthTag="2.766">1.277 19.936 44.193 0.000 41.492 19.936 </Samples>
		<Samples TimeTag="2024-12-28T23:19:20" DepthTag="2.868">1.533 20.334 44.454 0.000 46.193 20.334 </Samples>
		<Samples TimeTag="2024-12-28T23:19:25" DepthTag="2.968">1.152 21.267 45.197 0.000 45.019 21.267 </Samples>
		<Samples TimeTag="2024-12-28T23:19:32" DepthTag="3.071">0.963 22.598 44.394 0.000 47.448 22.598 </Samples>
		<Samples TimeTag="2024-12-28T23:19:38" DepthTag="3.172">0.957 23.654 45.971 0.000 51.135 23.654 </Samples>
		<Samples TimeTag="2024-12-28T23:19:47" DepthTag="3.274">0.689 26.010 45.995 0.000 38.373 26.010 </Samples>
		<Samples TimeTag="2024-12-28T23:19:56" DepthTag="3.376">0.666 26.500 44.182 0.000 36.102 26.500 </Samples>
		<Samples TimeTag="2024-12-28T23:20:03" DepthTag="3.478">0.878 26.500 46.090 0.000 42.039 26.500 </Samples>
		<Samples TimeTag="2024-12-28T23:20:09" DepthTag="3.578">0.937 26.423 44.968 0.000 41.490 26.423 </Samples>
		<Samples TimeTag="2024-12-28T23:20:17" DepthTag="3.679">0.772 27.050 45.425 0.000 37.695 27.050 </Samples>
		<Samples TimeTag="2024-12-28T23:20:28" DepthTag="3.782">0.554 9.425 41.093 0.000 40.294 9.425 </Samples>
		<Samples TimeTag="2024-12-28T23:20:35" DepthTag="3.883">0.980 17.075 45.285 0.000 55.171 17.075 </Samples>
		<Samples TimeTag="2024-12-28T23:20:41" DepthTag="3.985">0.928 19.156 44.518 0.000 41.382 19.156 </Samples>
		<Samples TimeTag="2024-12-28T23:20:46" DepthTag="4.085">1.195 20.334 44.549 0.000 44.688 20.334 </Samples>
		<Samples TimeTag="2024-12-28T23:20:52" DepthTag="4.190">1.164 21.435 45.391 0.000 44.010 21.435 </Samples>
		<Samples TimeTag="2024-12-28T23:20:57" DepthTag="4.293">1.248 22.430 45.282 0.000 45.101 22.430 </Samples>
		<Samples TimeTag="2024-12-28T23:21:02" DepthTag="4.394">1.112 23.639 44.484 0.000 40.403 23.639 </Samples>
		<Samples TimeTag="2024-12-28T23:21:08" DepthTag="4.496">1.107 24.587 44.738 0.000 40.930 24.587 </Samples>
		<Samples TimeTag="2024-12-28T23:21:13" DepthTag="4.600">1.111 25.046 40.400 0.000 39.868 25.046 </Samples>
		<Samples TimeTag="2024-12-28T23:21:18" DepthTag="4.701">1.157 25.169 40.105 0.000 41.510 25.169 </Samples>
	</CompactMWDdata>
	<IR:GenTrailer>
		<IR:FileCloseDate>2024-12-28T23:22:44</IR:FileCloseDate>
		<IR:ChkSum>0198658160</IR:ChkSum>
	</IR:GenTrailer>
</DRMWD>
