<?xml version="1.0" encoding="UTF-8"?>
<!-- Generated by the RCS System Epiroc Rock Drills AB -->
<DRMWD xmlns="http://www.iredes.org/xml/DrillRig" xmlns:IR="http://www.iredes.org/xml" xmlns:xsi="http://www.w3.org/2001/XMLSchema-instance" xsi:schemaLocation="http://www.iredes.org/xml/DrillRig C:\Iredes\IR_V1.2.3\xml\DR-DrillRig_V1.2\DrillRig.xsd" IRVersion="V 1.2AC" IRDownwCompat="V 1.2AC" DRMWDDownwCompat="V 1.2AC" DRMWDVersion="V 1.2AC">
	<IR:GenHead>
		<IR:FileCreateDate>2024-12-28T07:59:45</IR:FileCreateDate>
		<IR:IRversion DownwCompat="V 1.0">V 1.2AC</IR:IRversion>
		<IR:EquipmentInfo>
			<IR:EqpManufact>Epiroc</IR:EqpManufact>
			<IR:EqpType>SmartROC D65</IR:EqpType>
			<IR:EqpSerNo>8992013064</IR:EqpSerNo>
			<IR:EqpSysVer>6.28.1</IR:EqpSysVer>
			<IR:EqpInfo>DrillingMethod: DTH</IR:EqpInfo>
		</IR:EquipmentInfo>
	</IR:GenHead>
	<IR:ReportId>MWDRI280759</IR:ReportId>
	<IR:StartLogTime>2024-12-28T07:53:29</IR:StartLogTime>
	<IR:EndLogTime>2024-12-28T07:57:39</IR:EndLogTime>
	<IR:PlanIdRef>TRN08_21_0530_001_All</IR:PlanIdRef>
	<IR:PlanNameRef>TRN08_21_0530_001_All</IR:PlanNameRef>
	<MWDholeId>K53</MWDholeId>
	<QualityReportIdRef>DQRI272324</QualityReportIdRef>
	<SampleDistance>0.100</SampleDistance>
	<CompactMWDdata>
		<MWDparams>
			<Parameter Unit="m/min" Full="PenetrRate">PR</Parameter>
			<Parameter Unit="Bar" Full="PercPressure">PP</Parameter>
			<Parameter Unit="Bar" Full="FeedPressure">FP</Parameter>
			<Parameter Unit="Bar" Full="DampPressure">DP</Parameter>
			<Parameter Unit="Bar" Full="RotPressure">RP</Parameter>
			<Parameter Unit="Bar" Full="FlushPressure">FLP</Parameter>
		</MWDparams>
		<Samples TimeTag="2024-12-28T07:53:29" DepthTag="0.106">0.521 24.113 34.130 0.000 27.835 24.113 </Samples>
		<Samples TimeTag="2024-12-28T07:53:30" DepthTag="0.207">3.773 22.491 35.204 0.000 34.201 22.491 </Samples>
		<Samples TimeTag="2024-12-28T07:53:32" DepthTag="0.310">3.858 21.420 35.947 0.000 34.410 21.420 </Samples>
		<Samples TimeTag="2024-12-28T07:53:34" DepthTag="0.416">3.961 20.456 37.533 0.000 38.369 20.456 </Samples>
		<Samples TimeTag="2024-12-28T07:53:35" DepthTag="0.518">3.802 17.794 23.420 0.000 31.683 17.794 </Samples>
		<Samples TimeTag="2024-12-28T07:53:53" DepthTag="0.620">1.304 5.967 37.615 0.000 41.769 5.967 </Samples>
		<Samples TimeTag="2024-12-28T07:53:57" DepthTag="0.722">1.519 11.827 42.867 0.000 50.638 11.827 </Samples>
		<Samples TimeTag="2024-12-28T07:54:00" DepthTag="0.828">2.145 14.336 39.695 0.000 46.042 14.336 </Samples>
		<Samples TimeTag="2024-12-28T07:54:03" DepthTag="0.937">2.696 15.009 39.135 0.000 47.053 15.009 </Samples>
		<Samples TimeTag="2024-12-28T07:54:29" DepthTag="1.039">0.852 7.528 46.680 0.000 51.915 7.528 </Samples>
		<Samples TimeTag="2024-12-28T07:54:33" DepthTag="1.142">1.536 12.439 41.928 0.000 47.512 12.439 </Samples>
		<Samples TimeTag="2024-12-28T07:54:35" DepthTag="1.242">2.272 14.183 39.715 0.000 46.023 14.183 </Samples>
		<Samples TimeTag="2024-12-28T07:54:37" DepthTag="1.351">3.248 14.703 37.924 0.000 41.661 14.703 </Samples>
		<Samples TimeTag="2024-12-28T07:54:39" DepthTag="1.464">3.390 15.040 37.806 0.000 40.234 15.040 </Samples>
		<Samples TimeTag="2024-12-28T07:55:05" DepthTag="1.572">1.098 6.594 38.842 0.000 44.918 6.594 </Samples>
		<Samples TimeTag="2024-12-28T07:55:08" DepthTag="1.675">1.716 13.969 44.798 0.000 49.928 13.969 </Samples>
		<Samples TimeTag="2024-12-28T07:55:13" DepthTag="1.780">1.259 17.886 45.635 0.000 48.528 17.886 </Samples>
		<Samples TimeTag="2024-12-28T07:55:17" DepthTag="1.880">1.671 18.605 44.561 0.000 46.475 18.605 </Samples>
		<Samples TimeTag="2024-12-28T07:55:21" DepthTag="1.984">1.721 19.186 45.045 0.000 46.766 19.186 </Samples>
		<Samples TimeTag="2024-12-28T07:55:24" DepthTag="2.090">1.761 19.676 45.814 0.000 47.972 19.676 </Samples>
		<Samples TimeTag="2024-12-28T07:55:27" DepthTag="2.190">2.036 19.691 45.234 0.000 45.654 19.691 </Samples>
		<Samples TimeTag="2024-12-28T07:55:30" DepthTag="2.295">1.954 19.936 44.401 0.000 44.393 19.936 </Samples>
		<Samples TimeTag="2024-12-28T07:55:34" DepthTag="2.398">1.924 20.135 44.581 0.000 42.336 20.135 </Samples>
		<Samples TimeTag="2024-12-28T07:55:37" DepthTag="2.503">1.968 20.563 45.414 0.000 50.715 20.563 </Samples>
		<Samples TimeTag="2024-12-28T07:55:42" DepthTag="2.603">1.154 22.063 45.815 0.000 48.351 22.063 </Samples>
		<Samples TimeTag="2024-12-28T07:55:46" DepthTag="2.709">1.436 22.047 44.628 0.000 50.362 22.047 </Samples>
		<Samples TimeTag="2024-12-28T07:55:51" DepthTag="2.811">1.468 21.818 44.810 0.000 51.001 21.818 </Samples>
		<Samples TimeTag="2024-12-28T07:55:55" DepthTag="2.916">1.571 21.466 45.681 0.000 41.546 21.466 </Samples>
		<Samples TimeTag="2024-12-28T07:55:59" DepthTag="3.021">1.581 21.542 44.797 0.000 44.976 21.542 </Samples>
		<Samples TimeTag="2024-12-28T07:56:05" DepthTag="3.124">0.997 23.593 45.283 0.000 52.054 23.593 </Samples>
		<Samples TimeTag="2024-12-28T07:56:13" DepthTag="3.224">0.713 25.964 45.700 0.000 33.618 25.964 </Samples>
		<Samples TimeTag="2024-12-28T07:56:19" DepthTag="3.328">1.163 26.209 43.214 0.000 34.773 26.209 </Samples>
		<Samples TimeTag="2024-12-28T07:56:24" DepthTag="3.429">1.220 25.857 45.287 0.000 40.785 25.857 </Samples>
		<Samples TimeTag="2024-12-28T07:56:31" DepthTag="3.530">0.810 26.867 45.392 0.000 32.537 26.867 </Samples>
		<Samples TimeTag="2024-12-28T07:56:36" DepthTag="3.630">1.207 26.454 44.319 0.000 32.506 26.454 </Samples>
		<Samples TimeTag="2024-12-28T07:56:40" DepthTag="3.733">1.399 26.270 44.718 0.000 35.561 26.270 </Samples>
		<Samples TimeTag="2024-12-28T07:56:45" DepthTag="3.837">1.412 25.888 45.087 0.000 38.272 25.888 </Samples>
		<Samples TimeTag="2024-12-28T07:56:49" DepthTag="3.942">1.374 25.383 46.061 0.000 43.394 25.383 </Samples>
		<Samples TimeTag="2024-12-28T07:56:53" DepthTag="4.042">1.785 24.893 45.028 0.000 46.818 24.893 </Samples>
		<Samples TimeTag="2024-12-28T07:56:57" DepthTag="4.143">1.424 25.016 45.439 0.000 53.739 25.016 </Samples>
		<Samples TimeTag="2024-12-28T07:57:02" DepthTag="4.244">1.333 24.862 44.551 0.000 45.027 24.862 </Samples>
		<Samples TimeTag="2024-12-28T07:57:06" DepthTag="4.344">1.362 25.077 45.112 0.000 48.485 25.077 </Samples>
		<Samples TimeTag="2024-12-28T07:57:11" DepthTag="4.449">1.200 24.939 44.915 0.000 38.997 24.939 </Samples>
		<Samples TimeTag="2024-12-28T07:57:15" DepthTag="4.552">1.637 24.220 44.073 0.000 38.971 24.220 </Samples>
		<Samples TimeTag="2024-12-28T07:57:19" DepthTag="4.657">1.674 23.730 45.344 0.000 45.980 23.730 </Samples>
		<Samples TimeTag="2024-12-28T07:57:23" DepthTag="4.764">1.515 23.547 45.892 0.000 42.248 23.547 </Samples>
		<Samples TimeTag="2024-12-28T07:57:27" DepthTag="4.870">1.588 23.241 44.637 0.000 42.118 23.241 </Samples>
		<Samples TimeTag="2024-12-28T07:57:31" DepthTag="4.975">1.506 22.522 40.387 0.000 46.508 22.522 </Samples>
		<Samples TimeTag="2024-12-28T07:57:39" DepthTag="5.077">0.802 23.287 40.127 0.000 42.355 23.287 </Samples>
	</CompactMWDdata>
	<IR:GenTrailer>
		<IR:FileCloseDate>2024-12-28T07:59:45</IR:FileCloseDate>
		<IR:ChkSum>3508556349</IR:ChkSum>
	</IR:GenTrailer>
</DRMWD>
