<?xml version="1.0" encoding="UTF-8"?>
<!-- Generated by the RCS System Epiroc Rock Drills AB -->
<DRMWD xmlns="http://www.iredes.org/xml/DrillRig" xmlns:IR="http://www.iredes.org/xml" xmlns:xsi="http://www.w3.org/2001/XMLSchema-instance" xsi:schemaLocation="http://www.iredes.org/xml/DrillRig C:\Iredes\IR_V1.2.3\xml\DR-DrillRig_V1.2\DrillRig.xsd" IRVersion="V 1.2AC" IRDownwCompat="V 1.2AC" DRMWDDownwCompat="V 1.2AC" DRMWDVersion="V 1.2AC">
	<IR:GenHead>
		<IR:FileCreateDate>2024-12-30T06:30:02</IR:FileCreateDate>
		<IR:IRversion DownwCompat="V 1.0">V 1.2AC</IR:IRversion>
		<IR:EquipmentInfo>
			<IR:EqpManufact>Epiroc</IR:EqpManufact>
			<IR:EqpType>SmartROC D65</IR:EqpType>
			<IR:EqpSerNo>8992013064</IR:EqpSerNo>
			<IR:EqpSysVer>6.28.1</IR:EqpSysVer>
			<IR:EqpInfo>DrillingMethod: DTH</IR:EqpInfo>
		</IR:EquipmentInfo>
	</IR:GenHead>
	<IR:ReportId>MWDRI300630</IR:ReportId>
	<IR:StartLogTime>2024-12-30T06:23:48</IR:StartLogTime>
	<IR:EndLogTime>2024-12-30T06:28:35</IR:EndLogTime>
	<IR:PlanIdRef>TRN09_24_0486_015_All</IR:PlanIdRef>
	<IR:PlanNameRef>TRN09_24_0486_015_All</IR:PlanNameRef>
	<MWDholeId>X32</MWDholeId>
	<QualityReportIdRef>DQRI291907</QualityReportIdRef>
	<SampleDistance>0.100</SampleDistance>
	<CompactMWDdata>
		<MWDparams>
			<Parameter Unit="m/min" Full="PenetrRate">PR</Parameter>
			<Parameter Unit="Bar" Full="PercPressure">PP</Parameter>
			<Parameter Unit="Bar" Full="FeedPressure">FP</Parameter>
			<Parameter Unit="Bar" Full="DampPressure">DP</Parameter>
			<Parameter Unit="Bar" Full="RotPressure">RP</Parameter>
			<Parameter Unit="Bar" Full="FlushPressure">FLP</Parameter>
		</MWDparams>
		<Samples TimeTag="2024-12-30T06:23:48" DepthTag="0.104">0.694 13.739 42.630 0.000 20.604 13.739 </Samples>
		<Samples TimeTag="2024-12-30T06:23:53" DepthTag="0.205">1.210 15.407 39.970 0.000 34.860 15.407 </Samples>
		<Samples TimeTag="2024-12-30T06:23:56" DepthTag="0.311">2.090 15.759 40.279 0.000 35.014 15.759 </Samples>
		<Samples TimeTag="2024-12-30T06:24:01" DepthTag="0.412">1.402 17.656 40.068 0.000 30.638 17.656 </Samples>
		<Samples TimeTag="2024-12-30T06:24:05" DepthTag="0.514">1.523 17.610 37.603 0.000 31.534 17.610 </Samples>
		<Samples TimeTag="2024-12-30T06:24:27" DepthTag="0.614">0.641 12.531 43.677 0.000 38.419 12.531 </Samples>
		<Samples TimeTag="2024-12-30T06:24:32" DepthTag="0.716">1.138 17.947 41.414 0.000 26.317 17.947 </Samples>
		<Samples TimeTag="2024-12-30T06:24:37" DepthTag="0.818">1.391 17.978 39.286 0.000 28.905 17.978 </Samples>
		<Samples TimeTag="2024-12-30T06:24:39" DepthTag="0.922">2.756 18.681 36.810 0.000 26.477 18.681 </Samples>
		<Samples TimeTag="2024-12-30T06:25:02" DepthTag="1.051">1.560 4.896 21.607 0.000 20.663 4.896 </Samples>
		<Samples TimeTag="2024-12-30T06:25:05" DepthTag="1.152">1.890 14.673 47.226 0.000 27.449 14.673 </Samples>
		<Samples TimeTag="2024-12-30T06:25:11" DepthTag="1.254">0.995 18.253 35.891 0.000 25.513 18.253 </Samples>
		<Samples TimeTag="2024-12-30T06:25:13" DepthTag="1.359">3.922 18.544 36.991 0.000 27.776 18.544 </Samples>
		<Samples TimeTag="2024-12-30T06:25:15" DepthTag="1.467">2.697 18.452 38.991 0.000 26.717 18.452 </Samples>
		<Samples TimeTag="2024-12-30T06:25:17" DepthTag="1.573">2.934 17.167 39.500 0.000 33.138 17.167 </Samples>
		<Samples TimeTag="2024-12-30T06:25:21" DepthTag="1.676">1.541 18.406 40.862 0.000 42.427 18.406 </Samples>
		<Samples TimeTag="2024-12-30T06:25:24" DepthTag="1.777">1.882 17.442 39.285 0.000 42.320 17.442 </Samples>
		<Samples TimeTag="2024-12-30T06:25:28" DepthTag="1.879">1.908 18.360 39.528 0.000 43.911 18.360 </Samples>
		<Samples TimeTag="2024-12-30T06:25:30" DepthTag="1.982">2.579 16.983 38.884 0.000 34.808 16.983 </Samples>
		<Samples TimeTag="2024-12-30T06:25:33" DepthTag="2.091">2.533 17.870 38.657 0.000 33.504 17.870 </Samples>
		<Samples TimeTag="2024-12-30T06:25:36" DepthTag="2.197">2.088 17.809 41.697 0.000 40.128 17.809 </Samples>
		<Samples TimeTag="2024-12-30T06:25:39" DepthTag="2.305">2.319 17.671 39.639 0.000 38.734 17.671 </Samples>
		<Samples TimeTag="2024-12-30T06:25:41" DepthTag="2.414">2.329 18.452 39.850 0.000 35.152 18.452 </Samples>
		<Samples TimeTag="2024-12-30T06:25:44" DepthTag="2.518">2.108 17.411 40.113 0.000 42.885 17.411 </Samples>
		<Samples TimeTag="2024-12-30T06:25:47" DepthTag="2.621">2.072 18.207 40.122 0.000 38.458 18.207 </Samples>
		<Samples TimeTag="2024-12-30T06:25:51" DepthTag="2.728">1.857 17.014 40.849 0.000 43.642 17.014 </Samples>
		<Samples TimeTag="2024-12-30T06:25:54" DepthTag="2.828">1.594 18.039 41.149 0.000 45.606 18.039 </Samples>
		<Samples TimeTag="2024-12-30T06:25:58" DepthTag="2.932">2.054 17.228 39.877 0.000 45.247 17.228 </Samples>
		<Samples TimeTag="2024-12-30T06:26:06" DepthTag="3.033">0.706 18.146 40.441 0.000 39.642 18.146 </Samples>
		<Samples TimeTag="2024-12-30T06:26:17" DepthTag="3.136">0.593 17.473 40.244 0.000 34.176 17.473 </Samples>
		<Samples TimeTag="2024-12-30T06:26:26" DepthTag="3.236">0.657 18.161 39.942 0.000 37.997 18.161 </Samples>
		<Samples TimeTag="2024-12-30T06:26:35" DepthTag="3.337">0.667 17.916 39.617 0.000 35.013 17.916 </Samples>
		<Samples TimeTag="2024-12-30T06:26:42" DepthTag="3.440">0.819 17.427 39.453 0.000 45.092 17.427 </Samples>
		<Samples TimeTag="2024-12-30T06:27:17" DepthTag="3.552">0.839 4.177 21.953 0.000 25.386 4.177 </Samples>
		<Samples TimeTag="2024-12-30T06:27:22" DepthTag="3.659">1.505 13.234 45.941 0.000 48.881 13.234 </Samples>
		<Samples TimeTag="2024-12-30T06:27:26" DepthTag="3.766">1.603 16.172 46.859 0.000 49.700 16.172 </Samples>
		<Samples TimeTag="2024-12-30T06:27:32" DepthTag="3.869">0.978 17.365 48.209 0.000 48.624 17.365 </Samples>
		<Samples TimeTag="2024-12-30T06:27:39" DepthTag="3.972">0.924 17.901 47.401 0.000 42.803 17.901 </Samples>
		<Samples TimeTag="2024-12-30T06:27:49" DepthTag="4.072">0.559 17.962 47.919 0.000 41.705 17.962 </Samples>
		<Samples TimeTag="2024-12-30T06:27:59" DepthTag="4.174">0.608 18.268 48.173 0.000 40.924 18.268 </Samples>
		<Samples TimeTag="2024-12-30T06:28:09" DepthTag="4.275">0.630 18.666 47.908 0.000 43.992 18.666 </Samples>
		<Samples TimeTag="2024-12-30T06:28:13" DepthTag="4.375">1.594 18.620 46.655 0.000 41.399 18.620 </Samples>
		<Samples TimeTag="2024-12-30T06:28:15" DepthTag="4.478">2.583 18.804 47.185 0.000 44.539 18.804 </Samples>
		<Samples TimeTag="2024-12-30T06:28:18" DepthTag="4.579">2.345 18.972 47.263 0.000 45.904 18.972 </Samples>
		<Samples TimeTag="2024-12-30T06:28:20" DepthTag="4.684">2.628 19.110 47.861 0.000 44.974 19.110 </Samples>
		<Samples TimeTag="2024-12-30T06:28:22" DepthTag="4.786">3.310 19.125 47.410 0.000 36.534 19.125 </Samples>
		<Samples TimeTag="2024-12-30T06:28:24" DepthTag="4.886">3.760 19.064 47.511 0.000 36.507 19.064 </Samples>
		<Samples TimeTag="2024-12-30T06:28:26" DepthTag="4.991">3.116 19.156 48.868 0.000 40.048 19.156 </Samples>
		<Samples TimeTag="2024-12-30T06:28:28" DepthTag="5.093">2.405 17.396 43.823 0.000 30.476 17.396 </Samples>
		<Samples TimeTag="2024-12-30T06:28:35" DepthTag="5.194">0.945 17.978 40.408 0.000 37.373 17.978 </Samples>
	</CompactMWDdata>
	<IR:GenTrailer>
		<IR:FileCloseDate>2024-12-30T06:30:02</IR:FileCloseDate>
		<IR:ChkSum>3468848780</IR:ChkSum>
	</IR:GenTrailer>
</DRMWD>
