<?xml version="1.0" encoding="UTF-8"?>
<!-- Generated by the RCS System Epiroc Rock Drills AB -->
<DRMWD xmlns="http://www.iredes.org/xml/DrillRig" xmlns:IR="http://www.iredes.org/xml" xmlns:xsi="http://www.w3.org/2001/XMLSchema-instance" xsi:schemaLocation="http://www.iredes.org/xml/DrillRig C:\Iredes\IR_V1.2.3\xml\DR-DrillRig_V1.2\DrillRig.xsd" IRVersion="V 1.2AC" IRDownwCompat="V 1.2AC" DRMWDDownwCompat="V 1.2AC" DRMWDVersion="V 1.2AC">
	<IR:GenHead>
		<IR:FileCreateDate>2025-01-01T03:50:31</IR:FileCreateDate>
		<IR:IRversion DownwCompat="V 1.0">V 1.2AC</IR:IRversion>
		<IR:EquipmentInfo>
			<IR:EqpManufact>Epiroc</IR:EqpManufact>
			<IR:EqpType>SmartROC D65</IR:EqpType>
			<IR:EqpSerNo>8992013064</IR:EqpSerNo>
			<IR:EqpSysVer>6.28.1</IR:EqpSysVer>
			<IR:EqpInfo>DrillingMethod: DTH</IR:EqpInfo>
		</IR:EquipmentInfo>
	</IR:GenHead>
	<IR:ReportId>MWDRI010350</IR:ReportId>
	<IR:StartLogTime>2025-01-01T03:44:04</IR:StartLogTime>
	<IR:EndLogTime>2025-01-01T03:49:32</IR:EndLogTime>
	<IR:PlanIdRef>TRN09_24_0486_015_All</IR:PlanIdRef>
	<IR:PlanNameRef>TRN09_24_0486_015_All</IR:PlanNameRef>
	<MWDholeId>U50</MWDholeId>
	<QualityReportIdRef>DQRI311609</QualityReportIdRef>
	<SampleDistance>0.100</SampleDistance>
	<CompactMWDdata>
		<MWDparams>
			<Parameter Unit="m/min" Full="PenetrRate">PR</Parameter>
			<Parameter Unit="Bar" Full="PercPressure">PP</Parameter>
			<Parameter Unit="Bar" Full="FeedPressure">FP</Parameter>
			<Parameter Unit="Bar" Full="DampPressure">DP</Parameter>
			<Parameter Unit="Bar" Full="RotPressure">RP</Parameter>
			<Parameter Unit="Bar" Full="FlushPressure">FLP</Parameter>
		</MWDparams>
		<Samples TimeTag="2025-01-01T03:44:04" DepthTag="0.103">0.746 10.894 43.833 0.000 21.629 10.894 </Samples>
		<Samples TimeTag="2025-01-01T03:44:11" DepthTag="0.207">0.941 14.091 41.519 0.000 47.811 14.091 </Samples>
		<Samples TimeTag="2025-01-01T03:44:17" DepthTag="0.308">0.975 14.719 41.311 0.000 50.095 14.719 </Samples>
		<Samples TimeTag="2025-01-01T03:44:23" DepthTag="0.409">1.056 14.948 39.590 0.000 47.739 14.948 </Samples>
		<Samples TimeTag="2025-01-01T03:44:28" DepthTag="0.510">1.212 15.025 40.609 0.000 50.638 15.025 </Samples>
		<Samples TimeTag="2025-01-01T03:44:33" DepthTag="0.613">1.053 15.422 39.550 0.000 45.128 15.422 </Samples>
		<Samples TimeTag="2025-01-01T03:45:00" DepthTag="0.718">0.726 10.909 45.287 0.000 43.053 10.909 </Samples>
		<Samples TimeTag="2025-01-01T03:45:07" DepthTag="0.819">0.886 14.703 41.242 0.000 45.041 14.703 </Samples>
		<Samples TimeTag="2025-01-01T03:45:13" DepthTag="0.920">0.980 15.514 41.200 0.000 45.222 15.514 </Samples>
		<Samples TimeTag="2025-01-01T03:45:19" DepthTag="1.020">0.997 15.606 39.432 0.000 45.513 15.606 </Samples>
		<Samples TimeTag="2025-01-01T03:45:25" DepthTag="1.120">0.939 15.820 39.957 0.000 42.496 15.820 </Samples>
		<Samples TimeTag="2025-01-01T03:45:30" DepthTag="1.221">1.450 15.805 37.802 0.000 41.437 15.805 </Samples>
		<Samples TimeTag="2025-01-01T03:45:33" DepthTag="1.332">2.182 16.279 34.724 0.000 35.566 16.279 </Samples>
		<Samples TimeTag="2025-01-01T03:46:02" DepthTag="1.466">1.572 5.309 20.449 0.000 22.391 5.309 </Samples>
		<Samples TimeTag="2025-01-01T03:46:07" DepthTag="1.569">1.279 14.872 40.386 0.000 32.384 14.872 </Samples>
		<Samples TimeTag="2025-01-01T03:46:09" DepthTag="1.671">2.318 16.509 38.483 0.000 33.458 16.509 </Samples>
		<Samples TimeTag="2025-01-01T03:46:12" DepthTag="1.774">2.190 17.365 41.246 0.000 38.293 17.365 </Samples>
		<Samples TimeTag="2025-01-01T03:46:15" DepthTag="1.879">2.616 17.580 37.388 0.000 39.376 17.580 </Samples>
		<Samples TimeTag="2025-01-01T03:46:16" DepthTag="1.989">3.431 17.549 36.974 0.000 38.365 17.549 </Samples>
		<Samples TimeTag="2025-01-01T03:46:18" DepthTag="2.098">4.075 17.671 37.852 0.000 33.103 17.671 </Samples>
		<Samples TimeTag="2025-01-01T03:46:54" DepthTag="2.201">1.287 8.920 45.535 0.000 44.190 8.920 </Samples>
		<Samples TimeTag="2025-01-01T03:46:58" DepthTag="2.309">1.548 16.264 39.269 0.000 37.959 16.264 </Samples>
		<Samples TimeTag="2025-01-01T03:47:00" DepthTag="2.413">3.894 17.396 37.243 0.000 32.053 17.396 </Samples>
		<Samples TimeTag="2025-01-01T03:47:01" DepthTag="2.523">4.136 18.467 36.284 0.000 29.226 18.467 </Samples>
		<Samples TimeTag="2025-01-01T03:47:03" DepthTag="2.637">4.980 18.207 31.857 0.000 26.605 18.207 </Samples>
		<Samples TimeTag="2025-01-01T03:47:04" DepthTag="2.750">4.728 17.365 38.820 0.000 31.960 17.365 </Samples>
		<Samples TimeTag="2025-01-01T03:47:06" DepthTag="2.864">4.249 18.054 40.734 0.000 35.503 18.054 </Samples>
		<Samples TimeTag="2025-01-01T03:47:08" DepthTag="2.967">2.561 17.549 44.197 0.000 48.828 17.549 </Samples>
		<Samples TimeTag="2025-01-01T03:47:11" DepthTag="3.080">2.421 17.671 38.738 0.000 42.970 17.671 </Samples>
		<Samples TimeTag="2025-01-01T03:47:56" DepthTag="3.191">0.638 4.819 25.863 0.000 53.291 4.819 </Samples>
		<Samples TimeTag="2025-01-01T03:48:09" DepthTag="3.292">0.491 17.626 39.141 0.000 45.258 17.626 </Samples>
		<Samples TimeTag="2025-01-01T03:48:22" DepthTag="3.392">0.455 18.069 40.250 0.000 46.232 18.069 </Samples>
		<Samples TimeTag="2025-01-01T03:48:31" DepthTag="3.493">0.684 17.702 39.886 0.000 48.164 17.702 </Samples>
		<Samples TimeTag="2025-01-01T03:49:17" DepthTag="3.595">0.310 16.478 54.333 0.000 59.831 16.478 </Samples>
		<Samples TimeTag="2025-01-01T03:49:26" DepthTag="3.698">0.754 18.467 54.480 0.000 59.952 18.467 </Samples>
		<Samples TimeTag="2025-01-01T03:49:32" DepthTag="3.799">0.915 19.125 55.252 0.000 56.239 19.125 </Samples>
	</CompactMWDdata>
	<IR:GenTrailer>
		<IR:FileCloseDate>2025-01-01T03:50:31</IR:FileCloseDate>
		<IR:ChkSum>3201333302</IR:ChkSum>
	</IR:GenTrailer>
</DRMWD>
