<?xml version="1.0" encoding="UTF-8"?>
<!-- Generated by the RCS System Epiroc Rock Drills AB -->
<DRMWD xmlns="http://www.iredes.org/xml/DrillRig" xmlns:IR="http://www.iredes.org/xml" xmlns:xsi="http://www.w3.org/2001/XMLSchema-instance" xsi:schemaLocation="http://www.iredes.org/xml/DrillRig C:\Iredes\IR_V1.2.3\xml\DR-DrillRig_V1.2\DrillRig.xsd" IRVersion="V 1.2AC" IRDownwCompat="V 1.2AC" DRMWDDownwCompat="V 1.2AC" DRMWDVersion="V 1.2AC">
	<IR:GenHead>
		<IR:FileCreateDate>2024-12-29T23:36:30</IR:FileCreateDate>
		<IR:IRversion DownwCompat="V 1.0">V 1.2AC</IR:IRversion>
		<IR:EquipmentInfo>
			<IR:EqpManufact>Epiroc</IR:EqpManufact>
			<IR:EqpType>SmartROC D65</IR:EqpType>
			<IR:EqpSerNo>8992013064</IR:EqpSerNo>
			<IR:EqpSysVer>6.28.1</IR:EqpSysVer>
			<IR:EqpInfo>DrillingMethod: DTH</IR:EqpInfo>
		</IR:EquipmentInfo>
	</IR:GenHead>
	<IR:ReportId>MWDRI292336</IR:ReportId>
	<IR:StartLogTime>2024-12-29T23:30:07</IR:StartLogTime>
	<IR:EndLogTime>2024-12-29T23:34:34</IR:EndLogTime>
	<IR:PlanIdRef>TRN09_24_0486_015_All</IR:PlanIdRef>
	<IR:PlanNameRef>TRN09_24_0486_015_All</IR:PlanNameRef>
	<MWDholeId>AF58</MWDholeId>
	<QualityReportIdRef>DQRI291907</QualityReportIdRef>
	<SampleDistance>0.100</SampleDistance>
	<CompactMWDdata>
		<MWDparams>
			<Parameter Unit="m/min" Full="PenetrRate">PR</Parameter>
			<Parameter Unit="Bar" Full="PercPressure">PP</Parameter>
			<Parameter Unit="Bar" Full="FeedPressure">FP</Parameter>
			<Parameter Unit="Bar" Full="DampPressure">DP</Parameter>
			<Parameter Unit="Bar" Full="RotPressure">RP</Parameter>
			<Parameter Unit="Bar" Full="FlushPressure">FLP</Parameter>
		</MWDparams>
		<Samples TimeTag="2024-12-29T23:30:07" DepthTag="0.104">0.589 17.993 32.717 0.000 21.400 17.993 </Samples>
		<Samples TimeTag="2024-12-29T23:30:08" DepthTag="0.223">5.939 17.763 23.333 0.000 18.850 17.763 </Samples>
		<Samples TimeTag="2024-12-29T23:30:09" DepthTag="0.327">6.452 17.549 22.607 0.000 19.089 17.549 </Samples>
		<Samples TimeTag="2024-12-29T23:30:10" DepthTag="0.445">6.803 17.350 26.246 0.000 19.662 17.350 </Samples>
		<Samples TimeTag="2024-12-29T23:30:27" DepthTag="0.568">1.847 3.473 21.824 0.000 24.001 3.473 </Samples>
		<Samples TimeTag="2024-12-29T23:30:29" DepthTag="0.672">3.112 6.732 46.368 0.000 49.919 6.732 </Samples>
		<Samples TimeTag="2024-12-29T23:30:32" DepthTag="0.773">1.937 11.307 42.604 0.000 43.253 11.307 </Samples>
		<Samples TimeTag="2024-12-29T23:30:34" DepthTag="0.876">2.569 13.204 39.513 0.000 45.486 13.204 </Samples>
		<Samples TimeTag="2024-12-29T23:30:37" DepthTag="0.981">2.793 14.321 41.318 0.000 46.948 14.321 </Samples>
		<Samples TimeTag="2024-12-29T23:30:59" DepthTag="1.087">1.389 8.522 46.913 0.000 45.856 8.522 </Samples>
		<Samples TimeTag="2024-12-29T23:31:02" DepthTag="1.188">2.370 13.709 41.505 0.000 44.759 13.709 </Samples>
		<Samples TimeTag="2024-12-29T23:31:05" DepthTag="1.288">2.272 16.142 41.771 0.000 46.213 16.142 </Samples>
		<Samples TimeTag="2024-12-29T23:31:10" DepthTag="1.391">1.097 18.635 41.550 0.000 50.862 18.635 </Samples>
		<Samples TimeTag="2024-12-29T23:31:23" DepthTag="1.491">0.457 17.932 39.455 0.000 26.111 17.932 </Samples>
		<Samples TimeTag="2024-12-29T23:32:04" DepthTag="1.594">0.350 17.243 40.930 0.000 43.869 17.243 </Samples>
		<Samples TimeTag="2024-12-29T23:32:07" DepthTag="1.699">2.061 18.146 38.472 0.000 37.285 18.146 </Samples>
		<Samples TimeTag="2024-12-29T23:32:09" DepthTag="1.815">3.485 18.085 35.006 0.000 40.856 18.085 </Samples>
		<Samples TimeTag="2024-12-29T23:32:11" DepthTag="1.918">3.061 17.365 43.898 0.000 38.192 17.365 </Samples>
		<Samples TimeTag="2024-12-29T23:32:14" DepthTag="2.026">1.794 18.100 40.451 0.000 43.355 18.100 </Samples>
		<Samples TimeTag="2024-12-29T23:32:25" DepthTag="2.127">0.595 17.901 39.821 0.000 40.638 17.901 </Samples>
		<Samples TimeTag="2024-12-29T23:32:31" DepthTag="2.229">0.935 16.876 39.464 0.000 41.653 16.876 </Samples>
		<Samples TimeTag="2024-12-29T23:32:38" DepthTag="2.330">0.915 18.085 39.009 0.000 39.880 18.085 </Samples>
		<Samples TimeTag="2024-12-29T23:32:42" DepthTag="2.433">1.608 17.075 35.242 0.000 40.341 17.075 </Samples>
		<Samples TimeTag="2024-12-29T23:32:46" DepthTag="2.533">1.507 17.779 41.714 0.000 41.531 17.779 </Samples>
		<Samples TimeTag="2024-12-29T23:32:50" DepthTag="2.637">1.546 18.284 39.847 0.000 40.603 18.284 </Samples>
		<Samples TimeTag="2024-12-29T23:32:53" DepthTag="2.742">1.789 16.983 40.011 0.000 45.496 16.983 </Samples>
		<Samples TimeTag="2024-12-29T23:32:56" DepthTag="2.845">2.032 17.626 40.193 0.000 40.342 17.626 </Samples>
		<Samples TimeTag="2024-12-29T23:33:00" DepthTag="2.953">1.789 18.222 39.829 0.000 38.474 18.222 </Samples>
		<Samples TimeTag="2024-12-29T23:33:04" DepthTag="3.054">1.333 17.518 40.316 0.000 44.602 17.518 </Samples>
		<Samples TimeTag="2024-12-29T23:33:08" DepthTag="3.157">1.636 18.207 37.911 0.000 42.624 18.207 </Samples>
		<Samples TimeTag="2024-12-29T23:33:11" DepthTag="3.259">2.181 17.228 39.770 0.000 46.276 17.228 </Samples>
		<Samples TimeTag="2024-12-29T23:33:14" DepthTag="3.364">1.971 17.304 39.178 0.000 41.894 17.304 </Samples>
		<Samples TimeTag="2024-12-29T23:33:18" DepthTag="3.469">1.829 17.855 40.826 0.000 43.235 17.855 </Samples>
		<Samples TimeTag="2024-12-29T23:33:57" DepthTag="3.576">0.840 15.943 39.985 0.000 41.428 15.943 </Samples>
		<Samples TimeTag="2024-12-29T23:34:02" DepthTag="3.677">1.216 16.861 46.947 0.000 46.006 16.861 </Samples>
		<Samples TimeTag="2024-12-29T23:34:11" DepthTag="3.780">0.748 17.396 47.868 0.000 37.822 17.396 </Samples>
		<Samples TimeTag="2024-12-29T23:34:18" DepthTag="3.880">0.815 17.534 48.143 0.000 38.629 17.534 </Samples>
		<Samples TimeTag="2024-12-29T23:34:24" DepthTag="3.983">1.068 17.626 48.155 0.000 41.722 17.626 </Samples>
		<Samples TimeTag="2024-12-29T23:34:27" DepthTag="4.085">1.922 17.870 47.481 0.000 42.230 17.870 </Samples>
		<Samples TimeTag="2024-12-29T23:34:30" DepthTag="4.188">2.009 18.207 42.256 0.000 43.905 18.207 </Samples>
		<Samples TimeTag="2024-12-29T23:34:34" DepthTag="4.289">1.405 17.840 42.419 0.000 45.438 17.840 </Samples>
	</CompactMWDdata>
	<IR:GenTrailer>
		<IR:FileCloseDate>2024-12-29T23:36:30</IR:FileCloseDate>
		<IR:ChkSum>1309982151</IR:ChkSum>
	</IR:GenTrailer>
</DRMWD>
