<?xml version="1.0" encoding="UTF-8"?>
<!-- Generated by the RCS System Epiroc Rock Drills AB -->
<DRMWD xmlns="http://www.iredes.org/xml/DrillRig" xmlns:IR="http://www.iredes.org/xml" xmlns:xsi="http://www.w3.org/2001/XMLSchema-instance" xsi:schemaLocation="http://www.iredes.org/xml/DrillRig C:\Iredes\IR_V1.2.3\xml\DR-DrillRig_V1.2\DrillRig.xsd" IRVersion="V 1.2AC" IRDownwCompat="V 1.2AC" DRMWDDownwCompat="V 1.2AC" DRMWDVersion="V 1.2AC">
	<IR:GenHead>
		<IR:FileCreateDate>2024-12-28T10:00:51</IR:FileCreateDate>
		<IR:IRversion DownwCompat="V 1.0">V 1.2AC</IR:IRversion>
		<IR:EquipmentInfo>
			<IR:EqpManufact>Epiroc</IR:EqpManufact>
			<IR:EqpType>SmartROC D65</IR:EqpType>
			<IR:EqpSerNo>8992013064</IR:EqpSerNo>
			<IR:EqpSysVer>6.28.1</IR:EqpSysVer>
			<IR:EqpInfo>DrillingMethod: DTH</IR:EqpInfo>
		</IR:EquipmentInfo>
	</IR:GenHead>
	<IR:ReportId>MWDRI281000</IR:ReportId>
	<IR:StartLogTime>2024-12-28T09:50:30</IR:StartLogTime>
	<IR:EndLogTime>2024-12-28T09:55:34</IR:EndLogTime>
	<IR:PlanIdRef>TRN08_21_0530_001_All</IR:PlanIdRef>
	<IR:PlanNameRef>TRN08_21_0530_001_All</IR:PlanNameRef>
	<MWDholeId>H56</MWDholeId>
	<QualityReportIdRef>DQRI272324</QualityReportIdRef>
	<SampleDistance>0.100</SampleDistance>
	<CompactMWDdata>
		<MWDparams>
			<Parameter Unit="m/min" Full="PenetrRate">PR</Parameter>
			<Parameter Unit="Bar" Full="PercPressure">PP</Parameter>
			<Parameter Unit="Bar" Full="FeedPressure">FP</Parameter>
			<Parameter Unit="Bar" Full="DampPressure">DP</Parameter>
			<Parameter Unit="Bar" Full="RotPressure">RP</Parameter>
			<Parameter Unit="Bar" Full="FlushPressure">FLP</Parameter>
		</MWDparams>
		<Samples TimeTag="2024-12-28T09:50:30" DepthTag="0.104">0.916 14.458 44.439 0.000 20.961 14.458 </Samples>
		<Samples TimeTag="2024-12-28T09:50:33" DepthTag="0.205">1.597 15.132 42.355 0.000 20.951 15.132 </Samples>
		<Samples TimeTag="2024-12-28T09:50:37" DepthTag="0.310">1.752 15.438 39.240 0.000 36.063 15.438 </Samples>
		<Samples TimeTag="2024-12-28T09:50:39" DepthTag="0.416">2.925 15.438 39.403 0.000 37.063 15.438 </Samples>
		<Samples TimeTag="2024-12-28T09:50:41" DepthTag="0.517">3.019 14.244 21.868 0.000 32.387 14.244 </Samples>
		<Samples TimeTag="2024-12-28T09:51:01" DepthTag="0.620">0.910 8.017 47.821 0.000 51.668 8.017 </Samples>
		<Samples TimeTag="2024-12-28T09:51:04" DepthTag="0.725">1.789 12.041 42.343 0.000 40.999 12.041 </Samples>
		<Samples TimeTag="2024-12-28T09:51:08" DepthTag="0.828">1.593 13.877 41.214 0.000 45.323 13.877 </Samples>
		<Samples TimeTag="2024-12-28T09:51:13" DepthTag="0.929">1.383 14.596 40.282 0.000 44.819 14.596 </Samples>
		<Samples TimeTag="2024-12-28T09:51:42" DepthTag="1.034">0.687 10.786 43.228 0.000 46.194 10.786 </Samples>
		<Samples TimeTag="2024-12-28T09:51:47" DepthTag="1.135">1.158 13.785 41.921 0.000 50.790 13.785 </Samples>
		<Samples TimeTag="2024-12-28T09:51:52" DepthTag="1.235">1.075 15.116 40.597 0.000 52.838 15.116 </Samples>
		<Samples TimeTag="2024-12-28T09:51:58" DepthTag="1.336">1.009 15.667 40.382 0.000 44.889 15.667 </Samples>
		<Samples TimeTag="2024-12-28T09:52:04" DepthTag="1.438">1.056 15.835 40.322 0.000 48.821 15.835 </Samples>
		<Samples TimeTag="2024-12-28T09:52:32" DepthTag="1.557">0.737 6.839 36.357 0.000 44.081 6.839 </Samples>
		<Samples TimeTag="2024-12-28T09:52:37" DepthTag="1.659">1.205 15.713 45.700 0.000 48.096 15.713 </Samples>
		<Samples TimeTag="2024-12-28T09:52:42" DepthTag="1.762">1.489 17.763 45.130 0.000 50.744 17.763 </Samples>
		<Samples TimeTag="2024-12-28T09:52:46" DepthTag="1.866">1.546 18.651 44.777 0.000 42.762 18.651 </Samples>
		<Samples TimeTag="2024-12-28T09:52:48" DepthTag="1.973">2.291 18.911 44.324 0.000 40.711 18.911 </Samples>
		<Samples TimeTag="2024-12-28T09:52:52" DepthTag="2.080">2.013 19.232 45.424 0.000 43.854 19.232 </Samples>
		<Samples TimeTag="2024-12-28T09:52:55" DepthTag="2.183">2.077 19.462 44.982 0.000 45.523 19.462 </Samples>
		<Samples TimeTag="2024-12-28T09:52:58" DepthTag="2.285">1.685 19.676 44.406 0.000 47.996 19.676 </Samples>
		<Samples TimeTag="2024-12-28T09:53:01" DepthTag="2.385">2.032 19.783 44.616 0.000 43.424 19.783 </Samples>
		<Samples TimeTag="2024-12-28T09:53:04" DepthTag="2.488">1.920 19.813 44.556 0.000 41.607 19.813 </Samples>
		<Samples TimeTag="2024-12-28T09:53:08" DepthTag="2.589">1.888 19.951 45.214 0.000 41.323 19.951 </Samples>
		<Samples TimeTag="2024-12-28T09:53:11" DepthTag="2.689">1.746 20.426 44.992 0.000 43.831 20.426 </Samples>
		<Samples TimeTag="2024-12-28T09:53:15" DepthTag="2.790">1.535 20.992 44.485 0.000 44.419 20.992 </Samples>
		<Samples TimeTag="2024-12-28T09:53:18" DepthTag="2.893">1.798 20.976 45.236 0.000 44.661 20.976 </Samples>
		<Samples TimeTag="2024-12-28T09:53:22" DepthTag="2.994">1.599 21.374 44.579 0.000 49.837 21.374 </Samples>
		<Samples TimeTag="2024-12-28T09:53:27" DepthTag="3.094">1.191 22.644 45.692 0.000 48.615 22.644 </Samples>
		<Samples TimeTag="2024-12-28T09:53:33" DepthTag="3.197">1.002 23.210 45.499 0.000 48.268 23.210 </Samples>
		<Samples TimeTag="2024-12-28T09:53:40" DepthTag="3.298">0.865 24.128 44.767 0.000 43.459 24.128 </Samples>
		<Samples TimeTag="2024-12-28T09:53:49" DepthTag="3.399">0.706 25.750 44.504 0.000 31.872 25.750 </Samples>
		<Samples TimeTag="2024-12-28T09:53:54" DepthTag="3.499">1.189 25.459 44.498 0.000 33.558 25.459 </Samples>
		<Samples TimeTag="2024-12-28T09:53:58" DepthTag="3.602">1.431 24.694 45.276 0.000 38.965 24.694 </Samples>
		<Samples TimeTag="2024-12-28T09:54:03" DepthTag="3.705">1.400 24.113 44.855 0.000 39.030 24.113 </Samples>
		<Samples TimeTag="2024-12-28T09:54:07" DepthTag="3.806">1.422 24.082 44.636 0.000 46.489 24.082 </Samples>
		<Samples TimeTag="2024-12-28T09:54:13" DepthTag="3.906">1.045 24.419 45.401 0.000 42.362 24.419 </Samples>
		<Samples TimeTag="2024-12-28T09:54:18" DepthTag="4.006">1.152 24.618 44.398 0.000 40.162 24.618 </Samples>
		<Samples TimeTag="2024-12-28T09:54:23" DepthTag="4.110">1.356 24.388 44.231 0.000 35.778 24.388 </Samples>
		<Samples TimeTag="2024-12-28T09:54:27" DepthTag="4.210">1.312 24.556 44.663 0.000 44.928 24.556 </Samples>
		<Samples TimeTag="2024-12-28T09:54:33" DepthTag="4.310">0.964 25.352 45.374 0.000 40.678 25.352 </Samples>
		<Samples TimeTag="2024-12-28T09:54:40" DepthTag="4.411">0.864 26.071 44.628 0.000 37.240 26.071 </Samples>
		<Samples TimeTag="2024-12-28T09:54:47" DepthTag="4.515">1.012 26.255 44.845 0.000 44.275 26.255 </Samples>
		<Samples TimeTag="2024-12-28T09:54:52" DepthTag="4.620">1.075 25.979 44.755 0.000 37.783 25.979 </Samples>
		<Samples TimeTag="2024-12-28T09:55:02" DepthTag="4.730">0.690 13.770 43.002 0.000 41.109 13.770 </Samples>
		<Samples TimeTag="2024-12-28T09:55:14" DepthTag="4.832">0.526 23.409 38.217 0.000 43.167 23.409 </Samples>
		<Samples TimeTag="2024-12-28T09:55:34" DepthTag="4.932">0.291 23.883 40.154 0.000 51.133 23.883 </Samples>
	</CompactMWDdata>
	<IR:GenTrailer>
		<IR:FileCloseDate>2024-12-28T10:00:51</IR:FileCloseDate>
		<IR:ChkSum>0726646917</IR:ChkSum>
	</IR:GenTrailer>
</DRMWD>
