<?xml version="1.0" encoding="UTF-8"?>
<!-- Generated by the RCS System Epiroc Rock Drills AB -->
<DRMWD xmlns="http://www.iredes.org/xml/DrillRig" xmlns:IR="http://www.iredes.org/xml" xmlns:xsi="http://www.w3.org/2001/XMLSchema-instance" xsi:schemaLocation="http://www.iredes.org/xml/DrillRig C:\Iredes\IR_V1.2.3\xml\DR-DrillRig_V1.2\DrillRig.xsd" IRVersion="V 1.2AC" IRDownwCompat="V 1.2AC" DRMWDDownwCompat="V 1.2AC" DRMWDVersion="V 1.2AC">
	<IR:GenHead>
		<IR:FileCreateDate>2024-12-28T16:05:44</IR:FileCreateDate>
		<IR:IRversion DownwCompat="V 1.0">V 1.2AC</IR:IRversion>
		<IR:EquipmentInfo>
			<IR:EqpManufact>Epiroc</IR:EqpManufact>
			<IR:EqpType>SmartROC D65</IR:EqpType>
			<IR:EqpSerNo>8992013064</IR:EqpSerNo>
			<IR:EqpSysVer>6.28.1</IR:EqpSysVer>
			<IR:EqpInfo>DrillingMethod: DTH</IR:EqpInfo>
		</IR:EquipmentInfo>
	</IR:GenHead>
	<IR:ReportId>MWDRI281605</IR:ReportId>
	<IR:StartLogTime>2024-12-28T16:00:22</IR:StartLogTime>
	<IR:EndLogTime>2024-12-28T16:03:45</IR:EndLogTime>
	<IR:PlanIdRef>TRN08_21_0530_001_All</IR:PlanIdRef>
	<IR:PlanNameRef>TRN08_21_0530_001_All</IR:PlanNameRef>
	<MWDholeId>N45</MWDholeId>
	<QualityReportIdRef>DQRI272324</QualityReportIdRef>
	<SampleDistance>0.100</SampleDistance>
	<CompactMWDdata>
		<MWDparams>
			<Parameter Unit="m/min" Full="PenetrRate">PR</Parameter>
			<Parameter Unit="Bar" Full="PercPressure">PP</Parameter>
			<Parameter Unit="Bar" Full="FeedPressure">FP</Parameter>
			<Parameter Unit="Bar" Full="DampPressure">DP</Parameter>
			<Parameter Unit="Bar" Full="RotPressure">RP</Parameter>
			<Parameter Unit="Bar" Full="FlushPressure">FLP</Parameter>
		</MWDparams>
		<Samples TimeTag="2024-12-28T16:00:22" DepthTag="1.509">0.491 12.454 43.294 0.000 51.073 12.454 </Samples>
		<Samples TimeTag="2024-12-28T16:00:29" DepthTag="1.611">0.930 14.183 41.792 0.000 51.930 14.183 </Samples>
		<Samples TimeTag="2024-12-28T16:00:34" DepthTag="1.712">1.194 16.906 44.890 0.000 48.689 16.906 </Samples>
		<Samples TimeTag="2024-12-28T16:00:38" DepthTag="1.816">1.414 17.427 45.130 0.000 42.556 17.427 </Samples>
		<Samples TimeTag="2024-12-28T16:00:42" DepthTag="1.918">1.568 17.794 44.617 0.000 45.378 17.794 </Samples>
		<Samples TimeTag="2024-12-28T16:00:46" DepthTag="2.019">1.418 18.238 44.513 0.000 43.909 18.238 </Samples>
		<Samples TimeTag="2024-12-28T16:00:51" DepthTag="2.125">1.450 18.850 45.086 0.000 51.232 18.850 </Samples>
		<Samples TimeTag="2024-12-28T16:00:56" DepthTag="2.226">1.043 20.364 44.923 0.000 50.690 20.364 </Samples>
		<Samples TimeTag="2024-12-28T16:01:03" DepthTag="2.327">0.927 21.129 45.228 0.000 47.316 21.129 </Samples>
		<Samples TimeTag="2024-12-28T16:01:08" DepthTag="2.430">1.125 21.267 45.081 0.000 43.048 21.267 </Samples>
		<Samples TimeTag="2024-12-28T16:01:14" DepthTag="2.531">1.136 21.145 44.404 0.000 38.255 21.145 </Samples>
		<Samples TimeTag="2024-12-28T16:01:18" DepthTag="2.632">1.369 20.961 44.789 0.000 40.719 20.961 </Samples>
		<Samples TimeTag="2024-12-28T16:01:25" DepthTag="2.734">0.933 21.848 45.285 0.000 52.520 21.848 </Samples>
		<Samples TimeTag="2024-12-28T16:01:31" DepthTag="2.835">0.924 22.277 45.014 0.000 47.002 22.277 </Samples>
		<Samples TimeTag="2024-12-28T16:01:37" DepthTag="2.937">1.009 22.277 44.891 0.000 44.294 22.277 </Samples>
		<Samples TimeTag="2024-12-28T16:01:43" DepthTag="3.038">1.115 22.277 45.531 0.000 48.099 22.277 </Samples>
		<Samples TimeTag="2024-12-28T16:01:51" DepthTag="3.140">0.788 22.858 44.913 0.000 46.490 22.858 </Samples>
		<Samples TimeTag="2024-12-28T16:01:57" DepthTag="3.241">0.886 23.378 44.695 0.000 40.796 23.378 </Samples>
		<Samples TimeTag="2024-12-28T16:02:04" DepthTag="3.343">0.934 24.082 45.158 0.000 39.341 24.082 </Samples>
		<Samples TimeTag="2024-12-28T16:02:11" DepthTag="3.445">0.848 24.648 44.676 0.000 41.318 24.648 </Samples>
		<Samples TimeTag="2024-12-28T16:02:17" DepthTag="3.547">1.059 24.602 44.555 0.000 42.930 24.602 </Samples>
		<Samples TimeTag="2024-12-28T16:02:21" DepthTag="3.647">1.317 23.899 44.321 0.000 45.193 23.899 </Samples>
		<Samples TimeTag="2024-12-28T16:02:27" DepthTag="3.748">1.111 24.006 44.861 0.000 47.416 24.006 </Samples>
		<Samples TimeTag="2024-12-28T16:02:33" DepthTag="3.850">0.962 24.159 45.035 0.000 43.038 24.159 </Samples>
		<Samples TimeTag="2024-12-28T16:02:40" DepthTag="3.953">0.991 24.495 45.112 0.000 42.184 24.495 </Samples>
		<Samples TimeTag="2024-12-28T16:02:45" DepthTag="4.055">1.029 24.465 44.933 0.000 42.006 24.465 </Samples>
		<Samples TimeTag="2024-12-28T16:02:51" DepthTag="4.158">1.058 24.771 44.962 0.000 42.542 24.771 </Samples>
		<Samples TimeTag="2024-12-28T16:02:58" DepthTag="4.259">0.954 25.505 45.162 0.000 46.318 25.505 </Samples>
		<Samples TimeTag="2024-12-28T16:03:06" DepthTag="4.360">0.719 20.165 44.654 0.000 55.734 20.165 </Samples>
		<Samples TimeTag="2024-12-28T16:03:14" DepthTag="4.463">0.751 23.501 45.272 0.000 54.183 23.501 </Samples>
		<Samples TimeTag="2024-12-28T16:03:25" DepthTag="4.565">0.578 21.022 45.250 0.000 54.420 21.022 </Samples>
		<Samples TimeTag="2024-12-28T16:03:32" DepthTag="4.666">0.842 23.302 44.848 0.000 45.427 23.302 </Samples>
		<Samples TimeTag="2024-12-28T16:03:38" DepthTag="4.767">1.005 23.807 43.127 0.000 43.802 23.807 </Samples>
		<Samples TimeTag="2024-12-28T16:03:45" DepthTag="4.867">0.915 23.929 38.263 0.000 42.488 23.929 </Samples>
	</CompactMWDdata>
	<IR:GenTrailer>
		<IR:FileCloseDate>2024-12-28T16:05:44</IR:FileCloseDate>
		<IR:ChkSum>2044305585</IR:ChkSum>
	</IR:GenTrailer>
</DRMWD>
