<?xml version="1.0" encoding="UTF-8"?>
<!-- Generated by the RCS System Epiroc Rock Drills AB -->
<DRMWD xmlns="http://www.iredes.org/xml/DrillRig" xmlns:IR="http://www.iredes.org/xml" xmlns:xsi="http://www.w3.org/2001/XMLSchema-instance" xsi:schemaLocation="http://www.iredes.org/xml/DrillRig C:\Iredes\IR_V1.2.3\xml\DR-DrillRig_V1.2\DrillRig.xsd" IRVersion="V 1.2AC" IRDownwCompat="V 1.2AC" DRMWDDownwCompat="V 1.2AC" DRMWDVersion="V 1.2AC">
	<IR:GenHead>
		<IR:FileCreateDate>2024-12-28T09:41:06</IR:FileCreateDate>
		<IR:IRversion DownwCompat="V 1.0">V 1.2AC</IR:IRversion>
		<IR:EquipmentInfo>
			<IR:EqpManufact>Epiroc</IR:EqpManufact>
			<IR:EqpType>SmartROC D65</IR:EqpType>
			<IR:EqpSerNo>8992013064</IR:EqpSerNo>
			<IR:EqpSysVer>6.28.1</IR:EqpSysVer>
			<IR:EqpInfo>DrillingMethod: DTH</IR:EqpInfo>
		</IR:EquipmentInfo>
	</IR:GenHead>
	<IR:ReportId>MWDRI280941</IR:ReportId>
	<IR:StartLogTime>2024-12-28T09:39:10</IR:StartLogTime>
	<IR:EndLogTime>2024-12-28T09:40:20</IR:EndLogTime>
	<IR:PlanIdRef>TRN08_21_0530_001_All</IR:PlanIdRef>
	<IR:PlanNameRef>TRN08_21_0530_001_All</IR:PlanNameRef>
	<MWDholeId>J53</MWDholeId>
	<QualityReportIdRef>DQRI272324</QualityReportIdRef>
	<SampleDistance>0.100</SampleDistance>
	<CompactMWDdata>
		<MWDparams>
			<Parameter Unit="m/min" Full="PenetrRate">PR</Parameter>
			<Parameter Unit="Bar" Full="PercPressure">PP</Parameter>
			<Parameter Unit="Bar" Full="FeedPressure">FP</Parameter>
			<Parameter Unit="Bar" Full="DampPressure">DP</Parameter>
			<Parameter Unit="Bar" Full="RotPressure">RP</Parameter>
			<Parameter Unit="Bar" Full="FlushPressure">FLP</Parameter>
		</MWDparams>
		<Samples TimeTag="2024-12-28T09:39:10" DepthTag="4.458">1.758 2.218 23.606 0.000 29.510 2.218 </Samples>
		<Samples TimeTag="2024-12-28T09:39:21" DepthTag="4.561">0.580 16.295 42.237 0.000 48.929 16.295 </Samples>
		<Samples TimeTag="2024-12-28T09:39:26" DepthTag="4.663">1.229 18.391 45.243 0.000 48.341 18.391 </Samples>
		<Samples TimeTag="2024-12-28T09:39:31" DepthTag="4.768">1.152 20.196 45.182 0.000 48.255 20.196 </Samples>
		<Samples TimeTag="2024-12-28T09:39:35" DepthTag="4.868">1.676 20.273 41.160 0.000 40.015 20.273 </Samples>
		<Samples TimeTag="2024-12-28T09:39:38" DepthTag="4.975">1.776 19.630 39.518 0.000 38.679 19.630 </Samples>
		<Samples TimeTag="2024-12-28T09:40:20" DepthTag="5.084">0.765 4.406 16.063 0.000 26.731 4.406 </Samples>
	</CompactMWDdata>
	<IR:GenTrailer>
		<IR:FileCloseDate>2024-12-28T09:41:06</IR:FileCloseDate>
		<IR:ChkSum>3890299899</IR:ChkSum>
	</IR:GenTrailer>
</DRMWD>
