<?xml version="1.0" encoding="UTF-8"?>
<!-- Generated by the RCS System Epiroc Rock Drills AB -->
<DRMWD xmlns="http://www.iredes.org/xml/DrillRig" xmlns:IR="http://www.iredes.org/xml" xmlns:xsi="http://www.w3.org/2001/XMLSchema-instance" xsi:schemaLocation="http://www.iredes.org/xml/DrillRig C:\Iredes\IR_V1.2.3\xml\DR-DrillRig_V1.2\DrillRig.xsd" IRVersion="V 1.2AC" IRDownwCompat="V 1.2AC" DRMWDDownwCompat="V 1.2AC" DRMWDVersion="V 1.2AC">
	<IR:GenHead>
		<IR:FileCreateDate>2024-12-29T04:30:26</IR:FileCreateDate>
		<IR:IRversion DownwCompat="V 1.0">V 1.2AC</IR:IRversion>
		<IR:EquipmentInfo>
			<IR:EqpManufact>Epiroc</IR:EqpManufact>
			<IR:EqpType>SmartROC D65</IR:EqpType>
			<IR:EqpSerNo>8992013064</IR:EqpSerNo>
			<IR:EqpSysVer>6.28.1</IR:EqpSysVer>
			<IR:EqpInfo>DrillingMethod: DTH</IR:EqpInfo>
		</IR:EquipmentInfo>
	</IR:GenHead>
	<IR:ReportId>MWDRI290430</IR:ReportId>
	<IR:StartLogTime>2024-12-29T04:23:01</IR:StartLogTime>
	<IR:EndLogTime>2024-12-29T04:28:59</IR:EndLogTime>
	<IR:PlanIdRef>TRN08_21_0530_001_All</IR:PlanIdRef>
	<IR:PlanNameRef>TRN08_21_0530_001_All</IR:PlanNameRef>
	<MWDholeId>L43</MWDholeId>
	<QualityReportIdRef>DQRI272324</QualityReportIdRef>
	<SampleDistance>0.100</SampleDistance>
	<CompactMWDdata>
		<MWDparams>
			<Parameter Unit="m/min" Full="PenetrRate">PR</Parameter>
			<Parameter Unit="Bar" Full="PercPressure">PP</Parameter>
			<Parameter Unit="Bar" Full="FeedPressure">FP</Parameter>
			<Parameter Unit="Bar" Full="DampPressure">DP</Parameter>
			<Parameter Unit="Bar" Full="RotPressure">RP</Parameter>
			<Parameter Unit="Bar" Full="FlushPressure">FLP</Parameter>
		</MWDparams>
		<Samples TimeTag="2024-12-29T04:23:01" DepthTag="0.100">0.973 14.749 46.123 0.000 20.972 14.749 </Samples>
		<Samples TimeTag="2024-12-29T04:23:08" DepthTag="0.205">0.901 15.208 39.422 0.000 42.478 15.208 </Samples>
		<Samples TimeTag="2024-12-29T04:23:12" DepthTag="0.309">1.651 15.224 40.238 0.000 45.135 15.224 </Samples>
		<Samples TimeTag="2024-12-29T04:23:16" DepthTag="0.418">1.704 15.193 39.306 0.000 44.410 15.193 </Samples>
		<Samples TimeTag="2024-12-29T04:23:37" DepthTag="0.564">1.065 4.299 24.638 0.000 27.761 4.299 </Samples>
		<Samples TimeTag="2024-12-29T04:23:43" DepthTag="0.665">0.892 12.959 41.893 0.000 47.078 12.959 </Samples>
		<Samples TimeTag="2024-12-29T04:23:49" DepthTag="0.766">1.160 14.550 41.014 0.000 45.442 14.550 </Samples>
		<Samples TimeTag="2024-12-29T04:23:54" DepthTag="0.871">1.267 14.948 38.832 0.000 44.959 14.948 </Samples>
		<Samples TimeTag="2024-12-29T04:23:58" DepthTag="0.974">1.479 14.933 39.891 0.000 44.975 14.933 </Samples>
		<Samples TimeTag="2024-12-29T04:24:25" DepthTag="1.074">0.646 9.731 46.017 0.000 51.317 9.731 </Samples>
		<Samples TimeTag="2024-12-29T04:24:32" DepthTag="1.176">0.896 14.780 41.375 0.000 47.790 14.780 </Samples>
		<Samples TimeTag="2024-12-29T04:24:38" DepthTag="1.276">0.975 15.835 39.808 0.000 46.249 15.835 </Samples>
		<Samples TimeTag="2024-12-29T04:24:44" DepthTag="1.378">1.056 16.203 39.876 0.000 47.599 16.203 </Samples>
		<Samples TimeTag="2024-12-29T04:24:49" DepthTag="1.481">1.053 16.601 39.883 0.000 50.694 16.601 </Samples>
		<Samples TimeTag="2024-12-29T04:25:17" DepthTag="1.584">0.661 10.786 44.739 0.000 54.610 10.786 </Samples>
		<Samples TimeTag="2024-12-29T04:25:22" DepthTag="1.688">1.318 15.315 44.405 0.000 46.338 15.315 </Samples>
		<Samples TimeTag="2024-12-29T04:25:26" DepthTag="1.791">1.459 16.692 44.791 0.000 48.667 16.692 </Samples>
		<Samples TimeTag="2024-12-29T04:25:30" DepthTag="1.895">1.553 17.151 44.822 0.000 45.292 17.151 </Samples>
		<Samples TimeTag="2024-12-29T04:25:34" DepthTag="1.996">1.793 17.473 44.414 0.000 45.360 17.473 </Samples>
		<Samples TimeTag="2024-12-29T04:25:37" DepthTag="2.096">1.795 17.748 44.694 0.000 47.278 17.748 </Samples>
		<Samples TimeTag="2024-12-29T04:25:42" DepthTag="2.198">1.201 19.645 44.666 0.000 51.766 19.645 </Samples>
		<Samples TimeTag="2024-12-29T04:25:47" DepthTag="2.298">1.257 19.706 44.837 0.000 46.072 19.706 </Samples>
		<Samples TimeTag="2024-12-29T04:25:53" DepthTag="2.402">1.010 20.869 45.001 0.000 42.795 20.869 </Samples>
		<Samples TimeTag="2024-12-29T04:25:57" DepthTag="2.503">1.789 20.380 45.037 0.000 38.051 20.380 </Samples>
		<Samples TimeTag="2024-12-29T04:26:00" DepthTag="2.610">1.663 19.966 45.803 0.000 43.274 19.966 </Samples>
		<Samples TimeTag="2024-12-29T04:26:04" DepthTag="2.711">1.515 20.303 45.227 0.000 48.866 20.303 </Samples>
		<Samples TimeTag="2024-12-29T04:26:11" DepthTag="2.815">1.016 21.726 45.260 0.000 51.686 21.726 </Samples>
		<Samples TimeTag="2024-12-29T04:26:17" DepthTag="2.916">1.007 22.307 44.826 0.000 48.491 22.307 </Samples>
		<Samples TimeTag="2024-12-29T04:26:23" DepthTag="3.017">0.953 23.287 44.708 0.000 46.500 23.287 </Samples>
		<Samples TimeTag="2024-12-29T04:26:29" DepthTag="3.120">0.988 23.700 44.847 0.000 46.908 23.700 </Samples>
		<Samples TimeTag="2024-12-29T04:26:35" DepthTag="3.223">1.110 23.746 44.993 0.000 43.678 23.746 </Samples>
		<Samples TimeTag="2024-12-29T04:26:40" DepthTag="3.323">1.075 24.052 45.290 0.000 48.475 24.052 </Samples>
		<Samples TimeTag="2024-12-29T04:26:48" DepthTag="3.425">0.821 25.138 45.076 0.000 40.904 25.138 </Samples>
		<Samples TimeTag="2024-12-29T04:26:59" DepthTag="3.526">0.544 14.458 45.680 0.000 53.632 14.458 </Samples>
		<Samples TimeTag="2024-12-29T04:27:07" DepthTag="3.628">0.761 18.972 44.838 0.000 45.017 18.972 </Samples>
		<Samples TimeTag="2024-12-29T04:27:14" DepthTag="3.730">0.893 21.191 44.407 0.000 44.724 21.191 </Samples>
		<Samples TimeTag="2024-12-29T04:27:21" DepthTag="3.831">0.899 23.271 45.335 0.000 46.434 23.271 </Samples>
		<Samples TimeTag="2024-12-29T04:27:33" DepthTag="3.932">0.483 14.443 43.611 0.000 53.605 14.443 </Samples>
		<Samples TimeTag="2024-12-29T04:28:07" DepthTag="4.032">0.280 8.981 48.930 0.000 57.099 8.981 </Samples>
		<Samples TimeTag="2024-12-29T04:28:15" DepthTag="4.133">0.813 18.987 44.317 0.000 54.588 18.987 </Samples>
		<Samples TimeTag="2024-12-29T04:28:25" DepthTag="4.235">0.596 25.413 44.376 0.000 48.382 25.413 </Samples>
		<Samples TimeTag="2024-12-29T04:28:28" DepthTag="4.338">2.100 24.511 44.976 0.000 44.929 24.511 </Samples>
		<Samples TimeTag="2024-12-29T04:28:32" DepthTag="4.445">1.506 23.975 44.921 0.000 45.201 23.975 </Samples>
		<Samples TimeTag="2024-12-29T04:28:37" DepthTag="4.545">1.248 23.792 44.848 0.000 49.346 23.792 </Samples>
		<Samples TimeTag="2024-12-29T04:28:44" DepthTag="4.647">0.810 24.817 44.297 0.000 44.447 24.817 </Samples>
		<Samples TimeTag="2024-12-29T04:28:50" DepthTag="4.750">1.131 19.201 45.081 0.000 56.830 19.201 </Samples>
		<Samples TimeTag="2024-12-29T04:28:54" DepthTag="4.852">1.390 20.119 40.592 0.000 50.918 20.119 </Samples>
		<Samples TimeTag="2024-12-29T04:28:59" DepthTag="4.952">1.174 20.701 40.422 0.000 50.126 20.701 </Samples>
	</CompactMWDdata>
	<IR:GenTrailer>
		<IR:FileCloseDate>2024-12-29T04:30:26</IR:FileCloseDate>
		<IR:ChkSum>1431822432</IR:ChkSum>
	</IR:GenTrailer>
</DRMWD>
