<?xml version="1.0" encoding="UTF-8"?>
<!-- Generated by the RCS System Epiroc Rock Drills AB -->
<DRMWD xmlns="http://www.iredes.org/xml/DrillRig" xmlns:IR="http://www.iredes.org/xml" xmlns:xsi="http://www.w3.org/2001/XMLSchema-instance" xsi:schemaLocation="http://www.iredes.org/xml/DrillRig C:\Iredes\IR_V1.2.3\xml\DR-DrillRig_V1.2\DrillRig.xsd" IRVersion="V 1.2AC" IRDownwCompat="V 1.2AC" DRMWDDownwCompat="V 1.2AC" DRMWDVersion="V 1.2AC">
	<IR:GenHead>
		<IR:FileCreateDate>2024-12-29T01:34:25</IR:FileCreateDate>
		<IR:IRversion DownwCompat="V 1.0">V 1.2AC</IR:IRversion>
		<IR:EquipmentInfo>
			<IR:EqpManufact>Epiroc</IR:EqpManufact>
			<IR:EqpType>SmartROC D65</IR:EqpType>
			<IR:EqpSerNo>8992013064</IR:EqpSerNo>
			<IR:EqpSysVer>6.28.1</IR:EqpSysVer>
			<IR:EqpInfo>DrillingMethod: DTH</IR:EqpInfo>
		</IR:EquipmentInfo>
	</IR:GenHead>
	<IR:ReportId>MWDRI290134</IR:ReportId>
	<IR:StartLogTime>2024-12-29T01:28:50</IR:StartLogTime>
	<IR:EndLogTime>2024-12-29T01:32:58</IR:EndLogTime>
	<IR:PlanIdRef>TRN08_21_0530_001_All</IR:PlanIdRef>
	<IR:PlanNameRef>TRN08_21_0530_001_All</IR:PlanNameRef>
	<MWDholeId>N42</MWDholeId>
	<QualityReportIdRef>DQRI272324</QualityReportIdRef>
	<SampleDistance>0.100</SampleDistance>
	<CompactMWDdata>
		<MWDparams>
			<Parameter Unit="m/min" Full="PenetrRate">PR</Parameter>
			<Parameter Unit="Bar" Full="PercPressure">PP</Parameter>
			<Parameter Unit="Bar" Full="FeedPressure">FP</Parameter>
			<Parameter Unit="Bar" Full="DampPressure">DP</Parameter>
			<Parameter Unit="Bar" Full="RotPressure">RP</Parameter>
			<Parameter Unit="Bar" Full="FlushPressure">FLP</Parameter>
		</MWDparams>
		<Samples TimeTag="2024-12-29T01:28:50" DepthTag="0.100">0.905 14.596 45.440 0.000 20.972 14.596 </Samples>
		<Samples TimeTag="2024-12-29T01:28:56" DepthTag="0.206">1.022 14.872 38.510 0.000 39.861 14.872 </Samples>
		<Samples TimeTag="2024-12-29T01:29:00" DepthTag="0.312">1.696 14.719 39.308 0.000 42.226 14.719 </Samples>
		<Samples TimeTag="2024-12-29T01:29:03" DepthTag="0.413">1.670 14.688 39.441 0.000 45.266 14.688 </Samples>
		<Samples TimeTag="2024-12-29T01:29:08" DepthTag="0.517">1.420 14.780 42.102 0.000 48.547 14.780 </Samples>
		<Samples TimeTag="2024-12-29T01:29:29" DepthTag="0.617">0.701 9.501 45.801 0.000 49.415 9.501 </Samples>
		<Samples TimeTag="2024-12-29T01:29:37" DepthTag="0.719">0.783 15.285 41.115 0.000 45.432 15.285 </Samples>
		<Samples TimeTag="2024-12-29T01:29:44" DepthTag="0.820">0.940 16.004 38.999 0.000 43.426 16.004 </Samples>
		<Samples TimeTag="2024-12-29T01:29:48" DepthTag="0.920">1.366 15.575 40.054 0.000 43.856 15.575 </Samples>
		<Samples TimeTag="2024-12-29T01:29:52" DepthTag="1.024">1.657 15.193 39.005 0.000 45.659 15.193 </Samples>
		<Samples TimeTag="2024-12-29T01:30:18" DepthTag="1.127">0.772 7.558 46.225 0.000 52.963 7.558 </Samples>
		<Samples TimeTag="2024-12-29T01:30:24" DepthTag="1.229">1.088 13.296 41.609 0.000 50.696 13.296 </Samples>
		<Samples TimeTag="2024-12-29T01:30:28" DepthTag="1.333">1.411 14.642 40.073 0.000 45.868 14.642 </Samples>
		<Samples TimeTag="2024-12-29T01:30:32" DepthTag="1.437">1.563 15.101 39.238 0.000 45.640 15.101 </Samples>
		<Samples TimeTag="2024-12-29T01:30:36" DepthTag="1.538">1.606 14.137 23.960 0.000 44.867 14.137 </Samples>
		<Samples TimeTag="2024-12-29T01:31:04" DepthTag="1.639">0.670 14.076 44.169 0.000 49.592 14.076 </Samples>
		<Samples TimeTag="2024-12-29T01:31:08" DepthTag="1.745">1.588 15.851 44.365 0.000 49.075 15.851 </Samples>
		<Samples TimeTag="2024-12-29T01:31:12" DepthTag="1.850">1.670 16.601 44.920 0.000 45.684 16.601 </Samples>
		<Samples TimeTag="2024-12-29T01:31:15" DepthTag="1.953">1.715 16.998 44.706 0.000 46.412 16.998 </Samples>
		<Samples TimeTag="2024-12-29T01:31:19" DepthTag="2.054">1.808 17.228 45.579 0.000 46.684 17.228 </Samples>
		<Samples TimeTag="2024-12-29T01:31:22" DepthTag="2.159">1.730 17.427 45.068 0.000 45.750 17.427 </Samples>
		<Samples TimeTag="2024-12-29T01:31:26" DepthTag="2.261">1.907 17.610 44.807 0.000 46.613 17.610 </Samples>
		<Samples TimeTag="2024-12-29T01:31:29" DepthTag="2.364">1.717 17.610 44.807 0.000 45.443 17.610 </Samples>
		<Samples TimeTag="2024-12-29T01:31:32" DepthTag="2.470">2.264 17.687 44.449 0.000 49.901 17.687 </Samples>
		<Samples TimeTag="2024-12-29T01:31:35" DepthTag="2.574">1.851 17.733 45.432 0.000 43.877 17.733 </Samples>
		<Samples TimeTag="2024-12-29T01:31:39" DepthTag="2.677">1.721 17.947 44.657 0.000 47.195 17.947 </Samples>
		<Samples TimeTag="2024-12-29T01:31:43" DepthTag="2.779">1.693 17.978 45.308 0.000 42.770 17.978 </Samples>
		<Samples TimeTag="2024-12-29T01:31:46" DepthTag="2.882">1.631 17.870 45.507 0.000 43.956 17.870 </Samples>
		<Samples TimeTag="2024-12-29T01:31:50" DepthTag="2.985">1.795 17.870 44.882 0.000 39.791 17.870 </Samples>
		<Samples TimeTag="2024-12-29T01:31:53" DepthTag="3.089">1.846 17.840 44.875 0.000 40.836 17.840 </Samples>
		<Samples TimeTag="2024-12-29T01:31:56" DepthTag="3.190">2.171 17.916 45.167 0.000 42.616 17.916 </Samples>
		<Samples TimeTag="2024-12-29T01:31:59" DepthTag="3.293">1.923 17.993 45.567 0.000 44.930 17.993 </Samples>
		<Samples TimeTag="2024-12-29T01:32:02" DepthTag="3.394">2.158 18.054 45.368 0.000 43.811 18.054 </Samples>
		<Samples TimeTag="2024-12-29T01:32:05" DepthTag="3.498">1.945 18.238 45.506 0.000 46.108 18.238 </Samples>
		<Samples TimeTag="2024-12-29T01:32:09" DepthTag="3.602">1.493 18.284 44.771 0.000 45.033 18.284 </Samples>
		<Samples TimeTag="2024-12-29T01:32:13" DepthTag="3.707">1.877 18.268 45.537 0.000 41.707 18.268 </Samples>
		<Samples TimeTag="2024-12-29T01:32:16" DepthTag="3.810">1.918 18.299 44.186 0.000 44.206 18.299 </Samples>
		<Samples TimeTag="2024-12-29T01:32:19" DepthTag="3.912">1.915 18.314 44.656 0.000 43.628 18.314 </Samples>
		<Samples TimeTag="2024-12-29T01:32:22" DepthTag="4.013">2.031 18.284 44.165 0.000 44.916 18.284 </Samples>
		<Samples TimeTag="2024-12-29T01:32:26" DepthTag="4.115">1.784 18.299 45.955 0.000 45.036 18.299 </Samples>
		<Samples TimeTag="2024-12-29T01:32:29" DepthTag="4.219">1.718 18.452 45.626 0.000 50.124 18.452 </Samples>
		<Samples TimeTag="2024-12-29T01:32:33" DepthTag="4.321">1.527 18.590 45.051 0.000 44.468 18.590 </Samples>
		<Samples TimeTag="2024-12-29T01:32:37" DepthTag="4.424">1.483 18.651 44.507 0.000 43.473 18.651 </Samples>
		<Samples TimeTag="2024-12-29T01:32:42" DepthTag="4.529">1.518 18.896 44.925 0.000 41.084 18.896 </Samples>
		<Samples TimeTag="2024-12-29T01:32:46" DepthTag="4.632">1.395 18.972 45.666 0.000 42.296 18.972 </Samples>
		<Samples TimeTag="2024-12-29T01:32:50" DepthTag="4.732">1.503 19.201 44.468 0.000 45.306 19.201 </Samples>
		<Samples TimeTag="2024-12-29T01:32:54" DepthTag="4.836">1.545 19.370 40.350 0.000 44.378 19.370 </Samples>
		<Samples TimeTag="2024-12-29T01:32:58" DepthTag="4.942">1.441 19.416 40.851 0.000 40.650 19.416 </Samples>
	</CompactMWDdata>
	<IR:GenTrailer>
		<IR:FileCloseDate>2024-12-29T01:34:25</IR:FileCloseDate>
		<IR:ChkSum>2918313998</IR:ChkSum>
	</IR:GenTrailer>
</DRMWD>
