<?xml version="1.0" encoding="UTF-8"?>
<!-- Generated by the RCS System Epiroc Rock Drills AB -->
<DRMWD xmlns="http://www.iredes.org/xml/DrillRig" xmlns:IR="http://www.iredes.org/xml" xmlns:xsi="http://www.w3.org/2001/XMLSchema-instance" xsi:schemaLocation="http://www.iredes.org/xml/DrillRig C:\Iredes\IR_V1.2.3\xml\DR-DrillRig_V1.2\DrillRig.xsd" IRVersion="V 1.2AC" IRDownwCompat="V 1.2AC" DRMWDDownwCompat="V 1.2AC" DRMWDVersion="V 1.2AC">
	<IR:GenHead>
		<IR:FileCreateDate>2024-12-28T13:44:29</IR:FileCreateDate>
		<IR:IRversion DownwCompat="V 1.0">V 1.2AC</IR:IRversion>
		<IR:EquipmentInfo>
			<IR:EqpManufact>Epiroc</IR:EqpManufact>
			<IR:EqpType>SmartROC D65</IR:EqpType>
			<IR:EqpSerNo>8992013064</IR:EqpSerNo>
			<IR:EqpSysVer>6.28.1</IR:EqpSysVer>
			<IR:EqpInfo>DrillingMethod: DTH</IR:EqpInfo>
		</IR:EquipmentInfo>
	</IR:GenHead>
	<IR:ReportId>MWDRI281344</IR:ReportId>
	<IR:StartLogTime>2024-12-28T13:37:12</IR:StartLogTime>
	<IR:EndLogTime>2024-12-28T13:42:59</IR:EndLogTime>
	<IR:PlanIdRef>TRN08_21_0530_001_All</IR:PlanIdRef>
	<IR:PlanNameRef>TRN08_21_0530_001_All</IR:PlanNameRef>
	<MWDholeId>L49</MWDholeId>
	<QualityReportIdRef>DQRI272324</QualityReportIdRef>
	<SampleDistance>0.100</SampleDistance>
	<CompactMWDdata>
		<MWDparams>
			<Parameter Unit="m/min" Full="PenetrRate">PR</Parameter>
			<Parameter Unit="Bar" Full="PercPressure">PP</Parameter>
			<Parameter Unit="Bar" Full="FeedPressure">FP</Parameter>
			<Parameter Unit="Bar" Full="DampPressure">DP</Parameter>
			<Parameter Unit="Bar" Full="RotPressure">RP</Parameter>
			<Parameter Unit="Bar" Full="FlushPressure">FLP</Parameter>
		</MWDparams>
		<Samples TimeTag="2024-12-28T13:37:12" DepthTag="0.115">1.477 11.628 22.285 0.000 21.000 11.628 </Samples>
		<Samples TimeTag="2024-12-28T13:37:14" DepthTag="0.223">2.890 13.204 44.684 0.000 21.394 13.204 </Samples>
		<Samples TimeTag="2024-12-28T13:37:18" DepthTag="0.329">1.590 14.856 43.373 0.000 21.278 14.856 </Samples>
		<Samples TimeTag="2024-12-28T13:37:22" DepthTag="0.432">1.479 15.835 41.730 0.000 41.268 15.835 </Samples>
		<Samples TimeTag="2024-12-28T13:37:42" DepthTag="0.536">0.830 5.370 22.114 0.000 24.557 5.370 </Samples>
		<Samples TimeTag="2024-12-28T13:37:48" DepthTag="0.636">0.961 14.826 41.654 0.000 44.149 14.826 </Samples>
		<Samples TimeTag="2024-12-28T13:37:53" DepthTag="0.742">1.218 15.866 40.048 0.000 46.352 15.866 </Samples>
		<Samples TimeTag="2024-12-28T13:38:00" DepthTag="0.844">0.968 16.815 41.380 0.000 41.462 16.815 </Samples>
		<Samples TimeTag="2024-12-28T13:38:06" DepthTag="0.947">0.926 17.136 38.189 0.000 42.058 17.136 </Samples>
		<Samples TimeTag="2024-12-28T13:38:42" DepthTag="1.049">0.516 14.948 40.555 0.000 45.864 14.948 </Samples>
		<Samples TimeTag="2024-12-28T13:38:49" DepthTag="1.153">0.950 15.835 39.803 0.000 40.768 15.835 </Samples>
		<Samples TimeTag="2024-12-28T13:38:54" DepthTag="1.255">1.098 15.759 40.077 0.000 44.634 15.759 </Samples>
		<Samples TimeTag="2024-12-28T13:39:01" DepthTag="1.357">0.858 16.172 41.289 0.000 45.236 16.172 </Samples>
		<Samples TimeTag="2024-12-28T13:39:10" DepthTag="1.460">0.743 16.539 39.414 0.000 43.422 16.539 </Samples>
		<Samples TimeTag="2024-12-28T13:39:41" DepthTag="1.563">0.509 13.036 44.044 0.000 47.053 13.036 </Samples>
		<Samples TimeTag="2024-12-28T13:39:47" DepthTag="1.664">1.006 17.335 44.096 0.000 51.081 17.335 </Samples>
		<Samples TimeTag="2024-12-28T13:39:53" DepthTag="1.765">1.055 18.559 45.482 0.000 47.167 18.559 </Samples>
		<Samples TimeTag="2024-12-28T13:39:58" DepthTag="1.869">1.073 19.309 45.165 0.000 48.520 19.309 </Samples>
		<Samples TimeTag="2024-12-28T13:40:04" DepthTag="1.970">1.013 19.722 45.361 0.000 46.936 19.722 </Samples>
		<Samples TimeTag="2024-12-28T13:40:11" DepthTag="2.072">0.949 20.181 45.355 0.000 47.695 20.181 </Samples>
		<Samples TimeTag="2024-12-28T13:40:18" DepthTag="2.174">0.844 20.533 45.103 0.000 47.137 20.533 </Samples>
		<Samples TimeTag="2024-12-28T13:40:25" DepthTag="2.274">0.868 21.053 44.884 0.000 56.484 21.053 </Samples>
		<Samples TimeTag="2024-12-28T13:40:32" DepthTag="2.377">0.900 21.435 45.032 0.000 48.571 21.435 </Samples>
		<Samples TimeTag="2024-12-28T13:40:39" DepthTag="2.479">0.831 21.481 44.623 0.000 43.891 21.481 </Samples>
		<Samples TimeTag="2024-12-28T13:40:44" DepthTag="2.583">1.295 21.083 44.963 0.000 40.217 21.083 </Samples>
		<Samples TimeTag="2024-12-28T13:40:49" DepthTag="2.684">1.269 20.808 44.146 0.000 41.303 20.808 </Samples>
		<Samples TimeTag="2024-12-28T13:40:54" DepthTag="2.785">1.180 21.267 45.033 0.000 47.973 21.267 </Samples>
		<Samples TimeTag="2024-12-28T13:41:01" DepthTag="2.886">0.887 21.741 44.924 0.000 41.864 21.741 </Samples>
		<Samples TimeTag="2024-12-28T13:41:07" DepthTag="2.987">0.976 22.338 45.344 0.000 49.129 22.338 </Samples>
		<Samples TimeTag="2024-12-28T13:41:13" DepthTag="3.087">0.941 22.323 45.214 0.000 45.417 22.323 </Samples>
		<Samples TimeTag="2024-12-28T13:41:20" DepthTag="3.190">0.940 22.552 44.979 0.000 40.579 22.552 </Samples>
		<Samples TimeTag="2024-12-28T13:41:24" DepthTag="3.293">1.445 22.124 45.010 0.000 45.801 22.124 </Samples>
		<Samples TimeTag="2024-12-28T13:41:31" DepthTag="3.396">0.910 22.200 45.526 0.000 51.795 22.200 </Samples>
		<Samples TimeTag="2024-12-28T13:41:38" DepthTag="3.500">0.845 22.063 45.539 0.000 47.878 22.063 </Samples>
		<Samples TimeTag="2024-12-28T13:41:44" DepthTag="3.602">1.087 22.108 45.104 0.000 46.496 22.108 </Samples>
		<Samples TimeTag="2024-12-28T13:41:48" DepthTag="3.703">1.455 21.695 44.744 0.000 47.871 21.695 </Samples>
		<Samples TimeTag="2024-12-28T13:41:55" DepthTag="3.804">0.923 21.649 45.012 0.000 44.743 21.649 </Samples>
		<Samples TimeTag="2024-12-28T13:42:01" DepthTag="3.906">0.981 21.879 44.563 0.000 46.370 21.879 </Samples>
		<Samples TimeTag="2024-12-28T13:42:07" DepthTag="4.008">1.057 22.629 45.035 0.000 48.709 22.629 </Samples>
		<Samples TimeTag="2024-12-28T13:42:12" DepthTag="4.109">1.161 22.981 45.087 0.000 51.132 22.981 </Samples>
		<Samples TimeTag="2024-12-28T13:42:18" DepthTag="4.209">1.073 23.501 44.928 0.000 46.759 23.501 </Samples>
		<Samples TimeTag="2024-12-28T13:42:23" DepthTag="4.310">1.089 23.975 45.012 0.000 49.851 23.975 </Samples>
		<Samples TimeTag="2024-12-28T13:42:30" DepthTag="4.414">0.884 24.403 45.333 0.000 48.805 24.403 </Samples>
		<Samples TimeTag="2024-12-28T13:42:40" DepthTag="4.516">0.614 17.182 44.159 0.000 58.175 17.182 </Samples>
		<Samples TimeTag="2024-12-28T13:42:47" DepthTag="4.618">0.849 20.762 45.057 0.000 47.830 20.762 </Samples>
		<Samples TimeTag="2024-12-28T13:42:53" DepthTag="4.722">1.036 20.930 39.584 0.000 41.046 20.930 </Samples>
		<Samples TimeTag="2024-12-28T13:42:59" DepthTag="4.829">1.067 21.083 39.717 0.000 40.499 21.083 </Samples>
	</CompactMWDdata>
	<IR:GenTrailer>
		<IR:FileCloseDate>2024-12-28T13:44:29</IR:FileCloseDate>
		<IR:ChkSum>2480405769</IR:ChkSum>
	</IR:GenTrailer>
</DRMWD>
