<?xml version="1.0" encoding="UTF-8"?>
<!-- Generated by the RCS System Epiroc Rock Drills AB -->
<DRMWD xmlns="http://www.iredes.org/xml/DrillRig" xmlns:IR="http://www.iredes.org/xml" xmlns:xsi="http://www.w3.org/2001/XMLSchema-instance" xsi:schemaLocation="http://www.iredes.org/xml/DrillRig C:\Iredes\IR_V1.2.3\xml\DR-DrillRig_V1.2\DrillRig.xsd" IRVersion="V 1.2AC" IRDownwCompat="V 1.2AC" DRMWDDownwCompat="V 1.2AC" DRMWDVersion="V 1.2AC">
	<IR:GenHead>
		<IR:FileCreateDate>2024-12-30T02:02:38</IR:FileCreateDate>
		<IR:IRversion DownwCompat="V 1.0">V 1.2AC</IR:IRversion>
		<IR:EquipmentInfo>
			<IR:EqpManufact>Epiroc</IR:EqpManufact>
			<IR:EqpType>SmartROC D65</IR:EqpType>
			<IR:EqpSerNo>8992013064</IR:EqpSerNo>
			<IR:EqpSysVer>6.28.1</IR:EqpSysVer>
			<IR:EqpInfo>DrillingMethod: DTH</IR:EqpInfo>
		</IR:EquipmentInfo>
	</IR:GenHead>
	<IR:ReportId>MWDRI300202</IR:ReportId>
	<IR:StartLogTime>2024-12-30T01:55:20</IR:StartLogTime>
	<IR:EndLogTime>2024-12-30T02:00:40</IR:EndLogTime>
	<IR:PlanIdRef>TRN09_24_0486_015_All</IR:PlanIdRef>
	<IR:PlanNameRef>TRN09_24_0486_015_All</IR:PlanNameRef>
	<MWDholeId>W37</MWDholeId>
	<QualityReportIdRef>DQRI291907</QualityReportIdRef>
	<SampleDistance>0.100</SampleDistance>
	<CompactMWDdata>
		<MWDparams>
			<Parameter Unit="m/min" Full="PenetrRate">PR</Parameter>
			<Parameter Unit="Bar" Full="PercPressure">PP</Parameter>
			<Parameter Unit="Bar" Full="FeedPressure">FP</Parameter>
			<Parameter Unit="Bar" Full="DampPressure">DP</Parameter>
			<Parameter Unit="Bar" Full="RotPressure">RP</Parameter>
			<Parameter Unit="Bar" Full="FlushPressure">FLP</Parameter>
		</MWDparams>
		<Samples TimeTag="2024-12-30T01:55:20" DepthTag="0.105">0.750 11.169 44.310 0.000 21.339 11.169 </Samples>
		<Samples TimeTag="2024-12-30T01:55:24" DepthTag="0.205">1.315 15.285 43.027 0.000 21.053 15.285 </Samples>
		<Samples TimeTag="2024-12-30T01:55:29" DepthTag="0.306">1.159 16.815 39.887 0.000 32.781 16.815 </Samples>
		<Samples TimeTag="2024-12-30T01:55:34" DepthTag="0.408">1.271 17.702 39.513 0.000 33.691 17.702 </Samples>
		<Samples TimeTag="2024-12-30T01:55:37" DepthTag="0.510">2.064 17.809 37.208 0.000 29.619 17.809 </Samples>
		<Samples TimeTag="2024-12-30T01:55:57" DepthTag="0.623">1.074 3.764 28.453 0.000 28.495 3.764 </Samples>
		<Samples TimeTag="2024-12-30T01:56:01" DepthTag="0.728">1.567 10.741 44.117 0.000 43.075 10.741 </Samples>
		<Samples TimeTag="2024-12-30T01:56:04" DepthTag="0.839">2.510 13.097 37.772 0.000 40.945 13.097 </Samples>
		<Samples TimeTag="2024-12-30T01:56:06" DepthTag="0.945">3.952 13.908 37.980 0.000 32.907 13.908 </Samples>
		<Samples TimeTag="2024-12-30T01:56:07" DepthTag="1.048">3.887 14.397 37.208 0.000 30.660 14.397 </Samples>
		<Samples TimeTag="2024-12-30T01:56:31" DepthTag="1.152">1.384 4.774 21.905 0.000 18.824 4.774 </Samples>
		<Samples TimeTag="2024-12-30T01:56:32" DepthTag="1.254">5.071 7.696 44.402 0.000 31.105 7.696 </Samples>
		<Samples TimeTag="2024-12-30T01:56:37" DepthTag="1.356">1.321 16.539 43.429 0.000 40.035 16.539 </Samples>
		<Samples TimeTag="2024-12-30T01:56:41" DepthTag="1.461">1.575 17.825 39.733 0.000 40.436 17.825 </Samples>
		<Samples TimeTag="2024-12-30T01:56:44" DepthTag="1.564">1.829 18.146 39.268 0.000 44.098 18.146 </Samples>
		<Samples TimeTag="2024-12-30T01:56:48" DepthTag="1.672">1.798 17.626 40.457 0.000 44.167 17.626 </Samples>
		<Samples TimeTag="2024-12-30T01:56:50" DepthTag="1.774">2.061 18.222 39.216 0.000 39.127 18.222 </Samples>
		<Samples TimeTag="2024-12-30T01:56:54" DepthTag="1.879">1.966 16.861 39.489 0.000 40.405 16.861 </Samples>
		<Samples TimeTag="2024-12-30T01:56:57" DepthTag="1.982">1.911 17.488 40.211 0.000 38.967 17.488 </Samples>
		<Samples TimeTag="2024-12-30T01:57:00" DepthTag="2.083">1.889 17.916 41.262 0.000 42.217 17.916 </Samples>
		<Samples TimeTag="2024-12-30T01:57:05" DepthTag="2.183">1.119 18.161 41.541 0.000 37.152 18.161 </Samples>
		<Samples TimeTag="2024-12-30T01:57:14" DepthTag="2.285">0.696 16.968 40.883 0.000 36.819 16.968 </Samples>
		<Samples TimeTag="2024-12-30T01:57:26" DepthTag="2.386">0.530 18.161 40.106 0.000 35.925 18.161 </Samples>
		<Samples TimeTag="2024-12-30T01:57:36" DepthTag="2.487">0.605 17.228 39.507 0.000 35.057 17.228 </Samples>
		<Samples TimeTag="2024-12-30T01:57:43" DepthTag="2.587">0.861 18.054 37.348 0.000 42.799 18.054 </Samples>
		<Samples TimeTag="2024-12-30T01:57:47" DepthTag="2.687">1.444 16.830 40.224 0.000 42.446 16.830 </Samples>
		<Samples TimeTag="2024-12-30T01:57:51" DepthTag="2.789">1.518 17.626 41.218 0.000 39.249 17.626 </Samples>
		<Samples TimeTag="2024-12-30T01:57:56" DepthTag="2.889">1.290 18.207 38.762 0.000 41.022 18.207 </Samples>
		<Samples TimeTag="2024-12-30T01:57:59" DepthTag="2.989">1.594 16.983 41.065 0.000 44.626 16.983 </Samples>
		<Samples TimeTag="2024-12-30T01:58:08" DepthTag="3.091">0.694 18.146 39.978 0.000 41.956 18.146 </Samples>
		<Samples TimeTag="2024-12-30T01:58:17" DepthTag="3.191">0.672 17.779 40.658 0.000 38.117 17.779 </Samples>
		<Samples TimeTag="2024-12-30T01:58:23" DepthTag="3.295">1.070 17.059 39.329 0.000 44.124 17.059 </Samples>
		<Samples TimeTag="2024-12-30T01:58:27" DepthTag="3.395">1.601 17.978 38.669 0.000 45.776 17.978 </Samples>
		<Samples TimeTag="2024-12-30T01:58:29" DepthTag="3.500">2.369 18.299 39.425 0.000 40.277 18.299 </Samples>
		<Samples TimeTag="2024-12-30T01:59:02" DepthTag="3.610">1.144 4.192 21.018 0.000 25.968 4.192 </Samples>
		<Samples TimeTag="2024-12-30T01:59:06" DepthTag="3.720">1.840 12.531 45.019 0.000 41.962 12.531 </Samples>
		<Samples TimeTag="2024-12-30T01:59:09" DepthTag="3.826">2.136 15.422 46.672 0.000 46.063 15.422 </Samples>
		<Samples TimeTag="2024-12-30T01:59:12" DepthTag="3.931">1.817 17.396 47.630 0.000 47.635 17.396 </Samples>
		<Samples TimeTag="2024-12-30T01:59:15" DepthTag="4.036">1.883 18.131 47.897 0.000 44.067 18.131 </Samples>
		<Samples TimeTag="2024-12-30T01:59:18" DepthTag="4.137">2.505 18.437 47.588 0.000 39.392 18.437 </Samples>
		<Samples TimeTag="2024-12-30T01:59:20" DepthTag="4.243">2.474 18.513 47.349 0.000 38.196 18.513 </Samples>
		<Samples TimeTag="2024-12-30T01:59:24" DepthTag="4.343">1.975 18.590 48.101 0.000 44.653 18.590 </Samples>
		<Samples TimeTag="2024-12-30T01:59:29" DepthTag="4.444">1.025 18.467 47.481 0.000 45.422 18.467 </Samples>
		<Samples TimeTag="2024-12-30T01:59:36" DepthTag="4.546">0.896 18.268 47.798 0.000 55.535 18.268 </Samples>
		<Samples TimeTag="2024-12-30T01:59:46" DepthTag="4.647">0.606 18.176 47.923 0.000 40.593 18.176 </Samples>
		<Samples TimeTag="2024-12-30T01:59:59" DepthTag="4.748">0.463 18.085 48.758 0.000 41.973 18.085 </Samples>
		<Samples TimeTag="2024-12-30T02:00:08" DepthTag="4.850">0.725 18.054 47.192 0.000 36.130 18.054 </Samples>
		<Samples TimeTag="2024-12-30T02:00:17" DepthTag="4.951">0.676 17.901 48.459 0.000 40.690 17.901 </Samples>
		<Samples TimeTag="2024-12-30T02:00:23" DepthTag="5.056">0.987 18.146 47.145 0.000 48.800 18.146 </Samples>
		<Samples TimeTag="2024-12-30T02:00:32" DepthTag="5.159">0.716 18.069 40.616 0.000 39.470 18.069 </Samples>
		<Samples TimeTag="2024-12-30T02:00:40" DepthTag="5.259">0.703 16.998 39.795 0.000 42.658 16.998 </Samples>
	</CompactMWDdata>
	<IR:GenTrailer>
		<IR:FileCloseDate>2024-12-30T02:02:38</IR:FileCloseDate>
		<IR:ChkSum>2314729670</IR:ChkSum>
	</IR:GenTrailer>
</DRMWD>
