<?xml version="1.0" encoding="UTF-8"?>
<!-- Generated by the RCS System Epiroc Rock Drills AB -->
<DRMWD xmlns="http://www.iredes.org/xml/DrillRig" xmlns:IR="http://www.iredes.org/xml" xmlns:xsi="http://www.w3.org/2001/XMLSchema-instance" xsi:schemaLocation="http://www.iredes.org/xml/DrillRig C:\Iredes\IR_V1.2.3\xml\DR-DrillRig_V1.2\DrillRig.xsd" IRVersion="V 1.2AC" IRDownwCompat="V 1.2AC" DRMWDDownwCompat="V 1.2AC" DRMWDVersion="V 1.2AC">
	<IR:GenHead>
		<IR:FileCreateDate>2024-12-30T07:12:32</IR:FileCreateDate>
		<IR:IRversion DownwCompat="V 1.0">V 1.2AC</IR:IRversion>
		<IR:EquipmentInfo>
			<IR:EqpManufact>Epiroc</IR:EqpManufact>
			<IR:EqpType>SmartROC D65</IR:EqpType>
			<IR:EqpSerNo>8992013064</IR:EqpSerNo>
			<IR:EqpSysVer>6.28.1</IR:EqpSysVer>
			<IR:EqpInfo>DrillingMethod: DTH</IR:EqpInfo>
		</IR:EquipmentInfo>
	</IR:GenHead>
	<IR:ReportId>MWDRI300712</IR:ReportId>
	<IR:StartLogTime>2024-12-30T07:06:45</IR:StartLogTime>
	<IR:EndLogTime>2024-12-30T07:11:07</IR:EndLogTime>
	<IR:PlanIdRef>TRN09_24_0486_015_All</IR:PlanIdRef>
	<IR:PlanNameRef>TRN09_24_0486_015_All</IR:PlanNameRef>
	<MWDholeId>W26</MWDholeId>
	<QualityReportIdRef>DQRI291907</QualityReportIdRef>
	<SampleDistance>0.100</SampleDistance>
	<CompactMWDdata>
		<MWDparams>
			<Parameter Unit="m/min" Full="PenetrRate">PR</Parameter>
			<Parameter Unit="Bar" Full="PercPressure">PP</Parameter>
			<Parameter Unit="Bar" Full="FeedPressure">FP</Parameter>
			<Parameter Unit="Bar" Full="DampPressure">DP</Parameter>
			<Parameter Unit="Bar" Full="RotPressure">RP</Parameter>
			<Parameter Unit="Bar" Full="FlushPressure">FLP</Parameter>
		</MWDparams>
		<Samples TimeTag="2024-12-30T07:06:45" DepthTag="0.101">0.944 12.393 44.316 0.000 21.828 12.393 </Samples>
		<Samples TimeTag="2024-12-30T07:06:50" DepthTag="0.213">1.234 16.493 35.197 0.000 30.127 16.493 </Samples>
		<Samples TimeTag="2024-12-30T07:06:52" DepthTag="0.318">2.620 17.320 40.617 0.000 30.632 17.320 </Samples>
		<Samples TimeTag="2024-12-30T07:06:55" DepthTag="0.421">2.576 17.809 37.950 0.000 30.676 17.809 </Samples>
		<Samples TimeTag="2024-12-30T07:07:14" DepthTag="0.555">1.235 4.100 21.152 0.000 18.963 4.100 </Samples>
		<Samples TimeTag="2024-12-30T07:07:18" DepthTag="0.656">1.766 11.582 45.096 0.000 33.895 11.582 </Samples>
		<Samples TimeTag="2024-12-30T07:07:21" DepthTag="0.762">1.748 15.560 38.906 0.000 30.552 15.560 </Samples>
		<Samples TimeTag="2024-12-30T07:07:23" DepthTag="0.869">3.641 16.065 34.655 0.000 32.753 16.065 </Samples>
		<Samples TimeTag="2024-12-30T07:07:24" DepthTag="0.973">4.331 16.386 35.487 0.000 31.865 16.386 </Samples>
		<Samples TimeTag="2024-12-30T07:07:47" DepthTag="1.078">1.457 4.835 21.868 0.000 24.945 4.835 </Samples>
		<Samples TimeTag="2024-12-30T07:07:48" DepthTag="1.183">6.002 6.533 37.854 0.000 30.425 6.533 </Samples>
		<Samples TimeTag="2024-12-30T07:07:52" DepthTag="1.292">1.637 16.539 39.192 0.000 28.759 16.539 </Samples>
		<Samples TimeTag="2024-12-30T07:07:54" DepthTag="1.399">3.646 18.375 39.442 0.000 28.717 18.375 </Samples>
		<Samples TimeTag="2024-12-30T07:07:56" DepthTag="1.502">3.333 17.473 40.893 0.000 32.965 17.473 </Samples>
		<Samples TimeTag="2024-12-30T07:07:59" DepthTag="1.605">1.836 18.544 40.238 0.000 36.377 18.544 </Samples>
		<Samples TimeTag="2024-12-30T07:08:02" DepthTag="1.705">2.027 17.503 40.462 0.000 39.425 17.503 </Samples>
		<Samples TimeTag="2024-12-30T07:08:05" DepthTag="1.813">2.452 18.375 38.285 0.000 35.841 18.375 </Samples>
		<Samples TimeTag="2024-12-30T07:08:07" DepthTag="1.925">3.355 17.059 38.490 0.000 32.917 17.059 </Samples>
		<Samples TimeTag="2024-12-30T07:08:08" DepthTag="2.028">3.480 17.855 38.529 0.000 32.857 17.855 </Samples>
		<Samples TimeTag="2024-12-30T07:08:11" DepthTag="2.141">2.582 17.932 40.100 0.000 39.707 17.932 </Samples>
		<Samples TimeTag="2024-12-30T07:08:16" DepthTag="2.243">1.186 18.329 41.152 0.000 50.374 18.329 </Samples>
		<Samples TimeTag="2024-12-30T07:08:20" DepthTag="2.345">1.597 17.442 39.987 0.000 44.672 17.442 </Samples>
		<Samples TimeTag="2024-12-30T07:08:23" DepthTag="2.450">2.238 18.299 35.970 0.000 36.095 18.299 </Samples>
		<Samples TimeTag="2024-12-30T07:08:26" DepthTag="2.553">1.716 17.304 40.113 0.000 43.449 17.304 </Samples>
		<Samples TimeTag="2024-12-30T07:08:31" DepthTag="2.659">1.336 17.779 40.031 0.000 49.532 17.779 </Samples>
		<Samples TimeTag="2024-12-30T07:08:34" DepthTag="2.760">1.994 17.702 38.068 0.000 46.269 17.702 </Samples>
		<Samples TimeTag="2024-12-30T07:08:38" DepthTag="2.861">1.460 17.014 39.990 0.000 40.173 17.014 </Samples>
		<Samples TimeTag="2024-12-30T07:08:43" DepthTag="2.963">1.378 18.406 41.331 0.000 43.814 18.406 </Samples>
		<Samples TimeTag="2024-12-30T07:08:52" DepthTag="3.067">0.707 17.457 39.834 0.000 38.876 17.457 </Samples>
		<Samples TimeTag="2024-12-30T07:08:56" DepthTag="3.173">1.450 17.626 39.549 0.000 42.052 17.626 </Samples>
		<Samples TimeTag="2024-12-30T07:09:01" DepthTag="3.274">1.372 18.253 39.818 0.000 42.948 18.253 </Samples>
		<Samples TimeTag="2024-12-30T07:09:05" DepthTag="3.375">1.328 17.442 41.406 0.000 42.919 17.442 </Samples>
		<Samples TimeTag="2024-12-30T07:09:12" DepthTag="3.477">0.850 18.207 39.630 0.000 36.792 18.207 </Samples>
		<Samples TimeTag="2024-12-30T07:09:57" DepthTag="3.578">0.356 13.724 48.036 0.000 46.289 13.724 </Samples>
		<Samples TimeTag="2024-12-30T07:10:03" DepthTag="3.679">0.925 16.662 47.815 0.000 40.991 16.662 </Samples>
		<Samples TimeTag="2024-12-30T07:10:10" DepthTag="3.783">0.914 17.641 48.356 0.000 43.728 17.641 </Samples>
		<Samples TimeTag="2024-12-30T07:10:17" DepthTag="3.886">0.927 18.023 48.228 0.000 38.527 18.023 </Samples>
		<Samples TimeTag="2024-12-30T07:10:21" DepthTag="3.989">1.577 18.268 47.298 0.000 42.889 18.268 </Samples>
		<Samples TimeTag="2024-12-30T07:10:24" DepthTag="4.095">1.843 18.284 47.041 0.000 43.371 18.284 </Samples>
		<Samples TimeTag="2024-12-30T07:10:26" DepthTag="4.195">2.775 18.314 47.671 0.000 45.119 18.314 </Samples>
		<Samples TimeTag="2024-12-30T07:10:28" DepthTag="4.297">3.049 18.375 48.555 0.000 36.745 18.375 </Samples>
		<Samples TimeTag="2024-12-30T07:10:34" DepthTag="4.401">1.035 18.146 48.343 0.000 45.025 18.146 </Samples>
		<Samples TimeTag="2024-12-30T07:10:40" DepthTag="4.503">1.025 18.100 48.335 0.000 45.550 18.100 </Samples>
		<Samples TimeTag="2024-12-30T07:10:46" DepthTag="4.606">1.024 18.023 48.788 0.000 41.338 18.023 </Samples>
		<Samples TimeTag="2024-12-30T07:10:55" DepthTag="4.708">0.669 17.993 47.773 0.000 40.028 17.993 </Samples>
		<Samples TimeTag="2024-12-30T07:10:59" DepthTag="4.819">1.732 18.008 45.550 0.000 37.705 18.008 </Samples>
		<Samples TimeTag="2024-12-30T07:11:01" DepthTag="4.925">2.922 18.115 47.095 0.000 37.518 18.115 </Samples>
		<Samples TimeTag="2024-12-30T07:11:04" DepthTag="5.029">2.603 18.039 41.403 0.000 38.107 18.039 </Samples>
		<Samples TimeTag="2024-12-30T07:11:07" DepthTag="5.134">2.130 17.564 40.570 0.000 40.731 17.564 </Samples>
	</CompactMWDdata>
	<IR:GenTrailer>
		<IR:FileCloseDate>2024-12-30T07:12:32</IR:FileCloseDate>
		<IR:ChkSum>2053499801</IR:ChkSum>
	</IR:GenTrailer>
</DRMWD>
