<?xml version="1.0" encoding="UTF-8"?>
<!-- Generated by the RCS System Epiroc Rock Drills AB -->
<DRMWD xmlns="http://www.iredes.org/xml/DrillRig" xmlns:IR="http://www.iredes.org/xml" xmlns:xsi="http://www.w3.org/2001/XMLSchema-instance" xsi:schemaLocation="http://www.iredes.org/xml/DrillRig C:\Iredes\IR_V1.2.3\xml\DR-DrillRig_V1.2\DrillRig.xsd" IRVersion="V 1.2AC" IRDownwCompat="V 1.2AC" DRMWDDownwCompat="V 1.2AC" DRMWDVersion="V 1.2AC">
	<IR:GenHead>
		<IR:FileCreateDate>2024-12-29T08:12:04</IR:FileCreateDate>
		<IR:IRversion DownwCompat="V 1.0">V 1.2AC</IR:IRversion>
		<IR:EquipmentInfo>
			<IR:EqpManufact>Epiroc</IR:EqpManufact>
			<IR:EqpType>SmartROC D65</IR:EqpType>
			<IR:EqpSerNo>8992013064</IR:EqpSerNo>
			<IR:EqpSysVer>6.28.1</IR:EqpSysVer>
			<IR:EqpInfo>DrillingMethod: DTH</IR:EqpInfo>
		</IR:EquipmentInfo>
	</IR:GenHead>
	<IR:ReportId>MWDRI290812</IR:ReportId>
	<IR:StartLogTime>2024-12-29T07:50:17</IR:StartLogTime>
	<IR:EndLogTime>2024-12-29T08:10:51</IR:EndLogTime>
	<IR:PlanIdRef>TRN08_21_0530_001_All</IR:PlanIdRef>
	<IR:PlanNameRef>TRN08_21_0530_001_All</IR:PlanNameRef>
	<MWDholeId>K42</MWDholeId>
	<QualityReportIdRef>DQRI272324</QualityReportIdRef>
	<SampleDistance>0.100</SampleDistance>
	<CompactMWDdata>
		<MWDparams>
			<Parameter Unit="m/min" Full="PenetrRate">PR</Parameter>
			<Parameter Unit="Bar" Full="PercPressure">PP</Parameter>
			<Parameter Unit="Bar" Full="FeedPressure">FP</Parameter>
			<Parameter Unit="Bar" Full="DampPressure">DP</Parameter>
			<Parameter Unit="Bar" Full="RotPressure">RP</Parameter>
			<Parameter Unit="Bar" Full="FlushPressure">FLP</Parameter>
		</MWDparams>
		<Samples TimeTag="2024-12-29T07:50:17" DepthTag="0.102">1.269 13.984 43.045 0.000 20.544 13.984 </Samples>
		<Samples TimeTag="2024-12-29T07:50:22" DepthTag="0.204">1.312 15.667 44.421 0.000 20.544 15.667 </Samples>
		<Samples TimeTag="2024-12-29T07:50:26" DepthTag="0.314">1.497 16.570 36.739 0.000 35.682 16.570 </Samples>
		<Samples TimeTag="2024-12-29T07:50:29" DepthTag="0.417">2.215 15.958 41.583 0.000 48.468 15.958 </Samples>
		<Samples TimeTag="2024-12-29T07:50:33" DepthTag="0.523">1.678 15.545 40.126 0.000 41.597 15.545 </Samples>
		<Samples TimeTag="2024-12-29T08:04:17" DepthTag="0.624">0.813 5.891 44.906 0.000 42.957 5.891 </Samples>
		<Samples TimeTag="2024-12-29T08:04:23" DepthTag="0.728">1.073 12.515 41.209 0.000 46.208 12.515 </Samples>
		<Samples TimeTag="2024-12-29T08:04:27" DepthTag="0.831">1.427 13.847 40.508 0.000 46.997 13.847 </Samples>
		<Samples TimeTag="2024-12-29T08:04:31" DepthTag="0.934">1.532 14.520 39.939 0.000 46.094 14.520 </Samples>
		<Samples TimeTag="2024-12-29T08:05:03" DepthTag="1.034">0.616 12.730 45.045 0.000 49.146 12.730 </Samples>
		<Samples TimeTag="2024-12-29T08:05:11" DepthTag="1.137">0.700 16.922 38.349 0.000 43.010 16.922 </Samples>
		<Samples TimeTag="2024-12-29T08:05:15" DepthTag="1.239">1.615 16.065 38.367 0.000 41.902 16.065 </Samples>
		<Samples TimeTag="2024-12-29T08:05:19" DepthTag="1.345">1.648 15.530 39.583 0.000 43.363 15.530 </Samples>
		<Samples TimeTag="2024-12-29T08:05:23" DepthTag="1.448">1.640 15.392 40.610 0.000 45.700 15.392 </Samples>
		<Samples TimeTag="2024-12-29T08:05:51" DepthTag="1.561">0.829 16.891 37.321 0.000 32.943 16.891 </Samples>
		<Samples TimeTag="2024-12-29T08:05:56" DepthTag="1.661">1.188 17.993 44.587 0.000 52.084 17.993 </Samples>
		<Samples TimeTag="2024-12-29T08:06:01" DepthTag="1.766">1.213 18.635 45.318 0.000 45.962 18.635 </Samples>
		<Samples TimeTag="2024-12-29T08:06:05" DepthTag="1.869">1.640 18.697 44.808 0.000 45.317 18.697 </Samples>
		<Samples TimeTag="2024-12-29T08:06:09" DepthTag="1.972">1.349 19.217 45.863 0.000 48.124 19.217 </Samples>
		<Samples TimeTag="2024-12-29T08:06:15" DepthTag="2.072">1.001 21.007 45.735 0.000 51.954 21.007 </Samples>
		<Samples TimeTag="2024-12-29T08:06:26" DepthTag="2.174">0.576 18.590 42.335 0.000 44.932 18.590 </Samples>
		<Samples TimeTag="2024-12-29T08:06:29" DepthTag="2.277">1.798 18.758 44.418 0.000 52.655 18.758 </Samples>
		<Samples TimeTag="2024-12-29T08:06:33" DepthTag="2.382">1.736 18.590 44.559 0.000 44.559 18.590 </Samples>
		<Samples TimeTag="2024-12-29T08:06:36" DepthTag="2.487">1.793 18.559 44.830 0.000 47.191 18.559 </Samples>
		<Samples TimeTag="2024-12-29T08:06:40" DepthTag="2.589">1.593 18.590 44.808 0.000 43.882 18.590 </Samples>
		<Samples TimeTag="2024-12-29T08:06:44" DepthTag="2.690">1.599 18.666 44.635 0.000 46.391 18.666 </Samples>
		<Samples TimeTag="2024-12-29T08:06:48" DepthTag="2.792">1.523 18.957 44.704 0.000 45.856 18.957 </Samples>
		<Samples TimeTag="2024-12-29T08:06:53" DepthTag="2.894">1.282 19.783 45.305 0.000 53.860 19.783 </Samples>
		<Samples TimeTag="2024-12-29T08:06:58" DepthTag="2.997">1.185 20.273 45.468 0.000 47.110 20.273 </Samples>
		<Samples TimeTag="2024-12-29T08:07:04" DepthTag="3.099">1.009 21.053 45.127 0.000 47.076 21.053 </Samples>
		<Samples TimeTag="2024-12-29T08:07:10" DepthTag="3.203">1.018 21.955 44.293 0.000 47.757 21.955 </Samples>
		<Samples TimeTag="2024-12-29T08:07:17" DepthTag="3.307">0.861 23.639 45.076 0.000 45.060 23.639 </Samples>
		<Samples TimeTag="2024-12-29T08:07:24" DepthTag="3.410">0.886 24.511 44.834 0.000 36.109 24.511 </Samples>
		<Samples TimeTag="2024-12-29T08:07:33" DepthTag="3.510">0.668 15.025 44.528 0.000 56.284 15.025 </Samples>
		<Samples TimeTag="2024-12-29T08:07:41" DepthTag="3.612">0.823 19.737 44.656 0.000 53.437 19.737 </Samples>
		<Samples TimeTag="2024-12-29T08:07:47" DepthTag="3.712">0.941 21.726 44.901 0.000 48.958 21.726 </Samples>
		<Samples TimeTag="2024-12-29T08:07:53" DepthTag="3.812">0.973 23.639 45.091 0.000 48.662 23.639 </Samples>
		<Samples TimeTag="2024-12-29T08:08:10" DepthTag="3.913">0.363 14.933 43.245 0.000 49.027 14.933 </Samples>
		<Samples TimeTag="2024-12-29T08:08:17" DepthTag="4.014">0.890 19.553 45.581 0.000 55.219 19.553 </Samples>
		<Samples TimeTag="2024-12-29T08:08:26" DepthTag="4.116">0.697 23.883 45.676 0.000 45.655 23.883 </Samples>
		<Samples TimeTag="2024-12-29T08:08:38" DepthTag="4.217">0.480 14.963 46.126 0.000 58.007 14.963 </Samples>
		<Samples TimeTag="2024-12-29T08:08:46" DepthTag="4.318">0.803 20.823 45.021 0.000 49.538 20.823 </Samples>
		<Samples TimeTag="2024-12-29T08:08:53" DepthTag="4.421">0.874 23.516 43.720 0.000 46.971 23.516 </Samples>
		<Samples TimeTag="2024-12-29T08:08:58" DepthTag="4.521">1.074 24.113 44.880 0.000 45.887 24.113 </Samples>
		<Samples TimeTag="2024-12-29T08:09:13" DepthTag="4.623">0.432 14.627 44.817 0.000 58.932 14.627 </Samples>
		<Samples TimeTag="2024-12-29T08:09:24" DepthTag="4.731">0.546 23.608 44.350 0.000 50.413 23.608 </Samples>
		<Samples TimeTag="2024-12-29T08:09:30" DepthTag="4.832">1.081 24.572 44.040 0.000 47.021 24.572 </Samples>
		<Samples TimeTag="2024-12-29T08:09:35" DepthTag="4.934">1.233 24.480 39.051 0.000 45.593 24.480 </Samples>
		<Samples TimeTag="2024-12-29T08:10:51" DepthTag="5.041">1.085 5.340 23.415 0.000 41.431 5.340 </Samples>
	</CompactMWDdata>
	<IR:GenTrailer>
		<IR:FileCloseDate>2024-12-29T08:12:04</IR:FileCloseDate>
		<IR:ChkSum>1172164357</IR:ChkSum>
	</IR:GenTrailer>
</DRMWD>
