<?xml version="1.0" encoding="UTF-8"?>
<!-- Generated by the RCS System Epiroc Rock Drills AB -->
<DRMWD xmlns="http://www.iredes.org/xml/DrillRig" xmlns:IR="http://www.iredes.org/xml" xmlns:xsi="http://www.w3.org/2001/XMLSchema-instance" xsi:schemaLocation="http://www.iredes.org/xml/DrillRig C:\Iredes\IR_V1.2.3\xml\DR-DrillRig_V1.2\DrillRig.xsd" IRVersion="V 1.2AC" IRDownwCompat="V 1.2AC" DRMWDDownwCompat="V 1.2AC" DRMWDVersion="V 1.2AC">
	<IR:GenHead>
		<IR:FileCreateDate>2024-12-30T01:43:03</IR:FileCreateDate>
		<IR:IRversion DownwCompat="V 1.0">V 1.2AC</IR:IRversion>
		<IR:EquipmentInfo>
			<IR:EqpManufact>Epiroc</IR:EqpManufact>
			<IR:EqpType>SmartROC D65</IR:EqpType>
			<IR:EqpSerNo>8992013064</IR:EqpSerNo>
			<IR:EqpSysVer>6.28.1</IR:EqpSysVer>
			<IR:EqpInfo>DrillingMethod: DTH</IR:EqpInfo>
		</IR:EquipmentInfo>
	</IR:GenHead>
	<IR:ReportId>MWDRI300143</IR:ReportId>
	<IR:StartLogTime>2024-12-30T01:38:15</IR:StartLogTime>
	<IR:EndLogTime>2024-12-30T01:41:39</IR:EndLogTime>
	<IR:PlanIdRef>TRN09_24_0486_015_All</IR:PlanIdRef>
	<IR:PlanNameRef>TRN09_24_0486_015_All</IR:PlanNameRef>
	<MWDholeId>Y49</MWDholeId>
	<QualityReportIdRef>DQRI291907</QualityReportIdRef>
	<SampleDistance>0.100</SampleDistance>
	<CompactMWDdata>
		<MWDparams>
			<Parameter Unit="m/min" Full="PenetrRate">PR</Parameter>
			<Parameter Unit="Bar" Full="PercPressure">PP</Parameter>
			<Parameter Unit="Bar" Full="FeedPressure">FP</Parameter>
			<Parameter Unit="Bar" Full="DampPressure">DP</Parameter>
			<Parameter Unit="Bar" Full="RotPressure">RP</Parameter>
			<Parameter Unit="Bar" Full="FlushPressure">FLP</Parameter>
		</MWDparams>
		<Samples TimeTag="2024-12-30T01:38:15" DepthTag="0.102">0.652 11.521 41.422 0.000 21.169 11.521 </Samples>
		<Samples TimeTag="2024-12-30T01:38:18" DepthTag="0.202">1.884 13.326 42.782 0.000 20.978 13.326 </Samples>
		<Samples TimeTag="2024-12-30T01:38:21" DepthTag="0.308">1.874 14.244 41.506 0.000 37.446 14.244 </Samples>
		<Samples TimeTag="2024-12-30T01:38:25" DepthTag="0.409">1.514 14.963 41.114 0.000 36.773 14.963 </Samples>
		<Samples TimeTag="2024-12-30T01:38:30" DepthTag="0.509">1.292 15.269 40.145 0.000 34.144 15.269 </Samples>
		<Samples TimeTag="2024-12-30T01:38:51" DepthTag="0.610">0.776 8.706 47.552 0.000 44.663 8.706 </Samples>
		<Samples TimeTag="2024-12-30T01:38:58" DepthTag="0.710">0.915 16.187 41.194 0.000 34.199 16.187 </Samples>
		<Samples TimeTag="2024-12-30T01:39:03" DepthTag="0.811">1.218 16.356 39.611 0.000 35.229 16.356 </Samples>
		<Samples TimeTag="2024-12-30T01:39:06" DepthTag="0.917">2.265 16.065 37.750 0.000 33.090 16.065 </Samples>
		<Samples TimeTag="2024-12-30T01:39:08" DepthTag="1.022">2.808 14.719 22.548 0.000 27.236 14.719 </Samples>
		<Samples TimeTag="2024-12-30T01:39:32" DepthTag="1.123">0.953 7.757 46.428 0.000 32.664 7.757 </Samples>
		<Samples TimeTag="2024-12-30T01:39:37" DepthTag="1.227">1.413 16.753 41.105 0.000 28.248 16.753 </Samples>
		<Samples TimeTag="2024-12-30T01:39:42" DepthTag="1.330">1.231 18.023 41.379 0.000 28.108 18.023 </Samples>
		<Samples TimeTag="2024-12-30T01:39:47" DepthTag="1.435">1.172 18.360 37.293 0.000 32.771 18.360 </Samples>
		<Samples TimeTag="2024-12-30T01:39:50" DepthTag="1.541">2.263 17.167 39.580 0.000 45.285 17.167 </Samples>
		<Samples TimeTag="2024-12-30T01:39:53" DepthTag="1.648">2.284 17.993 37.744 0.000 39.528 17.993 </Samples>
		<Samples TimeTag="2024-12-30T01:39:56" DepthTag="1.755">2.281 17.733 40.515 0.000 38.736 17.733 </Samples>
		<Samples TimeTag="2024-12-30T01:39:58" DepthTag="1.862">2.499 17.641 38.745 0.000 36.965 17.641 </Samples>
		<Samples TimeTag="2024-12-30T01:40:01" DepthTag="1.965">2.754 18.360 38.701 0.000 37.576 18.360 </Samples>
		<Samples TimeTag="2024-12-30T01:40:03" DepthTag="2.073">2.993 17.136 39.719 0.000 34.778 17.136 </Samples>
		<Samples TimeTag="2024-12-30T01:40:04" DepthTag="2.175">3.489 17.549 37.566 0.000 34.567 17.549 </Samples>
		<Samples TimeTag="2024-12-30T01:40:07" DepthTag="2.279">2.779 18.345 40.783 0.000 39.290 18.345 </Samples>
		<Samples TimeTag="2024-12-30T01:40:09" DepthTag="2.387">2.684 17.365 39.699 0.000 37.588 17.365 </Samples>
		<Samples TimeTag="2024-12-30T01:40:12" DepthTag="2.493">2.654 17.840 39.441 0.000 35.947 17.840 </Samples>
		<Samples TimeTag="2024-12-30T01:40:13" DepthTag="2.605">3.795 18.421 36.301 0.000 38.412 18.421 </Samples>
		<Samples TimeTag="2024-12-30T01:40:15" DepthTag="2.713">4.496 18.712 31.788 0.000 35.774 18.712 </Samples>
		<Samples TimeTag="2024-12-30T01:40:16" DepthTag="2.819">3.954 17.350 41.954 0.000 34.240 17.350 </Samples>
		<Samples TimeTag="2024-12-30T01:40:18" DepthTag="2.925">3.627 17.809 40.972 0.000 31.678 17.809 </Samples>
		<Samples TimeTag="2024-12-30T01:40:20" DepthTag="3.033">2.882 18.498 43.269 0.000 33.558 18.498 </Samples>
		<Samples TimeTag="2024-12-30T01:40:22" DepthTag="3.137">2.895 17.534 40.889 0.000 34.780 17.534 </Samples>
		<Samples TimeTag="2024-12-30T01:40:25" DepthTag="3.246">2.711 17.886 41.720 0.000 38.691 17.886 </Samples>
		<Samples TimeTag="2024-12-30T01:40:27" DepthTag="3.347">2.507 18.513 41.172 0.000 38.574 18.513 </Samples>
		<Samples TimeTag="2024-12-30T01:40:30" DepthTag="3.449">2.183 17.274 41.465 0.000 42.359 17.274 </Samples>
		<Samples TimeTag="2024-12-30T01:41:04" DepthTag="3.573">1.162 4.269 21.221 0.000 25.958 4.269 </Samples>
		<Samples TimeTag="2024-12-30T01:41:07" DepthTag="3.677">1.994 11.444 45.217 0.000 48.213 11.444 </Samples>
		<Samples TimeTag="2024-12-30T01:41:10" DepthTag="3.782">1.967 15.361 47.076 0.000 43.108 15.361 </Samples>
		<Samples TimeTag="2024-12-30T01:41:13" DepthTag="3.886">2.359 16.570 46.858 0.000 43.214 16.570 </Samples>
		<Samples TimeTag="2024-12-30T01:41:15" DepthTag="3.989">2.568 17.274 47.949 0.000 44.036 17.274 </Samples>
		<Samples TimeTag="2024-12-30T01:41:18" DepthTag="4.092">2.198 17.901 48.194 0.000 41.481 17.901 </Samples>
		<Samples TimeTag="2024-12-30T01:41:21" DepthTag="4.197">1.861 18.253 49.457 0.000 43.930 18.253 </Samples>
		<Samples TimeTag="2024-12-30T01:41:24" DepthTag="4.307">2.056 18.345 48.268 0.000 39.139 18.345 </Samples>
		<Samples TimeTag="2024-12-30T01:41:28" DepthTag="4.410">1.840 18.513 47.521 0.000 44.544 18.513 </Samples>
		<Samples TimeTag="2024-12-30T01:41:33" DepthTag="4.513">1.287 17.702 41.175 0.000 46.679 17.702 </Samples>
		<Samples TimeTag="2024-12-30T01:41:39" DepthTag="4.614">0.920 17.855 40.568 0.000 43.470 17.855 </Samples>
	</CompactMWDdata>
	<IR:GenTrailer>
		<IR:FileCloseDate>2024-12-30T01:43:03</IR:FileCloseDate>
		<IR:ChkSum>0021186037</IR:ChkSum>
	</IR:GenTrailer>
</DRMWD>
