<?xml version="1.0" encoding="UTF-8"?>
<!-- Generated by the RCS System Epiroc Rock Drills AB -->
<DRMWD xmlns="http://www.iredes.org/xml/DrillRig" xmlns:IR="http://www.iredes.org/xml" xmlns:xsi="http://www.w3.org/2001/XMLSchema-instance" xsi:schemaLocation="http://www.iredes.org/xml/DrillRig C:\Iredes\IR_V1.2.3\xml\DR-DrillRig_V1.2\DrillRig.xsd" IRVersion="V 1.2AC" IRDownwCompat="V 1.2AC" DRMWDDownwCompat="V 1.2AC" DRMWDVersion="V 1.2AC">
	<IR:GenHead>
		<IR:FileCreateDate>2024-12-29T16:06:51</IR:FileCreateDate>
		<IR:IRversion DownwCompat="V 1.0">V 1.2AC</IR:IRversion>
		<IR:EquipmentInfo>
			<IR:EqpManufact>Epiroc</IR:EqpManufact>
			<IR:EqpType>SmartROC D65</IR:EqpType>
			<IR:EqpSerNo>8992013064</IR:EqpSerNo>
			<IR:EqpSysVer>6.28.1</IR:EqpSysVer>
			<IR:EqpInfo>DrillingMethod: DTH</IR:EqpInfo>
		</IR:EquipmentInfo>
	</IR:GenHead>
	<IR:ReportId>MWDRI291606</IR:ReportId>
	<IR:StartLogTime>2024-12-29T15:53:43</IR:StartLogTime>
	<IR:EndLogTime>2024-12-29T16:01:18</IR:EndLogTime>
	<IR:PlanIdRef>TRN08_21_0530_001_All</IR:PlanIdRef>
	<IR:PlanNameRef>TRN08_21_0530_001_All</IR:PlanNameRef>
	<MWDholeId>I41</MWDholeId>
	<QualityReportIdRef>DQRI272324</QualityReportIdRef>
	<SampleDistance>0.100</SampleDistance>
	<CompactMWDdata>
		<MWDparams>
			<Parameter Unit="m/min" Full="PenetrRate">PR</Parameter>
			<Parameter Unit="Bar" Full="PercPressure">PP</Parameter>
			<Parameter Unit="Bar" Full="FeedPressure">FP</Parameter>
			<Parameter Unit="Bar" Full="DampPressure">DP</Parameter>
			<Parameter Unit="Bar" Full="RotPressure">RP</Parameter>
			<Parameter Unit="Bar" Full="FlushPressure">FLP</Parameter>
		</MWDparams>
		<Samples TimeTag="2024-12-29T15:53:43" DepthTag="0.101">1.112 14.045 47.552 0.000 20.544 14.045 </Samples>
		<Samples TimeTag="2024-12-29T15:53:52" DepthTag="0.203">0.697 16.509 36.660 0.000 38.266 16.509 </Samples>
		<Samples TimeTag="2024-12-29T15:53:55" DepthTag="0.308">2.395 16.034 38.922 0.000 45.013 16.034 </Samples>
		<Samples TimeTag="2024-12-29T15:53:57" DepthTag="0.411">2.405 15.637 39.662 0.000 52.107 15.637 </Samples>
		<Samples TimeTag="2024-12-29T15:54:00" DepthTag="0.514">2.321 14.198 23.408 0.000 42.387 14.198 </Samples>
		<Samples TimeTag="2024-12-29T15:54:20" DepthTag="0.616">0.811 9.746 46.470 0.000 54.646 9.746 </Samples>
		<Samples TimeTag="2024-12-29T15:54:25" DepthTag="0.719">1.293 13.326 40.818 0.000 54.278 13.326 </Samples>
		<Samples TimeTag="2024-12-29T15:54:29" DepthTag="0.824">1.572 14.107 40.633 0.000 47.124 14.107 </Samples>
		<Samples TimeTag="2024-12-29T15:54:33" DepthTag="0.928">1.578 14.535 39.899 0.000 51.007 14.535 </Samples>
		<Samples TimeTag="2024-12-29T15:54:58" DepthTag="1.036">0.832 4.192 25.382 0.000 27.607 4.192 </Samples>
		<Samples TimeTag="2024-12-29T15:55:04" DepthTag="1.136">1.025 12.118 41.586 0.000 50.717 12.118 </Samples>
		<Samples TimeTag="2024-12-29T15:55:08" DepthTag="1.236">1.444 13.739 40.058 0.000 52.012 13.739 </Samples>
		<Samples TimeTag="2024-12-29T15:55:13" DepthTag="1.337">1.322 14.918 40.658 0.000 52.118 14.918 </Samples>
		<Samples TimeTag="2024-12-29T15:55:18" DepthTag="1.441">1.141 15.591 40.127 0.000 49.364 15.591 </Samples>
		<Samples TimeTag="2024-12-29T15:55:49" DepthTag="1.551">0.788 4.927 30.739 0.000 31.108 4.927 </Samples>
		<Samples TimeTag="2024-12-29T15:55:55" DepthTag="1.653">1.062 14.872 42.109 0.000 55.147 14.872 </Samples>
		<Samples TimeTag="2024-12-29T15:55:59" DepthTag="1.754">1.441 17.075 40.914 0.000 54.684 17.075 </Samples>
		<Samples TimeTag="2024-12-29T15:56:04" DepthTag="1.857">1.223 18.727 40.301 0.000 54.984 18.727 </Samples>
		<Samples TimeTag="2024-12-29T15:56:09" DepthTag="1.959">1.232 19.645 40.004 0.000 38.233 19.645 </Samples>
		<Samples TimeTag="2024-12-29T15:56:12" DepthTag="2.062">1.847 19.492 39.209 0.000 48.686 19.492 </Samples>
		<Samples TimeTag="2024-12-29T15:56:16" DepthTag="2.168">1.758 19.201 39.974 0.000 53.288 19.201 </Samples>
		<Samples TimeTag="2024-12-29T15:56:19" DepthTag="2.273">1.823 19.247 40.191 0.000 55.005 19.247 </Samples>
		<Samples TimeTag="2024-12-29T15:56:24" DepthTag="2.373">1.315 19.966 39.980 0.000 54.834 19.966 </Samples>
		<Samples TimeTag="2024-12-29T15:56:28" DepthTag="2.475">1.333 20.670 39.220 0.000 49.826 20.670 </Samples>
		<Samples TimeTag="2024-12-29T15:56:56" DepthTag="2.576">1.097 12.179 45.665 0.000 53.966 12.179 </Samples>
		<Samples TimeTag="2024-12-29T15:57:01" DepthTag="2.681">1.074 17.014 40.282 0.000 47.499 17.014 </Samples>
		<Samples TimeTag="2024-12-29T15:57:05" DepthTag="2.785">1.562 18.238 40.298 0.000 53.560 18.238 </Samples>
		<Samples TimeTag="2024-12-29T15:57:13" DepthTag="2.889">0.826 18.987 34.962 0.000 38.388 18.987 </Samples>
		<Samples TimeTag="2024-12-29T15:57:19" DepthTag="2.989">0.999 21.925 39.660 0.000 50.812 21.925 </Samples>
		<Samples TimeTag="2024-12-29T15:57:24" DepthTag="3.095">1.278 21.298 39.933 0.000 48.547 21.298 </Samples>
		<Samples TimeTag="2024-12-29T15:57:28" DepthTag="3.197">1.524 21.344 40.367 0.000 48.933 21.344 </Samples>
		<Samples TimeTag="2024-12-29T15:57:33" DepthTag="3.299">1.273 21.619 40.742 0.000 55.486 21.619 </Samples>
		<Samples TimeTag="2024-12-29T15:57:38" DepthTag="3.405">1.221 22.063 40.166 0.000 51.695 22.063 </Samples>
		<Samples TimeTag="2024-12-29T15:58:05" DepthTag="3.524">0.818 4.896 32.952 0.000 35.335 4.896 </Samples>
		<Samples TimeTag="2024-12-29T15:58:11" DepthTag="3.627">1.025 15.943 42.464 0.000 58.524 15.943 </Samples>
		<Samples TimeTag="2024-12-29T15:58:18" DepthTag="3.727">0.788 21.435 40.282 0.000 42.806 21.435 </Samples>
		<Samples TimeTag="2024-12-29T15:58:23" DepthTag="3.830">1.481 21.466 39.455 0.000 48.755 21.466 </Samples>
		<Samples TimeTag="2024-12-29T15:58:31" DepthTag="3.930">0.751 18.023 41.567 0.000 56.807 18.023 </Samples>
		<Samples TimeTag="2024-12-29T15:58:40" DepthTag="4.034">0.633 19.186 39.041 0.000 46.000 19.186 </Samples>
		<Samples TimeTag="2024-12-29T15:58:46" DepthTag="4.134">1.074 18.299 40.881 0.000 54.582 18.299 </Samples>
		<Samples TimeTag="2024-12-29T15:58:52" DepthTag="4.235">0.976 20.318 40.907 0.000 57.701 20.318 </Samples>
		<Samples TimeTag="2024-12-29T15:59:01" DepthTag="4.338">0.706 13.847 38.525 0.000 50.004 13.847 </Samples>
		<Samples TimeTag="2024-12-29T15:59:07" DepthTag="4.440">0.945 19.140 40.665 0.000 48.757 19.140 </Samples>
		<Samples TimeTag="2024-12-29T15:59:46" DepthTag="4.540">0.737 7.864 44.220 0.000 48.108 7.864 </Samples>
		<Samples TimeTag="2024-12-29T16:00:24" DepthTag="4.645">0.238 4.605 36.942 0.000 40.514 4.605 </Samples>
		<Samples TimeTag="2024-12-29T16:00:30" DepthTag="4.746">1.127 14.948 43.118 0.000 58.661 14.948 </Samples>
		<Samples TimeTag="2024-12-29T16:00:35" DepthTag="4.849">1.282 17.595 42.269 0.000 56.536 17.595 </Samples>
		<Samples TimeTag="2024-12-29T16:00:39" DepthTag="4.951">1.269 21.374 40.528 0.000 52.323 21.374 </Samples>
		<Samples TimeTag="2024-12-29T16:01:18" DepthTag="5.051">1.499 5.248 12.629 0.000 54.249 5.248 </Samples>
	</CompactMWDdata>
	<IR:GenTrailer>
		<IR:FileCloseDate>2024-12-29T16:06:51</IR:FileCloseDate>
		<IR:ChkSum>1927328094</IR:ChkSum>
	</IR:GenTrailer>
</DRMWD>
