<?xml version="1.0" encoding="UTF-8"?>
<!-- Generated by the RCS System Epiroc Rock Drills AB -->
<DRMWD xmlns="http://www.iredes.org/xml/DrillRig" xmlns:IR="http://www.iredes.org/xml" xmlns:xsi="http://www.w3.org/2001/XMLSchema-instance" xsi:schemaLocation="http://www.iredes.org/xml/DrillRig C:\Iredes\IR_V1.2.3\xml\DR-DrillRig_V1.2\DrillRig.xsd" IRVersion="V 1.2AC" IRDownwCompat="V 1.2AC" DRMWDDownwCompat="V 1.2AC" DRMWDVersion="V 1.2AC">
	<IR:GenHead>
		<IR:FileCreateDate>2024-12-30T12:41:06</IR:FileCreateDate>
		<IR:IRversion DownwCompat="V 1.0">V 1.2AC</IR:IRversion>
		<IR:EquipmentInfo>
			<IR:EqpManufact>Epiroc</IR:EqpManufact>
			<IR:EqpType>SmartROC D65</IR:EqpType>
			<IR:EqpSerNo>8992013064</IR:EqpSerNo>
			<IR:EqpSysVer>6.28.1</IR:EqpSysVer>
			<IR:EqpInfo>DrillingMethod: DTH</IR:EqpInfo>
		</IR:EquipmentInfo>
	</IR:GenHead>
	<IR:ReportId>MWDRI301241</IR:ReportId>
	<IR:StartLogTime>2024-12-30T12:36:28</IR:StartLogTime>
	<IR:EndLogTime>2024-12-30T12:39:46</IR:EndLogTime>
	<IR:PlanIdRef>TRN09_24_0486_015_All</IR:PlanIdRef>
	<IR:PlanNameRef>TRN09_24_0486_015_All</IR:PlanNameRef>
	<MWDholeId>Y26</MWDholeId>
	<QualityReportIdRef>DQRI291907</QualityReportIdRef>
	<SampleDistance>0.100</SampleDistance>
	<CompactMWDdata>
		<MWDparams>
			<Parameter Unit="m/min" Full="PenetrRate">PR</Parameter>
			<Parameter Unit="Bar" Full="PercPressure">PP</Parameter>
			<Parameter Unit="Bar" Full="FeedPressure">FP</Parameter>
			<Parameter Unit="Bar" Full="DampPressure">DP</Parameter>
			<Parameter Unit="Bar" Full="RotPressure">RP</Parameter>
			<Parameter Unit="Bar" Full="FlushPressure">FLP</Parameter>
		</MWDparams>
		<Samples TimeTag="2024-12-30T12:36:28" DepthTag="0.100">1.454 10.098 45.425 0.000 20.972 10.098 </Samples>
		<Samples TimeTag="2024-12-30T12:36:33" DepthTag="0.201">1.124 15.025 42.877 0.000 32.295 15.025 </Samples>
		<Samples TimeTag="2024-12-30T12:36:39" DepthTag="0.301">1.103 17.381 40.591 0.000 30.238 17.381 </Samples>
		<Samples TimeTag="2024-12-30T12:36:49" DepthTag="0.401">0.590 18.697 39.668 0.000 27.924 18.697 </Samples>
		<Samples TimeTag="2024-12-30T12:36:55" DepthTag="0.502">1.006 18.697 39.734 0.000 32.385 18.697 </Samples>
		<Samples TimeTag="2024-12-30T12:37:16" DepthTag="0.606">0.680 8.660 47.411 0.000 42.003 8.660 </Samples>
		<Samples TimeTag="2024-12-30T12:37:20" DepthTag="0.708">1.562 13.739 41.373 0.000 29.778 13.739 </Samples>
		<Samples TimeTag="2024-12-30T12:37:23" DepthTag="0.817">2.331 15.407 38.989 0.000 30.983 15.407 </Samples>
		<Samples TimeTag="2024-12-30T12:37:26" DepthTag="0.921">2.214 16.631 41.153 0.000 28.140 16.631 </Samples>
		<Samples TimeTag="2024-12-30T12:37:29" DepthTag="1.021">1.747 11.796 1.130 0.000 16.783 11.796 </Samples>
		<Samples TimeTag="2024-12-30T12:37:51" DepthTag="1.123">1.517 7.650 41.564 0.000 33.177 7.650 </Samples>
		<Samples TimeTag="2024-12-30T12:37:54" DepthTag="1.228">1.674 14.856 42.056 0.000 36.201 14.856 </Samples>
		<Samples TimeTag="2024-12-30T12:37:57" DepthTag="1.330">2.324 16.723 38.825 0.000 32.358 16.723 </Samples>
		<Samples TimeTag="2024-12-30T12:37:59" DepthTag="1.435">3.579 17.488 35.363 0.000 27.330 17.488 </Samples>
		<Samples TimeTag="2024-12-30T12:38:00" DepthTag="1.544">4.766 18.207 36.175 0.000 26.367 18.207 </Samples>
		<Samples TimeTag="2024-12-30T12:38:01" DepthTag="1.645">5.050 18.605 35.103 0.000 26.333 18.605 </Samples>
		<Samples TimeTag="2024-12-30T12:38:02" DepthTag="1.747">5.876 17.656 35.081 0.000 24.252 17.656 </Samples>
		<Samples TimeTag="2024-12-30T12:38:05" DepthTag="1.858">2.759 19.125 42.357 0.000 24.915 19.125 </Samples>
		<Samples TimeTag="2024-12-30T12:38:07" DepthTag="1.963">2.920 18.421 41.850 0.000 25.169 18.421 </Samples>
		<Samples TimeTag="2024-12-30T12:38:08" DepthTag="2.065">4.245 18.635 36.551 0.000 23.867 18.635 </Samples>
		<Samples TimeTag="2024-12-30T12:38:10" DepthTag="2.173">3.675 18.115 38.726 0.000 23.648 18.115 </Samples>
		<Samples TimeTag="2024-12-30T12:38:11" DepthTag="2.275">4.231 19.033 38.227 0.000 24.969 19.033 </Samples>
		<Samples TimeTag="2024-12-30T12:38:15" DepthTag="2.383">2.023 18.880 42.591 0.000 35.664 18.880 </Samples>
		<Samples TimeTag="2024-12-30T12:38:17" DepthTag="2.495">3.103 17.641 36.368 0.000 29.633 17.641 </Samples>
		<Samples TimeTag="2024-12-30T12:38:21" DepthTag="2.599">1.485 17.886 39.980 0.000 23.738 17.886 </Samples>
		<Samples TimeTag="2024-12-30T12:38:23" DepthTag="2.707">3.529 19.003 35.528 0.000 25.121 19.003 </Samples>
		<Samples TimeTag="2024-12-30T12:38:25" DepthTag="2.818">2.776 18.161 39.682 0.000 33.373 18.161 </Samples>
		<Samples TimeTag="2024-12-30T12:38:29" DepthTag="2.921">1.822 17.350 41.757 0.000 36.832 17.350 </Samples>
		<Samples TimeTag="2024-12-30T12:38:32" DepthTag="3.028">1.999 18.329 39.811 0.000 34.308 18.329 </Samples>
		<Samples TimeTag="2024-12-30T12:38:35" DepthTag="3.132">1.859 17.274 39.539 0.000 39.671 17.274 </Samples>
		<Samples TimeTag="2024-12-30T12:38:38" DepthTag="3.243">2.525 18.115 37.464 0.000 33.692 18.115 </Samples>
		<Samples TimeTag="2024-12-30T12:38:39" DepthTag="3.344">3.771 18.528 35.947 0.000 28.236 18.528 </Samples>
		<Samples TimeTag="2024-12-30T12:38:41" DepthTag="3.457">4.983 17.671 36.299 0.000 22.798 17.671 </Samples>
		<Samples TimeTag="2024-12-30T12:39:13" DepthTag="3.563">0.953 3.963 22.852 0.000 25.735 3.963 </Samples>
		<Samples TimeTag="2024-12-30T12:39:17" DepthTag="3.666">1.710 12.179 46.964 0.000 47.956 12.179 </Samples>
		<Samples TimeTag="2024-12-30T12:39:21" DepthTag="3.767">1.399 15.774 47.860 0.000 50.008 15.774 </Samples>
		<Samples TimeTag="2024-12-30T12:39:24" DepthTag="3.869">2.000 16.952 47.193 0.000 60.204 16.952 </Samples>
		<Samples TimeTag="2024-12-30T12:39:27" DepthTag="3.971">1.920 17.886 47.709 0.000 56.102 17.886 </Samples>
		<Samples TimeTag="2024-12-30T12:39:32" DepthTag="4.074">1.353 18.467 48.120 0.000 52.265 18.467 </Samples>
		<Samples TimeTag="2024-12-30T12:39:37" DepthTag="4.177">1.234 18.758 47.528 0.000 46.338 18.758 </Samples>
		<Samples TimeTag="2024-12-30T12:39:40" DepthTag="4.278">1.900 18.911 47.732 0.000 49.180 18.911 </Samples>
		<Samples TimeTag="2024-12-30T12:39:43" DepthTag="4.381">2.025 16.753 41.820 0.000 42.824 16.753 </Samples>
		<Samples TimeTag="2024-12-30T12:39:46" DepthTag="4.483">2.377 15.744 39.085 0.000 54.433 15.744 </Samples>
	</CompactMWDdata>
	<IR:GenTrailer>
		<IR:FileCloseDate>2024-12-30T12:41:06</IR:FileCloseDate>
		<IR:ChkSum>2013651417</IR:ChkSum>
	</IR:GenTrailer>
</DRMWD>
