<?xml version="1.0" encoding="UTF-8"?>
<!-- Generated by the RCS System Epiroc Rock Drills AB -->
<DRMWD xmlns="http://www.iredes.org/xml/DrillRig" xmlns:IR="http://www.iredes.org/xml" xmlns:xsi="http://www.w3.org/2001/XMLSchema-instance" xsi:schemaLocation="http://www.iredes.org/xml/DrillRig C:\Iredes\IR_V1.2.3\xml\DR-DrillRig_V1.2\DrillRig.xsd" IRVersion="V 1.2AC" IRDownwCompat="V 1.2AC" DRMWDDownwCompat="V 1.2AC" DRMWDVersion="V 1.2AC">
	<IR:GenHead>
		<IR:FileCreateDate>2024-12-30T05:10:15</IR:FileCreateDate>
		<IR:IRversion DownwCompat="V 1.0">V 1.2AC</IR:IRversion>
		<IR:EquipmentInfo>
			<IR:EqpManufact>Epiroc</IR:EqpManufact>
			<IR:EqpType>SmartROC D65</IR:EqpType>
			<IR:EqpSerNo>8992013064</IR:EqpSerNo>
			<IR:EqpSysVer>6.28.1</IR:EqpSysVer>
			<IR:EqpInfo>DrillingMethod: DTH</IR:EqpInfo>
		</IR:EquipmentInfo>
	</IR:GenHead>
	<IR:ReportId>MWDRI300510</IR:ReportId>
	<IR:StartLogTime>2024-12-30T05:04:49</IR:StartLogTime>
	<IR:EndLogTime>2024-12-30T05:09:30</IR:EndLogTime>
	<IR:PlanIdRef>TRN09_24_0486_015_All</IR:PlanIdRef>
	<IR:PlanNameRef>TRN09_24_0486_015_All</IR:PlanNameRef>
	<MWDholeId>Y41</MWDholeId>
	<QualityReportIdRef>DQRI291907</QualityReportIdRef>
	<SampleDistance>0.100</SampleDistance>
	<CompactMWDdata>
		<MWDparams>
			<Parameter Unit="m/min" Full="PenetrRate">PR</Parameter>
			<Parameter Unit="Bar" Full="PercPressure">PP</Parameter>
			<Parameter Unit="Bar" Full="FeedPressure">FP</Parameter>
			<Parameter Unit="Bar" Full="DampPressure">DP</Parameter>
			<Parameter Unit="Bar" Full="RotPressure">RP</Parameter>
			<Parameter Unit="Bar" Full="FlushPressure">FLP</Parameter>
		</MWDparams>
		<Samples TimeTag="2024-12-30T05:04:49" DepthTag="0.100">0.564 17.855 36.657 0.000 22.025 17.855 </Samples>
		<Samples TimeTag="2024-12-30T05:04:51" DepthTag="0.209">2.325 17.564 39.519 0.000 33.293 17.564 </Samples>
		<Samples TimeTag="2024-12-30T05:04:58" DepthTag="0.311">0.930 18.054 39.165 0.000 30.274 18.054 </Samples>
		<Samples TimeTag="2024-12-30T05:05:03" DepthTag="0.412">1.260 18.054 38.619 0.000 27.535 18.054 </Samples>
		<Samples TimeTag="2024-12-30T05:05:12" DepthTag="0.514">0.697 19.033 39.695 0.000 21.275 19.033 </Samples>
		<Samples TimeTag="2024-12-30T05:05:39" DepthTag="0.616">0.424 18.880 38.853 0.000 29.655 18.880 </Samples>
		<Samples TimeTag="2024-12-30T05:05:43" DepthTag="0.719">1.539 18.666 39.635 0.000 30.531 18.666 </Samples>
		<Samples TimeTag="2024-12-30T05:05:48" DepthTag="0.821">1.110 18.773 40.256 0.000 31.556 18.773 </Samples>
		<Samples TimeTag="2024-12-30T05:05:53" DepthTag="0.924">1.399 17.855 37.345 0.000 28.113 17.855 </Samples>
		<Samples TimeTag="2024-12-30T05:05:55" DepthTag="1.035">2.513 17.090 32.874 0.000 25.780 17.090 </Samples>
		<Samples TimeTag="2024-12-30T05:06:18" DepthTag="1.141">1.236 7.941 36.747 0.000 25.660 7.941 </Samples>
		<Samples TimeTag="2024-12-30T05:06:23" DepthTag="1.243">1.475 16.432 42.411 0.000 28.365 16.432 </Samples>
		<Samples TimeTag="2024-12-30T05:06:25" DepthTag="1.349">2.259 18.972 39.866 0.000 25.775 18.972 </Samples>
		<Samples TimeTag="2024-12-30T05:06:29" DepthTag="1.455">2.093 18.482 40.261 0.000 25.012 18.482 </Samples>
		<Samples TimeTag="2024-12-30T05:06:32" DepthTag="1.557">1.810 18.161 41.176 0.000 27.410 18.161 </Samples>
		<Samples TimeTag="2024-12-30T05:06:38" DepthTag="1.659">0.929 17.702 41.800 0.000 27.121 17.702 </Samples>
		<Samples TimeTag="2024-12-30T05:06:44" DepthTag="1.766">1.067 18.253 37.310 0.000 26.847 18.253 </Samples>
		<Samples TimeTag="2024-12-30T05:06:47" DepthTag="1.875">2.331 18.834 38.129 0.000 27.359 18.834 </Samples>
		<Samples TimeTag="2024-12-30T05:06:51" DepthTag="1.976">1.796 18.758 40.649 0.000 29.417 18.758 </Samples>
		<Samples TimeTag="2024-12-30T05:06:55" DepthTag="2.076">1.504 18.681 40.473 0.000 34.542 18.681 </Samples>
		<Samples TimeTag="2024-12-30T05:06:57" DepthTag="2.182">2.261 18.085 39.770 0.000 33.763 18.085 </Samples>
		<Samples TimeTag="2024-12-30T05:06:59" DepthTag="2.290">3.225 17.457 36.110 0.000 37.403 17.457 </Samples>
		<Samples TimeTag="2024-12-30T05:07:01" DepthTag="2.399">4.090 18.023 35.819 0.000 34.293 18.023 </Samples>
		<Samples TimeTag="2024-12-30T05:07:04" DepthTag="2.500">2.161 17.580 42.154 0.000 36.560 17.580 </Samples>
		<Samples TimeTag="2024-12-30T05:07:07" DepthTag="2.603">1.831 18.391 40.732 0.000 35.664 18.391 </Samples>
		<Samples TimeTag="2024-12-30T05:07:11" DepthTag="2.703">1.744 17.809 40.671 0.000 48.982 17.809 </Samples>
		<Samples TimeTag="2024-12-30T05:07:14" DepthTag="2.806">1.928 17.121 39.716 0.000 41.435 17.121 </Samples>
		<Samples TimeTag="2024-12-30T05:07:17" DepthTag="2.910">1.998 17.932 39.567 0.000 40.534 17.932 </Samples>
		<Samples TimeTag="2024-12-30T05:07:20" DepthTag="3.012">2.174 17.702 39.395 0.000 41.002 17.702 </Samples>
		<Samples TimeTag="2024-12-30T05:07:23" DepthTag="3.117">2.237 17.534 39.442 0.000 38.727 17.534 </Samples>
		<Samples TimeTag="2024-12-30T05:07:25" DepthTag="3.219">2.541 18.238 40.524 0.000 44.219 18.238 </Samples>
		<Samples TimeTag="2024-12-30T05:07:28" DepthTag="3.322">1.941 17.167 41.094 0.000 44.755 17.167 </Samples>
		<Samples TimeTag="2024-12-30T05:07:35" DepthTag="3.424">0.872 17.151 40.399 0.000 43.881 17.151 </Samples>
		<Samples TimeTag="2024-12-30T05:07:40" DepthTag="3.527">1.183 18.115 39.200 0.000 46.759 18.115 </Samples>
		<Samples TimeTag="2024-12-30T05:08:19" DepthTag="3.627">0.555 11.368 45.721 0.000 49.317 11.368 </Samples>
		<Samples TimeTag="2024-12-30T05:08:23" DepthTag="3.731">1.584 15.606 46.328 0.000 48.267 15.606 </Samples>
		<Samples TimeTag="2024-12-30T05:08:26" DepthTag="3.832">1.579 17.167 48.612 0.000 46.302 17.167 </Samples>
		<Samples TimeTag="2024-12-30T05:08:31" DepthTag="3.936">1.558 18.100 47.496 0.000 49.341 18.100 </Samples>
		<Samples TimeTag="2024-12-30T05:08:34" DepthTag="4.044">2.026 18.498 47.171 0.000 45.224 18.498 </Samples>
		<Samples TimeTag="2024-12-30T05:08:36" DepthTag="4.146">2.528 18.712 46.862 0.000 41.700 18.712 </Samples>
		<Samples TimeTag="2024-12-30T05:08:38" DepthTag="4.249">2.664 18.773 48.684 0.000 40.095 18.773 </Samples>
		<Samples TimeTag="2024-12-30T05:08:41" DepthTag="4.350">2.512 19.033 47.680 0.000 44.592 19.033 </Samples>
		<Samples TimeTag="2024-12-30T05:08:44" DepthTag="4.452">2.315 19.217 48.225 0.000 42.538 19.217 </Samples>
		<Samples TimeTag="2024-12-30T05:08:47" DepthTag="4.555">1.933 19.293 45.685 0.000 40.365 19.293 </Samples>
		<Samples TimeTag="2024-12-30T05:08:50" DepthTag="4.657">1.697 17.733 40.614 0.000 49.787 17.733 </Samples>
		<Samples TimeTag="2024-12-30T05:09:30" DepthTag="4.777">0.983 4.299 13.228 0.000 33.845 4.299 </Samples>
	</CompactMWDdata>
	<IR:GenTrailer>
		<IR:FileCloseDate>2024-12-30T05:10:15</IR:FileCloseDate>
		<IR:ChkSum>2378744151</IR:ChkSum>
	</IR:GenTrailer>
</DRMWD>
