<?xml version="1.0" encoding="UTF-8"?>
<!-- Generated by the RCS System Epiroc Rock Drills AB -->
<DRMWD xmlns="http://www.iredes.org/xml/DrillRig" xmlns:IR="http://www.iredes.org/xml" xmlns:xsi="http://www.w3.org/2001/XMLSchema-instance" xsi:schemaLocation="http://www.iredes.org/xml/DrillRig C:\Iredes\IR_V1.2.3\xml\DR-DrillRig_V1.2\DrillRig.xsd" IRVersion="V 1.2AC" IRDownwCompat="V 1.2AC" DRMWDDownwCompat="V 1.2AC" DRMWDVersion="V 1.2AC">
	<IR:GenHead>
		<IR:FileCreateDate>2024-12-29T11:25:39</IR:FileCreateDate>
		<IR:IRversion DownwCompat="V 1.0">V 1.2AC</IR:IRversion>
		<IR:EquipmentInfo>
			<IR:EqpManufact>Epiroc</IR:EqpManufact>
			<IR:EqpType>SmartROC D65</IR:EqpType>
			<IR:EqpSerNo>8992013064</IR:EqpSerNo>
			<IR:EqpSysVer>6.28.1</IR:EqpSysVer>
			<IR:EqpInfo>DrillingMethod: DTH</IR:EqpInfo>
		</IR:EquipmentInfo>
	</IR:GenHead>
	<IR:ReportId>MWDRI291125</IR:ReportId>
	<IR:StartLogTime>2024-12-29T11:19:22</IR:StartLogTime>
	<IR:EndLogTime>2024-12-29T11:24:16</IR:EndLogTime>
	<IR:PlanIdRef>TRN08_21_0530_001_All</IR:PlanIdRef>
	<IR:PlanNameRef>TRN08_21_0530_001_All</IR:PlanNameRef>
	<MWDholeId>Q32</MWDholeId>
	<QualityReportIdRef>DQRI272324</QualityReportIdRef>
	<SampleDistance>0.100</SampleDistance>
	<CompactMWDdata>
		<MWDparams>
			<Parameter Unit="m/min" Full="PenetrRate">PR</Parameter>
			<Parameter Unit="Bar" Full="PercPressure">PP</Parameter>
			<Parameter Unit="Bar" Full="FeedPressure">FP</Parameter>
			<Parameter Unit="Bar" Full="DampPressure">DP</Parameter>
			<Parameter Unit="Bar" Full="RotPressure">RP</Parameter>
			<Parameter Unit="Bar" Full="FlushPressure">FLP</Parameter>
		</MWDparams>
		<Samples TimeTag="2024-12-29T11:19:22" DepthTag="0.102">1.423 13.938 47.210 0.000 20.544 13.938 </Samples>
		<Samples TimeTag="2024-12-29T11:19:30" DepthTag="0.202">0.759 15.698 38.434 0.000 42.301 15.698 </Samples>
		<Samples TimeTag="2024-12-29T11:19:33" DepthTag="0.303">1.889 15.208 38.743 0.000 45.541 15.208 </Samples>
		<Samples TimeTag="2024-12-29T11:19:37" DepthTag="0.405">1.441 15.224 40.944 0.000 49.384 15.224 </Samples>
		<Samples TimeTag="2024-12-29T11:19:41" DepthTag="0.509">1.655 14.229 34.111 0.000 42.738 14.229 </Samples>
		<Samples TimeTag="2024-12-29T11:20:02" DepthTag="0.613">0.776 9.486 46.938 0.000 53.020 9.486 </Samples>
		<Samples TimeTag="2024-12-29T11:20:07" DepthTag="0.717">1.299 13.372 40.852 0.000 44.920 13.372 </Samples>
		<Samples TimeTag="2024-12-29T11:20:11" DepthTag="0.822">1.594 14.290 38.180 0.000 45.037 14.290 </Samples>
		<Samples TimeTag="2024-12-29T11:20:14" DepthTag="0.922">1.883 14.489 40.083 0.000 46.869 14.489 </Samples>
		<Samples TimeTag="2024-12-29T11:20:40" DepthTag="1.036">0.874 4.299 38.369 0.000 33.408 4.299 </Samples>
		<Samples TimeTag="2024-12-29T11:20:48" DepthTag="1.141">0.873 13.724 39.986 0.000 44.062 13.724 </Samples>
		<Samples TimeTag="2024-12-29T11:20:52" DepthTag="1.245">1.414 14.306 40.951 0.000 43.284 14.306 </Samples>
		<Samples TimeTag="2024-12-29T11:20:56" DepthTag="1.347">1.463 14.489 40.310 0.000 51.913 14.489 </Samples>
		<Samples TimeTag="2024-12-29T11:21:01" DepthTag="1.450">1.411 14.810 40.226 0.000 53.119 14.810 </Samples>
		<Samples TimeTag="2024-12-29T11:21:27" DepthTag="1.552">0.758 6.105 42.911 0.000 39.177 6.105 </Samples>
		<Samples TimeTag="2024-12-29T11:21:31" DepthTag="1.653">1.515 11.903 44.745 0.000 51.428 11.903 </Samples>
		<Samples TimeTag="2024-12-29T11:21:35" DepthTag="1.754">1.392 15.224 44.710 0.000 47.665 15.224 </Samples>
		<Samples TimeTag="2024-12-29T11:21:39" DepthTag="1.856">1.596 16.295 44.588 0.000 48.351 16.295 </Samples>
		<Samples TimeTag="2024-12-29T11:21:43" DepthTag="1.957">1.519 16.876 44.755 0.000 46.710 16.876 </Samples>
		<Samples TimeTag="2024-12-29T11:21:46" DepthTag="2.061">1.718 17.136 45.680 0.000 46.423 17.136 </Samples>
		<Samples TimeTag="2024-12-29T11:21:50" DepthTag="2.161">1.664 17.518 44.520 0.000 50.368 17.518 </Samples>
		<Samples TimeTag="2024-12-29T11:21:54" DepthTag="2.264">1.750 17.671 44.150 0.000 46.977 17.671 </Samples>
		<Samples TimeTag="2024-12-29T11:21:57" DepthTag="2.364">1.752 17.855 45.230 0.000 53.082 17.855 </Samples>
		<Samples TimeTag="2024-12-29T11:22:01" DepthTag="2.468">1.727 18.176 45.502 0.000 51.995 18.176 </Samples>
		<Samples TimeTag="2024-12-29T11:22:05" DepthTag="2.571">1.274 19.477 45.481 0.000 49.229 19.477 </Samples>
		<Samples TimeTag="2024-12-29T11:22:11" DepthTag="2.671">1.176 20.594 45.012 0.000 51.878 20.594 </Samples>
		<Samples TimeTag="2024-12-29T11:22:16" DepthTag="2.775">1.235 20.946 44.962 0.000 49.621 20.946 </Samples>
		<Samples TimeTag="2024-12-29T11:22:20" DepthTag="2.879">1.289 21.053 45.165 0.000 57.586 21.053 </Samples>
		<Samples TimeTag="2024-12-29T11:22:26" DepthTag="2.982">1.152 21.374 45.007 0.000 39.716 21.374 </Samples>
		<Samples TimeTag="2024-12-29T11:22:32" DepthTag="3.084">0.993 22.583 44.784 0.000 34.518 22.583 </Samples>
		<Samples TimeTag="2024-12-29T11:22:37" DepthTag="3.186">1.171 23.486 44.601 0.000 36.162 23.486 </Samples>
		<Samples TimeTag="2024-12-29T11:22:42" DepthTag="3.286">1.159 24.052 45.041 0.000 33.973 24.052 </Samples>
		<Samples TimeTag="2024-12-29T11:22:47" DepthTag="3.388">1.336 24.128 45.103 0.000 41.044 24.128 </Samples>
		<Samples TimeTag="2024-12-29T11:22:54" DepthTag="3.489">0.855 13.694 45.608 0.000 52.462 13.694 </Samples>
		<Samples TimeTag="2024-12-29T11:23:01" DepthTag="3.592">0.941 18.069 44.622 0.000 51.654 18.069 </Samples>
		<Samples TimeTag="2024-12-29T11:23:07" DepthTag="3.694">1.022 19.462 44.658 0.000 47.819 19.462 </Samples>
		<Samples TimeTag="2024-12-29T11:23:13" DepthTag="3.794">0.973 20.242 45.425 0.000 50.741 20.242 </Samples>
		<Samples TimeTag="2024-12-29T11:23:19" DepthTag="3.901">1.063 20.426 45.660 0.000 47.161 20.426 </Samples>
		<Samples TimeTag="2024-12-29T11:23:24" DepthTag="4.001">1.087 20.487 45.088 0.000 44.349 20.487 </Samples>
		<Samples TimeTag="2024-12-29T11:23:30" DepthTag="4.103">1.044 20.961 43.810 0.000 45.840 20.961 </Samples>
		<Samples TimeTag="2024-12-29T11:23:35" DepthTag="4.204">1.160 21.236 45.123 0.000 54.374 21.236 </Samples>
		<Samples TimeTag="2024-12-29T11:23:42" DepthTag="4.307">0.936 21.588 44.712 0.000 43.307 21.588 </Samples>
		<Samples TimeTag="2024-12-29T11:23:47" DepthTag="4.413">1.223 21.099 45.233 0.000 41.118 21.099 </Samples>
		<Samples TimeTag="2024-12-29T11:23:52" DepthTag="4.515">1.384 21.604 45.195 0.000 48.357 21.604 </Samples>
		<Samples TimeTag="2024-12-29T11:23:56" DepthTag="4.617">1.339 21.191 44.238 0.000 41.115 21.191 </Samples>
		<Samples TimeTag="2024-12-29T11:24:00" DepthTag="4.720">1.545 21.313 44.798 0.000 48.931 21.313 </Samples>
		<Samples TimeTag="2024-12-29T11:24:05" DepthTag="4.825">1.305 22.047 45.597 0.000 48.176 22.047 </Samples>
		<Samples TimeTag="2024-12-29T11:24:11" DepthTag="4.929">1.084 22.200 39.921 0.000 39.283 22.200 </Samples>
		<Samples TimeTag="2024-12-29T11:24:16" DepthTag="5.033">1.256 22.093 39.515 0.000 40.076 22.093 </Samples>
	</CompactMWDdata>
	<IR:GenTrailer>
		<IR:FileCloseDate>2024-12-29T11:25:39</IR:FileCloseDate>
		<IR:ChkSum>1288385338</IR:ChkSum>
	</IR:GenTrailer>
</DRMWD>
