<?xml version="1.0" encoding="UTF-8"?>
<!-- Generated by the RCS System Epiroc Rock Drills AB -->
<DRMWD xmlns="http://www.iredes.org/xml/DrillRig" xmlns:IR="http://www.iredes.org/xml" xmlns:xsi="http://www.w3.org/2001/XMLSchema-instance" xsi:schemaLocation="http://www.iredes.org/xml/DrillRig C:\Iredes\IR_V1.2.3\xml\DR-DrillRig_V1.2\DrillRig.xsd" IRVersion="V 1.2AC" IRDownwCompat="V 1.2AC" DRMWDDownwCompat="V 1.2AC" DRMWDVersion="V 1.2AC">
	<IR:GenHead>
		<IR:FileCreateDate>2024-12-28T03:01:57</IR:FileCreateDate>
		<IR:IRversion DownwCompat="V 1.0">V 1.2AC</IR:IRversion>
		<IR:EquipmentInfo>
			<IR:EqpManufact>Epiroc</IR:EqpManufact>
			<IR:EqpType>SmartROC D65</IR:EqpType>
			<IR:EqpSerNo>8992013064</IR:EqpSerNo>
			<IR:EqpSysVer>6.28.1</IR:EqpSysVer>
			<IR:EqpInfo>DrillingMethod: DTH</IR:EqpInfo>
		</IR:EquipmentInfo>
	</IR:GenHead>
	<IR:ReportId>MWDRI280301</IR:ReportId>
	<IR:StartLogTime>2024-12-28T02:56:25</IR:StartLogTime>
	<IR:EndLogTime>2024-12-28T03:00:30</IR:EndLogTime>
	<IR:PlanIdRef>TRN08_21_0530_001_All</IR:PlanIdRef>
	<IR:PlanNameRef>TRN08_21_0530_001_All</IR:PlanNameRef>
	<MWDholeId>I57</MWDholeId>
	<QualityReportIdRef>DQRI272324</QualityReportIdRef>
	<SampleDistance>0.100</SampleDistance>
	<CompactMWDdata>
		<MWDparams>
			<Parameter Unit="m/min" Full="PenetrRate">PR</Parameter>
			<Parameter Unit="Bar" Full="PercPressure">PP</Parameter>
			<Parameter Unit="Bar" Full="FeedPressure">FP</Parameter>
			<Parameter Unit="Bar" Full="DampPressure">DP</Parameter>
			<Parameter Unit="Bar" Full="RotPressure">RP</Parameter>
			<Parameter Unit="Bar" Full="FlushPressure">FLP</Parameter>
		</MWDparams>
		<Samples TimeTag="2024-12-28T02:56:25" DepthTag="0.106">0.555 21.298 31.788 0.000 26.461 21.298 </Samples>
		<Samples TimeTag="2024-12-28T02:56:26" DepthTag="0.211">3.545 20.074 35.167 0.000 34.045 20.074 </Samples>
		<Samples TimeTag="2024-12-28T02:56:29" DepthTag="0.313">2.738 19.033 39.765 0.000 40.302 19.033 </Samples>
		<Samples TimeTag="2024-12-28T02:56:31" DepthTag="0.418">2.245 18.054 40.202 0.000 44.131 18.054 </Samples>
		<Samples TimeTag="2024-12-28T02:56:38" DepthTag="0.518">0.891 5.814 0.717 0.000 20.572 5.814 </Samples>
		<Samples TimeTag="2024-12-28T02:56:56" DepthTag="0.619">1.254 10.006 45.626 0.000 51.921 10.006 </Samples>
		<Samples TimeTag="2024-12-28T02:57:02" DepthTag="0.722">1.054 14.045 40.598 0.000 44.717 14.045 </Samples>
		<Samples TimeTag="2024-12-28T02:57:07" DepthTag="0.822">1.119 15.652 41.372 0.000 53.259 15.652 </Samples>
		<Samples TimeTag="2024-12-28T02:57:15" DepthTag="0.922">0.748 16.845 38.157 0.000 42.145 16.845 </Samples>
		<Samples TimeTag="2024-12-28T02:57:46" DepthTag="1.023">0.575 14.336 45.031 0.000 30.451 14.336 </Samples>
		<Samples TimeTag="2024-12-28T02:57:52" DepthTag="1.125">1.058 16.142 39.880 0.000 41.426 16.142 </Samples>
		<Samples TimeTag="2024-12-28T02:57:57" DepthTag="1.226">1.165 15.698 40.217 0.000 42.545 15.698 </Samples>
		<Samples TimeTag="2024-12-28T02:58:01" DepthTag="1.332">1.371 15.438 39.331 0.000 39.368 15.438 </Samples>
		<Samples TimeTag="2024-12-28T02:58:06" DepthTag="1.434">1.383 15.361 39.868 0.000 41.375 15.361 </Samples>
		<Samples TimeTag="2024-12-28T02:58:34" DepthTag="1.543">0.706 6.089 32.706 0.000 39.375 6.089 </Samples>
		<Samples TimeTag="2024-12-28T02:58:38" DepthTag="1.644">1.510 14.290 45.354 0.000 48.711 14.290 </Samples>
		<Samples TimeTag="2024-12-28T02:58:42" DepthTag="1.745">1.502 16.692 43.924 0.000 46.920 16.692 </Samples>
		<Samples TimeTag="2024-12-28T02:58:46" DepthTag="1.847">1.630 17.794 44.575 0.000 47.947 17.794 </Samples>
		<Samples TimeTag="2024-12-28T02:58:50" DepthTag="1.949">1.617 18.544 44.733 0.000 47.788 18.544 </Samples>
		<Samples TimeTag="2024-12-28T02:58:53" DepthTag="2.052">1.720 18.896 45.251 0.000 42.300 18.896 </Samples>
		<Samples TimeTag="2024-12-28T02:58:57" DepthTag="2.159">1.865 19.110 44.566 0.000 39.544 19.110 </Samples>
		<Samples TimeTag="2024-12-28T02:59:00" DepthTag="2.261">1.807 19.201 44.438 0.000 41.262 19.201 </Samples>
		<Samples TimeTag="2024-12-28T02:59:04" DepthTag="2.365">1.811 19.247 45.641 0.000 41.980 19.247 </Samples>
		<Samples TimeTag="2024-12-28T02:59:07" DepthTag="2.466">1.724 19.309 44.461 0.000 40.206 19.309 </Samples>
		<Samples TimeTag="2024-12-28T02:59:11" DepthTag="2.573">1.852 19.385 44.723 0.000 43.444 19.385 </Samples>
		<Samples TimeTag="2024-12-28T02:59:14" DepthTag="2.673">1.885 19.385 45.198 0.000 38.769 19.385 </Samples>
		<Samples TimeTag="2024-12-28T02:59:17" DepthTag="2.779">1.970 19.477 45.621 0.000 39.801 19.477 </Samples>
		<Samples TimeTag="2024-12-28T02:59:21" DepthTag="2.884">1.749 19.599 45.386 0.000 39.199 19.599 </Samples>
		<Samples TimeTag="2024-12-28T02:59:24" DepthTag="2.989">1.673 19.615 44.093 0.000 39.723 19.615 </Samples>
		<Samples TimeTag="2024-12-28T02:59:28" DepthTag="3.093">1.939 19.569 45.600 0.000 37.841 19.569 </Samples>
		<Samples TimeTag="2024-12-28T02:59:31" DepthTag="3.195">1.921 19.569 45.016 0.000 39.330 19.569 </Samples>
		<Samples TimeTag="2024-12-28T02:59:34" DepthTag="3.299">1.938 19.492 45.832 0.000 40.817 19.492 </Samples>
		<Samples TimeTag="2024-12-28T02:59:38" DepthTag="3.399">1.789 19.507 45.266 0.000 41.184 19.507 </Samples>
		<Samples TimeTag="2024-12-28T02:59:41" DepthTag="3.505">1.844 19.477 44.469 0.000 42.832 19.477 </Samples>
		<Samples TimeTag="2024-12-28T02:59:44" DepthTag="3.610">1.870 19.523 44.355 0.000 39.377 19.523 </Samples>
		<Samples TimeTag="2024-12-28T02:59:48" DepthTag="3.714">1.857 19.538 44.992 0.000 42.335 19.538 </Samples>
		<Samples TimeTag="2024-12-28T02:59:51" DepthTag="3.815">1.753 19.584 45.125 0.000 37.742 19.584 </Samples>
		<Samples TimeTag="2024-12-28T02:59:55" DepthTag="3.926">1.833 19.584 45.097 0.000 40.710 19.584 </Samples>
		<Samples TimeTag="2024-12-28T02:59:58" DepthTag="4.032">1.895 19.615 45.683 0.000 40.653 19.615 </Samples>
		<Samples TimeTag="2024-12-28T03:00:01" DepthTag="4.137">1.874 19.676 44.212 0.000 39.834 19.676 </Samples>
		<Samples TimeTag="2024-12-28T03:00:05" DepthTag="4.238">1.884 19.737 44.455 0.000 39.718 19.737 </Samples>
		<Samples TimeTag="2024-12-28T03:00:08" DepthTag="4.340">1.778 19.737 44.812 0.000 40.137 19.737 </Samples>
		<Samples TimeTag="2024-12-28T03:00:12" DepthTag="4.444">1.841 19.829 44.507 0.000 42.742 19.829 </Samples>
		<Samples TimeTag="2024-12-28T03:00:15" DepthTag="4.553">1.814 20.012 45.154 0.000 41.686 20.012 </Samples>
		<Samples TimeTag="2024-12-28T03:00:19" DepthTag="4.657">1.565 20.089 44.328 0.000 39.424 20.089 </Samples>
		<Samples TimeTag="2024-12-28T03:00:23" DepthTag="4.761">1.643 20.119 44.641 0.000 38.766 20.119 </Samples>
		<Samples TimeTag="2024-12-28T03:00:27" DepthTag="4.861">1.663 19.875 39.836 0.000 39.286 19.875 </Samples>
		<Samples TimeTag="2024-12-28T03:00:30" DepthTag="4.962">1.608 19.201 39.403 0.000 39.733 19.201 </Samples>
	</CompactMWDdata>
	<IR:GenTrailer>
		<IR:FileCloseDate>2024-12-28T03:01:57</IR:FileCloseDate>
		<IR:ChkSum>2044688697</IR:ChkSum>
	</IR:GenTrailer>
</DRMWD>
