<?xml version="1.0" encoding="UTF-8"?>
<!-- Generated by the RCS System Epiroc Rock Drills AB -->
<DRMWD xmlns="http://www.iredes.org/xml/DrillRig" xmlns:IR="http://www.iredes.org/xml" xmlns:xsi="http://www.w3.org/2001/XMLSchema-instance" xsi:schemaLocation="http://www.iredes.org/xml/DrillRig C:\Iredes\IR_V1.2.3\xml\DR-DrillRig_V1.2\DrillRig.xsd" IRVersion="V 1.2AC" IRDownwCompat="V 1.2AC" DRMWDDownwCompat="V 1.2AC" DRMWDVersion="V 1.2AC">
	<IR:GenHead>
		<IR:FileCreateDate>2024-12-29T09:21:35</IR:FileCreateDate>
		<IR:IRversion DownwCompat="V 1.0">V 1.2AC</IR:IRversion>
		<IR:EquipmentInfo>
			<IR:EqpManufact>Epiroc</IR:EqpManufact>
			<IR:EqpType>SmartROC D65</IR:EqpType>
			<IR:EqpSerNo>8992013064</IR:EqpSerNo>
			<IR:EqpSysVer>6.28.1</IR:EqpSysVer>
			<IR:EqpInfo>DrillingMethod: DTH</IR:EqpInfo>
		</IR:EquipmentInfo>
	</IR:GenHead>
	<IR:ReportId>MWDRI290921</IR:ReportId>
	<IR:StartLogTime>2024-12-29T09:15:14</IR:StartLogTime>
	<IR:EndLogTime>2024-12-29T09:20:10</IR:EndLogTime>
	<IR:PlanIdRef>TRN08_21_0530_001_All</IR:PlanIdRef>
	<IR:PlanNameRef>TRN08_21_0530_001_All</IR:PlanNameRef>
	<MWDholeId>N37</MWDholeId>
	<QualityReportIdRef>DQRI272324</QualityReportIdRef>
	<SampleDistance>0.100</SampleDistance>
	<CompactMWDdata>
		<MWDparams>
			<Parameter Unit="m/min" Full="PenetrRate">PR</Parameter>
			<Parameter Unit="Bar" Full="PercPressure">PP</Parameter>
			<Parameter Unit="Bar" Full="FeedPressure">FP</Parameter>
			<Parameter Unit="Bar" Full="DampPressure">DP</Parameter>
			<Parameter Unit="Bar" Full="RotPressure">RP</Parameter>
			<Parameter Unit="Bar" Full="FlushPressure">FLP</Parameter>
		</MWDparams>
		<Samples TimeTag="2024-12-29T09:15:14" DepthTag="0.101">1.395 14.061 38.250 0.000 20.972 14.061 </Samples>
		<Samples TimeTag="2024-12-29T09:15:17" DepthTag="0.204">2.328 14.489 42.878 0.000 20.972 14.489 </Samples>
		<Samples TimeTag="2024-12-29T09:15:22" DepthTag="0.305">1.393 15.698 43.942 0.000 20.972 15.698 </Samples>
		<Samples TimeTag="2024-12-29T09:15:26" DepthTag="0.408">1.552 15.912 40.470 0.000 45.884 15.912 </Samples>
		<Samples TimeTag="2024-12-29T09:15:29" DepthTag="0.512">1.807 13.969 23.813 0.000 40.442 13.969 </Samples>
		<Samples TimeTag="2024-12-29T09:15:50" DepthTag="0.616">0.751 9.914 45.059 0.000 49.837 9.914 </Samples>
		<Samples TimeTag="2024-12-29T09:15:55" DepthTag="0.717">1.306 13.265 41.021 0.000 43.866 13.265 </Samples>
		<Samples TimeTag="2024-12-29T09:16:00" DepthTag="0.820">1.404 14.596 39.536 0.000 40.430 14.596 </Samples>
		<Samples TimeTag="2024-12-29T09:16:03" DepthTag="0.923">1.709 14.780 39.474 0.000 44.826 14.780 </Samples>
		<Samples TimeTag="2024-12-29T09:16:29" DepthTag="1.027">0.745 5.523 46.653 0.000 47.662 5.523 </Samples>
		<Samples TimeTag="2024-12-29T09:16:35" DepthTag="1.129">0.957 13.694 41.933 0.000 53.032 13.694 </Samples>
		<Samples TimeTag="2024-12-29T09:16:42" DepthTag="1.231">1.017 15.300 40.790 0.000 47.008 15.300 </Samples>
		<Samples TimeTag="2024-12-29T09:16:47" DepthTag="1.334">1.152 15.346 38.316 0.000 39.740 15.346 </Samples>
		<Samples TimeTag="2024-12-29T09:16:51" DepthTag="1.437">1.542 15.254 39.397 0.000 42.495 15.254 </Samples>
		<Samples TimeTag="2024-12-29T09:17:17" DepthTag="1.549">0.877 6.028 31.289 0.000 36.739 6.028 </Samples>
		<Samples TimeTag="2024-12-29T09:17:23" DepthTag="1.650">1.007 15.315 44.658 0.000 53.391 15.315 </Samples>
		<Samples TimeTag="2024-12-29T09:17:27" DepthTag="1.750">1.442 16.631 44.405 0.000 49.858 16.631 </Samples>
		<Samples TimeTag="2024-12-29T09:17:31" DepthTag="1.850">1.594 17.595 45.134 0.000 52.949 17.595 </Samples>
		<Samples TimeTag="2024-12-29T09:17:36" DepthTag="1.952">1.177 18.590 45.460 0.000 49.363 18.590 </Samples>
		<Samples TimeTag="2024-12-29T09:17:41" DepthTag="2.053">1.263 19.201 45.336 0.000 52.014 19.201 </Samples>
		<Samples TimeTag="2024-12-29T09:17:46" DepthTag="2.157">1.287 19.462 45.037 0.000 49.744 19.462 </Samples>
		<Samples TimeTag="2024-12-29T09:17:51" DepthTag="2.258">1.333 19.615 45.295 0.000 46.540 19.615 </Samples>
		<Samples TimeTag="2024-12-29T09:17:55" DepthTag="2.363">1.309 20.074 45.244 0.000 53.387 20.074 </Samples>
		<Samples TimeTag="2024-12-29T09:17:59" DepthTag="2.467">1.554 19.982 44.639 0.000 50.842 19.982 </Samples>
		<Samples TimeTag="2024-12-29T09:18:04" DepthTag="2.571">1.486 20.533 45.549 0.000 46.285 20.533 </Samples>
		<Samples TimeTag="2024-12-29T09:18:08" DepthTag="2.672">1.264 21.344 44.902 0.000 46.367 21.344 </Samples>
		<Samples TimeTag="2024-12-29T09:18:13" DepthTag="2.775">1.333 21.145 44.332 0.000 44.805 21.145 </Samples>
		<Samples TimeTag="2024-12-29T09:18:17" DepthTag="2.881">1.683 20.823 45.050 0.000 45.216 20.823 </Samples>
		<Samples TimeTag="2024-12-29T09:18:21" DepthTag="2.987">1.593 20.563 45.105 0.000 48.146 20.563 </Samples>
		<Samples TimeTag="2024-12-29T09:18:25" DepthTag="3.090">1.483 20.686 46.279 0.000 48.852 20.686 </Samples>
		<Samples TimeTag="2024-12-29T09:18:29" DepthTag="3.193">1.392 20.839 44.415 0.000 48.036 20.839 </Samples>
		<Samples TimeTag="2024-12-29T09:18:33" DepthTag="3.296">1.637 20.823 44.495 0.000 50.522 20.823 </Samples>
		<Samples TimeTag="2024-12-29T09:18:38" DepthTag="3.397">1.201 21.910 45.075 0.000 44.422 21.910 </Samples>
		<Samples TimeTag="2024-12-29T09:18:45" DepthTag="3.498">0.925 23.684 44.823 0.000 44.415 23.684 </Samples>
		<Samples TimeTag="2024-12-29T09:18:51" DepthTag="3.599">0.944 24.312 44.468 0.000 41.095 24.312 </Samples>
		<Samples TimeTag="2024-12-29T09:18:56" DepthTag="3.702">1.402 23.807 44.385 0.000 40.870 23.807 </Samples>
		<Samples TimeTag="2024-12-29T09:19:00" DepthTag="3.806">1.299 23.700 45.103 0.000 47.107 23.700 </Samples>
		<Samples TimeTag="2024-12-29T09:19:06" DepthTag="3.906">1.085 24.006 45.168 0.000 41.731 24.006 </Samples>
		<Samples TimeTag="2024-12-29T09:19:11" DepthTag="4.007">1.158 24.403 45.269 0.000 41.075 24.403 </Samples>
		<Samples TimeTag="2024-12-29T09:19:17" DepthTag="4.108">1.043 25.153 45.552 0.000 42.796 25.153 </Samples>
		<Samples TimeTag="2024-12-29T09:19:23" DepthTag="4.211">1.111 25.230 44.981 0.000 42.539 25.230 </Samples>
		<Samples TimeTag="2024-12-29T09:19:28" DepthTag="4.313">1.090 25.199 45.141 0.000 39.271 25.199 </Samples>
		<Samples TimeTag="2024-12-29T09:19:34" DepthTag="4.414">1.116 25.322 44.882 0.000 47.638 25.322 </Samples>
		<Samples TimeTag="2024-12-29T09:19:40" DepthTag="4.517">1.031 25.796 44.927 0.000 42.662 25.796 </Samples>
		<Samples TimeTag="2024-12-29T09:19:47" DepthTag="4.618">0.837 16.815 43.594 0.000 56.033 16.815 </Samples>
		<Samples TimeTag="2024-12-29T09:19:52" DepthTag="4.721">1.101 19.645 45.452 0.000 53.941 19.645 </Samples>
		<Samples TimeTag="2024-12-29T09:19:59" DepthTag="4.829">1.012 21.328 44.880 0.000 48.241 21.328 </Samples>
		<Samples TimeTag="2024-12-29T09:20:04" DepthTag="4.933">1.317 22.644 40.067 0.000 48.416 22.644 </Samples>
		<Samples TimeTag="2024-12-29T09:20:10" DepthTag="5.033">0.965 25.459 41.115 0.000 38.942 25.459 </Samples>
	</CompactMWDdata>
	<IR:GenTrailer>
		<IR:FileCloseDate>2024-12-29T09:21:35</IR:FileCloseDate>
		<IR:ChkSum>1643233146</IR:ChkSum>
	</IR:GenTrailer>
</DRMWD>
