<?xml version="1.0" encoding="UTF-8"?>
<!-- Generated by the RCS System Epiroc Rock Drills AB -->
<DRMWD xmlns="http://www.iredes.org/xml/DrillRig" xmlns:IR="http://www.iredes.org/xml" xmlns:xsi="http://www.w3.org/2001/XMLSchema-instance" xsi:schemaLocation="http://www.iredes.org/xml/DrillRig C:\Iredes\IR_V1.2.3\xml\DR-DrillRig_V1.2\DrillRig.xsd" IRVersion="V 1.2AC" IRDownwCompat="V 1.2AC" DRMWDDownwCompat="V 1.2AC" DRMWDVersion="V 1.2AC">
	<IR:GenHead>
		<IR:FileCreateDate>2024-12-30T03:08:43</IR:FileCreateDate>
		<IR:IRversion DownwCompat="V 1.0">V 1.2AC</IR:IRversion>
		<IR:EquipmentInfo>
			<IR:EqpManufact>Epiroc</IR:EqpManufact>
			<IR:EqpType>SmartROC D65</IR:EqpType>
			<IR:EqpSerNo>8992013064</IR:EqpSerNo>
			<IR:EqpSysVer>6.28.1</IR:EqpSysVer>
			<IR:EqpInfo>DrillingMethod: DTH</IR:EqpInfo>
		</IR:EquipmentInfo>
	</IR:GenHead>
	<IR:ReportId>MWDRI300308</IR:ReportId>
	<IR:StartLogTime>2024-12-30T03:03:50</IR:StartLogTime>
	<IR:EndLogTime>2024-12-30T03:07:18</IR:EndLogTime>
	<IR:PlanIdRef>TRN09_24_0486_015_All</IR:PlanIdRef>
	<IR:PlanNameRef>TRN09_24_0486_015_All</IR:PlanNameRef>
	<MWDholeId>Y45</MWDholeId>
	<QualityReportIdRef>DQRI291907</QualityReportIdRef>
	<SampleDistance>0.100</SampleDistance>
	<CompactMWDdata>
		<MWDparams>
			<Parameter Unit="m/min" Full="PenetrRate">PR</Parameter>
			<Parameter Unit="Bar" Full="PercPressure">PP</Parameter>
			<Parameter Unit="Bar" Full="FeedPressure">FP</Parameter>
			<Parameter Unit="Bar" Full="DampPressure">DP</Parameter>
			<Parameter Unit="Bar" Full="RotPressure">RP</Parameter>
			<Parameter Unit="Bar" Full="FlushPressure">FLP</Parameter>
		</MWDparams>
		<Samples TimeTag="2024-12-30T03:03:50" DepthTag="0.100">0.709 12.026 42.034 0.000 20.945 12.026 </Samples>
		<Samples TimeTag="2024-12-30T03:03:54" DepthTag="0.204">1.554 14.382 39.348 0.000 20.551 14.382 </Samples>
		<Samples TimeTag="2024-12-30T03:03:56" DepthTag="0.311">2.965 14.872 37.561 0.000 34.734 14.872 </Samples>
		<Samples TimeTag="2024-12-30T03:03:58" DepthTag="0.413">3.822 15.178 36.226 0.000 31.559 15.178 </Samples>
		<Samples TimeTag="2024-12-30T03:03:59" DepthTag="0.514">3.756 15.392 36.128 0.000 27.435 15.392 </Samples>
		<Samples TimeTag="2024-12-30T03:04:19" DepthTag="0.616">0.990 6.457 47.242 0.000 43.213 6.457 </Samples>
		<Samples TimeTag="2024-12-30T03:04:25" DepthTag="0.716">1.003 13.234 40.851 0.000 40.228 13.234 </Samples>
		<Samples TimeTag="2024-12-30T03:04:28" DepthTag="0.818">1.685 14.550 39.697 0.000 38.065 14.550 </Samples>
		<Samples TimeTag="2024-12-30T03:04:32" DepthTag="0.918">1.874 15.009 38.384 0.000 36.515 15.009 </Samples>
		<Samples TimeTag="2024-12-30T03:04:35" DepthTag="1.020">1.903 14.168 22.366 0.000 32.094 14.168 </Samples>
		<Samples TimeTag="2024-12-30T03:05:02" DepthTag="1.124">0.728 14.918 42.037 0.000 41.255 14.918 </Samples>
		<Samples TimeTag="2024-12-30T03:05:05" DepthTag="1.234">2.738 16.631 38.137 0.000 30.841 16.631 </Samples>
		<Samples TimeTag="2024-12-30T03:05:06" DepthTag="1.342">4.054 17.396 35.018 0.000 28.246 17.396 </Samples>
		<Samples TimeTag="2024-12-30T03:05:07" DepthTag="1.445">5.494 17.870 32.832 0.000 26.776 17.870 </Samples>
		<Samples TimeTag="2024-12-30T03:05:09" DepthTag="1.551">3.153 18.651 43.502 0.000 30.203 18.651 </Samples>
		<Samples TimeTag="2024-12-30T03:05:12" DepthTag="1.658">2.423 18.528 40.808 0.000 29.415 18.528 </Samples>
		<Samples TimeTag="2024-12-30T03:05:14" DepthTag="1.758">3.000 17.335 38.912 0.000 30.724 17.335 </Samples>
		<Samples TimeTag="2024-12-30T03:05:16" DepthTag="1.859">3.782 17.993 39.542 0.000 30.648 17.993 </Samples>
		<Samples TimeTag="2024-12-30T03:05:18" DepthTag="1.962">2.416 17.580 43.152 0.000 30.353 17.580 </Samples>
		<Samples TimeTag="2024-12-30T03:05:21" DepthTag="2.075">2.227 17.748 38.520 0.000 30.968 17.748 </Samples>
		<Samples TimeTag="2024-12-30T03:05:25" DepthTag="2.177">1.725 18.528 41.828 0.000 41.043 18.528 </Samples>
		<Samples TimeTag="2024-12-30T03:05:29" DepthTag="2.280">1.603 17.825 40.872 0.000 48.772 17.825 </Samples>
		<Samples TimeTag="2024-12-30T03:05:32" DepthTag="2.383">2.083 17.105 40.760 0.000 44.861 17.105 </Samples>
		<Samples TimeTag="2024-12-30T03:05:35" DepthTag="2.486">2.028 17.595 38.011 0.000 41.146 17.595 </Samples>
		<Samples TimeTag="2024-12-30T03:05:38" DepthTag="2.587">1.942 18.268 39.739 0.000 38.500 18.268 </Samples>
		<Samples TimeTag="2024-12-30T03:05:41" DepthTag="2.692">1.818 17.411 40.919 0.000 44.073 17.411 </Samples>
		<Samples TimeTag="2024-12-30T03:05:44" DepthTag="2.794">2.385 18.085 38.508 0.000 39.646 18.085 </Samples>
		<Samples TimeTag="2024-12-30T03:05:48" DepthTag="2.896">1.394 17.335 42.013 0.000 45.496 17.335 </Samples>
		<Samples TimeTag="2024-12-30T03:05:52" DepthTag="2.998">1.521 18.207 40.020 0.000 44.589 18.207 </Samples>
		<Samples TimeTag="2024-12-30T03:05:56" DepthTag="3.098">1.499 17.794 38.990 0.000 46.507 17.794 </Samples>
		<Samples TimeTag="2024-12-30T03:06:00" DepthTag="3.205">2.001 17.687 40.140 0.000 48.265 17.687 </Samples>
		<Samples TimeTag="2024-12-30T03:06:02" DepthTag="3.311">2.147 17.457 39.637 0.000 46.062 17.457 </Samples>
		<Samples TimeTag="2024-12-30T03:06:05" DepthTag="3.418">2.275 18.131 39.233 0.000 41.035 18.131 </Samples>
		<Samples TimeTag="2024-12-30T03:06:10" DepthTag="3.518">1.312 10.634 0.168 0.000 19.396 10.634 </Samples>
		<Samples TimeTag="2024-12-30T03:06:41" DepthTag="3.620">1.532 7.191 43.142 0.000 45.990 7.191 </Samples>
		<Samples TimeTag="2024-12-30T03:06:45" DepthTag="3.722">1.774 13.739 45.681 0.000 46.091 13.739 </Samples>
		<Samples TimeTag="2024-12-30T03:06:48" DepthTag="3.823">1.882 15.912 47.342 0.000 48.598 15.912 </Samples>
		<Samples TimeTag="2024-12-30T03:06:51" DepthTag="3.923">2.032 16.891 47.260 0.000 43.875 16.891 </Samples>
		<Samples TimeTag="2024-12-30T03:06:53" DepthTag="4.024">2.150 17.503 47.384 0.000 46.270 17.503 </Samples>
		<Samples TimeTag="2024-12-30T03:06:56" DepthTag="4.136">2.393 17.809 48.076 0.000 43.970 17.809 </Samples>
		<Samples TimeTag="2024-12-30T03:06:59" DepthTag="4.241">2.251 18.085 48.215 0.000 45.404 18.085 </Samples>
		<Samples TimeTag="2024-12-30T03:07:02" DepthTag="4.341">2.033 18.329 49.079 0.000 45.882 18.329 </Samples>
		<Samples TimeTag="2024-12-30T03:07:06" DepthTag="4.446">1.481 18.651 48.389 0.000 49.586 18.651 </Samples>
		<Samples TimeTag="2024-12-30T03:07:10" DepthTag="4.547">1.541 18.635 47.131 0.000 46.603 18.635 </Samples>
		<Samples TimeTag="2024-12-30T03:07:13" DepthTag="4.650">1.919 17.029 42.847 0.000 44.231 17.029 </Samples>
		<Samples TimeTag="2024-12-30T03:07:18" DepthTag="4.751">1.372 18.299 39.863 0.000 45.732 18.299 </Samples>
	</CompactMWDdata>
	<IR:GenTrailer>
		<IR:FileCloseDate>2024-12-30T03:08:43</IR:FileCloseDate>
		<IR:ChkSum>3146769890</IR:ChkSum>
	</IR:GenTrailer>
</DRMWD>
