<?xml version="1.0" encoding="UTF-8"?>
<!-- Generated by the RCS System Epiroc Rock Drills AB -->
<DRMWD xmlns="http://www.iredes.org/xml/DrillRig" xmlns:IR="http://www.iredes.org/xml" xmlns:xsi="http://www.w3.org/2001/XMLSchema-instance" xsi:schemaLocation="http://www.iredes.org/xml/DrillRig C:\Iredes\IR_V1.2.3\xml\DR-DrillRig_V1.2\DrillRig.xsd" IRVersion="V 1.2AC" IRDownwCompat="V 1.2AC" DRMWDDownwCompat="V 1.2AC" DRMWDVersion="V 1.2AC">
	<IR:GenHead>
		<IR:FileCreateDate>2024-12-28T08:50:39</IR:FileCreateDate>
		<IR:IRversion DownwCompat="V 1.0">V 1.2AC</IR:IRversion>
		<IR:EquipmentInfo>
			<IR:EqpManufact>Epiroc</IR:EqpManufact>
			<IR:EqpType>SmartROC D65</IR:EqpType>
			<IR:EqpSerNo>8992013064</IR:EqpSerNo>
			<IR:EqpSysVer>6.28.1</IR:EqpSysVer>
			<IR:EqpInfo>DrillingMethod: DTH</IR:EqpInfo>
		</IR:EquipmentInfo>
	</IR:GenHead>
	<IR:ReportId>MWDRI280850</IR:ReportId>
	<IR:StartLogTime>2024-12-28T08:42:18</IR:StartLogTime>
	<IR:EndLogTime>2024-12-28T08:48:17</IR:EndLogTime>
	<IR:PlanIdRef>TRN08_21_0530_001_All</IR:PlanIdRef>
	<IR:PlanNameRef>TRN08_21_0530_001_All</IR:PlanNameRef>
	<MWDholeId>F59</MWDholeId>
	<QualityReportIdRef>DQRI272324</QualityReportIdRef>
	<SampleDistance>0.100</SampleDistance>
	<CompactMWDdata>
		<MWDparams>
			<Parameter Unit="m/min" Full="PenetrRate">PR</Parameter>
			<Parameter Unit="Bar" Full="PercPressure">PP</Parameter>
			<Parameter Unit="Bar" Full="FeedPressure">FP</Parameter>
			<Parameter Unit="Bar" Full="DampPressure">DP</Parameter>
			<Parameter Unit="Bar" Full="RotPressure">RP</Parameter>
			<Parameter Unit="Bar" Full="FlushPressure">FLP</Parameter>
		</MWDparams>
		<Samples TimeTag="2024-12-28T08:42:18" DepthTag="0.109">0.462 22.093 36.466 0.000 32.699 22.093 </Samples>
		<Samples TimeTag="2024-12-28T08:42:20" DepthTag="0.219">3.293 20.777 37.328 0.000 37.127 20.777 </Samples>
		<Samples TimeTag="2024-12-28T08:42:23" DepthTag="0.324">2.115 19.722 40.172 0.000 41.636 19.722 </Samples>
		<Samples TimeTag="2024-12-28T08:42:26" DepthTag="0.428">2.050 18.788 40.714 0.000 46.420 18.788 </Samples>
		<Samples TimeTag="2024-12-28T08:42:49" DepthTag="0.539">0.648 4.360 22.857 0.000 29.998 4.360 </Samples>
		<Samples TimeTag="2024-12-28T08:42:55" DepthTag="0.642">1.092 12.898 42.671 0.000 47.697 12.898 </Samples>
		<Samples TimeTag="2024-12-28T08:43:02" DepthTag="0.745">0.813 16.142 40.736 0.000 48.671 16.142 </Samples>
		<Samples TimeTag="2024-12-28T08:43:09" DepthTag="0.846">0.870 17.136 39.307 0.000 45.791 17.136 </Samples>
		<Samples TimeTag="2024-12-28T08:43:15" DepthTag="0.947">1.122 17.182 38.883 0.000 49.983 17.182 </Samples>
		<Samples TimeTag="2024-12-28T08:43:49" DepthTag="1.051">0.528 16.142 39.376 0.000 43.316 16.142 </Samples>
		<Samples TimeTag="2024-12-28T08:43:55" DepthTag="1.154">1.031 17.059 41.262 0.000 48.435 17.059 </Samples>
		<Samples TimeTag="2024-12-28T08:44:01" DepthTag="1.257">0.997 17.274 39.223 0.000 40.820 17.274 </Samples>
		<Samples TimeTag="2024-12-28T08:44:08" DepthTag="1.361">0.945 17.518 38.746 0.000 43.611 17.518 </Samples>
		<Samples TimeTag="2024-12-28T08:44:14" DepthTag="1.465">1.069 17.396 39.257 0.000 49.470 17.396 </Samples>
		<Samples TimeTag="2024-12-28T08:44:42" DepthTag="1.567">0.590 10.144 43.115 0.000 47.088 10.144 </Samples>
		<Samples TimeTag="2024-12-28T08:44:48" DepthTag="1.667">1.015 17.564 44.656 0.000 49.900 17.564 </Samples>
		<Samples TimeTag="2024-12-28T08:44:55" DepthTag="1.768">0.910 20.854 45.046 0.000 50.409 20.854 </Samples>
		<Samples TimeTag="2024-12-28T08:44:59" DepthTag="1.873">1.562 20.777 44.118 0.000 38.758 20.777 </Samples>
		<Samples TimeTag="2024-12-28T08:45:02" DepthTag="1.973">1.933 20.793 44.430 0.000 45.097 20.793 </Samples>
		<Samples TimeTag="2024-12-28T08:45:07" DepthTag="2.074">1.198 22.032 45.579 0.000 52.202 22.032 </Samples>
		<Samples TimeTag="2024-12-28T08:45:12" DepthTag="2.176">1.223 22.063 44.812 0.000 40.952 22.063 </Samples>
		<Samples TimeTag="2024-12-28T08:45:15" DepthTag="2.284">2.019 21.741 44.097 0.000 44.561 21.741 </Samples>
		<Samples TimeTag="2024-12-28T08:45:19" DepthTag="2.391">1.605 21.787 44.027 0.000 42.581 21.787 </Samples>
		<Samples TimeTag="2024-12-28T08:45:23" DepthTag="2.493">1.704 21.527 44.617 0.000 39.148 21.527 </Samples>
		<Samples TimeTag="2024-12-28T08:45:27" DepthTag="2.599">1.752 21.527 44.464 0.000 40.702 21.527 </Samples>
		<Samples TimeTag="2024-12-28T08:45:30" DepthTag="2.704">1.744 21.405 44.060 0.000 43.150 21.405 </Samples>
		<Samples TimeTag="2024-12-28T08:45:34" DepthTag="2.805">1.720 21.435 45.394 0.000 42.204 21.435 </Samples>
		<Samples TimeTag="2024-12-28T08:45:37" DepthTag="2.906">1.687 21.512 45.460 0.000 47.988 21.512 </Samples>
		<Samples TimeTag="2024-12-28T08:45:43" DepthTag="3.010">1.143 22.843 45.459 0.000 50.387 22.843 </Samples>
		<Samples TimeTag="2024-12-28T08:45:57" DepthTag="3.111">0.413 19.217 46.123 0.000 49.511 19.217 </Samples>
		<Samples TimeTag="2024-12-28T08:46:09" DepthTag="3.211">0.541 25.230 43.299 0.000 37.238 25.230 </Samples>
		<Samples TimeTag="2024-12-28T08:46:14" DepthTag="3.312">1.049 25.719 45.317 0.000 44.570 25.719 </Samples>
		<Samples TimeTag="2024-12-28T08:46:21" DepthTag="3.413">0.939 26.392 45.168 0.000 48.711 26.392 </Samples>
		<Samples TimeTag="2024-12-28T08:46:27" DepthTag="3.515">0.919 26.331 44.550 0.000 33.949 26.331 </Samples>
		<Samples TimeTag="2024-12-28T08:46:32" DepthTag="3.619">1.505 25.735 44.913 0.000 34.939 25.735 </Samples>
		<Samples TimeTag="2024-12-28T08:46:36" DepthTag="3.722">1.394 25.383 44.870 0.000 40.978 25.383 </Samples>
		<Samples TimeTag="2024-12-28T08:46:53" DepthTag="3.823">0.591 19.676 46.176 0.000 50.819 19.676 </Samples>
		<Samples TimeTag="2024-12-28T08:47:03" DepthTag="3.924">0.594 24.908 44.400 0.000 31.967 24.908 </Samples>
		<Samples TimeTag="2024-12-28T08:47:19" DepthTag="4.032">0.417 11.995 42.079 0.000 46.832 11.995 </Samples>
		<Samples TimeTag="2024-12-28T08:47:32" DepthTag="4.133">0.474 25.046 44.517 0.000 39.844 25.046 </Samples>
		<Samples TimeTag="2024-12-28T08:47:40" DepthTag="4.234">0.721 26.974 44.972 0.000 32.027 26.974 </Samples>
		<Samples TimeTag="2024-12-28T08:47:47" DepthTag="4.335">0.923 26.959 44.610 0.000 36.126 26.959 </Samples>
		<Samples TimeTag="2024-12-28T08:47:53" DepthTag="4.436">0.943 27.203 44.749 0.000 36.581 27.203 </Samples>
		<Samples TimeTag="2024-12-28T08:47:58" DepthTag="4.537">1.258 26.959 45.391 0.000 35.110 26.959 </Samples>
		<Samples TimeTag="2024-12-28T08:48:03" DepthTag="4.642">1.134 26.974 44.621 0.000 30.347 26.974 </Samples>
		<Samples TimeTag="2024-12-28T08:48:10" DepthTag="4.743">0.968 26.163 40.320 0.000 35.825 26.163 </Samples>
		<Samples TimeTag="2024-12-28T08:48:17" DepthTag="4.844">0.783 25.934 40.574 0.000 37.290 25.934 </Samples>
	</CompactMWDdata>
	<IR:GenTrailer>
		<IR:FileCloseDate>2024-12-28T08:50:39</IR:FileCloseDate>
		<IR:ChkSum>0323718857</IR:ChkSum>
	</IR:GenTrailer>
</DRMWD>
