<?xml version="1.0" encoding="UTF-8"?>
<!-- Generated by the RCS System Epiroc Rock Drills AB -->
<DRMWD xmlns="http://www.iredes.org/xml/DrillRig" xmlns:IR="http://www.iredes.org/xml" xmlns:xsi="http://www.w3.org/2001/XMLSchema-instance" xsi:schemaLocation="http://www.iredes.org/xml/DrillRig C:\Iredes\IR_V1.2.3\xml\DR-DrillRig_V1.2\DrillRig.xsd" IRVersion="V 1.2AC" IRDownwCompat="V 1.2AC" DRMWDDownwCompat="V 1.2AC" DRMWDVersion="V 1.2AC">
	<IR:GenHead>
		<IR:FileCreateDate>2024-12-29T21:33:02</IR:FileCreateDate>
		<IR:IRversion DownwCompat="V 1.0">V 1.2AC</IR:IRversion>
		<IR:EquipmentInfo>
			<IR:EqpManufact>Epiroc</IR:EqpManufact>
			<IR:EqpType>SmartROC D65</IR:EqpType>
			<IR:EqpSerNo>8992013064</IR:EqpSerNo>
			<IR:EqpSysVer>6.28.1</IR:EqpSysVer>
			<IR:EqpInfo>DrillingMethod: DTH</IR:EqpInfo>
		</IR:EquipmentInfo>
	</IR:GenHead>
	<IR:ReportId>MWDRI292133</IR:ReportId>
	<IR:StartLogTime>2024-12-29T21:27:22</IR:StartLogTime>
	<IR:EndLogTime>2024-12-29T21:31:00</IR:EndLogTime>
	<IR:PlanIdRef>TRN09_24_0486_015_All</IR:PlanIdRef>
	<IR:PlanNameRef>TRN09_24_0486_015_All</IR:PlanNameRef>
	<MWDholeId>AF71</MWDholeId>
	<QualityReportIdRef>DQRI291907</QualityReportIdRef>
	<SampleDistance>0.100</SampleDistance>
	<CompactMWDdata>
		<MWDparams>
			<Parameter Unit="m/min" Full="PenetrRate">PR</Parameter>
			<Parameter Unit="Bar" Full="PercPressure">PP</Parameter>
			<Parameter Unit="Bar" Full="FeedPressure">FP</Parameter>
			<Parameter Unit="Bar" Full="DampPressure">DP</Parameter>
			<Parameter Unit="Bar" Full="RotPressure">RP</Parameter>
			<Parameter Unit="Bar" Full="FlushPressure">FLP</Parameter>
		</MWDparams>
		<Samples TimeTag="2024-12-29T21:27:22" DepthTag="0.101">1.098 10.542 43.794 0.000 21.837 10.542 </Samples>
		<Samples TimeTag="2024-12-29T21:27:26" DepthTag="0.205">1.492 13.571 41.485 0.000 21.863 13.571 </Samples>
		<Samples TimeTag="2024-12-29T21:27:30" DepthTag="0.307">1.698 15.361 38.034 0.000 32.780 15.361 </Samples>
		<Samples TimeTag="2024-12-29T21:27:31" DepthTag="0.410">4.525 15.545 30.482 0.000 28.298 15.545 </Samples>
		<Samples TimeTag="2024-12-29T21:27:33" DepthTag="0.520">3.587 15.147 32.685 0.000 31.264 15.147 </Samples>
		<Samples TimeTag="2024-12-29T21:27:51" DepthTag="0.627">1.331 5.126 34.738 0.000 29.393 5.126 </Samples>
		<Samples TimeTag="2024-12-29T21:27:56" DepthTag="0.731">1.195 13.342 41.497 0.000 34.354 13.342 </Samples>
		<Samples TimeTag="2024-12-29T21:27:58" DepthTag="0.834">2.870 14.856 36.796 0.000 32.945 14.856 </Samples>
		<Samples TimeTag="2024-12-29T21:28:00" DepthTag="0.939">3.549 15.774 40.039 0.000 30.231 15.774 </Samples>
		<Samples TimeTag="2024-12-29T21:28:24" DepthTag="1.061">1.283 3.565 20.688 0.000 21.619 3.565 </Samples>
		<Samples TimeTag="2024-12-29T21:28:28" DepthTag="1.161">1.504 12.577 44.638 0.000 32.055 12.577 </Samples>
		<Samples TimeTag="2024-12-29T21:28:31" DepthTag="1.264">1.739 16.142 37.312 0.000 30.399 16.142 </Samples>
		<Samples TimeTag="2024-12-29T21:28:33" DepthTag="1.364">2.513 16.493 39.462 0.000 32.741 16.493 </Samples>
		<Samples TimeTag="2024-12-29T21:28:36" DepthTag="1.465">2.141 16.356 40.225 0.000 40.035 16.356 </Samples>
		<Samples TimeTag="2024-12-29T21:29:06" DepthTag="1.571">0.913 5.783 23.877 0.000 25.556 5.783 </Samples>
		<Samples TimeTag="2024-12-29T21:29:10" DepthTag="1.675">1.557 13.816 43.585 0.000 42.099 13.816 </Samples>
		<Samples TimeTag="2024-12-29T21:29:13" DepthTag="1.777">1.905 16.050 40.825 0.000 41.346 16.050 </Samples>
		<Samples TimeTag="2024-12-29T21:29:16" DepthTag="1.878">2.052 17.136 40.789 0.000 41.523 17.136 </Samples>
		<Samples TimeTag="2024-12-29T21:29:19" DepthTag="1.984">2.079 17.717 39.787 0.000 38.399 17.717 </Samples>
		<Samples TimeTag="2024-12-29T21:29:22" DepthTag="2.088">2.224 18.115 40.394 0.000 39.926 18.115 </Samples>
		<Samples TimeTag="2024-12-29T21:29:25" DepthTag="2.194">2.151 18.437 40.326 0.000 38.733 18.437 </Samples>
		<Samples TimeTag="2024-12-29T21:29:27" DepthTag="2.295">2.348 18.681 39.397 0.000 39.231 18.681 </Samples>
		<Samples TimeTag="2024-12-29T21:29:30" DepthTag="2.396">2.536 18.758 40.044 0.000 37.146 18.758 </Samples>
		<Samples TimeTag="2024-12-29T21:29:32" DepthTag="2.504">2.447 18.911 39.411 0.000 40.799 18.911 </Samples>
		<Samples TimeTag="2024-12-29T21:29:35" DepthTag="2.607">2.551 18.941 39.794 0.000 36.076 18.941 </Samples>
		<Samples TimeTag="2024-12-29T21:29:38" DepthTag="2.713">2.266 19.140 40.302 0.000 41.210 19.140 </Samples>
		<Samples TimeTag="2024-12-29T21:29:40" DepthTag="2.815">2.403 19.201 39.964 0.000 39.129 19.201 </Samples>
		<Samples TimeTag="2024-12-29T21:29:43" DepthTag="2.923">2.301 19.293 38.750 0.000 44.123 19.293 </Samples>
		<Samples TimeTag="2024-12-29T21:29:45" DepthTag="3.023">2.778 19.263 40.981 0.000 40.650 19.263 </Samples>
		<Samples TimeTag="2024-12-29T21:29:48" DepthTag="3.124">2.293 19.354 39.647 0.000 41.572 19.354 </Samples>
		<Samples TimeTag="2024-12-29T21:29:51" DepthTag="3.230">1.981 19.354 41.057 0.000 44.042 19.354 </Samples>
		<Samples TimeTag="2024-12-29T21:29:54" DepthTag="3.334">2.224 19.278 39.887 0.000 41.536 19.278 </Samples>
		<Samples TimeTag="2024-12-29T21:29:58" DepthTag="3.442">1.710 17.947 39.481 0.000 40.924 17.947 </Samples>
		<Samples TimeTag="2024-12-29T21:30:00" DepthTag="3.545">2.402 18.176 40.089 0.000 39.829 18.176 </Samples>
		<Samples TimeTag="2024-12-29T21:30:03" DepthTag="3.651">2.421 18.482 39.900 0.000 39.639 18.482 </Samples>
		<Samples TimeTag="2024-12-29T21:30:05" DepthTag="3.757">2.463 18.712 39.955 0.000 39.779 18.712 </Samples>
		<Samples TimeTag="2024-12-29T21:30:08" DepthTag="3.860">2.767 18.788 38.991 0.000 37.882 18.788 </Samples>
		<Samples TimeTag="2024-12-29T21:30:10" DepthTag="3.968">2.975 19.079 40.408 0.000 40.639 19.079 </Samples>
		<Samples TimeTag="2024-12-29T21:30:45" DepthTag="4.089">1.291 4.544 25.269 0.000 30.922 4.544 </Samples>
		<Samples TimeTag="2024-12-29T21:30:49" DepthTag="4.190">1.575 12.959 46.164 0.000 45.023 12.959 </Samples>
		<Samples TimeTag="2024-12-29T21:30:52" DepthTag="4.291">2.057 15.484 46.745 0.000 46.650 15.484 </Samples>
		<Samples TimeTag="2024-12-29T21:30:55" DepthTag="4.392">1.973 16.539 45.474 0.000 44.113 16.539 </Samples>
		<Samples TimeTag="2024-12-29T21:30:57" DepthTag="4.494">2.389 17.641 41.115 0.000 43.799 17.641 </Samples>
		<Samples TimeTag="2024-12-29T21:31:00" DepthTag="4.595">2.155 17.075 23.631 0.000 33.893 17.075 </Samples>
	</CompactMWDdata>
	<IR:GenTrailer>
		<IR:FileCloseDate>2024-12-29T21:33:02</IR:FileCloseDate>
		<IR:ChkSum>1134964439</IR:ChkSum>
	</IR:GenTrailer>
</DRMWD>
