<?xml version="1.0" encoding="UTF-8"?>
<!-- Generated by the RCS System Epiroc Rock Drills AB -->
<DRMWD xmlns="http://www.iredes.org/xml/DrillRig" xmlns:IR="http://www.iredes.org/xml" xmlns:xsi="http://www.w3.org/2001/XMLSchema-instance" xsi:schemaLocation="http://www.iredes.org/xml/DrillRig C:\Iredes\IR_V1.2.3\xml\DR-DrillRig_V1.2\DrillRig.xsd" IRVersion="V 1.2AC" IRDownwCompat="V 1.2AC" DRMWDDownwCompat="V 1.2AC" DRMWDVersion="V 1.2AC">
	<IR:GenHead>
		<IR:FileCreateDate>2024-12-28T04:39:10</IR:FileCreateDate>
		<IR:IRversion DownwCompat="V 1.0">V 1.2AC</IR:IRversion>
		<IR:EquipmentInfo>
			<IR:EqpManufact>Epiroc</IR:EqpManufact>
			<IR:EqpType>SmartROC D65</IR:EqpType>
			<IR:EqpSerNo>8992013064</IR:EqpSerNo>
			<IR:EqpSysVer>6.28.1</IR:EqpSysVer>
			<IR:EqpInfo>DrillingMethod: DTH</IR:EqpInfo>
		</IR:EquipmentInfo>
	</IR:GenHead>
	<IR:ReportId>MWDRI280439</IR:ReportId>
	<IR:StartLogTime>2024-12-28T04:33:08</IR:StartLogTime>
	<IR:EndLogTime>2024-12-28T04:37:43</IR:EndLogTime>
	<IR:PlanIdRef>TRN08_21_0530_001_All</IR:PlanIdRef>
	<IR:PlanNameRef>TRN08_21_0530_001_All</IR:PlanNameRef>
	<MWDholeId>H58</MWDholeId>
	<QualityReportIdRef>DQRI272324</QualityReportIdRef>
	<SampleDistance>0.100</SampleDistance>
	<CompactMWDdata>
		<MWDparams>
			<Parameter Unit="m/min" Full="PenetrRate">PR</Parameter>
			<Parameter Unit="Bar" Full="PercPressure">PP</Parameter>
			<Parameter Unit="Bar" Full="FeedPressure">FP</Parameter>
			<Parameter Unit="Bar" Full="DampPressure">DP</Parameter>
			<Parameter Unit="Bar" Full="RotPressure">RP</Parameter>
			<Parameter Unit="Bar" Full="FlushPressure">FLP</Parameter>
		</MWDparams>
		<Samples TimeTag="2024-12-28T04:33:08" DepthTag="0.101">0.587 18.605 39.084 0.000 20.544 18.605 </Samples>
		<Samples TimeTag="2024-12-28T04:33:11" DepthTag="0.204">1.910 17.825 38.321 0.000 38.091 17.825 </Samples>
		<Samples TimeTag="2024-12-28T04:33:14" DepthTag="0.305">2.042 17.197 39.381 0.000 40.884 17.197 </Samples>
		<Samples TimeTag="2024-12-28T04:33:17" DepthTag="0.405">1.887 16.876 39.683 0.000 43.274 16.876 </Samples>
		<Samples TimeTag="2024-12-28T04:33:21" DepthTag="0.510">1.822 16.509 42.158 0.000 42.758 16.509 </Samples>
		<Samples TimeTag="2024-12-28T04:33:42" DepthTag="0.611">0.693 8.400 48.228 0.000 51.145 8.400 </Samples>
		<Samples TimeTag="2024-12-28T04:33:53" DepthTag="0.715">0.604 16.815 39.859 0.000 48.096 16.815 </Samples>
		<Samples TimeTag="2024-12-28T04:34:05" DepthTag="0.832">0.557 17.320 31.810 0.000 35.221 17.320 </Samples>
		<Samples TimeTag="2024-12-28T04:34:08" DepthTag="0.933">1.901 16.830 38.340 0.000 44.320 16.830 </Samples>
		<Samples TimeTag="2024-12-28T04:34:14" DepthTag="1.034">1.182 16.769 39.260 0.000 46.542 16.769 </Samples>
		<Samples TimeTag="2024-12-28T04:34:45" DepthTag="1.136">0.491 13.464 41.696 0.000 49.216 13.464 </Samples>
		<Samples TimeTag="2024-12-28T04:34:53" DepthTag="1.237">0.716 16.203 40.622 0.000 49.369 16.203 </Samples>
		<Samples TimeTag="2024-12-28T04:34:59" DepthTag="1.338">1.048 16.142 38.448 0.000 46.625 16.142 </Samples>
		<Samples TimeTag="2024-12-28T04:35:04" DepthTag="1.438">1.256 15.835 38.179 0.000 41.521 15.835 </Samples>
		<Samples TimeTag="2024-12-28T04:35:08" DepthTag="1.540">1.388 14.780 34.795 0.000 43.185 14.780 </Samples>
		<Samples TimeTag="2024-12-28T04:35:34" DepthTag="1.641">0.815 11.108 43.796 0.000 51.796 11.108 </Samples>
		<Samples TimeTag="2024-12-28T04:35:40" DepthTag="1.742">1.167 16.845 44.773 0.000 52.726 16.845 </Samples>
		<Samples TimeTag="2024-12-28T04:35:45" DepthTag="1.844">1.235 18.788 44.978 0.000 44.536 18.788 </Samples>
		<Samples TimeTag="2024-12-28T04:35:49" DepthTag="1.946">1.517 19.186 44.539 0.000 43.007 19.186 </Samples>
		<Samples TimeTag="2024-12-28T04:35:52" DepthTag="2.052">1.760 19.462 45.212 0.000 44.298 19.462 </Samples>
		<Samples TimeTag="2024-12-28T04:35:56" DepthTag="2.156">1.654 19.783 45.256 0.000 42.686 19.783 </Samples>
		<Samples TimeTag="2024-12-28T04:35:59" DepthTag="2.257">1.991 19.768 44.424 0.000 46.409 19.768 </Samples>
		<Samples TimeTag="2024-12-28T04:36:02" DepthTag="2.358">2.160 19.768 44.235 0.000 43.945 19.768 </Samples>
		<Samples TimeTag="2024-12-28T04:36:05" DepthTag="2.463">2.246 19.798 44.947 0.000 44.727 19.798 </Samples>
		<Samples TimeTag="2024-12-28T04:36:08" DepthTag="2.563">1.782 19.783 45.746 0.000 40.663 19.783 </Samples>
		<Samples TimeTag="2024-12-28T04:36:11" DepthTag="2.666">1.922 19.768 45.577 0.000 41.756 19.768 </Samples>
		<Samples TimeTag="2024-12-28T04:36:15" DepthTag="2.768">1.697 19.936 45.160 0.000 48.056 19.936 </Samples>
		<Samples TimeTag="2024-12-28T04:36:19" DepthTag="2.871">1.709 20.028 44.376 0.000 39.636 20.028 </Samples>
		<Samples TimeTag="2024-12-28T04:36:22" DepthTag="2.974">1.639 20.732 44.791 0.000 53.516 20.732 </Samples>
		<Samples TimeTag="2024-12-28T04:36:27" DepthTag="3.076">1.277 21.191 44.898 0.000 55.196 21.191 </Samples>
		<Samples TimeTag="2024-12-28T04:36:32" DepthTag="3.183">1.329 21.175 44.687 0.000 58.340 21.175 </Samples>
		<Samples TimeTag="2024-12-28T04:36:36" DepthTag="3.283">1.441 21.007 46.041 0.000 43.020 21.007 </Samples>
		<Samples TimeTag="2024-12-28T04:36:40" DepthTag="3.384">1.598 20.793 46.153 0.000 40.555 20.793 </Samples>
		<Samples TimeTag="2024-12-28T04:36:45" DepthTag="3.487">1.291 20.441 44.729 0.000 36.613 20.441 </Samples>
		<Samples TimeTag="2024-12-28T04:36:49" DepthTag="3.593">1.647 20.502 44.666 0.000 39.915 20.502 </Samples>
		<Samples TimeTag="2024-12-28T04:36:52" DepthTag="3.693">1.530 20.487 44.992 0.000 38.069 20.487 </Samples>
		<Samples TimeTag="2024-12-28T04:36:56" DepthTag="3.800">1.666 20.548 44.118 0.000 35.405 20.548 </Samples>
		<Samples TimeTag="2024-12-28T04:37:00" DepthTag="3.904">1.660 20.579 44.314 0.000 34.978 20.579 </Samples>
		<Samples TimeTag="2024-12-28T04:37:04" DepthTag="4.011">1.603 20.670 45.446 0.000 37.630 20.670 </Samples>
		<Samples TimeTag="2024-12-28T04:37:08" DepthTag="4.112">1.602 20.823 45.969 0.000 36.961 20.823 </Samples>
		<Samples TimeTag="2024-12-28T04:37:12" DepthTag="4.214">1.519 20.930 44.670 0.000 36.783 20.930 </Samples>
		<Samples TimeTag="2024-12-28T04:37:16" DepthTag="4.318">1.552 20.976 45.539 0.000 39.958 20.976 </Samples>
		<Samples TimeTag="2024-12-28T04:37:20" DepthTag="4.423">1.581 21.252 44.909 0.000 42.252 21.252 </Samples>
		<Samples TimeTag="2024-12-28T04:37:25" DepthTag="4.527">1.292 21.359 44.193 0.000 35.601 21.359 </Samples>
		<Samples TimeTag="2024-12-28T04:37:29" DepthTag="4.629">1.534 21.512 44.193 0.000 41.684 21.512 </Samples>
		<Samples TimeTag="2024-12-28T04:37:33" DepthTag="4.732">1.347 21.864 44.393 0.000 38.939 21.864 </Samples>
		<Samples TimeTag="2024-12-28T04:37:39" DepthTag="4.838">1.226 21.435 39.896 0.000 36.697 21.435 </Samples>
		<Samples TimeTag="2024-12-28T04:37:43" DepthTag="4.942">1.408 20.915 40.501 0.000 41.764 20.915 </Samples>
	</CompactMWDdata>
	<IR:GenTrailer>
		<IR:FileCloseDate>2024-12-28T04:39:10</IR:FileCloseDate>
		<IR:ChkSum>0636597709</IR:ChkSum>
	</IR:GenTrailer>
</DRMWD>
