<?xml version="1.0" encoding="UTF-8"?>
<!-- Generated by the RCS System Epiroc Rock Drills AB -->
<DRMWD xmlns="http://www.iredes.org/xml/DrillRig" xmlns:IR="http://www.iredes.org/xml" xmlns:xsi="http://www.w3.org/2001/XMLSchema-instance" xsi:schemaLocation="http://www.iredes.org/xml/DrillRig C:\Iredes\IR_V1.2.3\xml\DR-DrillRig_V1.2\DrillRig.xsd" IRVersion="V 1.2AC" IRDownwCompat="V 1.2AC" DRMWDDownwCompat="V 1.2AC" DRMWDVersion="V 1.2AC">
	<IR:GenHead>
		<IR:FileCreateDate>2025-01-01T06:48:11</IR:FileCreateDate>
		<IR:IRversion DownwCompat="V 1.0">V 1.2AC</IR:IRversion>
		<IR:EquipmentInfo>
			<IR:EqpManufact>Epiroc</IR:EqpManufact>
			<IR:EqpType>SmartROC D65</IR:EqpType>
			<IR:EqpSerNo>8992013064</IR:EqpSerNo>
			<IR:EqpSysVer>6.28.1</IR:EqpSysVer>
			<IR:EqpInfo>DrillingMethod: DTH</IR:EqpInfo>
		</IR:EquipmentInfo>
	</IR:GenHead>
	<IR:ReportId>MWDRI010648</IR:ReportId>
	<IR:StartLogTime>2025-01-01T06:32:57</IR:StartLogTime>
	<IR:EndLogTime>2025-01-01T06:45:46</IR:EndLogTime>
	<IR:PlanIdRef>TRN09_24_0486_015_All</IR:PlanIdRef>
	<IR:PlanNameRef>TRN09_24_0486_015_All</IR:PlanNameRef>
	<MWDholeId>U44</MWDholeId>
	<QualityReportIdRef>DQRI311609</QualityReportIdRef>
	<SampleDistance>0.100</SampleDistance>
	<CompactMWDdata>
		<MWDparams>
			<Parameter Unit="m/min" Full="PenetrRate">PR</Parameter>
			<Parameter Unit="Bar" Full="PercPressure">PP</Parameter>
			<Parameter Unit="Bar" Full="FeedPressure">FP</Parameter>
			<Parameter Unit="Bar" Full="DampPressure">DP</Parameter>
			<Parameter Unit="Bar" Full="RotPressure">RP</Parameter>
			<Parameter Unit="Bar" Full="FlushPressure">FLP</Parameter>
		</MWDparams>
		<Samples TimeTag="2025-01-01T06:32:57" DepthTag="0.103">0.999 11.184 42.132 0.000 20.544 11.184 </Samples>
		<Samples TimeTag="2025-01-01T06:33:01" DepthTag="0.204">1.687 13.495 42.244 0.000 20.544 13.495 </Samples>
		<Samples TimeTag="2025-01-01T06:33:09" DepthTag="0.307">0.734 15.208 41.119 0.000 47.980 15.208 </Samples>
		<Samples TimeTag="2025-01-01T06:33:16" DepthTag="0.412">0.898 15.315 39.255 0.000 46.188 15.315 </Samples>
		<Samples TimeTag="2025-01-01T06:33:21" DepthTag="0.512">1.154 15.269 39.646 0.000 46.878 15.269 </Samples>
		<Samples TimeTag="2025-01-01T06:33:26" DepthTag="0.619">1.449 15.239 38.663 0.000 44.400 15.239 </Samples>
		<Samples TimeTag="2025-01-01T06:33:53" DepthTag="0.726">0.848 13.066 41.483 0.000 48.884 13.066 </Samples>
		<Samples TimeTag="2025-01-01T06:34:00" DepthTag="0.827">0.803 14.994 40.397 0.000 46.263 14.994 </Samples>
		<Samples TimeTag="2025-01-01T06:34:07" DepthTag="0.930">0.875 15.331 40.035 0.000 45.693 15.331 </Samples>
		<Samples TimeTag="2025-01-01T06:34:11" DepthTag="1.037">1.593 15.530 39.265 0.000 42.370 15.530 </Samples>
		<Samples TimeTag="2025-01-01T06:34:15" DepthTag="1.137">1.789 15.774 39.082 0.000 42.029 15.774 </Samples>
		<Samples TimeTag="2025-01-01T06:34:19" DepthTag="1.239">1.526 15.958 40.405 0.000 44.470 15.958 </Samples>
		<Samples TimeTag="2025-01-01T06:34:22" DepthTag="1.344">1.667 16.111 39.563 0.000 41.115 16.111 </Samples>
		<Samples TimeTag="2025-01-01T06:34:50" DepthTag="1.452">1.232 4.253 22.941 0.000 28.847 4.253 </Samples>
		<Samples TimeTag="2025-01-01T06:34:56" DepthTag="1.554">1.087 13.204 42.002 0.000 39.631 13.204 </Samples>
		<Samples TimeTag="2025-01-01T06:34:59" DepthTag="1.654">1.704 15.943 40.553 0.000 36.289 15.943 </Samples>
		<Samples TimeTag="2025-01-01T06:35:03" DepthTag="1.758">1.462 18.085 41.343 0.000 42.358 18.085 </Samples>
		<Samples TimeTag="2025-01-01T06:35:08" DepthTag="1.861">1.475 19.400 40.415 0.000 34.137 19.400 </Samples>
		<Samples TimeTag="2025-01-01T06:35:11" DepthTag="1.968">1.868 20.242 40.109 0.000 30.972 20.242 </Samples>
		<Samples TimeTag="2025-01-01T06:35:14" DepthTag="2.074">1.897 19.660 39.422 0.000 29.906 19.660 </Samples>
		<Samples TimeTag="2025-01-01T06:35:49" DepthTag="2.175">1.101 12.286 46.600 0.000 33.384 12.286 </Samples>
		<Samples TimeTag="2025-01-01T06:35:55" DepthTag="2.276">1.051 19.094 41.366 0.000 47.461 19.094 </Samples>
		<Samples TimeTag="2025-01-01T06:35:58" DepthTag="2.383">2.000 19.676 38.316 0.000 43.996 19.676 </Samples>
		<Samples TimeTag="2025-01-01T06:36:00" DepthTag="2.483">3.405 19.706 37.114 0.000 41.626 19.706 </Samples>
		<Samples TimeTag="2025-01-01T06:36:01" DepthTag="2.603">4.983 19.966 34.482 0.000 30.083 19.966 </Samples>
		<Samples TimeTag="2025-01-01T06:36:03" DepthTag="2.707">3.880 20.074 41.597 0.000 42.266 20.074 </Samples>
		<Samples TimeTag="2025-01-01T06:36:05" DepthTag="2.815">2.690 20.609 42.315 0.000 39.051 20.609 </Samples>
		<Samples TimeTag="2025-01-01T06:36:07" DepthTag="2.917">2.565 18.896 40.551 0.000 42.193 18.896 </Samples>
		<Samples TimeTag="2025-01-01T06:36:10" DepthTag="3.018">2.502 19.140 40.521 0.000 43.326 19.140 </Samples>
		<Samples TimeTag="2025-01-01T06:36:11" DepthTag="3.124">4.672 19.247 31.236 0.000 33.758 19.247 </Samples>
		<Samples TimeTag="2025-01-01T06:36:49" DepthTag="3.226">1.236 6.747 43.903 0.000 49.342 6.747 </Samples>
		<Samples TimeTag="2025-01-01T06:36:54" DepthTag="3.328">1.176 15.560 40.072 0.000 54.273 15.560 </Samples>
		<Samples TimeTag="2025-01-01T06:37:02" DepthTag="3.430">0.723 18.207 41.391 0.000 40.057 18.207 </Samples>
		<Samples TimeTag="2025-01-01T06:37:49" DepthTag="3.536">0.304 7.635 38.007 0.000 47.738 7.635 </Samples>
		<Samples TimeTag="2025-01-01T06:37:59" DepthTag="3.638">0.597 18.513 55.088 0.000 54.661 18.513 </Samples>
		<Samples TimeTag="2025-01-01T06:38:06" DepthTag="3.743">0.982 19.798 53.735 0.000 58.136 19.798 </Samples>
		<Samples TimeTag="2025-01-01T06:38:09" DepthTag="3.850">1.920 20.150 54.110 0.000 56.613 20.150 </Samples>
		<Samples TimeTag="2025-01-01T06:38:11" DepthTag="3.955">3.123 20.303 53.946 0.000 45.996 20.303 </Samples>
		<Samples TimeTag="2025-01-01T06:38:12" DepthTag="4.057">5.079 20.502 53.342 0.000 43.736 20.502 </Samples>
		<Samples TimeTag="2025-01-01T06:38:15" DepthTag="4.163">2.947 20.563 56.458 0.000 50.477 20.563 </Samples>
		<Samples TimeTag="2025-01-01T06:38:17" DepthTag="4.268">2.373 20.716 56.019 0.000 45.097 20.716 </Samples>
		<Samples TimeTag="2025-01-01T06:38:20" DepthTag="4.371">2.570 20.839 55.677 0.000 44.777 20.839 </Samples>
		<Samples TimeTag="2025-01-01T06:38:23" DepthTag="4.471">2.029 20.915 55.379 0.000 49.045 20.915 </Samples>
		<Samples TimeTag="2025-01-01T06:38:25" DepthTag="4.576">2.233 21.007 54.665 0.000 47.340 21.007 </Samples>
		<Samples TimeTag="2025-01-01T06:38:28" DepthTag="4.680">2.226 21.053 54.453 0.000 49.261 21.053 </Samples>
		<Samples TimeTag="2025-01-01T06:38:31" DepthTag="4.780">2.501 20.992 55.138 0.000 44.798 20.992 </Samples>
		<Samples TimeTag="2025-01-01T06:38:33" DepthTag="4.889">3.018 21.053 54.719 0.000 44.422 21.053 </Samples>
		<Samples TimeTag="2025-01-01T06:38:36" DepthTag="4.991">2.003 21.007 54.707 0.000 52.948 21.007 </Samples>
		<Samples TimeTag="2025-01-01T06:38:38" DepthTag="5.094">2.557 21.068 54.852 0.000 51.872 21.068 </Samples>
		<Samples TimeTag="2025-01-01T06:38:42" DepthTag="5.195">1.512 21.038 56.094 0.000 48.248 21.038 </Samples>
		<Samples TimeTag="2025-01-01T06:38:47" DepthTag="5.295">1.393 20.992 54.749 0.000 55.340 20.992 </Samples>
		<Samples TimeTag="2025-01-01T06:38:50" DepthTag="5.399">1.938 21.038 55.836 0.000 53.483 21.038 </Samples>
		<Samples TimeTag="2025-01-01T06:38:56" DepthTag="5.501">1.046 21.114 54.960 0.000 52.730 21.114 </Samples>
		<Samples TimeTag="2025-01-01T06:39:00" DepthTag="5.601">1.275 21.083 55.850 0.000 52.053 21.083 </Samples>
		<Samples TimeTag="2025-01-01T06:39:05" DepthTag="5.712">1.422 21.083 53.140 0.000 54.248 21.083 </Samples>
		<Samples TimeTag="2025-01-01T06:39:08" DepthTag="5.814">2.197 21.068 54.630 0.000 55.254 21.068 </Samples>
		<Samples TimeTag="2025-01-01T06:39:12" DepthTag="5.917">1.634 21.114 56.815 0.000 50.799 21.114 </Samples>
		<Samples TimeTag="2025-01-01T06:39:17" DepthTag="6.022">1.201 21.114 55.331 0.000 50.996 21.114 </Samples>
		<Samples TimeTag="2025-01-01T06:39:21" DepthTag="6.122">1.504 21.129 53.234 0.000 65.420 21.129 </Samples>
		<Samples TimeTag="2025-01-01T06:39:24" DepthTag="6.223">1.684 21.083 56.140 0.000 51.744 21.083 </Samples>
		<Samples TimeTag="2025-01-01T06:39:29" DepthTag="6.326">1.340 21.114 53.162 0.000 51.580 21.114 </Samples>
		<Samples TimeTag="2025-01-01T06:39:33" DepthTag="6.430">1.558 21.175 54.541 0.000 54.501 21.175 </Samples>
		<Samples TimeTag="2025-01-01T06:39:36" DepthTag="6.534">1.953 21.099 53.851 0.000 53.259 21.099 </Samples>
		<Samples TimeTag="2025-01-01T06:39:38" DepthTag="6.638">2.871 21.083 53.867 0.000 50.280 21.083 </Samples>
		<Samples TimeTag="2025-01-01T06:39:41" DepthTag="6.741">2.559 21.022 57.464 0.000 48.777 21.022 </Samples>
		<Samples TimeTag="2025-01-01T06:39:48" DepthTag="6.842">0.844 20.426 54.915 0.000 44.346 20.426 </Samples>
		<Samples TimeTag="2025-01-01T06:39:57" DepthTag="6.945">0.690 20.119 53.846 0.000 50.554 20.119 </Samples>
		<Samples TimeTag="2025-01-01T06:40:06" DepthTag="7.047">0.712 20.104 55.589 0.000 49.658 20.104 </Samples>
		<Samples TimeTag="2025-01-01T06:40:13" DepthTag="7.149">0.846 20.012 54.807 0.000 56.143 20.012 </Samples>
		<Samples TimeTag="2025-01-01T06:40:23" DepthTag="7.249">0.600 19.737 55.676 0.000 48.406 19.737 </Samples>
		<Samples TimeTag="2025-01-01T06:40:35" DepthTag="7.351">0.485 19.722 55.270 0.000 49.493 19.722 </Samples>
		<Samples TimeTag="2025-01-01T06:40:46" DepthTag="7.452">0.573 19.615 54.667 0.000 49.068 19.615 </Samples>
		<Samples TimeTag="2025-01-01T06:40:53" DepthTag="7.552">0.913 19.844 55.014 0.000 52.883 19.844 </Samples>
		<Samples TimeTag="2025-01-01T06:41:23" DepthTag="7.653">0.321 8.247 44.566 0.000 43.145 8.247 </Samples>
		<Samples TimeTag="2025-01-01T06:41:39" DepthTag="7.753">0.385 16.432 40.130 0.000 47.093 16.432 </Samples>
		<Samples TimeTag="2025-01-01T06:43:34" DepthTag="7.854">0.336 10.481 41.467 0.000 48.294 10.481 </Samples>
		<Samples TimeTag="2025-01-01T06:43:46" DepthTag="7.955">0.491 17.289 55.335 0.000 55.583 17.289 </Samples>
		<Samples TimeTag="2025-01-01T06:43:55" DepthTag="8.055">0.716 18.590 55.053 0.000 50.881 18.590 </Samples>
		<Samples TimeTag="2025-01-01T06:44:05" DepthTag="8.160">0.624 19.125 54.568 0.000 53.257 19.125 </Samples>
		<Samples TimeTag="2025-01-01T06:44:17" DepthTag="8.261">0.499 19.232 54.371 0.000 55.814 19.232 </Samples>
		<Samples TimeTag="2025-01-01T06:44:27" DepthTag="8.363">0.611 19.293 54.614 0.000 50.196 19.293 </Samples>
		<Samples TimeTag="2025-01-01T06:44:43" DepthTag="8.463">0.381 19.416 55.029 0.000 40.290 19.416 </Samples>
		<Samples TimeTag="2025-01-01T06:44:58" DepthTag="8.565">0.402 18.804 42.202 0.000 45.758 18.804 </Samples>
		<Samples TimeTag="2025-01-01T06:45:46" DepthTag="8.667">0.175 15.835 39.577 0.000 47.289 15.835 </Samples>
	</CompactMWDdata>
	<IR:GenTrailer>
		<IR:FileCloseDate>2025-01-01T06:48:11</IR:FileCloseDate>
		<IR:ChkSum>2582754152</IR:ChkSum>
	</IR:GenTrailer>
</DRMWD>
