<?xml version="1.0" encoding="UTF-8"?>
<!-- Generated by the RCS System Epiroc Rock Drills AB -->
<DRMWD xmlns="http://www.iredes.org/xml/DrillRig" xmlns:IR="http://www.iredes.org/xml" xmlns:xsi="http://www.w3.org/2001/XMLSchema-instance" xsi:schemaLocation="http://www.iredes.org/xml/DrillRig C:\Iredes\IR_V1.2.3\xml\DR-DrillRig_V1.2\DrillRig.xsd" IRVersion="V 1.2AC" IRDownwCompat="V 1.2AC" DRMWDDownwCompat="V 1.2AC" DRMWDVersion="V 1.2AC">
	<IR:GenHead>
		<IR:FileCreateDate>2024-12-28T20:10:55</IR:FileCreateDate>
		<IR:IRversion DownwCompat="V 1.0">V 1.2AC</IR:IRversion>
		<IR:EquipmentInfo>
			<IR:EqpManufact>Epiroc</IR:EqpManufact>
			<IR:EqpType>SmartROC D65</IR:EqpType>
			<IR:EqpSerNo>8992013064</IR:EqpSerNo>
			<IR:EqpSysVer>6.28.1</IR:EqpSysVer>
			<IR:EqpInfo>DrillingMethod: DTH</IR:EqpInfo>
		</IR:EquipmentInfo>
	</IR:GenHead>
	<IR:ReportId>MWDRI282010</IR:ReportId>
	<IR:StartLogTime>2024-12-28T20:02:54</IR:StartLogTime>
	<IR:EndLogTime>2024-12-28T20:08:55</IR:EndLogTime>
	<IR:PlanIdRef>TRN08_21_0530_001_All</IR:PlanIdRef>
	<IR:PlanNameRef>TRN08_21_0530_001_All</IR:PlanNameRef>
	<MWDholeId>F54</MWDholeId>
	<QualityReportIdRef>DQRI272324</QualityReportIdRef>
	<SampleDistance>0.100</SampleDistance>
	<CompactMWDdata>
		<MWDparams>
			<Parameter Unit="m/min" Full="PenetrRate">PR</Parameter>
			<Parameter Unit="Bar" Full="PercPressure">PP</Parameter>
			<Parameter Unit="Bar" Full="FeedPressure">FP</Parameter>
			<Parameter Unit="Bar" Full="DampPressure">DP</Parameter>
			<Parameter Unit="Bar" Full="RotPressure">RP</Parameter>
			<Parameter Unit="Bar" Full="FlushPressure">FLP</Parameter>
		</MWDparams>
		<Samples TimeTag="2024-12-28T20:02:54" DepthTag="0.102">1.481 12.271 19.974 0.000 20.981 12.271 </Samples>
		<Samples TimeTag="2024-12-28T20:02:58" DepthTag="0.203">1.523 14.091 44.032 0.000 21.212 14.091 </Samples>
		<Samples TimeTag="2024-12-28T20:03:04" DepthTag="0.311">1.011 15.606 39.545 0.000 45.786 15.606 </Samples>
		<Samples TimeTag="2024-12-28T20:03:08" DepthTag="0.416">1.561 15.438 40.641 0.000 47.491 15.438 </Samples>
		<Samples TimeTag="2024-12-28T20:03:30" DepthTag="0.549">0.912 5.569 22.842 0.000 29.308 5.569 </Samples>
		<Samples TimeTag="2024-12-28T20:03:37" DepthTag="0.650">0.870 13.694 42.404 0.000 51.547 13.694 </Samples>
		<Samples TimeTag="2024-12-28T20:03:42" DepthTag="0.751">1.109 14.856 41.090 0.000 47.224 14.856 </Samples>
		<Samples TimeTag="2024-12-28T20:03:48" DepthTag="0.851">0.976 15.392 39.817 0.000 46.711 15.392 </Samples>
		<Samples TimeTag="2024-12-28T20:03:54" DepthTag="0.954">1.063 15.560 40.448 0.000 49.896 15.560 </Samples>
		<Samples TimeTag="2024-12-28T20:04:22" DepthTag="1.054">0.570 8.491 46.069 0.000 54.999 8.491 </Samples>
		<Samples TimeTag="2024-12-28T20:04:30" DepthTag="1.156">0.748 14.581 40.192 0.000 52.053 14.581 </Samples>
		<Samples TimeTag="2024-12-28T20:04:36" DepthTag="1.257">0.906 15.254 40.097 0.000 50.980 15.254 </Samples>
		<Samples TimeTag="2024-12-28T20:04:44" DepthTag="1.358">0.804 16.601 40.787 0.000 52.132 16.601 </Samples>
		<Samples TimeTag="2024-12-28T20:04:49" DepthTag="1.459">1.120 16.279 38.994 0.000 44.858 16.279 </Samples>
		<Samples TimeTag="2024-12-28T20:05:17" DepthTag="1.560">0.686 5.401 42.351 0.000 51.548 5.401 </Samples>
		<Samples TimeTag="2024-12-28T20:05:25" DepthTag="1.662">0.818 10.802 45.155 0.000 53.223 10.802 </Samples>
		<Samples TimeTag="2024-12-28T20:05:31" DepthTag="1.763">1.020 17.136 44.368 0.000 59.552 17.136 </Samples>
		<Samples TimeTag="2024-12-28T20:05:39" DepthTag="1.864">0.684 21.772 45.572 0.000 46.226 21.772 </Samples>
		<Samples TimeTag="2024-12-28T20:05:43" DepthTag="1.971">1.790 20.655 44.919 0.000 46.368 20.655 </Samples>
		<Samples TimeTag="2024-12-28T20:05:47" DepthTag="2.071">1.665 19.829 45.110 0.000 47.306 19.829 </Samples>
		<Samples TimeTag="2024-12-28T20:05:51" DepthTag="2.175">1.556 19.477 45.456 0.000 48.575 19.477 </Samples>
		<Samples TimeTag="2024-12-28T20:05:55" DepthTag="2.281">1.587 19.201 44.619 0.000 46.660 19.201 </Samples>
		<Samples TimeTag="2024-12-28T20:05:59" DepthTag="2.382">1.395 19.523 45.265 0.000 51.943 19.523 </Samples>
		<Samples TimeTag="2024-12-28T20:06:05" DepthTag="2.482">1.073 20.089 45.147 0.000 51.444 20.089 </Samples>
		<Samples TimeTag="2024-12-28T20:06:11" DepthTag="2.586">0.936 20.793 44.887 0.000 54.636 20.793 </Samples>
		<Samples TimeTag="2024-12-28T20:06:17" DepthTag="2.687">1.016 21.542 45.394 0.000 50.410 21.542 </Samples>
		<Samples TimeTag="2024-12-28T20:06:25" DepthTag="2.789">0.743 23.424 44.698 0.000 35.094 23.424 </Samples>
		<Samples TimeTag="2024-12-28T20:06:32" DepthTag="2.890">0.863 24.495 45.302 0.000 37.124 24.495 </Samples>
		<Samples TimeTag="2024-12-28T20:06:38" DepthTag="2.991">1.060 24.541 44.948 0.000 39.660 24.541 </Samples>
		<Samples TimeTag="2024-12-28T20:06:44" DepthTag="3.092">1.032 24.648 45.173 0.000 42.503 24.648 </Samples>
		<Samples TimeTag="2024-12-28T20:06:50" DepthTag="3.195">1.041 24.817 45.026 0.000 41.510 24.817 </Samples>
		<Samples TimeTag="2024-12-28T20:06:56" DepthTag="3.296">1.079 25.276 44.827 0.000 45.367 25.276 </Samples>
		<Samples TimeTag="2024-12-28T20:07:02" DepthTag="3.398">0.927 25.811 45.112 0.000 44.223 25.811 </Samples>
		<Samples TimeTag="2024-12-28T20:07:08" DepthTag="3.498">1.070 25.505 45.194 0.000 42.652 25.505 </Samples>
		<Samples TimeTag="2024-12-28T20:07:13" DepthTag="3.601">1.102 24.786 45.058 0.000 43.939 24.786 </Samples>
		<Samples TimeTag="2024-12-28T20:07:19" DepthTag="3.704">1.148 24.618 45.225 0.000 45.670 24.618 </Samples>
		<Samples TimeTag="2024-12-28T20:07:25" DepthTag="3.804">0.903 25.123 44.846 0.000 40.474 25.123 </Samples>
		<Samples TimeTag="2024-12-28T20:07:36" DepthTag="3.913">0.591 12.668 42.520 0.000 44.459 12.668 </Samples>
		<Samples TimeTag="2024-12-28T20:07:43" DepthTag="4.016">0.940 18.957 44.656 0.000 53.440 18.957 </Samples>
		<Samples TimeTag="2024-12-28T20:07:50" DepthTag="4.116">0.888 21.604 45.357 0.000 50.938 21.604 </Samples>
		<Samples TimeTag="2024-12-28T20:07:57" DepthTag="4.218">0.872 22.828 44.558 0.000 50.466 22.828 </Samples>
		<Samples TimeTag="2024-12-28T20:08:04" DepthTag="4.320">0.827 24.587 44.550 0.000 41.180 24.587 </Samples>
		<Samples TimeTag="2024-12-28T20:08:15" DepthTag="4.420">0.567 14.091 43.681 0.000 47.796 14.091 </Samples>
		<Samples TimeTag="2024-12-28T20:08:23" DepthTag="4.520">0.696 20.915 45.067 0.000 59.071 20.915 </Samples>
		<Samples TimeTag="2024-12-28T20:08:38" DepthTag="4.622">0.419 12.776 44.057 0.000 57.305 12.776 </Samples>
		<Samples TimeTag="2024-12-28T20:08:48" DepthTag="4.725">0.631 21.374 40.348 0.000 48.964 21.374 </Samples>
		<Samples TimeTag="2024-12-28T20:08:55" DepthTag="4.825">0.861 20.900 40.830 0.000 54.453 20.900 </Samples>
	</CompactMWDdata>
	<IR:GenTrailer>
		<IR:FileCloseDate>2024-12-28T20:10:55</IR:FileCloseDate>
		<IR:ChkSum>1018512907</IR:ChkSum>
	</IR:GenTrailer>
</DRMWD>
