<?xml version="1.0" encoding="UTF-8"?>
<!-- Generated by the RCS System Epiroc Rock Drills AB -->
<DRMWD xmlns="http://www.iredes.org/xml/DrillRig" xmlns:IR="http://www.iredes.org/xml" xmlns:xsi="http://www.w3.org/2001/XMLSchema-instance" xsi:schemaLocation="http://www.iredes.org/xml/DrillRig C:\Iredes\IR_V1.2.3\xml\DR-DrillRig_V1.2\DrillRig.xsd" IRVersion="V 1.2AC" IRDownwCompat="V 1.2AC" DRMWDDownwCompat="V 1.2AC" DRMWDVersion="V 1.2AC">
	<IR:GenHead>
		<IR:FileCreateDate>2024-12-28T05:13:23</IR:FileCreateDate>
		<IR:IRversion DownwCompat="V 1.0">V 1.2AC</IR:IRversion>
		<IR:EquipmentInfo>
			<IR:EqpManufact>Epiroc</IR:EqpManufact>
			<IR:EqpType>SmartROC D65</IR:EqpType>
			<IR:EqpSerNo>8992013064</IR:EqpSerNo>
			<IR:EqpSysVer>6.28.1</IR:EqpSysVer>
			<IR:EqpInfo>DrillingMethod: DTH</IR:EqpInfo>
		</IR:EquipmentInfo>
	</IR:GenHead>
	<IR:ReportId>MWDRI280513</IR:ReportId>
	<IR:StartLogTime>2024-12-28T05:08:13</IR:StartLogTime>
	<IR:EndLogTime>2024-12-28T05:12:00</IR:EndLogTime>
	<IR:PlanIdRef>TRN08_21_0530_001_All</IR:PlanIdRef>
	<IR:PlanNameRef>TRN08_21_0530_001_All</IR:PlanNameRef>
	<MWDholeId>D62</MWDholeId>
	<QualityReportIdRef>DQRI272324</QualityReportIdRef>
	<SampleDistance>0.100</SampleDistance>
	<CompactMWDdata>
		<MWDparams>
			<Parameter Unit="m/min" Full="PenetrRate">PR</Parameter>
			<Parameter Unit="Bar" Full="PercPressure">PP</Parameter>
			<Parameter Unit="Bar" Full="FeedPressure">FP</Parameter>
			<Parameter Unit="Bar" Full="DampPressure">DP</Parameter>
			<Parameter Unit="Bar" Full="RotPressure">RP</Parameter>
			<Parameter Unit="Bar" Full="FlushPressure">FLP</Parameter>
		</MWDparams>
		<Samples TimeTag="2024-12-28T05:08:13" DepthTag="0.101">0.566 21.894 34.420 0.000 31.096 21.894 </Samples>
		<Samples TimeTag="2024-12-28T05:08:15" DepthTag="0.210">2.470 20.089 37.046 0.000 36.376 20.089 </Samples>
		<Samples TimeTag="2024-12-28T05:08:18" DepthTag="0.316">2.470 18.758 38.907 0.000 42.756 18.758 </Samples>
		<Samples TimeTag="2024-12-28T05:08:21" DepthTag="0.418">1.910 17.671 40.442 0.000 42.949 17.671 </Samples>
		<Samples TimeTag="2024-12-28T05:08:25" DepthTag="0.521">1.714 16.845 41.885 0.000 42.876 16.845 </Samples>
		<Samples TimeTag="2024-12-28T05:08:46" DepthTag="0.622">0.751 4.697 39.120 0.000 37.687 4.697 </Samples>
		<Samples TimeTag="2024-12-28T05:08:54" DepthTag="0.728">0.880 13.571 40.606 0.000 50.657 13.571 </Samples>
		<Samples TimeTag="2024-12-28T05:08:59" DepthTag="0.829">1.164 14.872 40.146 0.000 48.561 14.872 </Samples>
		<Samples TimeTag="2024-12-28T05:09:04" DepthTag="0.931">1.178 15.239 39.958 0.000 45.866 15.239 </Samples>
		<Samples TimeTag="2024-12-28T05:09:08" DepthTag="1.032">1.378 15.224 38.915 0.000 45.029 15.224 </Samples>
		<Samples TimeTag="2024-12-28T05:09:39" DepthTag="1.138">0.579 12.638 43.121 0.000 45.522 12.638 </Samples>
		<Samples TimeTag="2024-12-28T05:09:43" DepthTag="1.240">1.260 14.397 41.009 0.000 45.018 14.397 </Samples>
		<Samples TimeTag="2024-12-28T05:09:49" DepthTag="1.343">1.189 14.795 40.192 0.000 43.406 14.795 </Samples>
		<Samples TimeTag="2024-12-28T05:09:53" DepthTag="1.444">1.322 14.918 39.982 0.000 46.010 14.918 </Samples>
		<Samples TimeTag="2024-12-28T05:09:58" DepthTag="1.545">1.376 14.979 38.462 0.000 46.152 14.979 </Samples>
		<Samples TimeTag="2024-12-28T05:10:23" DepthTag="1.649">0.899 6.671 32.524 0.000 36.162 6.671 </Samples>
		<Samples TimeTag="2024-12-28T05:10:28" DepthTag="1.754">1.205 15.575 45.093 0.000 44.847 15.575 </Samples>
		<Samples TimeTag="2024-12-28T05:10:32" DepthTag="1.858">1.849 17.014 44.498 0.000 43.842 17.014 </Samples>
		<Samples TimeTag="2024-12-28T05:10:35" DepthTag="1.962">1.950 17.779 44.626 0.000 43.187 17.779 </Samples>
		<Samples TimeTag="2024-12-28T05:10:38" DepthTag="2.063">2.030 18.207 44.439 0.000 43.310 18.207 </Samples>
		<Samples TimeTag="2024-12-28T05:10:41" DepthTag="2.164">1.988 18.574 46.189 0.000 42.533 18.574 </Samples>
		<Samples TimeTag="2024-12-28T05:10:44" DepthTag="2.266">1.906 18.865 45.059 0.000 40.355 18.865 </Samples>
		<Samples TimeTag="2024-12-28T05:10:47" DepthTag="2.367">1.947 19.125 44.176 0.000 39.058 19.125 </Samples>
		<Samples TimeTag="2024-12-28T05:10:50" DepthTag="2.472">2.374 19.263 44.985 0.000 39.789 19.263 </Samples>
		<Samples TimeTag="2024-12-28T05:10:53" DepthTag="2.573">2.033 19.385 45.028 0.000 38.543 19.385 </Samples>
		<Samples TimeTag="2024-12-28T05:10:56" DepthTag="2.682">2.163 19.354 45.598 0.000 41.279 19.354 </Samples>
		<Samples TimeTag="2024-12-28T05:10:59" DepthTag="2.783">2.156 19.507 45.847 0.000 42.505 19.507 </Samples>
		<Samples TimeTag="2024-12-28T05:11:01" DepthTag="2.887">2.274 19.538 44.891 0.000 42.020 19.538 </Samples>
		<Samples TimeTag="2024-12-28T05:11:05" DepthTag="2.992">2.076 19.523 44.449 0.000 42.561 19.523 </Samples>
		<Samples TimeTag="2024-12-28T05:11:07" DepthTag="3.101">2.330 19.446 45.218 0.000 40.892 19.446 </Samples>
		<Samples TimeTag="2024-12-28T05:11:10" DepthTag="3.203">2.537 19.523 45.322 0.000 43.716 19.523 </Samples>
		<Samples TimeTag="2024-12-28T05:11:13" DepthTag="3.308">1.972 19.691 45.770 0.000 40.481 19.691 </Samples>
		<Samples TimeTag="2024-12-28T05:11:16" DepthTag="3.412">2.084 19.783 45.345 0.000 43.241 19.783 </Samples>
		<Samples TimeTag="2024-12-28T05:11:19" DepthTag="3.513">1.904 19.783 44.426 0.000 41.407 19.783 </Samples>
		<Samples TimeTag="2024-12-28T05:11:22" DepthTag="3.623">2.042 19.752 45.127 0.000 41.948 19.752 </Samples>
		<Samples TimeTag="2024-12-28T05:11:26" DepthTag="3.728">1.978 20.104 44.973 0.000 40.931 20.104 </Samples>
		<Samples TimeTag="2024-12-28T05:11:29" DepthTag="3.837">1.729 19.921 45.301 0.000 40.831 19.921 </Samples>
		<Samples TimeTag="2024-12-28T05:11:33" DepthTag="3.941">1.855 19.966 44.659 0.000 38.770 19.966 </Samples>
		<Samples TimeTag="2024-12-28T05:11:36" DepthTag="4.044">1.911 19.844 45.207 0.000 38.512 19.844 </Samples>
		<Samples TimeTag="2024-12-28T05:11:39" DepthTag="4.144">1.966 19.829 45.563 0.000 40.160 19.829 </Samples>
		<Samples TimeTag="2024-12-28T05:11:42" DepthTag="4.245">1.946 19.905 44.410 0.000 39.296 19.905 </Samples>
		<Samples TimeTag="2024-12-28T05:11:46" DepthTag="4.349">1.812 19.813 45.773 0.000 38.393 19.813 </Samples>
		<Samples TimeTag="2024-12-28T05:11:49" DepthTag="4.455">1.754 19.844 44.168 0.000 39.910 19.844 </Samples>
		<Samples TimeTag="2024-12-28T05:11:53" DepthTag="4.555">1.793 19.768 44.755 0.000 37.180 19.768 </Samples>
		<Samples TimeTag="2024-12-28T05:11:56" DepthTag="4.656">1.679 19.538 40.772 0.000 38.302 19.538 </Samples>
		<Samples TimeTag="2024-12-28T05:12:00" DepthTag="4.757">1.601 18.727 40.203 0.000 39.806 18.727 </Samples>
	</CompactMWDdata>
	<IR:GenTrailer>
		<IR:FileCloseDate>2024-12-28T05:13:23</IR:FileCloseDate>
		<IR:ChkSum>1995360410</IR:ChkSum>
	</IR:GenTrailer>
</DRMWD>
