<?xml version="1.0" encoding="UTF-8"?>
<!-- Generated by the RCS System Epiroc Rock Drills AB -->
<DRMWD xmlns="http://www.iredes.org/xml/DrillRig" xmlns:IR="http://www.iredes.org/xml" xmlns:xsi="http://www.w3.org/2001/XMLSchema-instance" xsi:schemaLocation="http://www.iredes.org/xml/DrillRig C:\Iredes\IR_V1.2.3\xml\DR-DrillRig_V1.2\DrillRig.xsd" IRVersion="V 1.2AC" IRDownwCompat="V 1.2AC" DRMWDDownwCompat="V 1.2AC" DRMWDVersion="V 1.2AC">
	<IR:GenHead>
		<IR:FileCreateDate>2024-12-28T13:15:37</IR:FileCreateDate>
		<IR:IRversion DownwCompat="V 1.0">V 1.2AC</IR:IRversion>
		<IR:EquipmentInfo>
			<IR:EqpManufact>Epiroc</IR:EqpManufact>
			<IR:EqpType>SmartROC D65</IR:EqpType>
			<IR:EqpSerNo>8992013064</IR:EqpSerNo>
			<IR:EqpSysVer>6.28.1</IR:EqpSysVer>
			<IR:EqpInfo>DrillingMethod: DTH</IR:EqpInfo>
		</IR:EquipmentInfo>
	</IR:GenHead>
	<IR:ReportId>MWDRI281315</IR:ReportId>
	<IR:StartLogTime>2024-12-28T13:08:57</IR:StartLogTime>
	<IR:EndLogTime>2024-12-28T13:14:10</IR:EndLogTime>
	<IR:PlanIdRef>TRN08_21_0530_001_All</IR:PlanIdRef>
	<IR:PlanNameRef>TRN08_21_0530_001_All</IR:PlanNameRef>
	<MWDholeId>O45</MWDholeId>
	<QualityReportIdRef>DQRI272324</QualityReportIdRef>
	<SampleDistance>0.100</SampleDistance>
	<CompactMWDdata>
		<MWDparams>
			<Parameter Unit="m/min" Full="PenetrRate">PR</Parameter>
			<Parameter Unit="Bar" Full="PercPressure">PP</Parameter>
			<Parameter Unit="Bar" Full="FeedPressure">FP</Parameter>
			<Parameter Unit="Bar" Full="DampPressure">DP</Parameter>
			<Parameter Unit="Bar" Full="RotPressure">RP</Parameter>
			<Parameter Unit="Bar" Full="FlushPressure">FLP</Parameter>
		</MWDparams>
		<Samples TimeTag="2024-12-28T13:08:57" DepthTag="0.102">0.529 11.092 46.811 0.000 20.972 11.092 </Samples>
		<Samples TimeTag="2024-12-28T13:09:05" DepthTag="0.212">0.854 15.866 38.568 0.000 40.398 15.866 </Samples>
		<Samples TimeTag="2024-12-28T13:09:07" DepthTag="0.315">2.197 15.835 40.076 0.000 42.776 15.835 </Samples>
		<Samples TimeTag="2024-12-28T13:09:11" DepthTag="0.421">1.583 15.897 40.430 0.000 46.589 15.897 </Samples>
		<Samples TimeTag="2024-12-28T13:09:15" DepthTag="0.524">1.535 15.132 35.109 0.000 43.659 15.132 </Samples>
		<Samples TimeTag="2024-12-28T13:09:38" DepthTag="0.627">0.622 12.714 43.974 0.000 44.912 12.714 </Samples>
		<Samples TimeTag="2024-12-28T13:09:45" DepthTag="0.727">0.865 15.637 40.776 0.000 50.221 15.637 </Samples>
		<Samples TimeTag="2024-12-28T13:09:51" DepthTag="0.827">1.025 16.386 38.858 0.000 44.108 16.386 </Samples>
		<Samples TimeTag="2024-12-28T13:09:56" DepthTag="0.930">1.204 16.478 37.760 0.000 41.863 16.478 </Samples>
		<Samples TimeTag="2024-12-28T13:10:22" DepthTag="1.048">0.768 4.514 29.312 0.000 31.782 4.514 </Samples>
		<Samples TimeTag="2024-12-28T13:10:30" DepthTag="1.149">0.794 13.831 41.269 0.000 41.328 13.831 </Samples>
		<Samples TimeTag="2024-12-28T13:10:37" DepthTag="1.252">0.905 16.126 41.008 0.000 49.848 16.126 </Samples>
		<Samples TimeTag="2024-12-28T13:10:45" DepthTag="1.355">0.792 16.968 38.054 0.000 43.608 16.968 </Samples>
		<Samples TimeTag="2024-12-28T13:10:50" DepthTag="1.460">1.268 16.723 39.327 0.000 42.998 16.723 </Samples>
		<Samples TimeTag="2024-12-28T13:11:15" DepthTag="1.560">0.842 6.900 26.481 0.000 31.225 6.900 </Samples>
		<Samples TimeTag="2024-12-28T13:11:21" DepthTag="1.661">0.906 17.182 44.717 0.000 53.210 17.182 </Samples>
		<Samples TimeTag="2024-12-28T13:11:28" DepthTag="1.762">0.981 18.865 45.018 0.000 47.383 18.865 </Samples>
		<Samples TimeTag="2024-12-28T13:11:32" DepthTag="1.863">1.467 18.850 44.447 0.000 39.507 18.850 </Samples>
		<Samples TimeTag="2024-12-28T13:11:35" DepthTag="1.965">1.763 18.911 44.178 0.000 41.761 18.911 </Samples>
		<Samples TimeTag="2024-12-28T13:11:40" DepthTag="2.068">1.358 19.477 45.003 0.000 43.104 19.477 </Samples>
		<Samples TimeTag="2024-12-28T13:11:45" DepthTag="2.170">1.210 19.859 44.799 0.000 48.119 19.859 </Samples>
		<Samples TimeTag="2024-12-28T13:11:51" DepthTag="2.271">1.054 20.242 44.507 0.000 42.834 20.242 </Samples>
		<Samples TimeTag="2024-12-28T13:11:55" DepthTag="2.372">1.444 20.211 45.080 0.000 47.518 20.211 </Samples>
		<Samples TimeTag="2024-12-28T13:12:00" DepthTag="2.472">1.073 20.655 45.291 0.000 47.272 20.655 </Samples>
		<Samples TimeTag="2024-12-28T13:12:06" DepthTag="2.573">1.009 21.359 45.458 0.000 39.532 21.359 </Samples>
		<Samples TimeTag="2024-12-28T13:12:11" DepthTag="2.674">1.212 21.206 45.096 0.000 36.378 21.206 </Samples>
		<Samples TimeTag="2024-12-28T13:12:17" DepthTag="2.777">1.138 21.649 45.367 0.000 41.544 21.649 </Samples>
		<Samples TimeTag="2024-12-28T13:12:22" DepthTag="2.878">1.089 21.558 44.765 0.000 37.594 21.558 </Samples>
		<Samples TimeTag="2024-12-28T13:12:28" DepthTag="2.979">1.081 21.894 45.436 0.000 38.449 21.894 </Samples>
		<Samples TimeTag="2024-12-28T13:12:33" DepthTag="3.080">1.202 21.741 45.638 0.000 43.590 21.741 </Samples>
		<Samples TimeTag="2024-12-28T13:12:39" DepthTag="3.181">1.093 21.818 45.043 0.000 40.159 21.818 </Samples>
		<Samples TimeTag="2024-12-28T13:12:44" DepthTag="3.282">1.114 22.139 43.601 0.000 39.201 22.139 </Samples>
		<Samples TimeTag="2024-12-28T13:12:49" DepthTag="3.383">1.178 22.338 44.499 0.000 44.100 22.338 </Samples>
		<Samples TimeTag="2024-12-28T13:12:55" DepthTag="3.487">1.146 22.246 45.546 0.000 40.349 22.246 </Samples>
		<Samples TimeTag="2024-12-28T13:13:01" DepthTag="3.590">1.029 22.598 45.832 0.000 48.101 22.598 </Samples>
		<Samples TimeTag="2024-12-28T13:13:08" DepthTag="3.692">0.876 22.843 45.364 0.000 50.262 22.843 </Samples>
		<Samples TimeTag="2024-12-28T13:13:14" DepthTag="3.795">1.004 22.766 45.073 0.000 42.616 22.766 </Samples>
		<Samples TimeTag="2024-12-28T13:13:19" DepthTag="3.898">1.220 23.011 43.348 0.000 42.698 23.011 </Samples>
		<Samples TimeTag="2024-12-28T13:13:24" DepthTag="3.998">1.087 23.317 43.975 0.000 46.756 23.317 </Samples>
		<Samples TimeTag="2024-12-28T13:13:29" DepthTag="4.100">1.206 23.409 45.787 0.000 41.580 23.409 </Samples>
		<Samples TimeTag="2024-12-28T13:13:35" DepthTag="4.203">1.146 23.623 44.762 0.000 41.216 23.623 </Samples>
		<Samples TimeTag="2024-12-28T13:13:40" DepthTag="4.305">1.177 23.348 44.672 0.000 44.781 23.348 </Samples>
		<Samples TimeTag="2024-12-28T13:13:46" DepthTag="4.407">1.095 23.807 45.020 0.000 51.548 23.807 </Samples>
		<Samples TimeTag="2024-12-28T13:13:52" DepthTag="4.508">1.023 24.082 45.108 0.000 46.738 24.082 </Samples>
		<Samples TimeTag="2024-12-28T13:13:58" DepthTag="4.611">1.023 24.786 45.429 0.000 51.715 24.786 </Samples>
		<Samples TimeTag="2024-12-28T13:14:05" DepthTag="4.712">0.866 25.398 40.181 0.000 42.671 25.398 </Samples>
		<Samples TimeTag="2024-12-28T13:14:10" DepthTag="4.816">1.237 24.740 39.771 0.000 37.791 24.740 </Samples>
	</CompactMWDdata>
	<IR:GenTrailer>
		<IR:FileCloseDate>2024-12-28T13:15:37</IR:FileCloseDate>
		<IR:ChkSum>0360204614</IR:ChkSum>
	</IR:GenTrailer>
</DRMWD>
