<?xml version="1.0" encoding="UTF-8"?>
<!-- Generated by the RCS System Epiroc Rock Drills AB -->
<DRMWD xmlns="http://www.iredes.org/xml/DrillRig" xmlns:IR="http://www.iredes.org/xml" xmlns:xsi="http://www.w3.org/2001/XMLSchema-instance" xsi:schemaLocation="http://www.iredes.org/xml/DrillRig C:\Iredes\IR_V1.2.3\xml\DR-DrillRig_V1.2\DrillRig.xsd" IRVersion="V 1.2AC" IRDownwCompat="V 1.2AC" DRMWDDownwCompat="V 1.2AC" DRMWDVersion="V 1.2AC">
	<IR:GenHead>
		<IR:FileCreateDate>2024-12-28T06:09:16</IR:FileCreateDate>
		<IR:IRversion DownwCompat="V 1.0">V 1.2AC</IR:IRversion>
		<IR:EquipmentInfo>
			<IR:EqpManufact>Epiroc</IR:EqpManufact>
			<IR:EqpType>SmartROC D65</IR:EqpType>
			<IR:EqpSerNo>8992013064</IR:EqpSerNo>
			<IR:EqpSysVer>6.28.1</IR:EqpSysVer>
			<IR:EqpInfo>DrillingMethod: DTH</IR:EqpInfo>
		</IR:EquipmentInfo>
	</IR:GenHead>
	<IR:ReportId>MWDRI280609</IR:ReportId>
	<IR:StartLogTime>2024-12-28T06:02:16</IR:StartLogTime>
	<IR:EndLogTime>2024-12-28T06:07:49</IR:EndLogTime>
	<IR:PlanIdRef>TRN08_21_0530_001_All</IR:PlanIdRef>
	<IR:PlanNameRef>TRN08_21_0530_001_All</IR:PlanNameRef>
	<MWDholeId>N47</MWDholeId>
	<QualityReportIdRef>DQRI272324</QualityReportIdRef>
	<SampleDistance>0.100</SampleDistance>
	<CompactMWDdata>
		<MWDparams>
			<Parameter Unit="m/min" Full="PenetrRate">PR</Parameter>
			<Parameter Unit="Bar" Full="PercPressure">PP</Parameter>
			<Parameter Unit="Bar" Full="FeedPressure">FP</Parameter>
			<Parameter Unit="Bar" Full="DampPressure">DP</Parameter>
			<Parameter Unit="Bar" Full="RotPressure">RP</Parameter>
			<Parameter Unit="Bar" Full="FlushPressure">FLP</Parameter>
		</MWDparams>
		<Samples TimeTag="2024-12-28T06:02:16" DepthTag="0.103">1.117 11.536 47.100 0.000 20.972 11.536 </Samples>
		<Samples TimeTag="2024-12-28T06:02:24" DepthTag="0.210">0.804 16.662 37.602 0.000 33.312 16.662 </Samples>
		<Samples TimeTag="2024-12-28T06:02:27" DepthTag="0.319">2.187 16.218 39.486 0.000 40.423 16.218 </Samples>
		<Samples TimeTag="2024-12-28T06:02:30" DepthTag="0.422">1.923 15.897 38.755 0.000 44.652 15.897 </Samples>
		<Samples TimeTag="2024-12-28T06:02:51" DepthTag="0.540">0.872 4.299 30.022 0.000 37.950 4.299 </Samples>
		<Samples TimeTag="2024-12-28T06:02:59" DepthTag="0.642">0.782 13.954 41.966 0.000 45.005 13.954 </Samples>
		<Samples TimeTag="2024-12-28T06:03:03" DepthTag="0.745">1.448 14.719 39.726 0.000 45.891 14.719 </Samples>
		<Samples TimeTag="2024-12-28T06:03:10" DepthTag="0.846">0.922 15.820 38.483 0.000 42.972 15.820 </Samples>
		<Samples TimeTag="2024-12-28T06:03:14" DepthTag="0.947">1.383 15.698 39.483 0.000 48.010 15.698 </Samples>
		<Samples TimeTag="2024-12-28T06:03:46" DepthTag="1.048">0.603 14.642 42.175 0.000 51.883 14.642 </Samples>
		<Samples TimeTag="2024-12-28T06:03:54" DepthTag="1.151">0.813 16.386 40.509 0.000 49.553 16.386 </Samples>
		<Samples TimeTag="2024-12-28T06:04:00" DepthTag="1.252">1.004 16.356 39.442 0.000 41.771 16.356 </Samples>
		<Samples TimeTag="2024-12-28T06:04:04" DepthTag="1.355">1.396 15.881 39.201 0.000 40.914 15.881 </Samples>
		<Samples TimeTag="2024-12-28T06:04:09" DepthTag="1.458">1.431 15.682 38.673 0.000 44.982 15.682 </Samples>
		<Samples TimeTag="2024-12-28T06:04:35" DepthTag="1.559">0.792 6.763 29.369 0.000 30.479 6.763 </Samples>
		<Samples TimeTag="2024-12-28T06:04:42" DepthTag="1.664">0.981 16.708 44.205 0.000 47.838 16.708 </Samples>
		<Samples TimeTag="2024-12-28T06:04:46" DepthTag="1.765">1.515 18.115 44.943 0.000 50.938 18.115 </Samples>
		<Samples TimeTag="2024-12-28T06:04:50" DepthTag="1.866">1.384 19.431 45.789 0.000 52.827 19.431 </Samples>
		<Samples TimeTag="2024-12-28T06:04:55" DepthTag="1.971">1.428 20.089 45.657 0.000 45.098 20.089 </Samples>
		<Samples TimeTag="2024-12-28T06:04:58" DepthTag="2.080">1.728 20.058 44.594 0.000 45.261 20.058 </Samples>
		<Samples TimeTag="2024-12-28T06:05:03" DepthTag="2.186">1.441 20.686 44.607 0.000 49.859 20.686 </Samples>
		<Samples TimeTag="2024-12-28T06:05:07" DepthTag="2.289">1.539 20.930 44.534 0.000 47.013 20.930 </Samples>
		<Samples TimeTag="2024-12-28T06:05:11" DepthTag="2.391">1.338 21.542 45.222 0.000 48.392 21.542 </Samples>
		<Samples TimeTag="2024-12-28T06:05:16" DepthTag="2.493">1.345 21.588 45.161 0.000 44.540 21.588 </Samples>
		<Samples TimeTag="2024-12-28T06:05:21" DepthTag="2.598">1.356 21.741 45.461 0.000 43.953 21.741 </Samples>
		<Samples TimeTag="2024-12-28T06:05:26" DepthTag="2.702">1.192 22.323 45.111 0.000 47.543 22.323 </Samples>
		<Samples TimeTag="2024-12-28T06:05:32" DepthTag="2.806">0.947 23.424 45.366 0.000 46.697 23.424 </Samples>
		<Samples TimeTag="2024-12-28T06:05:39" DepthTag="2.907">0.944 24.633 44.905 0.000 47.667 24.633 </Samples>
		<Samples TimeTag="2024-12-28T06:05:44" DepthTag="3.009">1.240 24.679 44.962 0.000 42.556 24.679 </Samples>
		<Samples TimeTag="2024-12-28T06:05:50" DepthTag="3.109">0.999 25.719 45.412 0.000 48.912 25.719 </Samples>
		<Samples TimeTag="2024-12-28T06:05:57" DepthTag="3.211">0.870 19.523 45.030 0.000 50.720 19.523 </Samples>
		<Samples TimeTag="2024-12-28T06:06:03" DepthTag="3.314">0.942 22.491 45.304 0.000 50.030 22.491 </Samples>
		<Samples TimeTag="2024-12-28T06:06:10" DepthTag="3.418">0.937 24.740 45.215 0.000 47.685 24.740 </Samples>
		<Samples TimeTag="2024-12-28T06:06:20" DepthTag="3.520">0.626 14.397 43.822 0.000 52.670 14.397 </Samples>
		<Samples TimeTag="2024-12-28T06:06:27" DepthTag="3.621">0.780 21.558 45.383 0.000 46.917 21.558 </Samples>
		<Samples TimeTag="2024-12-28T06:06:34" DepthTag="3.722">0.917 23.883 44.914 0.000 45.957 23.883 </Samples>
		<Samples TimeTag="2024-12-28T06:06:40" DepthTag="3.824">0.983 25.291 44.913 0.000 45.942 25.291 </Samples>
		<Samples TimeTag="2024-12-28T06:06:51" DepthTag="3.928">0.602 16.233 42.819 0.000 55.037 16.233 </Samples>
		<Samples TimeTag="2024-12-28T06:06:58" DepthTag="4.029">0.824 22.476 45.054 0.000 52.324 22.476 </Samples>
		<Samples TimeTag="2024-12-28T06:07:06" DepthTag="4.131">0.816 25.566 45.266 0.000 44.802 25.566 </Samples>
		<Samples TimeTag="2024-12-28T06:07:11" DepthTag="4.232">1.047 26.438 44.935 0.000 45.453 26.438 </Samples>
		<Samples TimeTag="2024-12-28T06:07:21" DepthTag="4.333">0.622 12.638 41.336 0.000 40.366 12.638 </Samples>
		<Samples TimeTag="2024-12-28T06:07:27" DepthTag="4.434">0.980 19.217 45.765 0.000 55.433 19.217 </Samples>
		<Samples TimeTag="2024-12-28T06:07:34" DepthTag="4.534">0.961 22.399 44.708 0.000 54.167 22.399 </Samples>
		<Samples TimeTag="2024-12-28T06:07:39" DepthTag="4.635">1.076 24.220 44.240 0.000 51.088 24.220 </Samples>
		<Samples TimeTag="2024-12-28T06:07:44" DepthTag="4.735">1.171 24.771 40.420 0.000 36.895 24.771 </Samples>
		<Samples TimeTag="2024-12-28T06:07:49" DepthTag="4.839">1.239 24.511 40.327 0.000 44.917 24.511 </Samples>
	</CompactMWDdata>
	<IR:GenTrailer>
		<IR:FileCloseDate>2024-12-28T06:09:16</IR:FileCloseDate>
		<IR:ChkSum>1402692807</IR:ChkSum>
	</IR:GenTrailer>
</DRMWD>
