<?xml version="1.0" encoding="UTF-8"?>
<!-- Generated by the RCS System Epiroc Rock Drills AB -->
<DRMWD xmlns="http://www.iredes.org/xml/DrillRig" xmlns:IR="http://www.iredes.org/xml" xmlns:xsi="http://www.w3.org/2001/XMLSchema-instance" xsi:schemaLocation="http://www.iredes.org/xml/DrillRig C:\Iredes\IR_V1.2.3\xml\DR-DrillRig_V1.2\DrillRig.xsd" IRVersion="V 1.2AC" IRDownwCompat="V 1.2AC" DRMWDDownwCompat="V 1.2AC" DRMWDVersion="V 1.2AC">
	<IR:GenHead>
		<IR:FileCreateDate>2024-12-30T05:02:51</IR:FileCreateDate>
		<IR:IRversion DownwCompat="V 1.0">V 1.2AC</IR:IRversion>
		<IR:EquipmentInfo>
			<IR:EqpManufact>Epiroc</IR:EqpManufact>
			<IR:EqpType>SmartROC D65</IR:EqpType>
			<IR:EqpSerNo>8992013064</IR:EqpSerNo>
			<IR:EqpSysVer>6.28.1</IR:EqpSysVer>
			<IR:EqpInfo>DrillingMethod: DTH</IR:EqpInfo>
		</IR:EquipmentInfo>
	</IR:GenHead>
	<IR:ReportId>MWDRI300502</IR:ReportId>
	<IR:StartLogTime>2024-12-30T04:46:35</IR:StartLogTime>
	<IR:EndLogTime>2024-12-30T05:01:20</IR:EndLogTime>
	<IR:PlanIdRef>TRN09_24_0486_015_All</IR:PlanIdRef>
	<IR:PlanNameRef>TRN09_24_0486_015_All</IR:PlanNameRef>
	<MWDholeId>X35</MWDholeId>
	<QualityReportIdRef>DQRI291907</QualityReportIdRef>
	<SampleDistance>0.100</SampleDistance>
	<CompactMWDdata>
		<MWDparams>
			<Parameter Unit="m/min" Full="PenetrRate">PR</Parameter>
			<Parameter Unit="Bar" Full="PercPressure">PP</Parameter>
			<Parameter Unit="Bar" Full="FeedPressure">FP</Parameter>
			<Parameter Unit="Bar" Full="DampPressure">DP</Parameter>
			<Parameter Unit="Bar" Full="RotPressure">RP</Parameter>
			<Parameter Unit="Bar" Full="FlushPressure">FLP</Parameter>
		</MWDparams>
		<Samples TimeTag="2024-12-30T04:46:35" DepthTag="0.102">0.882 10.817 45.560 0.000 20.617 10.817 </Samples>
		<Samples TimeTag="2024-12-30T04:46:41" DepthTag="0.203">1.051 15.361 41.195 0.000 24.186 15.361 </Samples>
		<Samples TimeTag="2024-12-30T04:46:44" DepthTag="0.305">1.817 16.646 41.058 0.000 33.749 16.646 </Samples>
		<Samples TimeTag="2024-12-30T04:46:50" DepthTag="0.408">1.140 18.727 38.809 0.000 28.593 18.727 </Samples>
		<Samples TimeTag="2024-12-30T04:47:16" DepthTag="0.544">0.612 5.508 29.068 0.000 22.697 5.508 </Samples>
		<Samples TimeTag="2024-12-30T04:47:33" DepthTag="0.645">0.347 18.115 40.412 0.000 35.375 18.115 </Samples>
		<Samples TimeTag="2024-12-30T04:49:19" DepthTag="0.746">0.279 16.279 42.444 0.000 24.679 16.279 </Samples>
		<Samples TimeTag="2024-12-30T04:49:26" DepthTag="0.848">0.900 18.880 40.996 0.000 27.077 18.880 </Samples>
		<Samples TimeTag="2024-12-30T04:49:32" DepthTag="0.951">0.977 18.329 36.925 0.000 26.770 18.329 </Samples>
		<Samples TimeTag="2024-12-30T04:49:58" DepthTag="1.056">0.874 5.003 22.481 0.000 21.753 5.003 </Samples>
		<Samples TimeTag="2024-12-30T04:50:06" DepthTag="1.157">0.737 17.763 40.652 0.000 25.524 17.763 </Samples>
		<Samples TimeTag="2024-12-30T04:50:10" DepthTag="1.259">1.600 17.763 38.281 0.000 30.412 17.763 </Samples>
		<Samples TimeTag="2024-12-30T04:50:12" DepthTag="1.360">2.801 18.635 34.071 0.000 28.852 18.635 </Samples>
		<Samples TimeTag="2024-12-30T04:50:14" DepthTag="1.460">4.157 17.396 35.267 0.000 33.108 17.396 </Samples>
		<Samples TimeTag="2024-12-30T04:50:15" DepthTag="1.563">4.524 17.947 36.300 0.000 38.148 17.947 </Samples>
		<Samples TimeTag="2024-12-30T04:50:16" DepthTag="1.674">5.528 18.329 27.987 0.000 37.240 18.329 </Samples>
		<Samples TimeTag="2024-12-30T04:50:18" DepthTag="1.777">3.859 16.111 31.269 0.000 45.124 16.111 </Samples>
		<Samples TimeTag="2024-12-30T04:50:20" DepthTag="1.890">3.356 13.204 31.099 0.000 43.238 13.204 </Samples>
		<Samples TimeTag="2024-12-30T04:50:21" DepthTag="2.001">4.166 14.137 40.216 0.000 53.069 14.137 </Samples>
		<Samples TimeTag="2024-12-30T04:50:23" DepthTag="2.115">4.281 15.514 37.451 0.000 46.844 15.514 </Samples>
		<Samples TimeTag="2024-12-30T04:50:28" DepthTag="2.216">1.153 8.522 45.657 0.000 41.369 8.522 </Samples>
		<Samples TimeTag="2024-12-30T04:50:32" DepthTag="2.317">1.607 15.147 38.832 0.000 56.554 15.147 </Samples>
		<Samples TimeTag="2024-12-30T04:50:35" DepthTag="2.419">1.914 15.667 38.591 0.000 58.934 15.667 </Samples>
		<Samples TimeTag="2024-12-30T04:50:41" DepthTag="2.521">1.063 13.785 39.795 0.000 56.905 13.785 </Samples>
		<Samples TimeTag="2024-12-30T04:53:37" DepthTag="2.629">0.248 16.065 40.184 0.000 50.685 16.065 </Samples>
		<Samples TimeTag="2024-12-30T04:53:41" DepthTag="2.731">1.522 18.666 42.239 0.000 47.229 18.666 </Samples>
		<Samples TimeTag="2024-12-30T04:54:04" DepthTag="2.835">0.276 11.215 31.989 0.000 48.788 11.215 </Samples>
		<Samples TimeTag="2024-12-30T04:54:10" DepthTag="2.937">0.932 18.314 38.824 0.000 60.954 18.314 </Samples>
		<Samples TimeTag="2024-12-30T04:54:16" DepthTag="3.041">1.141 18.391 39.826 0.000 51.155 18.391 </Samples>
		<Samples TimeTag="2024-12-30T04:54:19" DepthTag="3.144">2.204 17.411 39.036 0.000 48.399 17.411 </Samples>
		<Samples TimeTag="2024-12-30T04:54:22" DepthTag="3.248">1.942 18.268 40.852 0.000 44.645 18.268 </Samples>
		<Samples TimeTag="2024-12-30T04:54:26" DepthTag="3.348">1.446 17.671 41.368 0.000 47.305 17.671 </Samples>
		<Samples TimeTag="2024-12-30T04:54:32" DepthTag="3.449">1.048 17.702 40.881 0.000 61.239 17.702 </Samples>
		<Samples TimeTag="2024-12-30T05:00:07" DepthTag="3.553">0.472 17.733 39.595 0.000 44.022 17.733 </Samples>
		<Samples TimeTag="2024-12-30T05:00:11" DepthTag="3.656">1.640 18.284 46.475 0.000 50.099 18.284 </Samples>
		<Samples TimeTag="2024-12-30T05:00:14" DepthTag="3.764">2.122 18.681 48.344 0.000 46.400 18.681 </Samples>
		<Samples TimeTag="2024-12-30T05:00:17" DepthTag="3.866">2.059 18.834 47.930 0.000 45.473 18.834 </Samples>
		<Samples TimeTag="2024-12-30T05:00:21" DepthTag="3.967">1.454 18.926 48.060 0.000 45.298 18.926 </Samples>
		<Samples TimeTag="2024-12-30T05:00:24" DepthTag="4.074">2.113 18.957 48.094 0.000 40.417 18.957 </Samples>
		<Samples TimeTag="2024-12-30T05:00:26" DepthTag="4.174">2.499 19.064 46.971 0.000 42.262 19.064 </Samples>
		<Samples TimeTag="2024-12-30T05:00:29" DepthTag="4.279">2.607 19.156 47.761 0.000 44.235 19.156 </Samples>
		<Samples TimeTag="2024-12-30T05:00:31" DepthTag="4.382">2.399 19.140 47.727 0.000 42.574 19.140 </Samples>
		<Samples TimeTag="2024-12-30T05:00:34" DepthTag="4.485">2.202 19.263 48.557 0.000 45.677 19.263 </Samples>
		<Samples TimeTag="2024-12-30T05:00:37" DepthTag="4.585">2.033 19.309 46.788 0.000 38.167 19.309 </Samples>
		<Samples TimeTag="2024-12-30T05:00:39" DepthTag="4.700">3.077 19.186 47.310 0.000 37.664 19.186 </Samples>
		<Samples TimeTag="2024-12-30T05:00:41" DepthTag="4.803">2.846 19.094 47.838 0.000 34.168 19.094 </Samples>
		<Samples TimeTag="2024-12-30T05:00:44" DepthTag="4.904">2.527 19.049 48.654 0.000 36.888 19.049 </Samples>
		<Samples TimeTag="2024-12-30T05:00:49" DepthTag="5.007">1.126 18.788 49.295 0.000 38.260 18.788 </Samples>
		<Samples TimeTag="2024-12-30T05:01:00" DepthTag="5.109">0.594 18.406 47.344 0.000 36.675 18.406 </Samples>
		<Samples TimeTag="2024-12-30T05:01:12" DepthTag="5.210">0.505 17.411 41.721 0.000 37.371 17.411 </Samples>
		<Samples TimeTag="2024-12-30T05:01:20" DepthTag="5.314">0.786 17.748 39.175 0.000 46.383 17.748 </Samples>
	</CompactMWDdata>
	<IR:GenTrailer>
		<IR:FileCloseDate>2024-12-30T05:02:52</IR:FileCloseDate>
		<IR:ChkSum>2146073417</IR:ChkSum>
	</IR:GenTrailer>
</DRMWD>
