<?xml version="1.0" encoding="UTF-8"?>
<!-- Generated by the RCS System Epiroc Rock Drills AB -->
<DRMWD xmlns="http://www.iredes.org/xml/DrillRig" xmlns:IR="http://www.iredes.org/xml" xmlns:xsi="http://www.w3.org/2001/XMLSchema-instance" xsi:schemaLocation="http://www.iredes.org/xml/DrillRig C:\Iredes\IR_V1.2.3\xml\DR-DrillRig_V1.2\DrillRig.xsd" IRVersion="V 1.2AC" IRDownwCompat="V 1.2AC" DRMWDDownwCompat="V 1.2AC" DRMWDVersion="V 1.2AC">
	<IR:GenHead>
		<IR:FileCreateDate>2024-12-29T23:44:10</IR:FileCreateDate>
		<IR:IRversion DownwCompat="V 1.0">V 1.2AC</IR:IRversion>
		<IR:EquipmentInfo>
			<IR:EqpManufact>Epiroc</IR:EqpManufact>
			<IR:EqpType>SmartROC D65</IR:EqpType>
			<IR:EqpSerNo>8992013064</IR:EqpSerNo>
			<IR:EqpSysVer>6.28.1</IR:EqpSysVer>
			<IR:EqpInfo>DrillingMethod: DTH</IR:EqpInfo>
		</IR:EquipmentInfo>
	</IR:GenHead>
	<IR:ReportId>MWDRI292344</IR:ReportId>
	<IR:StartLogTime>2024-12-29T23:38:13</IR:StartLogTime>
	<IR:EndLogTime>2024-12-29T23:42:16</IR:EndLogTime>
	<IR:PlanIdRef>TRN09_24_0486_015_All</IR:PlanIdRef>
	<IR:PlanNameRef>TRN09_24_0486_015_All</IR:PlanNameRef>
	<MWDholeId>AF57</MWDholeId>
	<QualityReportIdRef>DQRI291907</QualityReportIdRef>
	<SampleDistance>0.100</SampleDistance>
	<CompactMWDdata>
		<MWDparams>
			<Parameter Unit="m/min" Full="PenetrRate">PR</Parameter>
			<Parameter Unit="Bar" Full="PercPressure">PP</Parameter>
			<Parameter Unit="Bar" Full="FeedPressure">FP</Parameter>
			<Parameter Unit="Bar" Full="DampPressure">DP</Parameter>
			<Parameter Unit="Bar" Full="RotPressure">RP</Parameter>
			<Parameter Unit="Bar" Full="FlushPressure">FLP</Parameter>
		</MWDparams>
		<Samples TimeTag="2024-12-29T23:38:13" DepthTag="0.103">0.477 17.365 28.091 0.000 17.465 17.365 </Samples>
		<Samples TimeTag="2024-12-29T23:38:14" DepthTag="0.207">5.231 17.059 29.461 0.000 26.369 17.059 </Samples>
		<Samples TimeTag="2024-12-29T23:38:15" DepthTag="0.313">6.056 17.136 23.799 0.000 19.693 17.136 </Samples>
		<Samples TimeTag="2024-12-29T23:38:16" DepthTag="0.416">6.432 14.810 29.056 0.000 18.752 14.810 </Samples>
		<Samples TimeTag="2024-12-29T23:38:18" DepthTag="0.531">4.290 8.537 25.076 0.000 23.986 8.537 </Samples>
		<Samples TimeTag="2024-12-29T23:38:38" DepthTag="0.639">1.009 11.628 42.843 0.000 35.518 11.628 </Samples>
		<Samples TimeTag="2024-12-29T23:38:41" DepthTag="0.749">1.880 15.652 36.147 0.000 31.773 15.652 </Samples>
		<Samples TimeTag="2024-12-29T23:38:42" DepthTag="0.852">5.140 15.881 35.099 0.000 28.498 15.881 </Samples>
		<Samples TimeTag="2024-12-29T23:38:44" DepthTag="0.955">3.342 16.662 40.495 0.000 29.347 16.662 </Samples>
		<Samples TimeTag="2024-12-29T23:39:08" DepthTag="1.077">1.473 6.763 21.023 0.000 21.107 6.763 </Samples>
		<Samples TimeTag="2024-12-29T23:39:10" DepthTag="1.180">2.265 13.755 43.106 0.000 33.912 13.755 </Samples>
		<Samples TimeTag="2024-12-29T23:39:13" DepthTag="1.285">2.621 16.723 40.230 0.000 25.979 16.723 </Samples>
		<Samples TimeTag="2024-12-29T23:39:15" DepthTag="1.398">3.658 17.870 38.682 0.000 35.648 17.870 </Samples>
		<Samples TimeTag="2024-12-29T23:39:16" DepthTag="1.508">4.112 18.681 36.800 0.000 27.304 18.681 </Samples>
		<Samples TimeTag="2024-12-29T23:39:18" DepthTag="1.609">3.795 17.212 40.795 0.000 34.063 17.212 </Samples>
		<Samples TimeTag="2024-12-29T23:39:20" DepthTag="1.718">2.701 17.671 40.372 0.000 37.140 17.671 </Samples>
		<Samples TimeTag="2024-12-29T23:39:23" DepthTag="1.821">2.411 18.284 41.994 0.000 37.996 18.284 </Samples>
		<Samples TimeTag="2024-12-29T23:39:25" DepthTag="1.924">2.853 17.182 40.885 0.000 38.641 17.182 </Samples>
		<Samples TimeTag="2024-12-29T23:39:28" DepthTag="2.025">1.897 17.457 42.454 0.000 42.896 17.457 </Samples>
		<Samples TimeTag="2024-12-29T23:39:34" DepthTag="2.126">1.107 18.085 41.000 0.000 41.308 18.085 </Samples>
		<Samples TimeTag="2024-12-29T23:39:44" DepthTag="2.228">0.579 18.253 39.231 0.000 41.619 18.253 </Samples>
		<Samples TimeTag="2024-12-29T23:39:53" DepthTag="2.329">0.658 18.314 39.711 0.000 33.192 18.314 </Samples>
		<Samples TimeTag="2024-12-29T23:40:05" DepthTag="2.430">0.532 17.809 39.391 0.000 40.597 17.809 </Samples>
		<Samples TimeTag="2024-12-29T23:40:17" DepthTag="2.532">0.478 18.161 39.917 0.000 36.636 18.161 </Samples>
		<Samples TimeTag="2024-12-29T23:40:27" DepthTag="2.633">0.656 17.549 40.199 0.000 36.530 17.549 </Samples>
		<Samples TimeTag="2024-12-29T23:40:39" DepthTag="2.735">0.504 17.687 40.049 0.000 36.185 17.687 </Samples>
		<Samples TimeTag="2024-12-29T23:40:44" DepthTag="2.835">1.156 18.222 36.411 0.000 35.889 18.222 </Samples>
		<Samples TimeTag="2024-12-29T23:40:46" DepthTag="2.936">2.498 17.274 39.546 0.000 40.004 17.274 </Samples>
		<Samples TimeTag="2024-12-29T23:40:50" DepthTag="3.044">1.804 17.442 39.485 0.000 42.078 17.442 </Samples>
		<Samples TimeTag="2024-12-29T23:40:53" DepthTag="3.147">2.211 17.978 40.145 0.000 39.278 17.978 </Samples>
		<Samples TimeTag="2024-12-29T23:40:55" DepthTag="3.253">2.477 18.268 39.803 0.000 43.910 18.268 </Samples>
		<Samples TimeTag="2024-12-29T23:40:59" DepthTag="3.356">1.919 16.891 39.768 0.000 39.850 16.891 </Samples>
		<Samples TimeTag="2024-12-29T23:41:04" DepthTag="3.460">1.107 17.947 40.148 0.000 36.345 17.947 </Samples>
		<Samples TimeTag="2024-12-29T23:41:42" DepthTag="3.561">0.577 11.689 42.522 0.000 50.299 11.689 </Samples>
		<Samples TimeTag="2024-12-29T23:41:48" DepthTag="3.661">1.154 15.897 47.042 0.000 39.144 15.897 </Samples>
		<Samples TimeTag="2024-12-29T23:41:52" DepthTag="3.762">1.360 16.968 47.520 0.000 49.154 16.968 </Samples>
		<Samples TimeTag="2024-12-29T23:41:56" DepthTag="3.862">1.672 17.350 48.045 0.000 46.619 17.350 </Samples>
		<Samples TimeTag="2024-12-29T23:41:59" DepthTag="3.968">1.764 17.702 47.515 0.000 48.246 17.702 </Samples>
		<Samples TimeTag="2024-12-29T23:42:05" DepthTag="4.071">1.145 17.779 47.664 0.000 39.473 17.779 </Samples>
		<Samples TimeTag="2024-12-29T23:42:11" DepthTag="4.172">0.927 18.100 41.775 0.000 34.534 18.100 </Samples>
		<Samples TimeTag="2024-12-29T23:42:16" DepthTag="4.279">1.500 17.503 38.888 0.000 42.038 17.503 </Samples>
	</CompactMWDdata>
	<IR:GenTrailer>
		<IR:FileCloseDate>2024-12-29T23:44:10</IR:FileCloseDate>
		<IR:ChkSum>2028351398</IR:ChkSum>
	</IR:GenTrailer>
</DRMWD>
