<?xml version="1.0" encoding="UTF-8"?>
<!-- Generated by the RCS System Epiroc Rock Drills AB -->
<DRMWD xmlns="http://www.iredes.org/xml/DrillRig" xmlns:IR="http://www.iredes.org/xml" xmlns:xsi="http://www.w3.org/2001/XMLSchema-instance" xsi:schemaLocation="http://www.iredes.org/xml/DrillRig C:\Iredes\IR_V1.2.3\xml\DR-DrillRig_V1.2\DrillRig.xsd" IRVersion="V 1.2AC" IRDownwCompat="V 1.2AC" DRMWDDownwCompat="V 1.2AC" DRMWDVersion="V 1.2AC">
	<IR:GenHead>
		<IR:FileCreateDate>2024-12-28T11:06:09</IR:FileCreateDate>
		<IR:IRversion DownwCompat="V 1.0">V 1.2AC</IR:IRversion>
		<IR:EquipmentInfo>
			<IR:EqpManufact>Epiroc</IR:EqpManufact>
			<IR:EqpType>SmartROC D65</IR:EqpType>
			<IR:EqpSerNo>8992013064</IR:EqpSerNo>
			<IR:EqpSysVer>6.28.1</IR:EqpSysVer>
			<IR:EqpInfo>DrillingMethod: DTH</IR:EqpInfo>
		</IR:EquipmentInfo>
	</IR:GenHead>
	<IR:ReportId>MWDRI281106</IR:ReportId>
	<IR:StartLogTime>2024-12-28T11:00:01</IR:StartLogTime>
	<IR:EndLogTime>2024-12-28T11:04:12</IR:EndLogTime>
	<IR:PlanIdRef>TRN08_21_0530_001_All</IR:PlanIdRef>
	<IR:PlanNameRef>TRN08_21_0530_001_All</IR:PlanNameRef>
	<MWDholeId>L50</MWDholeId>
	<QualityReportIdRef>DQRI272324</QualityReportIdRef>
	<SampleDistance>0.100</SampleDistance>
	<CompactMWDdata>
		<MWDparams>
			<Parameter Unit="m/min" Full="PenetrRate">PR</Parameter>
			<Parameter Unit="Bar" Full="PercPressure">PP</Parameter>
			<Parameter Unit="Bar" Full="FeedPressure">FP</Parameter>
			<Parameter Unit="Bar" Full="DampPressure">DP</Parameter>
			<Parameter Unit="Bar" Full="RotPressure">RP</Parameter>
			<Parameter Unit="Bar" Full="FlushPressure">FLP</Parameter>
		</MWDparams>
		<Samples TimeTag="2024-12-28T11:00:01" DepthTag="0.100">0.603 14.321 45.859 0.000 20.544 14.321 </Samples>
		<Samples TimeTag="2024-12-28T11:00:06" DepthTag="0.203">1.238 15.239 42.917 0.000 20.544 15.239 </Samples>
		<Samples TimeTag="2024-12-28T11:00:10" DepthTag="0.312">1.561 15.637 38.001 0.000 39.455 15.637 </Samples>
		<Samples TimeTag="2024-12-28T11:00:12" DepthTag="0.414">2.747 15.499 38.381 0.000 42.131 15.499 </Samples>
		<Samples TimeTag="2024-12-28T11:00:15" DepthTag="0.521">2.488 15.637 41.047 0.000 42.093 15.637 </Samples>
		<Samples TimeTag="2024-12-28T11:00:37" DepthTag="0.622">0.671 10.526 45.444 0.000 49.942 10.526 </Samples>
		<Samples TimeTag="2024-12-28T11:00:42" DepthTag="0.723">1.304 14.260 41.432 0.000 46.181 14.260 </Samples>
		<Samples TimeTag="2024-12-28T11:00:46" DepthTag="0.829">1.528 14.764 38.641 0.000 40.202 14.764 </Samples>
		<Samples TimeTag="2024-12-28T11:00:50" DepthTag="0.929">1.312 15.086 40.642 0.000 45.738 15.086 </Samples>
		<Samples TimeTag="2024-12-28T11:00:56" DepthTag="1.030">1.161 15.132 40.137 0.000 44.650 15.132 </Samples>
		<Samples TimeTag="2024-12-28T11:01:28" DepthTag="1.131">0.627 14.810 40.667 0.000 44.579 14.810 </Samples>
		<Samples TimeTag="2024-12-28T11:01:33" DepthTag="1.233">1.271 14.948 40.337 0.000 46.831 14.948 </Samples>
		<Samples TimeTag="2024-12-28T11:01:38" DepthTag="1.334">1.255 14.994 40.535 0.000 39.753 14.994 </Samples>
		<Samples TimeTag="2024-12-28T11:01:43" DepthTag="1.436">1.214 15.071 39.848 0.000 37.997 15.071 </Samples>
		<Samples TimeTag="2024-12-28T11:01:47" DepthTag="1.537">1.394 15.193 40.066 0.000 44.018 15.193 </Samples>
		<Samples TimeTag="2024-12-28T11:02:14" DepthTag="1.637">0.753 14.153 44.017 0.000 46.946 14.153 </Samples>
		<Samples TimeTag="2024-12-28T11:02:18" DepthTag="1.739">1.626 16.463 45.115 0.000 43.891 16.463 </Samples>
		<Samples TimeTag="2024-12-28T11:02:22" DepthTag="1.839">1.498 17.809 45.598 0.000 44.853 17.809 </Samples>
		<Samples TimeTag="2024-12-28T11:02:25" DepthTag="1.941">1.575 18.421 44.460 0.000 42.566 18.421 </Samples>
		<Samples TimeTag="2024-12-28T11:02:28" DepthTag="2.044">2.100 18.620 44.327 0.000 39.507 18.620 </Samples>
		<Samples TimeTag="2024-12-28T11:02:32" DepthTag="2.153">2.030 18.804 45.957 0.000 43.479 18.804 </Samples>
		<Samples TimeTag="2024-12-28T11:02:35" DepthTag="2.255">1.913 18.987 44.745 0.000 42.403 18.987 </Samples>
		<Samples TimeTag="2024-12-28T11:02:38" DepthTag="2.359">2.104 19.079 44.799 0.000 43.494 19.079 </Samples>
		<Samples TimeTag="2024-12-28T11:02:41" DepthTag="2.463">1.935 19.232 44.731 0.000 40.938 19.232 </Samples>
		<Samples TimeTag="2024-12-28T11:02:44" DepthTag="2.567">1.954 19.293 44.300 0.000 37.642 19.293 </Samples>
		<Samples TimeTag="2024-12-28T11:02:47" DepthTag="2.670">1.925 19.324 44.596 0.000 36.115 19.324 </Samples>
		<Samples TimeTag="2024-12-28T11:02:51" DepthTag="2.771">1.876 19.324 44.969 0.000 35.003 19.324 </Samples>
		<Samples TimeTag="2024-12-28T11:02:54" DepthTag="2.877">1.983 19.263 45.560 0.000 37.957 19.263 </Samples>
		<Samples TimeTag="2024-12-28T11:02:57" DepthTag="2.978">1.888 19.263 44.192 0.000 38.443 19.263 </Samples>
		<Samples TimeTag="2024-12-28T11:03:00" DepthTag="3.085">2.168 19.201 44.711 0.000 38.455 19.201 </Samples>
		<Samples TimeTag="2024-12-28T11:03:03" DepthTag="3.189">2.047 19.263 44.934 0.000 42.479 19.263 </Samples>
		<Samples TimeTag="2024-12-28T11:03:06" DepthTag="3.291">2.076 19.278 45.752 0.000 42.681 19.278 </Samples>
		<Samples TimeTag="2024-12-28T11:03:09" DepthTag="3.401">2.055 19.354 44.663 0.000 41.756 19.354 </Samples>
		<Samples TimeTag="2024-12-28T11:03:12" DepthTag="3.503">2.056 19.492 44.144 0.000 37.828 19.492 </Samples>
		<Samples TimeTag="2024-12-28T11:03:16" DepthTag="3.609">1.651 19.905 45.272 0.000 45.391 19.905 </Samples>
		<Samples TimeTag="2024-12-28T11:03:20" DepthTag="3.711">1.561 19.859 44.639 0.000 41.834 19.859 </Samples>
		<Samples TimeTag="2024-12-28T11:03:24" DepthTag="3.816">1.737 19.783 44.808 0.000 38.280 19.783 </Samples>
		<Samples TimeTag="2024-12-28T11:03:27" DepthTag="3.916">1.980 19.752 44.532 0.000 40.776 19.752 </Samples>
		<Samples TimeTag="2024-12-28T11:03:30" DepthTag="4.018">1.908 19.829 44.817 0.000 40.152 19.829 </Samples>
		<Samples TimeTag="2024-12-28T11:03:33" DepthTag="4.122">1.723 19.844 44.842 0.000 40.844 19.844 </Samples>
		<Samples TimeTag="2024-12-28T11:03:37" DepthTag="4.224">1.733 19.936 44.270 0.000 41.926 19.936 </Samples>
		<Samples TimeTag="2024-12-28T11:03:41" DepthTag="4.326">1.597 20.135 45.065 0.000 43.128 20.135 </Samples>
		<Samples TimeTag="2024-12-28T11:03:45" DepthTag="4.427">1.507 20.471 45.188 0.000 45.690 20.471 </Samples>
		<Samples TimeTag="2024-12-28T11:03:49" DepthTag="4.532">1.434 20.992 45.207 0.000 46.170 20.992 </Samples>
		<Samples TimeTag="2024-12-28T11:03:54" DepthTag="4.633">1.274 21.221 45.094 0.000 35.085 21.221 </Samples>
		<Samples TimeTag="2024-12-28T11:03:59" DepthTag="4.740">1.380 21.466 44.902 0.000 34.566 21.466 </Samples>
		<Samples TimeTag="2024-12-28T11:04:03" DepthTag="4.840">1.367 21.757 44.424 0.000 38.382 21.757 </Samples>
		<Samples TimeTag="2024-12-28T11:04:08" DepthTag="4.943">1.343 21.282 40.667 0.000 42.365 21.282 </Samples>
		<Samples TimeTag="2024-12-28T11:04:12" DepthTag="5.044">1.262 19.156 24.215 0.000 35.402 19.156 </Samples>
	</CompactMWDdata>
	<IR:GenTrailer>
		<IR:FileCloseDate>2024-12-28T11:06:09</IR:FileCloseDate>
		<IR:ChkSum>1185386011</IR:ChkSum>
	</IR:GenTrailer>
</DRMWD>
