<?xml version="1.0" encoding="UTF-8"?>
<!-- Generated by the RCS System Epiroc Rock Drills AB -->
<DRMWD xmlns="http://www.iredes.org/xml/DrillRig" xmlns:IR="http://www.iredes.org/xml" xmlns:xsi="http://www.w3.org/2001/XMLSchema-instance" xsi:schemaLocation="http://www.iredes.org/xml/DrillRig C:\Iredes\IR_V1.2.3\xml\DR-DrillRig_V1.2\DrillRig.xsd" IRVersion="V 1.2AC" IRDownwCompat="V 1.2AC" DRMWDDownwCompat="V 1.2AC" DRMWDVersion="V 1.2AC">
	<IR:GenHead>
		<IR:FileCreateDate>2024-12-29T07:06:09</IR:FileCreateDate>
		<IR:IRversion DownwCompat="V 1.0">V 1.2AC</IR:IRversion>
		<IR:EquipmentInfo>
			<IR:EqpManufact>Epiroc</IR:EqpManufact>
			<IR:EqpType>SmartROC D65</IR:EqpType>
			<IR:EqpSerNo>8992013064</IR:EqpSerNo>
			<IR:EqpSysVer>6.28.1</IR:EqpSysVer>
			<IR:EqpInfo>DrillingMethod: DTH</IR:EqpInfo>
		</IR:EquipmentInfo>
	</IR:GenHead>
	<IR:ReportId>MWDRI290706</IR:ReportId>
	<IR:StartLogTime>2024-12-29T06:58:17</IR:StartLogTime>
	<IR:EndLogTime>2024-12-29T07:04:37</IR:EndLogTime>
	<IR:PlanIdRef>TRN08_21_0530_001_All</IR:PlanIdRef>
	<IR:PlanNameRef>TRN08_21_0530_001_All</IR:PlanNameRef>
	<MWDholeId>O37</MWDholeId>
	<QualityReportIdRef>DQRI272324</QualityReportIdRef>
	<SampleDistance>0.100</SampleDistance>
	<CompactMWDdata>
		<MWDparams>
			<Parameter Unit="m/min" Full="PenetrRate">PR</Parameter>
			<Parameter Unit="Bar" Full="PercPressure">PP</Parameter>
			<Parameter Unit="Bar" Full="FeedPressure">FP</Parameter>
			<Parameter Unit="Bar" Full="DampPressure">DP</Parameter>
			<Parameter Unit="Bar" Full="RotPressure">RP</Parameter>
			<Parameter Unit="Bar" Full="FlushPressure">FLP</Parameter>
		</MWDparams>
		<Samples TimeTag="2024-12-29T06:58:17" DepthTag="0.101">1.203 14.581 46.878 0.000 21.150 14.581 </Samples>
		<Samples TimeTag="2024-12-29T06:58:24" DepthTag="0.205">0.919 15.484 37.693 0.000 37.225 15.484 </Samples>
		<Samples TimeTag="2024-12-29T06:58:27" DepthTag="0.309">2.108 15.178 39.692 0.000 44.359 15.178 </Samples>
		<Samples TimeTag="2024-12-29T06:58:30" DepthTag="0.412">2.033 15.193 40.252 0.000 45.213 15.193 </Samples>
		<Samples TimeTag="2024-12-29T06:58:33" DepthTag="0.513">1.786 13.908 24.199 0.000 38.455 13.908 </Samples>
		<Samples TimeTag="2024-12-29T06:58:55" DepthTag="0.615">0.733 10.144 45.046 0.000 47.926 10.144 </Samples>
		<Samples TimeTag="2024-12-29T06:59:01" DepthTag="0.717">1.027 13.984 40.531 0.000 46.211 13.984 </Samples>
		<Samples TimeTag="2024-12-29T06:59:07" DepthTag="0.823">1.102 15.713 38.428 0.000 44.413 15.713 </Samples>
		<Samples TimeTag="2024-12-29T06:59:10" DepthTag="0.926">1.926 15.346 38.834 0.000 44.854 15.346 </Samples>
		<Samples TimeTag="2024-12-29T06:59:37" DepthTag="1.047">0.840 2.723 22.328 0.000 32.877 2.723 </Samples>
		<Samples TimeTag="2024-12-29T06:59:43" DepthTag="1.147">1.040 11.521 42.777 0.000 50.297 11.521 </Samples>
		<Samples TimeTag="2024-12-29T06:59:48" DepthTag="1.249">1.179 13.938 40.535 0.000 50.625 13.938 </Samples>
		<Samples TimeTag="2024-12-29T06:59:54" DepthTag="1.352">1.026 14.994 40.356 0.000 47.877 14.994 </Samples>
		<Samples TimeTag="2024-12-29T07:00:00" DepthTag="1.453">1.085 15.438 39.349 0.000 48.028 15.438 </Samples>
		<Samples TimeTag="2024-12-29T07:00:26" DepthTag="1.566">0.872 6.625 25.767 0.000 30.921 6.625 </Samples>
		<Samples TimeTag="2024-12-29T07:00:31" DepthTag="1.667">1.109 15.254 45.081 0.000 52.159 15.254 </Samples>
		<Samples TimeTag="2024-12-29T07:00:36" DepthTag="1.769">1.227 17.197 45.110 0.000 46.343 17.197 </Samples>
		<Samples TimeTag="2024-12-29T07:00:40" DepthTag="1.871">1.819 17.825 44.661 0.000 44.620 17.825 </Samples>
		<Samples TimeTag="2024-12-29T07:00:44" DepthTag="1.971">1.416 19.171 44.793 0.000 57.256 19.171 </Samples>
		<Samples TimeTag="2024-12-29T07:00:49" DepthTag="2.073">1.166 20.456 45.524 0.000 53.355 20.456 </Samples>
		<Samples TimeTag="2024-12-29T07:00:54" DepthTag="2.174">1.283 20.579 44.719 0.000 51.126 20.579 </Samples>
		<Samples TimeTag="2024-12-29T07:00:59" DepthTag="2.276">1.215 21.726 44.658 0.000 52.694 21.726 </Samples>
		<Samples TimeTag="2024-12-29T07:01:05" DepthTag="2.377">1.047 23.225 45.244 0.000 49.041 23.225 </Samples>
		<Samples TimeTag="2024-12-29T07:01:12" DepthTag="2.482">0.874 24.052 44.550 0.000 41.782 24.052 </Samples>
		<Samples TimeTag="2024-12-29T07:01:17" DepthTag="2.584">1.271 23.715 45.106 0.000 43.941 23.715 </Samples>
		<Samples TimeTag="2024-12-29T07:01:23" DepthTag="2.684">1.040 24.006 44.808 0.000 42.329 24.006 </Samples>
		<Samples TimeTag="2024-12-29T07:01:28" DepthTag="2.786">1.051 24.052 44.918 0.000 43.070 24.052 </Samples>
		<Samples TimeTag="2024-12-29T07:01:45" DepthTag="2.886">0.358 17.809 45.974 0.000 51.394 17.809 </Samples>
		<Samples TimeTag="2024-12-29T07:01:55" DepthTag="2.988">0.602 23.455 44.688 0.000 42.061 23.455 </Samples>
		<Samples TimeTag="2024-12-29T07:02:05" DepthTag="3.090">0.636 16.845 45.268 0.000 54.112 16.845 </Samples>
		<Samples TimeTag="2024-12-29T07:02:13" DepthTag="3.190">0.793 20.670 45.242 0.000 44.812 20.670 </Samples>
		<Samples TimeTag="2024-12-29T07:02:20" DepthTag="3.293">0.857 22.858 45.135 0.000 46.163 22.858 </Samples>
		<Samples TimeTag="2024-12-29T07:02:49" DepthTag="3.395">0.623 15.193 40.817 0.000 52.100 15.193 </Samples>
		<Samples TimeTag="2024-12-29T07:02:55" DepthTag="3.496">1.084 18.972 44.179 0.000 48.282 18.972 </Samples>
		<Samples TimeTag="2024-12-29T07:03:01" DepthTag="3.598">0.929 22.323 44.288 0.000 57.385 22.323 </Samples>
		<Samples TimeTag="2024-12-29T07:03:08" DepthTag="3.700">0.899 23.562 45.117 0.000 46.445 23.562 </Samples>
		<Samples TimeTag="2024-12-29T07:03:12" DepthTag="3.802">1.469 23.134 45.013 0.000 42.322 23.134 </Samples>
		<Samples TimeTag="2024-12-29T07:03:17" DepthTag="3.904">1.381 22.981 44.807 0.000 45.979 22.981 </Samples>
		<Samples TimeTag="2024-12-29T07:03:22" DepthTag="4.005">1.220 23.531 44.793 0.000 47.315 23.531 </Samples>
		<Samples TimeTag="2024-12-29T07:03:32" DepthTag="4.106">0.604 26.362 45.837 0.000 43.397 26.362 </Samples>
		<Samples TimeTag="2024-12-29T07:03:44" DepthTag="4.208">0.488 16.448 45.435 0.000 55.591 16.448 </Samples>
		<Samples TimeTag="2024-12-29T07:03:52" DepthTag="4.310">0.829 20.517 44.640 0.000 48.116 20.517 </Samples>
		<Samples TimeTag="2024-12-29T07:03:58" DepthTag="4.411">0.937 22.093 45.312 0.000 51.248 22.093 </Samples>
		<Samples TimeTag="2024-12-29T07:04:04" DepthTag="4.513">0.992 23.531 45.313 0.000 51.050 23.531 </Samples>
		<Samples TimeTag="2024-12-29T07:04:11" DepthTag="4.616">0.931 24.205 45.279 0.000 44.181 24.205 </Samples>
		<Samples TimeTag="2024-12-29T07:04:17" DepthTag="4.720">1.084 24.419 44.352 0.000 43.760 24.419 </Samples>
		<Samples TimeTag="2024-12-29T07:04:22" DepthTag="4.820">1.206 24.602 44.682 0.000 43.773 24.602 </Samples>
		<Samples TimeTag="2024-12-29T07:04:27" DepthTag="4.925">1.201 24.954 44.959 0.000 49.254 24.954 </Samples>
		<Samples TimeTag="2024-12-29T07:04:32" DepthTag="5.025">1.208 24.679 39.339 0.000 41.571 24.679 </Samples>
		<Samples TimeTag="2024-12-29T07:04:37" DepthTag="5.129">1.238 24.801 39.906 0.000 52.381 24.801 </Samples>
	</CompactMWDdata>
	<IR:GenTrailer>
		<IR:FileCloseDate>2024-12-29T07:06:09</IR:FileCloseDate>
		<IR:ChkSum>2410604183</IR:ChkSum>
	</IR:GenTrailer>
</DRMWD>
