<?xml version="1.0" encoding="UTF-8"?>
<!-- Generated by the RCS System Epiroc Rock Drills AB -->
<DRMWD xmlns="http://www.iredes.org/xml/DrillRig" xmlns:IR="http://www.iredes.org/xml" xmlns:xsi="http://www.w3.org/2001/XMLSchema-instance" xsi:schemaLocation="http://www.iredes.org/xml/DrillRig C:\Iredes\IR_V1.2.3\xml\DR-DrillRig_V1.2\DrillRig.xsd" IRVersion="V 1.2AC" IRDownwCompat="V 1.2AC" DRMWDDownwCompat="V 1.2AC" DRMWDVersion="V 1.2AC">
	<IR:GenHead>
		<IR:FileCreateDate>2024-12-28T17:03:43</IR:FileCreateDate>
		<IR:IRversion DownwCompat="V 1.0">V 1.2AC</IR:IRversion>
		<IR:EquipmentInfo>
			<IR:EqpManufact>Epiroc</IR:EqpManufact>
			<IR:EqpType>SmartROC D65</IR:EqpType>
			<IR:EqpSerNo>8992013064</IR:EqpSerNo>
			<IR:EqpSysVer>6.28.1</IR:EqpSysVer>
			<IR:EqpInfo>DrillingMethod: DTH</IR:EqpInfo>
		</IR:EquipmentInfo>
	</IR:GenHead>
	<IR:ReportId>MWDRI281703</IR:ReportId>
	<IR:StartLogTime>2024-12-28T16:56:28</IR:StartLogTime>
	<IR:EndLogTime>2024-12-28T17:01:50</IR:EndLogTime>
	<IR:PlanIdRef>TRN08_21_0530_001_All</IR:PlanIdRef>
	<IR:PlanNameRef>TRN08_21_0530_001_All</IR:PlanNameRef>
	<MWDholeId>H53</MWDholeId>
	<QualityReportIdRef>DQRI272324</QualityReportIdRef>
	<SampleDistance>0.100</SampleDistance>
	<CompactMWDdata>
		<MWDparams>
			<Parameter Unit="m/min" Full="PenetrRate">PR</Parameter>
			<Parameter Unit="Bar" Full="PercPressure">PP</Parameter>
			<Parameter Unit="Bar" Full="FeedPressure">FP</Parameter>
			<Parameter Unit="Bar" Full="DampPressure">DP</Parameter>
			<Parameter Unit="Bar" Full="RotPressure">RP</Parameter>
			<Parameter Unit="Bar" Full="FlushPressure">FLP</Parameter>
		</MWDparams>
		<Samples TimeTag="2024-12-28T16:56:28" DepthTag="0.102">1.518 11.353 42.845 0.000 20.531 11.353 </Samples>
		<Samples TimeTag="2024-12-28T16:56:37" DepthTag="0.205">0.668 17.243 36.798 0.000 37.904 17.243 </Samples>
		<Samples TimeTag="2024-12-28T16:56:40" DepthTag="0.313">2.320 16.493 38.687 0.000 39.918 16.493 </Samples>
		<Samples TimeTag="2024-12-28T16:56:43" DepthTag="0.417">1.935 16.004 41.511 0.000 47.234 16.004 </Samples>
		<Samples TimeTag="2024-12-28T16:57:04" DepthTag="0.522">0.742 4.284 32.896 0.000 34.652 4.284 </Samples>
		<Samples TimeTag="2024-12-28T16:57:09" DepthTag="0.624">1.216 11.429 43.459 0.000 44.867 11.429 </Samples>
		<Samples TimeTag="2024-12-28T16:57:14" DepthTag="0.727">1.355 13.342 40.475 0.000 44.001 13.342 </Samples>
		<Samples TimeTag="2024-12-28T16:57:18" DepthTag="0.829">1.268 14.122 40.140 0.000 44.017 14.122 </Samples>
		<Samples TimeTag="2024-12-28T16:57:23" DepthTag="0.930">1.452 14.229 39.008 0.000 44.549 14.229 </Samples>
		<Samples TimeTag="2024-12-28T16:57:49" DepthTag="1.030">0.699 7.038 48.457 0.000 52.183 7.038 </Samples>
		<Samples TimeTag="2024-12-28T16:57:57" DepthTag="1.131">0.817 13.632 40.979 0.000 45.170 13.632 </Samples>
		<Samples TimeTag="2024-12-28T16:58:01" DepthTag="1.236">1.433 14.137 39.071 0.000 43.246 14.137 </Samples>
		<Samples TimeTag="2024-12-28T16:58:05" DepthTag="1.343">1.449 14.458 39.973 0.000 42.575 14.458 </Samples>
		<Samples TimeTag="2024-12-28T16:58:10" DepthTag="1.444">1.457 14.474 39.632 0.000 50.533 14.474 </Samples>
		<Samples TimeTag="2024-12-28T16:58:34" DepthTag="1.567">1.153 6.763 28.759 0.000 34.610 6.763 </Samples>
		<Samples TimeTag="2024-12-28T16:58:39" DepthTag="1.669">1.169 14.856 44.742 0.000 48.464 14.856 </Samples>
		<Samples TimeTag="2024-12-28T16:58:44" DepthTag="1.770">1.456 16.264 44.855 0.000 46.199 16.264 </Samples>
		<Samples TimeTag="2024-12-28T16:58:48" DepthTag="1.877">1.605 16.891 44.987 0.000 45.388 16.891 </Samples>
		<Samples TimeTag="2024-12-28T16:58:51" DepthTag="1.984">1.693 17.320 45.119 0.000 44.461 17.320 </Samples>
		<Samples TimeTag="2024-12-28T16:58:55" DepthTag="2.087">1.548 17.825 45.066 0.000 48.088 17.825 </Samples>
		<Samples TimeTag="2024-12-28T16:58:59" DepthTag="2.187">1.500 18.314 44.564 0.000 49.350 18.314 </Samples>
		<Samples TimeTag="2024-12-28T16:59:05" DepthTag="2.288">1.160 19.599 45.530 0.000 55.794 19.599 </Samples>
		<Samples TimeTag="2024-12-28T16:59:11" DepthTag="2.390">0.986 20.288 45.305 0.000 46.557 20.288 </Samples>
		<Samples TimeTag="2024-12-28T16:59:17" DepthTag="2.492">0.993 20.517 45.118 0.000 42.645 20.517 </Samples>
		<Samples TimeTag="2024-12-28T16:59:21" DepthTag="2.596">1.466 20.380 44.192 0.000 42.143 20.380 </Samples>
		<Samples TimeTag="2024-12-28T16:59:26" DepthTag="2.697">1.326 20.732 45.380 0.000 46.918 20.732 </Samples>
		<Samples TimeTag="2024-12-28T16:59:33" DepthTag="2.798">0.885 22.216 44.671 0.000 45.339 22.216 </Samples>
		<Samples TimeTag="2024-12-28T16:59:40" DepthTag="2.899">0.842 23.378 44.833 0.000 41.985 23.378 </Samples>
		<Samples TimeTag="2024-12-28T16:59:47" DepthTag="3.002">0.916 23.944 45.108 0.000 44.722 23.944 </Samples>
		<Samples TimeTag="2024-12-28T16:59:53" DepthTag="3.102">0.939 24.143 45.013 0.000 41.896 24.143 </Samples>
		<Samples TimeTag="2024-12-28T16:59:58" DepthTag="3.205">1.182 23.929 44.999 0.000 48.232 23.929 </Samples>
		<Samples TimeTag="2024-12-28T17:00:04" DepthTag="3.307">1.142 23.455 44.884 0.000 46.419 23.455 </Samples>
		<Samples TimeTag="2024-12-28T17:00:09" DepthTag="3.409">1.120 23.394 45.038 0.000 43.888 23.394 </Samples>
		<Samples TimeTag="2024-12-28T17:00:15" DepthTag="3.510">1.018 23.761 45.432 0.000 45.224 23.761 </Samples>
		<Samples TimeTag="2024-12-28T17:00:23" DepthTag="3.611">0.734 24.970 45.621 0.000 53.851 24.970 </Samples>
		<Samples TimeTag="2024-12-28T17:00:33" DepthTag="3.711">0.632 20.471 45.422 0.000 62.580 20.471 </Samples>
		<Samples TimeTag="2024-12-28T17:00:40" DepthTag="3.814">0.853 22.598 45.057 0.000 44.716 22.598 </Samples>
		<Samples TimeTag="2024-12-28T17:00:46" DepthTag="3.917">0.961 23.700 45.116 0.000 46.033 23.700 </Samples>
		<Samples TimeTag="2024-12-28T17:00:54" DepthTag="4.018">0.847 24.786 45.755 0.000 46.441 24.786 </Samples>
		<Samples TimeTag="2024-12-28T17:01:04" DepthTag="4.118">0.557 16.356 46.246 0.000 59.311 16.356 </Samples>
		<Samples TimeTag="2024-12-28T17:01:13" DepthTag="4.221">0.732 21.206 44.288 0.000 51.428 21.206 </Samples>
		<Samples TimeTag="2024-12-28T17:01:19" DepthTag="4.322">0.924 22.216 44.913 0.000 42.539 22.216 </Samples>
		<Samples TimeTag="2024-12-28T17:01:27" DepthTag="4.423">0.753 24.465 45.341 0.000 49.213 24.465 </Samples>
		<Samples TimeTag="2024-12-28T17:01:37" DepthTag="4.524">0.659 16.080 44.977 0.000 52.904 16.080 </Samples>
		<Samples TimeTag="2024-12-28T17:01:43" DepthTag="4.626">0.987 18.834 40.832 0.000 46.414 18.834 </Samples>
		<Samples TimeTag="2024-12-28T17:01:50" DepthTag="4.729">0.906 20.288 38.979 0.000 46.859 20.288 </Samples>
	</CompactMWDdata>
	<IR:GenTrailer>
		<IR:FileCloseDate>2024-12-28T17:03:43</IR:FileCloseDate>
		<IR:ChkSum>3949252913</IR:ChkSum>
	</IR:GenTrailer>
</DRMWD>
