<?xml version="1.0" encoding="UTF-8"?>
<!-- Generated by the RCS System Epiroc Rock Drills AB -->
<DRMWD xmlns="http://www.iredes.org/xml/DrillRig" xmlns:IR="http://www.iredes.org/xml" xmlns:xsi="http://www.w3.org/2001/XMLSchema-instance" xsi:schemaLocation="http://www.iredes.org/xml/DrillRig C:\Iredes\IR_V1.2.3\xml\DR-DrillRig_V1.2\DrillRig.xsd" IRVersion="V 1.2AC" IRDownwCompat="V 1.2AC" DRMWDDownwCompat="V 1.2AC" DRMWDVersion="V 1.2AC">
	<IR:GenHead>
		<IR:FileCreateDate>2024-12-28T16:32:34</IR:FileCreateDate>
		<IR:IRversion DownwCompat="V 1.0">V 1.2AC</IR:IRversion>
		<IR:EquipmentInfo>
			<IR:EqpManufact>Epiroc</IR:EqpManufact>
			<IR:EqpType>SmartROC D65</IR:EqpType>
			<IR:EqpSerNo>8992013064</IR:EqpSerNo>
			<IR:EqpSysVer>6.28.1</IR:EqpSysVer>
			<IR:EqpInfo>DrillingMethod: DTH</IR:EqpInfo>
		</IR:EquipmentInfo>
	</IR:GenHead>
	<IR:ReportId>MWDRI281632</IR:ReportId>
	<IR:StartLogTime>2024-12-28T16:24:33</IR:StartLogTime>
	<IR:EndLogTime>2024-12-28T16:30:35</IR:EndLogTime>
	<IR:PlanIdRef>TRN08_21_0530_001_All</IR:PlanIdRef>
	<IR:PlanNameRef>TRN08_21_0530_001_All</IR:PlanNameRef>
	<MWDholeId>K49</MWDholeId>
	<QualityReportIdRef>DQRI272324</QualityReportIdRef>
	<SampleDistance>0.100</SampleDistance>
	<CompactMWDdata>
		<MWDparams>
			<Parameter Unit="m/min" Full="PenetrRate">PR</Parameter>
			<Parameter Unit="Bar" Full="PercPressure">PP</Parameter>
			<Parameter Unit="Bar" Full="FeedPressure">FP</Parameter>
			<Parameter Unit="Bar" Full="DampPressure">DP</Parameter>
			<Parameter Unit="Bar" Full="RotPressure">RP</Parameter>
			<Parameter Unit="Bar" Full="FlushPressure">FLP</Parameter>
		</MWDparams>
		<Samples TimeTag="2024-12-28T16:24:33" DepthTag="0.103">1.398 11.720 43.946 0.000 20.547 11.720 </Samples>
		<Samples TimeTag="2024-12-28T16:24:42" DepthTag="0.207">0.696 16.662 38.336 0.000 38.865 16.662 </Samples>
		<Samples TimeTag="2024-12-28T16:24:50" DepthTag="0.310">0.758 13.862 31.740 0.000 39.914 13.862 </Samples>
		<Samples TimeTag="2024-12-28T16:24:53" DepthTag="0.415">1.736 14.688 39.943 0.000 42.028 14.688 </Samples>
		<Samples TimeTag="2024-12-28T16:25:16" DepthTag="0.520">0.658 8.247 47.237 0.000 54.143 8.247 </Samples>
		<Samples TimeTag="2024-12-28T16:25:22" DepthTag="0.621">1.080 13.342 42.147 0.000 46.518 13.342 </Samples>
		<Samples TimeTag="2024-12-28T16:25:27" DepthTag="0.722">1.158 14.764 40.273 0.000 42.886 14.764 </Samples>
		<Samples TimeTag="2024-12-28T16:25:32" DepthTag="0.822">1.313 15.116 41.089 0.000 45.146 15.116 </Samples>
		<Samples TimeTag="2024-12-28T16:25:38" DepthTag="0.924">0.932 16.187 38.439 0.000 42.073 16.187 </Samples>
		<Samples TimeTag="2024-12-28T16:26:08" DepthTag="1.025">0.518 6.885 47.783 0.000 49.517 6.885 </Samples>
		<Samples TimeTag="2024-12-28T16:26:16" DepthTag="1.125">0.757 14.504 41.151 0.000 46.049 14.504 </Samples>
		<Samples TimeTag="2024-12-28T16:26:23" DepthTag="1.225">0.853 15.346 39.833 0.000 44.675 15.346 </Samples>
		<Samples TimeTag="2024-12-28T16:26:27" DepthTag="1.329">1.364 15.132 39.006 0.000 43.660 15.132 </Samples>
		<Samples TimeTag="2024-12-28T16:26:33" DepthTag="1.432">1.187 15.346 40.673 0.000 45.250 15.346 </Samples>
		<Samples TimeTag="2024-12-28T16:27:01" DepthTag="1.544">0.672 6.870 36.954 0.000 38.537 6.870 </Samples>
		<Samples TimeTag="2024-12-28T16:27:08" DepthTag="1.645">0.911 16.019 45.175 0.000 51.454 16.019 </Samples>
		<Samples TimeTag="2024-12-28T16:27:14" DepthTag="1.748">1.074 17.626 44.796 0.000 44.328 17.626 </Samples>
		<Samples TimeTag="2024-12-28T16:27:19" DepthTag="1.851">1.062 18.467 44.504 0.000 44.477 18.467 </Samples>
		<Samples TimeTag="2024-12-28T16:27:24" DepthTag="1.956">1.364 18.666 44.965 0.000 49.552 18.666 </Samples>
		<Samples TimeTag="2024-12-28T16:27:29" DepthTag="2.065">1.428 18.605 45.215 0.000 42.012 18.605 </Samples>
		<Samples TimeTag="2024-12-28T16:27:33" DepthTag="2.166">1.507 18.574 45.196 0.000 45.777 18.574 </Samples>
		<Samples TimeTag="2024-12-28T16:27:37" DepthTag="2.269">1.349 18.804 44.619 0.000 51.835 18.804 </Samples>
		<Samples TimeTag="2024-12-28T16:27:43" DepthTag="2.371">1.065 19.645 44.627 0.000 45.960 19.645 </Samples>
		<Samples TimeTag="2024-12-28T16:27:47" DepthTag="2.474">1.450 19.584 45.182 0.000 45.156 19.584 </Samples>
		<Samples TimeTag="2024-12-28T16:27:52" DepthTag="2.574">1.319 19.584 45.695 0.000 42.760 19.584 </Samples>
		<Samples TimeTag="2024-12-28T16:27:57" DepthTag="2.677">1.282 19.722 45.807 0.000 39.925 19.722 </Samples>
		<Samples TimeTag="2024-12-28T16:28:02" DepthTag="2.782">1.202 20.273 45.611 0.000 36.326 20.273 </Samples>
		<Samples TimeTag="2024-12-28T16:28:07" DepthTag="2.884">1.093 21.053 45.281 0.000 43.600 21.053 </Samples>
		<Samples TimeTag="2024-12-28T16:28:13" DepthTag="2.986">1.030 21.451 45.446 0.000 47.729 21.451 </Samples>
		<Samples TimeTag="2024-12-28T16:28:20" DepthTag="3.088">0.921 22.629 45.145 0.000 49.584 22.629 </Samples>
		<Samples TimeTag="2024-12-28T16:28:27" DepthTag="3.189">0.868 22.889 42.339 0.000 45.993 22.889 </Samples>
		<Samples TimeTag="2024-12-28T16:28:33" DepthTag="3.289">0.937 23.333 45.271 0.000 50.157 23.333 </Samples>
		<Samples TimeTag="2024-12-28T16:28:41" DepthTag="3.390">0.779 24.067 45.388 0.000 45.860 24.067 </Samples>
		<Samples TimeTag="2024-12-28T16:28:48" DepthTag="3.491">0.885 24.419 45.107 0.000 38.168 24.419 </Samples>
		<Samples TimeTag="2024-12-28T16:28:55" DepthTag="3.592">0.870 24.862 45.208 0.000 43.413 24.862 </Samples>
		<Samples TimeTag="2024-12-28T16:29:02" DepthTag="3.693">0.887 25.107 44.826 0.000 40.806 25.107 </Samples>
		<Samples TimeTag="2024-12-28T16:29:08" DepthTag="3.796">1.074 24.602 45.106 0.000 45.278 24.602 </Samples>
		<Samples TimeTag="2024-12-28T16:29:13" DepthTag="3.898">1.085 24.342 44.977 0.000 48.895 24.342 </Samples>
		<Samples TimeTag="2024-12-28T16:29:21" DepthTag="3.999">0.758 23.149 45.116 0.000 54.141 23.149 </Samples>
		<Samples TimeTag="2024-12-28T16:29:30" DepthTag="4.100">0.724 24.771 44.978 0.000 39.224 24.771 </Samples>
		<Samples TimeTag="2024-12-28T16:29:38" DepthTag="4.206">0.792 12.714 41.040 0.000 38.277 12.714 </Samples>
		<Samples TimeTag="2024-12-28T16:29:46" DepthTag="4.308">0.731 19.829 44.543 0.000 48.933 19.829 </Samples>
		<Samples TimeTag="2024-12-28T16:29:52" DepthTag="4.410">1.061 21.206 44.584 0.000 45.860 21.206 </Samples>
		<Samples TimeTag="2024-12-28T16:29:59" DepthTag="4.512">0.873 23.271 44.943 0.000 44.167 23.271 </Samples>
		<Samples TimeTag="2024-12-28T16:30:05" DepthTag="4.615">0.986 24.174 44.791 0.000 52.557 24.174 </Samples>
		<Samples TimeTag="2024-12-28T16:30:15" DepthTag="4.715">0.584 19.140 39.136 0.000 59.087 19.140 </Samples>
		<Samples TimeTag="2024-12-28T16:30:35" DepthTag="4.817">0.318 18.880 38.935 0.000 46.436 18.880 </Samples>
	</CompactMWDdata>
	<IR:GenTrailer>
		<IR:FileCloseDate>2024-12-28T16:32:34</IR:FileCloseDate>
		<IR:ChkSum>0716149794</IR:ChkSum>
	</IR:GenTrailer>
</DRMWD>
