<?xml version="1.0" encoding="UTF-8"?>
<!-- Generated by the RCS System Epiroc Rock Drills AB -->
<DRMWD xmlns="http://www.iredes.org/xml/DrillRig" xmlns:IR="http://www.iredes.org/xml" xmlns:xsi="http://www.w3.org/2001/XMLSchema-instance" xsi:schemaLocation="http://www.iredes.org/xml/DrillRig C:\Iredes\IR_V1.2.3\xml\DR-DrillRig_V1.2\DrillRig.xsd" IRVersion="V 1.2AC" IRDownwCompat="V 1.2AC" DRMWDDownwCompat="V 1.2AC" DRMWDVersion="V 1.2AC">
	<IR:GenHead>
		<IR:FileCreateDate>2024-12-30T07:28:23</IR:FileCreateDate>
		<IR:IRversion DownwCompat="V 1.0">V 1.2AC</IR:IRversion>
		<IR:EquipmentInfo>
			<IR:EqpManufact>Epiroc</IR:EqpManufact>
			<IR:EqpType>SmartROC D65</IR:EqpType>
			<IR:EqpSerNo>8992013064</IR:EqpSerNo>
			<IR:EqpSysVer>6.28.1</IR:EqpSysVer>
			<IR:EqpInfo>DrillingMethod: DTH</IR:EqpInfo>
		</IR:EquipmentInfo>
	</IR:GenHead>
	<IR:ReportId>MWDRI300728</IR:ReportId>
	<IR:StartLogTime>2024-12-30T07:23:46</IR:StartLogTime>
	<IR:EndLogTime>2024-12-30T07:27:03</IR:EndLogTime>
	<IR:PlanIdRef>TRN09_24_0486_015_All</IR:PlanIdRef>
	<IR:PlanNameRef>TRN09_24_0486_015_All</IR:PlanNameRef>
	<MWDholeId>Y36</MWDholeId>
	<QualityReportIdRef>DQRI291907</QualityReportIdRef>
	<SampleDistance>0.100</SampleDistance>
	<CompactMWDdata>
		<MWDparams>
			<Parameter Unit="m/min" Full="PenetrRate">PR</Parameter>
			<Parameter Unit="Bar" Full="PercPressure">PP</Parameter>
			<Parameter Unit="Bar" Full="FeedPressure">FP</Parameter>
			<Parameter Unit="Bar" Full="DampPressure">DP</Parameter>
			<Parameter Unit="Bar" Full="RotPressure">RP</Parameter>
			<Parameter Unit="Bar" Full="FlushPressure">FLP</Parameter>
		</MWDparams>
		<Samples TimeTag="2024-12-30T07:23:46" DepthTag="0.101">0.516 18.788 40.146 0.000 31.274 18.788 </Samples>
		<Samples TimeTag="2024-12-30T07:23:52" DepthTag="0.212">1.013 16.922 29.869 0.000 28.746 16.922 </Samples>
		<Samples TimeTag="2024-12-30T07:23:54" DepthTag="0.314">3.843 17.029 37.091 0.000 30.984 17.029 </Samples>
		<Samples TimeTag="2024-12-30T07:23:56" DepthTag="0.423">3.260 16.845 37.748 0.000 36.562 16.845 </Samples>
		<Samples TimeTag="2024-12-30T07:24:02" DepthTag="0.524">1.000 6.304 0.002 0.000 16.344 6.304 </Samples>
		<Samples TimeTag="2024-12-30T07:24:22" DepthTag="0.627">0.856 14.749 44.184 0.000 33.883 14.749 </Samples>
		<Samples TimeTag="2024-12-30T07:24:28" DepthTag="0.734">1.146 18.697 37.455 0.000 27.686 18.697 </Samples>
		<Samples TimeTag="2024-12-30T07:24:31" DepthTag="0.838">1.855 18.222 39.065 0.000 29.076 18.222 </Samples>
		<Samples TimeTag="2024-12-30T07:24:34" DepthTag="0.941">2.203 17.717 40.512 0.000 29.674 17.717 </Samples>
		<Samples TimeTag="2024-12-30T07:25:03" DepthTag="1.042">0.741 7.069 45.196 0.000 35.848 7.069 </Samples>
		<Samples TimeTag="2024-12-30T07:25:08" DepthTag="1.142">1.209 7.589 42.180 0.000 22.030 7.589 </Samples>
		<Samples TimeTag="2024-12-30T07:25:15" DepthTag="1.243">0.882 8.813 39.296 0.000 25.303 8.813 </Samples>
		<Samples TimeTag="2024-12-30T07:25:18" DepthTag="1.349">1.851 16.050 38.074 0.000 25.285 16.050 </Samples>
		<Samples TimeTag="2024-12-30T07:25:20" DepthTag="1.455">2.932 18.299 38.483 0.000 23.932 18.299 </Samples>
		<Samples TimeTag="2024-12-30T07:25:22" DepthTag="1.566">3.343 17.947 37.102 0.000 24.450 17.947 </Samples>
		<Samples TimeTag="2024-12-30T07:25:25" DepthTag="1.673">2.965 18.375 39.558 0.000 26.701 18.375 </Samples>
		<Samples TimeTag="2024-12-30T07:25:26" DepthTag="1.791">4.888 17.809 31.109 0.000 24.571 17.809 </Samples>
		<Samples TimeTag="2024-12-30T07:25:27" DepthTag="1.897">5.282 17.748 37.048 0.000 26.077 17.748 </Samples>
		<Samples TimeTag="2024-12-30T07:25:29" DepthTag="2.012">5.062 18.911 32.766 0.000 25.441 18.911 </Samples>
		<Samples TimeTag="2024-12-30T07:25:30" DepthTag="2.133">5.025 12.898 33.937 0.000 22.620 12.898 </Samples>
		<Samples TimeTag="2024-12-30T07:25:32" DepthTag="2.238">3.150 17.059 47.758 0.000 27.046 17.059 </Samples>
		<Samples TimeTag="2024-12-30T07:25:34" DepthTag="2.342">3.521 19.186 41.750 0.000 27.016 19.186 </Samples>
		<Samples TimeTag="2024-12-30T07:25:36" DepthTag="2.457">3.758 17.671 37.637 0.000 24.126 17.671 </Samples>
		<Samples TimeTag="2024-12-30T07:25:38" DepthTag="2.559">2.824 19.293 45.898 0.000 33.779 19.293 </Samples>
		<Samples TimeTag="2024-12-30T07:25:41" DepthTag="2.665">1.879 12.592 27.191 0.000 25.024 12.592 </Samples>
		<Samples TimeTag="2024-12-30T07:25:43" DepthTag="2.769">2.790 15.759 40.894 0.000 34.509 15.759 </Samples>
		<Samples TimeTag="2024-12-30T07:25:47" DepthTag="2.875">1.894 17.733 41.056 0.000 36.241 17.733 </Samples>
		<Samples TimeTag="2024-12-30T07:25:50" DepthTag="2.982">2.425 18.222 40.014 0.000 41.820 18.222 </Samples>
		<Samples TimeTag="2024-12-30T07:25:52" DepthTag="3.087">2.118 17.702 40.953 0.000 45.700 17.702 </Samples>
		<Samples TimeTag="2024-12-30T07:25:56" DepthTag="3.194">1.995 17.870 41.507 0.000 43.808 17.870 </Samples>
		<Samples TimeTag="2024-12-30T07:25:59" DepthTag="3.295">1.807 17.779 40.870 0.000 41.363 17.779 </Samples>
		<Samples TimeTag="2024-12-30T07:26:02" DepthTag="3.401">1.839 17.534 39.950 0.000 44.611 17.534 </Samples>
		<Samples TimeTag="2024-12-30T07:26:06" DepthTag="3.503">1.815 17.733 39.697 0.000 44.339 17.733 </Samples>
		<Samples TimeTag="2024-12-30T07:26:38" DepthTag="3.603">1.188 7.941 44.722 0.000 50.740 7.941 </Samples>
		<Samples TimeTag="2024-12-30T07:26:42" DepthTag="3.705">1.464 14.673 46.200 0.000 53.389 14.673 </Samples>
		<Samples TimeTag="2024-12-30T07:26:45" DepthTag="3.811">2.272 16.126 47.177 0.000 49.175 16.126 </Samples>
		<Samples TimeTag="2024-12-30T07:26:48" DepthTag="3.912">2.150 17.075 47.628 0.000 47.417 17.075 </Samples>
		<Samples TimeTag="2024-12-30T07:26:52" DepthTag="4.016">1.569 17.962 48.538 0.000 44.746 17.962 </Samples>
		<Samples TimeTag="2024-12-30T07:26:55" DepthTag="4.119">1.973 18.391 46.878 0.000 47.796 18.391 </Samples>
		<Samples TimeTag="2024-12-30T07:26:57" DepthTag="4.222">2.739 18.651 46.957 0.000 43.555 18.651 </Samples>
		<Samples TimeTag="2024-12-30T07:27:00" DepthTag="4.328">2.657 17.274 42.334 0.000 44.404 17.274 </Samples>
		<Samples TimeTag="2024-12-30T07:27:03" DepthTag="4.432">2.224 17.794 40.880 0.000 43.226 17.794 </Samples>
	</CompactMWDdata>
	<IR:GenTrailer>
		<IR:FileCloseDate>2024-12-30T07:28:23</IR:FileCloseDate>
		<IR:ChkSum>3508292037</IR:ChkSum>
	</IR:GenTrailer>
</DRMWD>
