<?xml version="1.0" encoding="UTF-8"?>
<!-- Generated by the RCS System Epiroc Rock Drills AB -->
<DRMWD xmlns="http://www.iredes.org/xml/DrillRig" xmlns:IR="http://www.iredes.org/xml" xmlns:xsi="http://www.w3.org/2001/XMLSchema-instance" xsi:schemaLocation="http://www.iredes.org/xml/DrillRig C:\Iredes\IR_V1.2.3\xml\DR-DrillRig_V1.2\DrillRig.xsd" IRVersion="V 1.2AC" IRDownwCompat="V 1.2AC" DRMWDDownwCompat="V 1.2AC" DRMWDVersion="V 1.2AC">
	<IR:GenHead>
		<IR:FileCreateDate>2024-12-28T00:20:03</IR:FileCreateDate>
		<IR:IRversion DownwCompat="V 1.0">V 1.2AC</IR:IRversion>
		<IR:EquipmentInfo>
			<IR:EqpManufact>Epiroc</IR:EqpManufact>
			<IR:EqpType>SmartROC D65</IR:EqpType>
			<IR:EqpSerNo>8992013064</IR:EqpSerNo>
			<IR:EqpSysVer>6.28.1</IR:EqpSysVer>
			<IR:EqpInfo>DrillingMethod: DTH</IR:EqpInfo>
		</IR:EquipmentInfo>
	</IR:GenHead>
	<IR:ReportId>MWDRI280020</IR:ReportId>
	<IR:StartLogTime>2024-12-28T00:12:14</IR:StartLogTime>
	<IR:EndLogTime>2024-12-28T00:17:38</IR:EndLogTime>
	<IR:PlanIdRef>TRN08_21_0530_001_All</IR:PlanIdRef>
	<IR:PlanNameRef>TRN08_21_0530_001_All</IR:PlanNameRef>
	<MWDholeId>F43</MWDholeId>
	<QualityReportIdRef>DQRI272324</QualityReportIdRef>
	<SampleDistance>0.100</SampleDistance>
	<CompactMWDdata>
		<MWDparams>
			<Parameter Unit="m/min" Full="PenetrRate">PR</Parameter>
			<Parameter Unit="Bar" Full="PercPressure">PP</Parameter>
			<Parameter Unit="Bar" Full="FeedPressure">FP</Parameter>
			<Parameter Unit="Bar" Full="DampPressure">DP</Parameter>
			<Parameter Unit="Bar" Full="RotPressure">RP</Parameter>
			<Parameter Unit="Bar" Full="FlushPressure">FLP</Parameter>
		</MWDparams>
		<Samples TimeTag="2024-12-28T00:12:14" DepthTag="0.115">1.099 14.489 28.707 0.000 21.398 14.489 </Samples>
		<Samples TimeTag="2024-12-28T00:12:22" DepthTag="0.221">0.757 18.023 39.722 0.000 41.333 18.023 </Samples>
		<Samples TimeTag="2024-12-28T00:12:26" DepthTag="0.324">1.537 17.518 38.752 0.000 47.446 17.518 </Samples>
		<Samples TimeTag="2024-12-28T00:12:30" DepthTag="0.428">1.413 17.350 38.119 0.000 46.659 17.350 </Samples>
		<Samples TimeTag="2024-12-28T00:12:52" DepthTag="0.543">0.739 6.059 34.359 0.000 37.696 6.059 </Samples>
		<Samples TimeTag="2024-12-28T00:12:58" DepthTag="0.644">0.976 14.091 42.577 0.000 50.507 14.091 </Samples>
		<Samples TimeTag="2024-12-28T00:13:03" DepthTag="0.747">1.285 15.667 40.083 0.000 48.912 15.667 </Samples>
		<Samples TimeTag="2024-12-28T00:13:09" DepthTag="0.848">1.167 16.585 39.711 0.000 47.683 16.585 </Samples>
		<Samples TimeTag="2024-12-28T00:13:13" DepthTag="0.953">1.306 16.891 39.978 0.000 50.416 16.891 </Samples>
		<Samples TimeTag="2024-12-28T00:13:40" DepthTag="1.054">0.656 5.967 46.819 0.000 51.613 5.967 </Samples>
		<Samples TimeTag="2024-12-28T00:13:47" DepthTag="1.154">0.861 14.015 41.824 0.000 53.339 14.015 </Samples>
		<Samples TimeTag="2024-12-28T00:13:53" DepthTag="1.257">1.033 15.484 40.538 0.000 50.931 15.484 </Samples>
		<Samples TimeTag="2024-12-28T00:13:58" DepthTag="1.360">1.181 16.034 39.577 0.000 49.280 16.034 </Samples>
		<Samples TimeTag="2024-12-28T00:14:04" DepthTag="1.463">1.148 16.601 39.297 0.000 48.217 16.601 </Samples>
		<Samples TimeTag="2024-12-28T00:14:31" DepthTag="1.565">0.717 8.690 39.065 0.000 48.488 8.690 </Samples>
		<Samples TimeTag="2024-12-28T00:14:39" DepthTag="1.668">0.752 19.094 44.993 0.000 54.490 19.094 </Samples>
		<Samples TimeTag="2024-12-28T00:14:45" DepthTag="1.773">1.169 20.548 43.867 0.000 45.045 20.548 </Samples>
		<Samples TimeTag="2024-12-28T00:14:49" DepthTag="1.877">1.621 20.655 44.670 0.000 47.400 20.655 </Samples>
		<Samples TimeTag="2024-12-28T00:14:52" DepthTag="1.979">1.633 20.732 44.243 0.000 45.064 20.732 </Samples>
		<Samples TimeTag="2024-12-28T00:14:56" DepthTag="2.079">1.742 20.686 45.181 0.000 46.534 20.686 </Samples>
		<Samples TimeTag="2024-12-28T00:15:00" DepthTag="2.182">1.344 21.236 45.079 0.000 47.984 21.236 </Samples>
		<Samples TimeTag="2024-12-28T00:15:04" DepthTag="2.282">1.507 21.726 44.624 0.000 45.574 21.726 </Samples>
		<Samples TimeTag="2024-12-28T00:15:08" DepthTag="2.384">1.521 21.665 45.693 0.000 48.186 21.665 </Samples>
		<Samples TimeTag="2024-12-28T00:15:13" DepthTag="2.488">1.443 22.001 44.578 0.000 46.670 22.001 </Samples>
		<Samples TimeTag="2024-12-28T00:15:17" DepthTag="2.593">1.357 22.782 45.184 0.000 44.640 22.782 </Samples>
		<Samples TimeTag="2024-12-28T00:15:22" DepthTag="2.697">1.406 23.225 44.789 0.000 45.421 23.225 </Samples>
		<Samples TimeTag="2024-12-28T00:15:27" DepthTag="2.798">1.179 24.113 44.757 0.000 42.093 24.113 </Samples>
		<Samples TimeTag="2024-12-28T00:15:32" DepthTag="2.899">1.169 24.327 45.196 0.000 46.886 24.327 </Samples>
		<Samples TimeTag="2024-12-28T00:15:37" DepthTag="3.000">1.156 24.143 45.679 0.000 41.111 24.143 </Samples>
		<Samples TimeTag="2024-12-28T00:15:43" DepthTag="3.105">1.207 24.113 44.662 0.000 45.993 24.113 </Samples>
		<Samples TimeTag="2024-12-28T00:15:47" DepthTag="3.205">1.250 24.220 44.572 0.000 48.297 24.220 </Samples>
		<Samples TimeTag="2024-12-28T00:15:52" DepthTag="3.308">1.237 24.434 45.567 0.000 52.305 24.434 </Samples>
		<Samples TimeTag="2024-12-28T00:15:58" DepthTag="3.408">1.001 25.077 45.481 0.000 42.713 25.077 </Samples>
		<Samples TimeTag="2024-12-28T00:16:04" DepthTag="3.508">1.042 25.398 45.122 0.000 40.216 25.398 </Samples>
		<Samples TimeTag="2024-12-28T00:16:10" DepthTag="3.611">1.026 25.459 45.244 0.000 46.866 25.459 </Samples>
		<Samples TimeTag="2024-12-28T00:16:17" DepthTag="3.712">0.946 25.643 44.564 0.000 44.028 25.643 </Samples>
		<Samples TimeTag="2024-12-28T00:16:22" DepthTag="3.814">1.085 25.658 45.094 0.000 45.034 25.658 </Samples>
		<Samples TimeTag="2024-12-28T00:16:27" DepthTag="3.915">1.164 25.291 45.326 0.000 45.014 25.291 </Samples>
		<Samples TimeTag="2024-12-28T00:16:32" DepthTag="4.020">1.429 24.862 45.629 0.000 48.467 24.862 </Samples>
		<Samples TimeTag="2024-12-28T00:16:36" DepthTag="4.121">1.335 25.000 44.835 0.000 50.686 25.000 </Samples>
		<Samples TimeTag="2024-12-28T00:16:45" DepthTag="4.226">0.731 16.172 42.987 0.000 43.776 16.172 </Samples>
		<Samples TimeTag="2024-12-28T00:16:52" DepthTag="4.330">0.913 21.558 45.427 0.000 57.627 21.558 </Samples>
		<Samples TimeTag="2024-12-28T00:16:57" DepthTag="4.430">1.119 23.042 44.202 0.000 53.430 23.042 </Samples>
		<Samples TimeTag="2024-12-28T00:17:03" DepthTag="4.533">1.133 23.654 44.952 0.000 44.631 23.654 </Samples>
		<Samples TimeTag="2024-12-28T00:17:07" DepthTag="4.638">1.512 23.761 44.520 0.000 53.951 23.761 </Samples>
		<Samples TimeTag="2024-12-28T00:17:12" DepthTag="4.739">1.221 24.511 44.843 0.000 45.401 24.511 </Samples>
		<Samples TimeTag="2024-12-28T00:17:19" DepthTag="4.845">0.879 18.482 42.832 0.000 44.457 18.482 </Samples>
		<Samples TimeTag="2024-12-28T00:17:28" DepthTag="4.947">0.695 23.287 39.245 0.000 41.483 23.287 </Samples>
		<Samples TimeTag="2024-12-28T00:17:38" DepthTag="5.047">0.567 20.104 41.656 0.000 42.662 20.104 </Samples>
	</CompactMWDdata>
	<IR:GenTrailer>
		<IR:FileCloseDate>2024-12-28T00:20:03</IR:FileCloseDate>
		<IR:ChkSum>2364419978</IR:ChkSum>
	</IR:GenTrailer>
</DRMWD>
