<?xml version="1.0" encoding="UTF-8"?>
<!-- Generated by the RCS System Epiroc Rock Drills AB -->
<DRMWD xmlns="http://www.iredes.org/xml/DrillRig" xmlns:IR="http://www.iredes.org/xml" xmlns:xsi="http://www.w3.org/2001/XMLSchema-instance" xsi:schemaLocation="http://www.iredes.org/xml/DrillRig C:\Iredes\IR_V1.2.3\xml\DR-DrillRig_V1.2\DrillRig.xsd" IRVersion="V 1.2AC" IRDownwCompat="V 1.2AC" DRMWDDownwCompat="V 1.2AC" DRMWDVersion="V 1.2AC">
	<IR:GenHead>
		<IR:FileCreateDate>2024-12-28T03:53:43</IR:FileCreateDate>
		<IR:IRversion DownwCompat="V 1.0">V 1.2AC</IR:IRversion>
		<IR:EquipmentInfo>
			<IR:EqpManufact>Epiroc</IR:EqpManufact>
			<IR:EqpType>SmartROC D65</IR:EqpType>
			<IR:EqpSerNo>8992013064</IR:EqpSerNo>
			<IR:EqpSysVer>6.28.1</IR:EqpSysVer>
			<IR:EqpInfo>DrillingMethod: DTH</IR:EqpInfo>
		</IR:EquipmentInfo>
	</IR:GenHead>
	<IR:ReportId>MWDRI280353</IR:ReportId>
	<IR:StartLogTime>2024-12-28T03:48:21</IR:StartLogTime>
	<IR:EndLogTime>2024-12-28T03:52:15</IR:EndLogTime>
	<IR:PlanIdRef>TRN08_21_0530_001_All</IR:PlanIdRef>
	<IR:PlanNameRef>TRN08_21_0530_001_All</IR:PlanNameRef>
	<MWDholeId>D64</MWDholeId>
	<QualityReportIdRef>DQRI272324</QualityReportIdRef>
	<SampleDistance>0.100</SampleDistance>
	<CompactMWDdata>
		<MWDparams>
			<Parameter Unit="m/min" Full="PenetrRate">PR</Parameter>
			<Parameter Unit="Bar" Full="PercPressure">PP</Parameter>
			<Parameter Unit="Bar" Full="FeedPressure">FP</Parameter>
			<Parameter Unit="Bar" Full="DampPressure">DP</Parameter>
			<Parameter Unit="Bar" Full="RotPressure">RP</Parameter>
			<Parameter Unit="Bar" Full="FlushPressure">FLP</Parameter>
		</MWDparams>
		<Samples TimeTag="2024-12-28T03:48:21" DepthTag="0.100">0.552 11.016 43.383 0.000 21.345 11.016 </Samples>
		<Samples TimeTag="2024-12-28T03:48:26" DepthTag="0.204">1.297 14.091 39.132 0.000 43.245 14.091 </Samples>
		<Samples TimeTag="2024-12-28T03:48:30" DepthTag="0.305">1.504 15.346 41.443 0.000 55.828 15.346 </Samples>
		<Samples TimeTag="2024-12-28T03:48:37" DepthTag="0.407">0.933 16.493 39.856 0.000 49.097 16.493 </Samples>
		<Samples TimeTag="2024-12-28T03:48:41" DepthTag="0.511">1.545 15.040 32.639 0.000 43.158 15.040 </Samples>
		<Samples TimeTag="2024-12-28T03:49:01" DepthTag="0.612">0.795 8.002 47.975 0.000 53.684 8.002 </Samples>
		<Samples TimeTag="2024-12-28T03:49:06" DepthTag="0.712">1.257 12.668 41.485 0.000 46.542 12.668 </Samples>
		<Samples TimeTag="2024-12-28T03:49:10" DepthTag="0.820">1.466 14.030 40.331 0.000 43.556 14.030 </Samples>
		<Samples TimeTag="2024-12-28T03:49:14" DepthTag="0.922">1.524 14.413 39.423 0.000 42.163 14.413 </Samples>
		<Samples TimeTag="2024-12-28T03:49:40" DepthTag="1.051">0.916 3.779 23.064 0.000 26.369 3.779 </Samples>
		<Samples TimeTag="2024-12-28T03:49:47" DepthTag="1.154">0.912 12.515 40.996 0.000 45.235 12.515 </Samples>
		<Samples TimeTag="2024-12-28T03:49:51" DepthTag="1.260">1.382 13.892 40.283 0.000 45.038 13.892 </Samples>
		<Samples TimeTag="2024-12-28T03:49:56" DepthTag="1.364">1.413 14.458 40.402 0.000 44.167 14.458 </Samples>
		<Samples TimeTag="2024-12-28T03:50:00" DepthTag="1.468">1.416 14.627 39.566 0.000 43.827 14.627 </Samples>
		<Samples TimeTag="2024-12-28T03:50:26" DepthTag="1.570">0.879 9.257 41.710 0.000 48.638 9.257 </Samples>
		<Samples TimeTag="2024-12-28T03:50:31" DepthTag="1.673">1.186 15.988 45.026 0.000 44.899 15.988 </Samples>
		<Samples TimeTag="2024-12-28T03:50:35" DepthTag="1.776">1.489 17.411 44.455 0.000 41.516 17.411 </Samples>
		<Samples TimeTag="2024-12-28T03:50:39" DepthTag="1.878">1.693 18.085 45.166 0.000 44.624 18.085 </Samples>
		<Samples TimeTag="2024-12-28T03:50:42" DepthTag="1.987">1.806 18.452 44.842 0.000 43.950 18.452 </Samples>
		<Samples TimeTag="2024-12-28T03:50:45" DepthTag="2.092">2.124 18.788 44.872 0.000 42.706 18.788 </Samples>
		<Samples TimeTag="2024-12-28T03:50:48" DepthTag="2.197">1.958 18.972 44.635 0.000 44.743 18.972 </Samples>
		<Samples TimeTag="2024-12-28T03:50:51" DepthTag="2.302">2.263 19.079 45.145 0.000 43.167 19.079 </Samples>
		<Samples TimeTag="2024-12-28T03:50:54" DepthTag="2.405">2.185 19.156 45.499 0.000 39.553 19.156 </Samples>
		<Samples TimeTag="2024-12-28T03:50:57" DepthTag="2.509">2.229 19.232 45.723 0.000 41.611 19.232 </Samples>
		<Samples TimeTag="2024-12-28T03:51:00" DepthTag="2.611">2.176 19.309 45.322 0.000 42.464 19.309 </Samples>
		<Samples TimeTag="2024-12-28T03:51:03" DepthTag="2.717">1.986 19.370 45.668 0.000 44.200 19.370 </Samples>
		<Samples TimeTag="2024-12-28T03:51:06" DepthTag="2.817">2.026 19.446 44.789 0.000 42.926 19.446 </Samples>
		<Samples TimeTag="2024-12-28T03:51:09" DepthTag="2.923">2.141 19.538 44.267 0.000 40.665 19.538 </Samples>
		<Samples TimeTag="2024-12-28T03:51:12" DepthTag="3.029">2.088 19.492 44.143 0.000 39.838 19.492 </Samples>
		<Samples TimeTag="2024-12-28T03:51:15" DepthTag="3.135">2.147 19.492 46.298 0.000 42.030 19.492 </Samples>
		<Samples TimeTag="2024-12-28T03:51:18" DepthTag="3.240">2.057 19.507 44.538 0.000 41.811 19.507 </Samples>
		<Samples TimeTag="2024-12-28T03:51:21" DepthTag="3.341">1.940 19.538 44.463 0.000 40.802 19.538 </Samples>
		<Samples TimeTag="2024-12-28T03:51:24" DepthTag="3.447">1.842 19.538 45.188 0.000 40.837 19.538 </Samples>
		<Samples TimeTag="2024-12-28T03:51:28" DepthTag="3.554">1.786 19.569 43.887 0.000 40.526 19.569 </Samples>
		<Samples TimeTag="2024-12-28T03:51:32" DepthTag="3.660">1.686 19.921 44.149 0.000 45.268 19.921 </Samples>
		<Samples TimeTag="2024-12-28T03:51:36" DepthTag="3.762">1.457 19.921 44.657 0.000 37.049 19.921 </Samples>
		<Samples TimeTag="2024-12-28T03:51:39" DepthTag="3.862">1.873 19.798 44.553 0.000 38.876 19.798 </Samples>
		<Samples TimeTag="2024-12-28T03:51:42" DepthTag="3.966">2.041 19.752 44.644 0.000 40.128 19.752 </Samples>
		<Samples TimeTag="2024-12-28T03:51:45" DepthTag="4.069">1.937 19.706 45.652 0.000 41.109 19.706 </Samples>
		<Samples TimeTag="2024-12-28T03:51:49" DepthTag="4.173">1.850 19.829 45.154 0.000 42.363 19.829 </Samples>
		<Samples TimeTag="2024-12-28T03:51:52" DepthTag="4.275">1.686 20.043 45.106 0.000 45.042 20.043 </Samples>
		<Samples TimeTag="2024-12-28T03:51:57" DepthTag="4.378">1.351 20.318 44.378 0.000 48.143 20.318 </Samples>
		<Samples TimeTag="2024-12-28T03:52:02" DepthTag="4.483">1.362 20.732 45.439 0.000 46.305 20.732 </Samples>
		<Samples TimeTag="2024-12-28T03:52:06" DepthTag="4.585">1.469 21.038 45.434 0.000 40.464 21.038 </Samples>
		<Samples TimeTag="2024-12-28T03:52:10" DepthTag="4.687">1.387 21.282 40.813 0.000 34.887 21.282 </Samples>
		<Samples TimeTag="2024-12-28T03:52:15" DepthTag="4.791">1.257 20.487 40.629 0.000 36.806 20.487 </Samples>
	</CompactMWDdata>
	<IR:GenTrailer>
		<IR:FileCloseDate>2024-12-28T03:53:43</IR:FileCloseDate>
		<IR:ChkSum>1369294182</IR:ChkSum>
	</IR:GenTrailer>
</DRMWD>
