<?xml version="1.0" encoding="UTF-8"?>
<!-- Generated by the RCS System Epiroc Rock Drills AB -->
<DRMWD xmlns="http://www.iredes.org/xml/DrillRig" xmlns:IR="http://www.iredes.org/xml" xmlns:xsi="http://www.w3.org/2001/XMLSchema-instance" xsi:schemaLocation="http://www.iredes.org/xml/DrillRig C:\Iredes\IR_V1.2.3\xml\DR-DrillRig_V1.2\DrillRig.xsd" IRVersion="V 1.2AC" IRDownwCompat="V 1.2AC" DRMWDDownwCompat="V 1.2AC" DRMWDVersion="V 1.2AC">
	<IR:GenHead>
		<IR:FileCreateDate>2024-12-28T20:29:12</IR:FileCreateDate>
		<IR:IRversion DownwCompat="V 1.0">V 1.2AC</IR:IRversion>
		<IR:EquipmentInfo>
			<IR:EqpManufact>Epiroc</IR:EqpManufact>
			<IR:EqpType>SmartROC D65</IR:EqpType>
			<IR:EqpSerNo>8992013064</IR:EqpSerNo>
			<IR:EqpSysVer>6.28.1</IR:EqpSysVer>
			<IR:EqpInfo>DrillingMethod: DTH</IR:EqpInfo>
		</IR:EquipmentInfo>
	</IR:GenHead>
	<IR:ReportId>MWDRI282029</IR:ReportId>
	<IR:StartLogTime>2024-12-28T20:22:15</IR:StartLogTime>
	<IR:EndLogTime>2024-12-28T20:27:45</IR:EndLogTime>
	<IR:PlanIdRef>TRN08_21_0530_001_All</IR:PlanIdRef>
	<IR:PlanNameRef>TRN08_21_0530_001_All</IR:PlanNameRef>
	<MWDholeId>D56</MWDholeId>
	<QualityReportIdRef>DQRI272324</QualityReportIdRef>
	<SampleDistance>0.100</SampleDistance>
	<CompactMWDdata>
		<MWDparams>
			<Parameter Unit="m/min" Full="PenetrRate">PR</Parameter>
			<Parameter Unit="Bar" Full="PercPressure">PP</Parameter>
			<Parameter Unit="Bar" Full="FeedPressure">FP</Parameter>
			<Parameter Unit="Bar" Full="DampPressure">DP</Parameter>
			<Parameter Unit="Bar" Full="RotPressure">RP</Parameter>
			<Parameter Unit="Bar" Full="FlushPressure">FLP</Parameter>
		</MWDparams>
		<Samples TimeTag="2024-12-28T20:22:15" DepthTag="0.101">0.944 14.703 46.175 0.000 20.651 14.703 </Samples>
		<Samples TimeTag="2024-12-28T20:22:23" DepthTag="0.201">0.734 17.289 37.043 0.000 42.151 17.289 </Samples>
		<Samples TimeTag="2024-12-28T20:22:26" DepthTag="0.303">1.908 16.723 39.839 0.000 46.993 16.723 </Samples>
		<Samples TimeTag="2024-12-28T20:22:30" DepthTag="0.410">1.654 16.310 39.990 0.000 47.582 16.310 </Samples>
		<Samples TimeTag="2024-12-28T20:22:53" DepthTag="0.535">0.756 5.447 33.020 0.000 34.308 5.447 </Samples>
		<Samples TimeTag="2024-12-28T20:22:59" DepthTag="0.637">0.981 12.929 42.865 0.000 49.384 12.929 </Samples>
		<Samples TimeTag="2024-12-28T20:23:05" DepthTag="0.740">1.093 14.703 40.904 0.000 48.118 14.703 </Samples>
		<Samples TimeTag="2024-12-28T20:23:11" DepthTag="0.845">1.097 15.254 37.845 0.000 44.211 15.254 </Samples>
		<Samples TimeTag="2024-12-28T20:23:15" DepthTag="0.947">1.528 15.009 40.285 0.000 46.366 15.009 </Samples>
		<Samples TimeTag="2024-12-28T20:23:41" DepthTag="1.050">0.705 4.223 40.080 0.000 39.684 4.223 </Samples>
		<Samples TimeTag="2024-12-28T20:23:47" DepthTag="1.151">1.031 12.653 41.826 0.000 47.434 12.653 </Samples>
		<Samples TimeTag="2024-12-28T20:23:52" DepthTag="1.252">1.218 14.948 40.750 0.000 49.214 14.948 </Samples>
		<Samples TimeTag="2024-12-28T20:23:58" DepthTag="1.353">0.982 16.004 40.188 0.000 47.386 16.004 </Samples>
		<Samples TimeTag="2024-12-28T20:24:04" DepthTag="1.454">1.041 16.509 40.326 0.000 50.443 16.509 </Samples>
		<Samples TimeTag="2024-12-28T20:24:31" DepthTag="1.565">0.737 5.921 29.981 0.000 35.402 5.921 </Samples>
		<Samples TimeTag="2024-12-28T20:24:38" DepthTag="1.667">0.931 15.774 44.280 0.000 53.777 15.774 </Samples>
		<Samples TimeTag="2024-12-28T20:24:43" DepthTag="1.770">1.137 17.518 45.227 0.000 46.771 17.518 </Samples>
		<Samples TimeTag="2024-12-28T20:24:49" DepthTag="1.873">1.181 18.406 45.447 0.000 47.097 18.406 </Samples>
		<Samples TimeTag="2024-12-28T20:24:54" DepthTag="1.975">1.140 19.186 44.930 0.000 54.453 19.186 </Samples>
		<Samples TimeTag="2024-12-28T20:24:58" DepthTag="2.078">1.546 18.712 43.904 0.000 43.740 18.712 </Samples>
		<Samples TimeTag="2024-12-28T20:25:01" DepthTag="2.181">1.833 18.651 45.591 0.000 49.657 18.651 </Samples>
		<Samples TimeTag="2024-12-28T20:25:05" DepthTag="2.285">1.734 18.482 44.605 0.000 48.708 18.482 </Samples>
		<Samples TimeTag="2024-12-28T20:25:09" DepthTag="2.386">1.445 19.110 45.099 0.000 53.276 19.110 </Samples>
		<Samples TimeTag="2024-12-28T20:25:15" DepthTag="2.489">1.103 19.660 44.849 0.000 43.597 19.660 </Samples>
		<Samples TimeTag="2024-12-28T20:25:20" DepthTag="2.594">1.427 19.630 44.035 0.000 43.555 19.630 </Samples>
		<Samples TimeTag="2024-12-28T20:25:24" DepthTag="2.694">1.500 19.844 44.734 0.000 50.494 19.844 </Samples>
		<Samples TimeTag="2024-12-28T20:25:30" DepthTag="2.796">0.990 20.426 44.535 0.000 50.077 20.426 </Samples>
		<Samples TimeTag="2024-12-28T20:25:35" DepthTag="2.900">1.105 21.267 45.183 0.000 47.139 21.267 </Samples>
		<Samples TimeTag="2024-12-28T20:25:42" DepthTag="3.002">0.935 21.619 45.594 0.000 44.548 21.619 </Samples>
		<Samples TimeTag="2024-12-28T20:25:48" DepthTag="3.104">1.056 22.032 45.274 0.000 42.956 22.032 </Samples>
		<Samples TimeTag="2024-12-28T20:25:53" DepthTag="3.209">1.157 22.323 45.248 0.000 44.710 22.323 </Samples>
		<Samples TimeTag="2024-12-28T20:25:59" DepthTag="3.311">0.984 23.394 45.292 0.000 41.570 23.394 </Samples>
		<Samples TimeTag="2024-12-28T20:26:05" DepthTag="3.415">1.112 23.746 44.732 0.000 43.380 23.746 </Samples>
		<Samples TimeTag="2024-12-28T20:26:11" DepthTag="3.518">0.964 24.358 45.292 0.000 45.151 24.358 </Samples>
		<Samples TimeTag="2024-12-28T20:26:17" DepthTag="3.619">1.049 23.792 45.071 0.000 47.060 23.792 </Samples>
		<Samples TimeTag="2024-12-28T20:26:22" DepthTag="3.721">1.274 23.333 45.491 0.000 44.969 23.333 </Samples>
		<Samples TimeTag="2024-12-28T20:26:27" DepthTag="3.823">1.272 23.103 44.775 0.000 46.683 23.103 </Samples>
		<Samples TimeTag="2024-12-28T20:26:33" DepthTag="3.924">0.960 23.669 45.127 0.000 51.908 23.669 </Samples>
		<Samples TimeTag="2024-12-28T20:26:40" DepthTag="4.025">0.911 24.281 45.413 0.000 48.841 24.281 </Samples>
		<Samples TimeTag="2024-12-28T20:26:47" DepthTag="4.128">0.880 25.061 44.494 0.000 41.414 25.061 </Samples>
		<Samples TimeTag="2024-12-28T20:26:52" DepthTag="4.232">1.254 24.801 44.284 0.000 45.605 24.801 </Samples>
		<Samples TimeTag="2024-12-28T20:26:57" DepthTag="4.333">1.204 24.740 44.883 0.000 52.429 24.740 </Samples>
		<Samples TimeTag="2024-12-28T20:27:09" DepthTag="4.433">0.477 13.479 44.464 0.000 38.584 13.479 </Samples>
		<Samples TimeTag="2024-12-28T20:27:22" DepthTag="4.534">0.479 24.052 45.604 0.000 44.658 24.052 </Samples>
		<Samples TimeTag="2024-12-28T20:27:29" DepthTag="4.639">0.960 25.000 44.083 0.000 40.545 25.000 </Samples>
		<Samples TimeTag="2024-12-28T20:27:34" DepthTag="4.743">1.158 24.602 45.028 0.000 43.528 24.602 </Samples>
		<Samples TimeTag="2024-12-28T20:27:39" DepthTag="4.844">1.207 24.067 40.548 0.000 45.399 24.067 </Samples>
		<Samples TimeTag="2024-12-28T20:27:45" DepthTag="4.946">1.101 23.899 40.578 0.000 42.879 23.899 </Samples>
	</CompactMWDdata>
	<IR:GenTrailer>
		<IR:FileCloseDate>2024-12-28T20:29:12</IR:FileCloseDate>
		<IR:ChkSum>3438188055</IR:ChkSum>
	</IR:GenTrailer>
</DRMWD>
