<?xml version="1.0" encoding="UTF-8"?>
<!-- Generated by the RCS System Epiroc Rock Drills AB -->
<DRMWD xmlns="http://www.iredes.org/xml/DrillRig" xmlns:IR="http://www.iredes.org/xml" xmlns:xsi="http://www.w3.org/2001/XMLSchema-instance" xsi:schemaLocation="http://www.iredes.org/xml/DrillRig C:\Iredes\IR_V1.2.3\xml\DR-DrillRig_V1.2\DrillRig.xsd" IRVersion="V 1.2AC" IRDownwCompat="V 1.2AC" DRMWDDownwCompat="V 1.2AC" DRMWDVersion="V 1.2AC">
	<IR:GenHead>
		<IR:FileCreateDate>2024-12-29T23:06:40</IR:FileCreateDate>
		<IR:IRversion DownwCompat="V 1.0">V 1.2AC</IR:IRversion>
		<IR:EquipmentInfo>
			<IR:EqpManufact>Epiroc</IR:EqpManufact>
			<IR:EqpType>SmartROC D65</IR:EqpType>
			<IR:EqpSerNo>8992013064</IR:EqpSerNo>
			<IR:EqpSysVer>6.28.1</IR:EqpSysVer>
			<IR:EqpInfo>DrillingMethod: DTH</IR:EqpInfo>
		</IR:EquipmentInfo>
	</IR:GenHead>
	<IR:ReportId>MWDRI292306</IR:ReportId>
	<IR:StartLogTime>2024-12-29T22:58:40</IR:StartLogTime>
	<IR:EndLogTime>2024-12-29T23:04:43</IR:EndLogTime>
	<IR:PlanIdRef>TRN09_24_0486_015_All</IR:PlanIdRef>
	<IR:PlanNameRef>TRN09_24_0486_015_All</IR:PlanNameRef>
	<MWDholeId>AF61</MWDholeId>
	<QualityReportIdRef>DQRI291907</QualityReportIdRef>
	<SampleDistance>0.100</SampleDistance>
	<CompactMWDdata>
		<MWDparams>
			<Parameter Unit="m/min" Full="PenetrRate">PR</Parameter>
			<Parameter Unit="Bar" Full="PercPressure">PP</Parameter>
			<Parameter Unit="Bar" Full="FeedPressure">FP</Parameter>
			<Parameter Unit="Bar" Full="DampPressure">DP</Parameter>
			<Parameter Unit="Bar" Full="RotPressure">RP</Parameter>
			<Parameter Unit="Bar" Full="FlushPressure">FLP</Parameter>
		</MWDparams>
		<Samples TimeTag="2024-12-29T22:58:40" DepthTag="0.105">0.698 9.149 44.669 0.000 21.402 9.149 </Samples>
		<Samples TimeTag="2024-12-29T22:58:44" DepthTag="0.208">1.574 12.852 41.511 0.000 21.402 12.852 </Samples>
		<Samples TimeTag="2024-12-29T22:58:47" DepthTag="0.314">2.412 14.321 35.864 0.000 18.379 14.321 </Samples>
		<Samples TimeTag="2024-12-29T22:58:48" DepthTag="0.419">4.614 14.734 34.555 0.000 29.682 14.734 </Samples>
		<Samples TimeTag="2024-12-29T22:58:49" DepthTag="0.529">5.476 14.933 26.849 0.000 29.321 14.933 </Samples>
		<Samples TimeTag="2024-12-29T22:59:06" DepthTag="0.656">2.111 3.963 20.594 0.000 22.830 3.963 </Samples>
		<Samples TimeTag="2024-12-29T22:59:08" DepthTag="0.756">3.411 7.635 47.741 0.000 45.511 7.635 </Samples>
		<Samples TimeTag="2024-12-29T22:59:11" DepthTag="0.862">2.263 11.705 42.580 0.000 50.359 11.705 </Samples>
		<Samples TimeTag="2024-12-29T22:59:14" DepthTag="0.963">2.045 13.938 42.899 0.000 51.890 13.938 </Samples>
		<Samples TimeTag="2024-12-29T22:59:44" DepthTag="1.066">0.665 16.356 42.272 0.000 46.565 16.356 </Samples>
		<Samples TimeTag="2024-12-29T22:59:50" DepthTag="1.168">1.092 17.702 40.354 0.000 37.434 17.702 </Samples>
		<Samples TimeTag="2024-12-29T22:59:56" DepthTag="1.273">1.016 16.952 40.701 0.000 45.506 16.952 </Samples>
		<Samples TimeTag="2024-12-29T23:00:02" DepthTag="1.375">1.095 17.717 38.016 0.000 39.304 17.717 </Samples>
		<Samples TimeTag="2024-12-29T23:00:05" DepthTag="1.484">1.814 17.993 38.723 0.000 41.146 17.993 </Samples>
		<Samples TimeTag="2024-12-29T23:00:09" DepthTag="1.587">1.534 18.192 40.616 0.000 45.789 18.192 </Samples>
		<Samples TimeTag="2024-12-29T23:00:14" DepthTag="1.688">1.404 16.738 42.064 0.000 37.473 16.738 </Samples>
		<Samples TimeTag="2024-12-29T23:00:23" DepthTag="1.789">0.672 17.641 37.293 0.000 39.382 17.641 </Samples>
		<Samples TimeTag="2024-12-29T23:00:29" DepthTag="1.890">1.009 17.886 41.139 0.000 39.298 17.886 </Samples>
		<Samples TimeTag="2024-12-29T23:00:41" DepthTag="1.991">0.480 17.962 39.366 0.000 35.595 17.962 </Samples>
		<Samples TimeTag="2024-12-29T23:00:52" DepthTag="2.093">0.547 18.008 40.104 0.000 37.858 18.008 </Samples>
		<Samples TimeTag="2024-12-29T23:01:02" DepthTag="2.194">0.629 17.993 40.830 0.000 34.204 17.993 </Samples>
		<Samples TimeTag="2024-12-29T23:01:13" DepthTag="2.296">0.539 17.932 38.358 0.000 35.957 17.932 </Samples>
		<Samples TimeTag="2024-12-29T23:01:25" DepthTag="2.397">0.537 18.039 40.369 0.000 37.957 18.039 </Samples>
		<Samples TimeTag="2024-12-29T23:01:35" DepthTag="2.498">0.568 18.039 39.631 0.000 32.187 18.039 </Samples>
		<Samples TimeTag="2024-12-29T23:01:46" DepthTag="2.600">0.564 18.115 39.101 0.000 36.943 18.115 </Samples>
		<Samples TimeTag="2024-12-29T23:01:52" DepthTag="2.701">1.005 18.192 40.970 0.000 34.748 18.192 </Samples>
		<Samples TimeTag="2024-12-29T23:02:00" DepthTag="2.801">0.776 18.131 40.526 0.000 39.952 18.131 </Samples>
		<Samples TimeTag="2024-12-29T23:02:07" DepthTag="2.903">0.951 18.207 41.482 0.000 35.341 18.207 </Samples>
		<Samples TimeTag="2024-12-29T23:02:17" DepthTag="3.005">0.611 18.069 40.676 0.000 37.473 18.069 </Samples>
		<Samples TimeTag="2024-12-29T23:02:22" DepthTag="3.110">1.088 18.176 36.896 0.000 41.541 18.176 </Samples>
		<Samples TimeTag="2024-12-29T23:02:30" DepthTag="3.212">0.747 18.100 40.207 0.000 32.218 18.100 </Samples>
		<Samples TimeTag="2024-12-29T23:02:37" DepthTag="3.312">0.865 18.069 40.602 0.000 35.830 18.069 </Samples>
		<Samples TimeTag="2024-12-29T23:02:45" DepthTag="3.413">0.810 18.085 40.196 0.000 34.241 18.085 </Samples>
		<Samples TimeTag="2024-12-29T23:03:34" DepthTag="3.528">0.353 13.648 39.836 0.000 38.168 13.648 </Samples>
		<Samples TimeTag="2024-12-29T23:03:42" DepthTag="3.629">0.796 16.631 47.363 0.000 41.060 16.631 </Samples>
		<Samples TimeTag="2024-12-29T23:03:50" DepthTag="3.731">0.746 17.442 49.179 0.000 37.434 17.442 </Samples>
		<Samples TimeTag="2024-12-29T23:03:57" DepthTag="3.833">0.846 17.687 47.813 0.000 34.659 17.687 </Samples>
		<Samples TimeTag="2024-12-29T23:04:05" DepthTag="3.936">0.799 17.855 46.555 0.000 48.501 17.855 </Samples>
		<Samples TimeTag="2024-12-29T23:04:12" DepthTag="4.037">0.791 17.901 47.921 0.000 39.346 17.901 </Samples>
		<Samples TimeTag="2024-12-29T23:04:19" DepthTag="4.137">0.861 17.901 47.713 0.000 39.059 17.901 </Samples>
		<Samples TimeTag="2024-12-29T23:04:28" DepthTag="4.238">0.673 17.763 48.124 0.000 35.528 17.763 </Samples>
		<Samples TimeTag="2024-12-29T23:04:35" DepthTag="4.339">0.889 18.146 41.879 0.000 35.776 18.146 </Samples>
		<Samples TimeTag="2024-12-29T23:04:43" DepthTag="4.439">0.771 18.054 40.858 0.000 36.458 18.054 </Samples>
	</CompactMWDdata>
	<IR:GenTrailer>
		<IR:FileCloseDate>2024-12-29T23:06:40</IR:FileCloseDate>
		<IR:ChkSum>1220836798</IR:ChkSum>
	</IR:GenTrailer>
</DRMWD>
