<?xml version="1.0" encoding="UTF-8"?>
<!-- Generated by the RCS System Epiroc Rock Drills AB -->
<DRMWD xmlns="http://www.iredes.org/xml/DrillRig" xmlns:IR="http://www.iredes.org/xml" xmlns:xsi="http://www.w3.org/2001/XMLSchema-instance" xsi:schemaLocation="http://www.iredes.org/xml/DrillRig C:\Iredes\IR_V1.2.3\xml\DR-DrillRig_V1.2\DrillRig.xsd" IRVersion="V 1.2AC" IRDownwCompat="V 1.2AC" DRMWDDownwCompat="V 1.2AC" DRMWDVersion="V 1.2AC">
	<IR:GenHead>
		<IR:FileCreateDate>2024-12-28T10:18:09</IR:FileCreateDate>
		<IR:IRversion DownwCompat="V 1.0">V 1.2AC</IR:IRversion>
		<IR:EquipmentInfo>
			<IR:EqpManufact>Epiroc</IR:EqpManufact>
			<IR:EqpType>SmartROC D65</IR:EqpType>
			<IR:EqpSerNo>8992013064</IR:EqpSerNo>
			<IR:EqpSysVer>6.28.1</IR:EqpSysVer>
			<IR:EqpInfo>DrillingMethod: DTH</IR:EqpInfo>
		</IR:EquipmentInfo>
	</IR:GenHead>
	<IR:ReportId>MWDRI281018</IR:ReportId>
	<IR:StartLogTime>2024-12-28T10:11:32</IR:StartLogTime>
	<IR:EndLogTime>2024-12-28T10:16:43</IR:EndLogTime>
	<IR:PlanIdRef>TRN08_21_0530_001_All</IR:PlanIdRef>
	<IR:PlanNameRef>TRN08_21_0530_001_All</IR:PlanNameRef>
	<MWDholeId>F58</MWDholeId>
	<QualityReportIdRef>DQRI272324</QualityReportIdRef>
	<SampleDistance>0.100</SampleDistance>
	<CompactMWDdata>
		<MWDparams>
			<Parameter Unit="m/min" Full="PenetrRate">PR</Parameter>
			<Parameter Unit="Bar" Full="PercPressure">PP</Parameter>
			<Parameter Unit="Bar" Full="FeedPressure">FP</Parameter>
			<Parameter Unit="Bar" Full="DampPressure">DP</Parameter>
			<Parameter Unit="Bar" Full="RotPressure">RP</Parameter>
			<Parameter Unit="Bar" Full="FlushPressure">FLP</Parameter>
		</MWDparams>
		<Samples TimeTag="2024-12-28T10:11:32" DepthTag="0.106">1.275 8.369 33.134 0.000 21.400 8.369 </Samples>
		<Samples TimeTag="2024-12-28T10:11:35" DepthTag="0.215">2.032 12.485 44.139 0.000 21.400 12.485 </Samples>
		<Samples TimeTag="2024-12-28T10:11:39" DepthTag="0.318">1.642 14.520 42.644 0.000 21.052 14.520 </Samples>
		<Samples TimeTag="2024-12-28T10:11:43" DepthTag="0.423">1.739 15.285 42.873 0.000 49.334 15.285 </Samples>
		<Samples TimeTag="2024-12-28T10:12:05" DepthTag="0.535">0.729 5.156 42.912 0.000 39.678 5.156 </Samples>
		<Samples TimeTag="2024-12-28T10:12:10" DepthTag="0.635">1.151 12.102 42.298 0.000 47.977 12.102 </Samples>
		<Samples TimeTag="2024-12-28T10:12:15" DepthTag="0.740">1.168 14.198 40.167 0.000 44.651 14.198 </Samples>
		<Samples TimeTag="2024-12-28T10:12:20" DepthTag="0.845">1.318 14.627 40.288 0.000 44.182 14.627 </Samples>
		<Samples TimeTag="2024-12-28T10:12:25" DepthTag="0.947">1.336 14.795 39.966 0.000 45.546 14.795 </Samples>
		<Samples TimeTag="2024-12-28T10:12:53" DepthTag="1.048">0.587 8.186 46.517 0.000 52.293 8.186 </Samples>
		<Samples TimeTag="2024-12-28T10:13:01" DepthTag="1.150">0.753 14.673 41.047 0.000 42.509 14.673 </Samples>
		<Samples TimeTag="2024-12-28T10:13:08" DepthTag="1.253">0.807 15.835 39.828 0.000 43.678 15.835 </Samples>
		<Samples TimeTag="2024-12-28T10:13:14" DepthTag="1.355">1.034 15.835 39.267 0.000 42.139 15.835 </Samples>
		<Samples TimeTag="2024-12-28T10:13:19" DepthTag="1.457">1.313 15.530 38.655 0.000 43.720 15.530 </Samples>
		<Samples TimeTag="2024-12-28T10:13:44" DepthTag="1.570">0.972 7.298 32.283 0.000 38.535 7.298 </Samples>
		<Samples TimeTag="2024-12-28T10:13:51" DepthTag="1.672">0.955 16.998 44.443 0.000 50.512 16.998 </Samples>
		<Samples TimeTag="2024-12-28T10:13:56" DepthTag="1.775">1.071 19.553 44.773 0.000 46.101 19.553 </Samples>
		<Samples TimeTag="2024-12-28T10:14:02" DepthTag="1.877">1.084 21.175 45.625 0.000 51.286 21.175 </Samples>
		<Samples TimeTag="2024-12-28T10:14:08" DepthTag="1.981">1.080 21.940 45.929 0.000 50.508 21.940 </Samples>
		<Samples TimeTag="2024-12-28T10:14:13" DepthTag="2.081">1.151 22.460 45.429 0.000 49.698 22.460 </Samples>
		<Samples TimeTag="2024-12-28T10:14:18" DepthTag="2.184">1.289 22.124 43.163 0.000 38.287 22.124 </Samples>
		<Samples TimeTag="2024-12-28T10:14:21" DepthTag="2.286">1.739 21.864 44.332 0.000 38.874 21.864 </Samples>
		<Samples TimeTag="2024-12-28T10:14:25" DepthTag="2.388">1.585 21.787 45.007 0.000 40.176 21.787 </Samples>
		<Samples TimeTag="2024-12-28T10:14:30" DepthTag="2.491">1.402 21.955 44.715 0.000 38.766 21.955 </Samples>
		<Samples TimeTag="2024-12-28T10:14:34" DepthTag="2.595">1.551 22.063 45.110 0.000 39.413 22.063 </Samples>
		<Samples TimeTag="2024-12-28T10:14:38" DepthTag="2.697">1.337 22.307 45.097 0.000 38.554 22.307 </Samples>
		<Samples TimeTag="2024-12-28T10:14:43" DepthTag="2.797">1.207 23.027 45.155 0.000 48.444 23.027 </Samples>
		<Samples TimeTag="2024-12-28T10:14:50" DepthTag="2.898">0.949 24.511 45.082 0.000 42.561 24.511 </Samples>
		<Samples TimeTag="2024-12-28T10:14:56" DepthTag="3.001">0.956 25.444 45.099 0.000 38.660 25.444 </Samples>
		<Samples TimeTag="2024-12-28T10:15:02" DepthTag="3.103">1.026 25.367 44.941 0.000 46.508 25.367 </Samples>
		<Samples TimeTag="2024-12-28T10:15:07" DepthTag="3.205">1.285 25.199 44.811 0.000 44.206 25.199 </Samples>
		<Samples TimeTag="2024-12-28T10:15:12" DepthTag="3.306">1.262 24.541 44.477 0.000 45.423 24.541 </Samples>
		<Samples TimeTag="2024-12-28T10:15:16" DepthTag="3.408">1.390 23.776 44.628 0.000 44.681 23.776 </Samples>
		<Samples TimeTag="2024-12-28T10:15:21" DepthTag="3.510">1.170 24.143 45.072 0.000 46.097 24.143 </Samples>
		<Samples TimeTag="2024-12-28T10:15:27" DepthTag="3.610">0.999 24.985 45.106 0.000 43.105 24.985 </Samples>
		<Samples TimeTag="2024-12-28T10:15:34" DepthTag="3.712">0.927 25.673 45.027 0.000 43.650 25.673 </Samples>
		<Samples TimeTag="2024-12-28T10:15:40" DepthTag="3.814">1.057 25.750 45.210 0.000 35.262 25.750 </Samples>
		<Samples TimeTag="2024-12-28T10:15:45" DepthTag="3.916">1.127 25.934 45.179 0.000 41.998 25.934 </Samples>
		<Samples TimeTag="2024-12-28T10:15:50" DepthTag="4.017">1.181 25.750 46.039 0.000 40.932 25.750 </Samples>
		<Samples TimeTag="2024-12-28T10:15:55" DepthTag="4.118">1.256 25.995 44.666 0.000 40.787 25.995 </Samples>
		<Samples TimeTag="2024-12-28T10:16:00" DepthTag="4.220">1.181 26.454 45.347 0.000 42.582 26.454 </Samples>
		<Samples TimeTag="2024-12-28T10:16:05" DepthTag="4.324">1.287 26.653 44.420 0.000 44.528 26.653 </Samples>
		<Samples TimeTag="2024-12-28T10:16:10" DepthTag="4.425">1.129 26.821 44.910 0.000 46.743 26.821 </Samples>
		<Samples TimeTag="2024-12-28T10:16:19" DepthTag="4.534">0.766 18.421 42.066 0.000 39.765 18.421 </Samples>
		<Samples TimeTag="2024-12-28T10:16:29" DepthTag="4.644">0.653 11.184 40.699 0.000 41.047 11.184 </Samples>
		<Samples TimeTag="2024-12-28T10:16:37" DepthTag="4.746">0.726 18.743 36.779 0.000 43.840 18.743 </Samples>
		<Samples TimeTag="2024-12-28T10:16:43" DepthTag="4.846">1.045 19.400 40.648 0.000 46.745 19.400 </Samples>
	</CompactMWDdata>
	<IR:GenTrailer>
		<IR:FileCloseDate>2024-12-28T10:18:09</IR:FileCloseDate>
		<IR:ChkSum>1860945986</IR:ChkSum>
	</IR:GenTrailer>
</DRMWD>
