<?xml version="1.0" encoding="UTF-8"?>
<!-- Generated by the RCS System Epiroc Rock Drills AB -->
<DRMWD xmlns="http://www.iredes.org/xml/DrillRig" xmlns:IR="http://www.iredes.org/xml" xmlns:xsi="http://www.w3.org/2001/XMLSchema-instance" xsi:schemaLocation="http://www.iredes.org/xml/DrillRig C:\Iredes\IR_V1.2.3\xml\DR-DrillRig_V1.2\DrillRig.xsd" IRVersion="V 1.2AC" IRDownwCompat="V 1.2AC" DRMWDDownwCompat="V 1.2AC" DRMWDVersion="V 1.2AC">
	<IR:GenHead>
		<IR:FileCreateDate>2024-12-29T11:03:19</IR:FileCreateDate>
		<IR:IRversion DownwCompat="V 1.0">V 1.2AC</IR:IRversion>
		<IR:EquipmentInfo>
			<IR:EqpManufact>Epiroc</IR:EqpManufact>
			<IR:EqpType>SmartROC D65</IR:EqpType>
			<IR:EqpSerNo>8992013064</IR:EqpSerNo>
			<IR:EqpSysVer>6.28.1</IR:EqpSysVer>
			<IR:EqpInfo>DrillingMethod: DTH</IR:EqpInfo>
		</IR:EquipmentInfo>
	</IR:GenHead>
	<IR:ReportId>MWDRI291103</IR:ReportId>
	<IR:StartLogTime>2024-12-29T10:56:42</IR:StartLogTime>
	<IR:EndLogTime>2024-12-29T11:01:26</IR:EndLogTime>
	<IR:PlanIdRef>TRN08_21_0530_001_All</IR:PlanIdRef>
	<IR:PlanNameRef>TRN08_21_0530_001_All</IR:PlanNameRef>
	<MWDholeId>K40</MWDholeId>
	<QualityReportIdRef>DQRI272324</QualityReportIdRef>
	<SampleDistance>0.100</SampleDistance>
	<CompactMWDdata>
		<MWDparams>
			<Parameter Unit="m/min" Full="PenetrRate">PR</Parameter>
			<Parameter Unit="Bar" Full="PercPressure">PP</Parameter>
			<Parameter Unit="Bar" Full="FeedPressure">FP</Parameter>
			<Parameter Unit="Bar" Full="DampPressure">DP</Parameter>
			<Parameter Unit="Bar" Full="RotPressure">RP</Parameter>
			<Parameter Unit="Bar" Full="FlushPressure">FLP</Parameter>
		</MWDparams>
		<Samples TimeTag="2024-12-29T10:56:42" DepthTag="0.104">1.253 14.168 44.135 0.000 20.968 14.168 </Samples>
		<Samples TimeTag="2024-12-29T10:56:45" DepthTag="0.205">1.882 14.520 43.308 0.000 20.989 14.520 </Samples>
		<Samples TimeTag="2024-12-29T10:56:51" DepthTag="0.307">1.182 16.218 36.163 0.000 31.818 16.218 </Samples>
		<Samples TimeTag="2024-12-29T10:56:52" DepthTag="0.409">3.314 15.988 38.066 0.000 40.124 15.988 </Samples>
		<Samples TimeTag="2024-12-29T10:56:55" DepthTag="0.511">2.370 14.994 38.342 0.000 48.379 14.994 </Samples>
		<Samples TimeTag="2024-12-29T10:57:15" DepthTag="0.611">0.816 7.910 48.946 0.000 48.583 7.910 </Samples>
		<Samples TimeTag="2024-12-29T10:57:20" DepthTag="0.717">1.265 13.739 41.179 0.000 45.506 13.739 </Samples>
		<Samples TimeTag="2024-12-29T10:57:24" DepthTag="0.824">1.770 14.489 39.644 0.000 42.845 14.489 </Samples>
		<Samples TimeTag="2024-12-29T10:57:27" DepthTag="0.928">1.768 14.994 40.271 0.000 47.945 14.994 </Samples>
		<Samples TimeTag="2024-12-29T10:57:54" DepthTag="1.029">0.685 7.145 49.844 0.000 58.071 7.145 </Samples>
		<Samples TimeTag="2024-12-29T10:57:59" DepthTag="1.130">1.171 12.959 42.216 0.000 51.830 12.959 </Samples>
		<Samples TimeTag="2024-12-29T10:58:05" DepthTag="1.232">1.054 14.933 41.151 0.000 49.224 14.933 </Samples>
		<Samples TimeTag="2024-12-29T10:58:11" DepthTag="1.336">1.113 15.713 38.821 0.000 46.038 15.713 </Samples>
		<Samples TimeTag="2024-12-29T10:58:16" DepthTag="1.438">1.175 16.187 38.841 0.000 45.403 16.187 </Samples>
		<Samples TimeTag="2024-12-29T10:58:43" DepthTag="1.538">0.675 6.900 37.541 0.000 40.221 6.900 </Samples>
		<Samples TimeTag="2024-12-29T10:58:48" DepthTag="1.640">1.389 14.198 45.356 0.000 50.573 14.198 </Samples>
		<Samples TimeTag="2024-12-29T10:58:53" DepthTag="1.744">1.186 17.350 44.749 0.000 57.337 17.350 </Samples>
		<Samples TimeTag="2024-12-29T10:58:58" DepthTag="1.844">1.120 18.590 45.196 0.000 48.467 18.590 </Samples>
		<Samples TimeTag="2024-12-29T10:59:02" DepthTag="1.944">1.670 18.498 44.072 0.000 46.557 18.498 </Samples>
		<Samples TimeTag="2024-12-29T10:59:07" DepthTag="2.047">1.340 19.232 46.206 0.000 55.676 19.232 </Samples>
		<Samples TimeTag="2024-12-29T10:59:12" DepthTag="2.149">1.090 19.599 44.134 0.000 45.684 19.599 </Samples>
		<Samples TimeTag="2024-12-29T10:59:17" DepthTag="2.253">1.305 19.462 44.822 0.000 48.505 19.462 </Samples>
		<Samples TimeTag="2024-12-29T10:59:22" DepthTag="2.357">1.296 19.660 44.970 0.000 57.516 19.660 </Samples>
		<Samples TimeTag="2024-12-29T10:59:27" DepthTag="2.460">1.176 20.150 44.999 0.000 52.066 20.150 </Samples>
		<Samples TimeTag="2024-12-29T10:59:32" DepthTag="2.561">1.263 20.808 45.484 0.000 55.029 20.808 </Samples>
		<Samples TimeTag="2024-12-29T10:59:38" DepthTag="2.665">1.084 21.695 45.810 0.000 46.655 21.695 </Samples>
		<Samples TimeTag="2024-12-29T10:59:43" DepthTag="2.767">1.175 21.604 45.702 0.000 37.491 21.604 </Samples>
		<Samples TimeTag="2024-12-29T10:59:50" DepthTag="2.869">0.873 23.654 44.506 0.000 34.511 23.654 </Samples>
		<Samples TimeTag="2024-12-29T10:59:55" DepthTag="2.971">1.175 23.822 45.302 0.000 38.754 23.822 </Samples>
		<Samples TimeTag="2024-12-29T10:59:58" DepthTag="3.074">1.836 23.103 44.814 0.000 43.300 23.103 </Samples>
		<Samples TimeTag="2024-12-29T11:00:02" DepthTag="3.174">1.501 22.751 46.274 0.000 48.720 22.751 </Samples>
		<Samples TimeTag="2024-12-29T11:00:07" DepthTag="3.275">1.212 22.307 44.045 0.000 53.910 22.307 </Samples>
		<Samples TimeTag="2024-12-29T11:00:13" DepthTag="3.375">1.074 22.384 45.107 0.000 48.186 22.384 </Samples>
		<Samples TimeTag="2024-12-29T11:00:19" DepthTag="3.476">1.079 21.894 44.842 0.000 39.044 21.894 </Samples>
		<Samples TimeTag="2024-12-29T11:00:23" DepthTag="3.579">1.400 21.389 44.133 0.000 46.275 21.389 </Samples>
		<Samples TimeTag="2024-12-29T11:00:28" DepthTag="3.680">1.210 21.864 45.033 0.000 53.548 21.864 </Samples>
		<Samples TimeTag="2024-12-29T11:00:33" DepthTag="3.781">1.165 21.833 45.651 0.000 50.475 21.833 </Samples>
		<Samples TimeTag="2024-12-29T11:00:38" DepthTag="3.887">1.440 21.558 45.161 0.000 44.269 21.558 </Samples>
		<Samples TimeTag="2024-12-29T11:00:42" DepthTag="3.991">1.499 21.175 45.412 0.000 45.892 21.175 </Samples>
		<Samples TimeTag="2024-12-29T11:00:46" DepthTag="4.093">1.621 21.160 45.575 0.000 45.983 21.160 </Samples>
		<Samples TimeTag="2024-12-29T11:00:50" DepthTag="4.193">1.418 21.313 45.010 0.000 41.718 21.313 </Samples>
		<Samples TimeTag="2024-12-29T11:00:54" DepthTag="4.297">1.402 21.711 44.786 0.000 48.293 21.711 </Samples>
		<Samples TimeTag="2024-12-29T11:00:59" DepthTag="4.399">1.278 22.032 45.434 0.000 45.944 22.032 </Samples>
		<Samples TimeTag="2024-12-29T11:01:04" DepthTag="4.500">1.131 22.889 45.101 0.000 48.192 22.889 </Samples>
		<Samples TimeTag="2024-12-29T11:01:09" DepthTag="4.604">1.246 22.751 45.007 0.000 45.847 22.751 </Samples>
		<Samples TimeTag="2024-12-29T11:01:14" DepthTag="4.704">1.300 22.935 44.927 0.000 46.212 22.935 </Samples>
		<Samples TimeTag="2024-12-29T11:01:18" DepthTag="4.809">1.508 22.277 45.153 0.000 42.590 22.277 </Samples>
		<Samples TimeTag="2024-12-29T11:01:22" DepthTag="4.910">1.506 22.093 40.928 0.000 38.777 22.093 </Samples>
		<Samples TimeTag="2024-12-29T11:01:26" DepthTag="5.012">1.461 21.986 40.096 0.000 42.618 21.986 </Samples>
	</CompactMWDdata>
	<IR:GenTrailer>
		<IR:FileCloseDate>2024-12-29T11:03:19</IR:FileCloseDate>
		<IR:ChkSum>0555809125</IR:ChkSum>
	</IR:GenTrailer>
</DRMWD>
