<?xml version="1.0" encoding="UTF-8"?>
<!-- Generated by the RCS System Epiroc Rock Drills AB -->
<DRMWD xmlns="http://www.iredes.org/xml/DrillRig" xmlns:IR="http://www.iredes.org/xml" xmlns:xsi="http://www.w3.org/2001/XMLSchema-instance" xsi:schemaLocation="http://www.iredes.org/xml/DrillRig C:\Iredes\IR_V1.2.3\xml\DR-DrillRig_V1.2\DrillRig.xsd" IRVersion="V 1.2AC" IRDownwCompat="V 1.2AC" DRMWDDownwCompat="V 1.2AC" DRMWDVersion="V 1.2AC">
	<IR:GenHead>
		<IR:FileCreateDate>2024-12-30T09:16:49</IR:FileCreateDate>
		<IR:IRversion DownwCompat="V 1.0">V 1.2AC</IR:IRversion>
		<IR:EquipmentInfo>
			<IR:EqpManufact>Epiroc</IR:EqpManufact>
			<IR:EqpType>SmartROC D65</IR:EqpType>
			<IR:EqpSerNo>8992013064</IR:EqpSerNo>
			<IR:EqpSysVer>6.28.1</IR:EqpSysVer>
			<IR:EqpInfo>DrillingMethod: DTH</IR:EqpInfo>
		</IR:EquipmentInfo>
	</IR:GenHead>
	<IR:ReportId>MWDRI300916</IR:ReportId>
	<IR:StartLogTime>2024-12-30T09:09:56</IR:StartLogTime>
	<IR:EndLogTime>2024-12-30T09:15:25</IR:EndLogTime>
	<IR:PlanIdRef>TRN09_24_0486_015_All</IR:PlanIdRef>
	<IR:PlanNameRef>TRN09_24_0486_015_All</IR:PlanNameRef>
	<MWDholeId>X26</MWDholeId>
	<QualityReportIdRef>DQRI291907</QualityReportIdRef>
	<SampleDistance>0.100</SampleDistance>
	<CompactMWDdata>
		<MWDparams>
			<Parameter Unit="m/min" Full="PenetrRate">PR</Parameter>
			<Parameter Unit="Bar" Full="PercPressure">PP</Parameter>
			<Parameter Unit="Bar" Full="FeedPressure">FP</Parameter>
			<Parameter Unit="Bar" Full="DampPressure">DP</Parameter>
			<Parameter Unit="Bar" Full="RotPressure">RP</Parameter>
			<Parameter Unit="Bar" Full="FlushPressure">FLP</Parameter>
		</MWDparams>
		<Samples TimeTag="2024-12-30T09:09:56" DepthTag="0.101">0.652 12.133 46.115 0.000 21.320 12.133 </Samples>
		<Samples TimeTag="2024-12-30T09:10:03" DepthTag="0.208">0.922 18.406 34.248 0.000 28.803 18.406 </Samples>
		<Samples TimeTag="2024-12-30T09:10:05" DepthTag="0.309">3.024 18.681 39.188 0.000 26.629 18.681 </Samples>
		<Samples TimeTag="2024-12-30T09:10:08" DepthTag="0.415">2.638 17.733 40.470 0.000 25.385 17.733 </Samples>
		<Samples TimeTag="2024-12-30T09:10:13" DepthTag="0.516">1.251 10.572 0.091 0.000 18.438 10.572 </Samples>
		<Samples TimeTag="2024-12-30T09:10:32" DepthTag="0.616">0.918 13.173 44.754 0.000 33.600 13.173 </Samples>
		<Samples TimeTag="2024-12-30T09:10:39" DepthTag="0.717">0.836 17.518 37.696 0.000 31.309 17.518 </Samples>
		<Samples TimeTag="2024-12-30T09:10:43" DepthTag="0.819">1.627 17.855 41.178 0.000 35.323 17.855 </Samples>
		<Samples TimeTag="2024-12-30T09:10:45" DepthTag="0.929">2.487 17.212 37.321 0.000 31.132 17.212 </Samples>
		<Samples TimeTag="2024-12-30T09:10:49" DepthTag="1.031">1.906 11.031 0.785 0.000 16.357 11.031 </Samples>
		<Samples TimeTag="2024-12-30T09:11:10" DepthTag="1.144">2.114 6.135 24.699 0.000 25.939 6.135 </Samples>
		<Samples TimeTag="2024-12-30T09:11:14" DepthTag="1.250">1.445 14.596 42.463 0.000 46.180 14.596 </Samples>
		<Samples TimeTag="2024-12-30T09:11:18" DepthTag="1.350">1.500 16.906 40.912 0.000 40.747 16.906 </Samples>
		<Samples TimeTag="2024-12-30T09:11:21" DepthTag="1.452">1.904 17.916 40.759 0.000 43.021 17.916 </Samples>
		<Samples TimeTag="2024-12-30T09:11:24" DepthTag="1.555">2.196 18.207 37.639 0.000 40.119 18.207 </Samples>
		<Samples TimeTag="2024-12-30T09:11:26" DepthTag="1.662">2.972 17.335 37.993 0.000 37.326 17.335 </Samples>
		<Samples TimeTag="2024-12-30T09:11:29" DepthTag="1.772">2.737 18.085 38.274 0.000 41.624 18.085 </Samples>
		<Samples TimeTag="2024-12-30T09:11:30" DepthTag="1.889">4.403 18.574 34.991 0.000 30.017 18.574 </Samples>
		<Samples TimeTag="2024-12-30T09:11:32" DepthTag="1.991">3.450 17.258 38.932 0.000 36.116 17.258 </Samples>
		<Samples TimeTag="2024-12-30T09:11:34" DepthTag="2.096">3.132 18.574 41.590 0.000 29.791 18.574 </Samples>
		<Samples TimeTag="2024-12-30T09:11:38" DepthTag="2.198">1.781 18.085 43.732 0.000 39.443 18.085 </Samples>
		<Samples TimeTag="2024-12-30T09:11:42" DepthTag="2.300">1.405 17.320 41.359 0.000 38.924 17.320 </Samples>
		<Samples TimeTag="2024-12-30T09:11:52" DepthTag="2.400">0.624 18.146 38.594 0.000 39.378 18.146 </Samples>
		<Samples TimeTag="2024-12-30T09:12:00" DepthTag="2.500">0.751 16.937 40.495 0.000 37.214 16.937 </Samples>
		<Samples TimeTag="2024-12-30T09:12:07" DepthTag="2.600">0.861 18.039 39.744 0.000 37.709 18.039 </Samples>
		<Samples TimeTag="2024-12-30T09:12:15" DepthTag="2.704">0.794 16.876 39.680 0.000 40.049 16.876 </Samples>
		<Samples TimeTag="2024-12-30T09:12:21" DepthTag="2.810">0.909 18.222 39.160 0.000 41.670 18.222 </Samples>
		<Samples TimeTag="2024-12-30T09:12:27" DepthTag="2.910">1.117 17.411 39.806 0.000 40.451 17.411 </Samples>
		<Samples TimeTag="2024-12-30T09:12:30" DepthTag="3.010">1.748 18.023 39.397 0.000 43.366 18.023 </Samples>
		<Samples TimeTag="2024-12-30T09:12:34" DepthTag="3.111">1.786 17.671 41.341 0.000 40.662 17.671 </Samples>
		<Samples TimeTag="2024-12-30T09:12:39" DepthTag="3.212">1.056 17.916 40.298 0.000 45.991 17.916 </Samples>
		<Samples TimeTag="2024-12-30T09:12:45" DepthTag="3.316">1.229 16.968 39.718 0.000 48.504 16.968 </Samples>
		<Samples TimeTag="2024-12-30T09:12:49" DepthTag="3.420">1.413 17.870 38.911 0.000 47.791 17.870 </Samples>
		<Samples TimeTag="2024-12-30T09:13:30" DepthTag="3.562">0.629 4.590 27.567 0.000 30.939 4.590 </Samples>
		<Samples TimeTag="2024-12-30T09:13:37" DepthTag="3.664">0.808 15.438 47.178 0.000 48.433 15.438 </Samples>
		<Samples TimeTag="2024-12-30T09:13:41" DepthTag="3.769">1.505 16.677 48.158 0.000 54.059 16.677 </Samples>
		<Samples TimeTag="2024-12-30T09:13:46" DepthTag="3.872">1.332 17.289 49.649 0.000 44.243 17.289 </Samples>
		<Samples TimeTag="2024-12-30T09:13:53" DepthTag="3.974">0.903 17.534 48.002 0.000 42.299 17.534 </Samples>
		<Samples TimeTag="2024-12-30T09:14:01" DepthTag="4.076">0.786 17.473 48.008 0.000 40.211 17.473 </Samples>
		<Samples TimeTag="2024-12-30T09:14:08" DepthTag="4.178">0.783 17.427 48.258 0.000 42.844 17.427 </Samples>
		<Samples TimeTag="2024-12-30T09:14:16" DepthTag="4.278">0.814 17.396 48.304 0.000 38.596 17.396 </Samples>
		<Samples TimeTag="2024-12-30T09:14:25" DepthTag="4.379">0.670 17.518 48.138 0.000 37.835 17.518 </Samples>
		<Samples TimeTag="2024-12-30T09:14:37" DepthTag="4.479">0.479 17.503 47.826 0.000 35.795 17.503 </Samples>
		<Samples TimeTag="2024-12-30T09:14:49" DepthTag="4.580">0.509 17.549 47.972 0.000 42.402 17.549 </Samples>
		<Samples TimeTag="2024-12-30T09:14:59" DepthTag="4.680">0.633 17.457 47.786 0.000 37.579 17.457 </Samples>
		<Samples TimeTag="2024-12-30T09:15:06" DepthTag="4.785">0.941 17.534 47.914 0.000 46.639 17.534 </Samples>
		<Samples TimeTag="2024-12-30T09:15:14" DepthTag="4.885">0.723 17.610 48.387 0.000 38.253 17.610 </Samples>
		<Samples TimeTag="2024-12-30T09:15:21" DepthTag="4.987">0.799 17.167 40.613 0.000 43.765 17.167 </Samples>
		<Samples TimeTag="2024-12-30T09:15:25" DepthTag="5.088">1.509 17.044 39.017 0.000 37.038 17.044 </Samples>
	</CompactMWDdata>
	<IR:GenTrailer>
		<IR:FileCloseDate>2024-12-30T09:16:49</IR:FileCloseDate>
		<IR:ChkSum>0249220773</IR:ChkSum>
	</IR:GenTrailer>
</DRMWD>
