<?xml version="1.0" encoding="UTF-8"?>
<!-- Generated by the RCS System Epiroc Rock Drills AB -->
<DRMWD xmlns="http://www.iredes.org/xml/DrillRig" xmlns:IR="http://www.iredes.org/xml" xmlns:xsi="http://www.w3.org/2001/XMLSchema-instance" xsi:schemaLocation="http://www.iredes.org/xml/DrillRig C:\Iredes\IR_V1.2.3\xml\DR-DrillRig_V1.2\DrillRig.xsd" IRVersion="V 1.2AC" IRDownwCompat="V 1.2AC" DRMWDDownwCompat="V 1.2AC" DRMWDVersion="V 1.2AC">
	<IR:GenHead>
		<IR:FileCreateDate>2024-12-30T13:03:34</IR:FileCreateDate>
		<IR:IRversion DownwCompat="V 1.0">V 1.2AC</IR:IRversion>
		<IR:EquipmentInfo>
			<IR:EqpManufact>Epiroc</IR:EqpManufact>
			<IR:EqpType>SmartROC D65</IR:EqpType>
			<IR:EqpSerNo>8992013064</IR:EqpSerNo>
			<IR:EqpSysVer>6.28.1</IR:EqpSysVer>
			<IR:EqpInfo>DrillingMethod: DTH</IR:EqpInfo>
		</IR:EquipmentInfo>
	</IR:GenHead>
	<IR:ReportId>MWDRI301303</IR:ReportId>
	<IR:StartLogTime>2024-12-30T12:55:34</IR:StartLogTime>
	<IR:EndLogTime>2024-12-30T13:02:04</IR:EndLogTime>
	<IR:PlanIdRef>TRN09_24_0486_015_All</IR:PlanIdRef>
	<IR:PlanNameRef>TRN09_24_0486_015_All</IR:PlanNameRef>
	<MWDholeId>W15</MWDholeId>
	<QualityReportIdRef>DQRI291907</QualityReportIdRef>
	<SampleDistance>0.100</SampleDistance>
	<CompactMWDdata>
		<MWDparams>
			<Parameter Unit="m/min" Full="PenetrRate">PR</Parameter>
			<Parameter Unit="Bar" Full="PercPressure">PP</Parameter>
			<Parameter Unit="Bar" Full="FeedPressure">FP</Parameter>
			<Parameter Unit="Bar" Full="DampPressure">DP</Parameter>
			<Parameter Unit="Bar" Full="RotPressure">RP</Parameter>
			<Parameter Unit="Bar" Full="FlushPressure">FLP</Parameter>
		</MWDparams>
		<Samples TimeTag="2024-12-30T12:55:34" DepthTag="0.101">0.877 8.996 48.286 0.000 21.400 8.996 </Samples>
		<Samples TimeTag="2024-12-30T12:55:41" DepthTag="0.206">0.983 15.988 38.877 0.000 21.399 15.988 </Samples>
		<Samples TimeTag="2024-12-30T12:55:44" DepthTag="0.306">2.027 16.432 38.292 0.000 30.775 16.432 </Samples>
		<Samples TimeTag="2024-12-30T12:55:46" DepthTag="0.411">3.155 16.356 37.149 0.000 29.678 16.356 </Samples>
		<Samples TimeTag="2024-12-30T12:55:47" DepthTag="0.516">3.928 16.356 35.414 0.000 26.082 16.356 </Samples>
		<Samples TimeTag="2024-12-30T12:56:04" DepthTag="0.618">1.407 3.427 22.235 0.000 23.867 3.427 </Samples>
		<Samples TimeTag="2024-12-30T12:56:07" DepthTag="0.719">2.050 8.951 46.522 0.000 37.297 8.951 </Samples>
		<Samples TimeTag="2024-12-30T12:56:10" DepthTag="0.830">2.174 12.607 40.484 0.000 36.236 12.607 </Samples>
		<Samples TimeTag="2024-12-30T12:56:12" DepthTag="0.933">2.867 13.816 40.486 0.000 32.931 13.816 </Samples>
		<Samples TimeTag="2024-12-30T12:56:37" DepthTag="1.064">1.205 4.636 21.279 0.000 21.652 4.636 </Samples>
		<Samples TimeTag="2024-12-30T12:56:37" DepthTag="1.181">7.333 6.028 28.726 0.000 26.457 6.028 </Samples>
		<Samples TimeTag="2024-12-30T12:56:40" DepthTag="1.290">2.316 12.470 41.599 0.000 29.999 12.470 </Samples>
		<Samples TimeTag="2024-12-30T12:56:42" DepthTag="1.391">4.461 14.566 39.293 0.000 28.779 14.566 </Samples>
		<Samples TimeTag="2024-12-30T12:56:44" DepthTag="1.495">2.219 18.008 41.802 0.000 31.958 18.008 </Samples>
		<Samples TimeTag="2024-12-30T12:56:46" DepthTag="1.602">3.214 18.467 40.120 0.000 32.499 18.467 </Samples>
		<Samples TimeTag="2024-12-30T12:56:48" DepthTag="1.713">3.317 17.243 36.689 0.000 30.645 17.243 </Samples>
		<Samples TimeTag="2024-12-30T12:56:50" DepthTag="1.821">5.389 17.595 28.475 0.000 25.631 17.595 </Samples>
		<Samples TimeTag="2024-12-30T12:56:51" DepthTag="1.930">6.258 18.085 35.281 0.000 27.609 18.085 </Samples>
		<Samples TimeTag="2024-12-30T12:56:52" DepthTag="2.039">3.716 18.452 41.706 0.000 27.905 18.452 </Samples>
		<Samples TimeTag="2024-12-30T12:56:54" DepthTag="2.146">3.484 18.222 43.826 0.000 29.102 18.222 </Samples>
		<Samples TimeTag="2024-12-30T12:56:57" DepthTag="2.247">2.591 17.228 43.730 0.000 36.505 17.228 </Samples>
		<Samples TimeTag="2024-12-30T12:57:00" DepthTag="2.347">1.977 17.932 42.912 0.000 34.508 17.932 </Samples>
		<Samples TimeTag="2024-12-30T12:57:03" DepthTag="2.447">2.141 18.375 39.383 0.000 38.951 18.375 </Samples>
		<Samples TimeTag="2024-12-30T12:57:05" DepthTag="2.556">2.322 17.090 37.033 0.000 30.106 17.090 </Samples>
		<Samples TimeTag="2024-12-30T12:57:07" DepthTag="2.659">2.861 17.932 39.147 0.000 29.651 17.932 </Samples>
		<Samples TimeTag="2024-12-30T12:57:10" DepthTag="2.770">2.952 18.314 40.177 0.000 27.921 18.314 </Samples>
		<Samples TimeTag="2024-12-30T12:57:17" DepthTag="2.870">0.777 17.503 41.280 0.000 37.286 17.503 </Samples>
		<Samples TimeTag="2024-12-30T12:57:28" DepthTag="2.970">0.590 17.855 39.857 0.000 32.757 17.855 </Samples>
		<Samples TimeTag="2024-12-30T12:57:47" DepthTag="3.073">0.320 17.870 39.932 0.000 36.679 17.870 </Samples>
		<Samples TimeTag="2024-12-30T12:57:59" DepthTag="3.173">0.485 17.886 40.140 0.000 35.380 17.886 </Samples>
		<Samples TimeTag="2024-12-30T12:58:12" DepthTag="3.275">0.477 17.901 38.925 0.000 40.733 17.901 </Samples>
		<Samples TimeTag="2024-12-30T12:58:28" DepthTag="3.375">0.391 17.901 39.218 0.000 35.621 17.901 </Samples>
		<Samples TimeTag="2024-12-30T12:58:38" DepthTag="3.477">0.596 18.100 40.111 0.000 37.934 18.100 </Samples>
		<Samples TimeTag="2024-12-30T12:59:26" DepthTag="3.577">0.277 14.290 47.313 0.000 41.879 14.290 </Samples>
		<Samples TimeTag="2024-12-30T12:59:32" DepthTag="3.680">0.932 16.402 47.524 0.000 52.920 16.402 </Samples>
		<Samples TimeTag="2024-12-30T12:59:36" DepthTag="3.784">1.547 16.922 48.006 0.000 36.688 16.922 </Samples>
		<Samples TimeTag="2024-12-30T12:59:45" DepthTag="3.885">0.699 17.197 48.304 0.000 41.889 17.197 </Samples>
		<Samples TimeTag="2024-12-30T12:59:56" DepthTag="3.987">0.542 17.212 48.030 0.000 40.843 17.212 </Samples>
		<Samples TimeTag="2024-12-30T13:00:07" DepthTag="4.088">0.575 17.182 47.125 0.000 42.545 17.182 </Samples>
		<Samples TimeTag="2024-12-30T13:00:15" DepthTag="4.189">0.720 17.258 48.800 0.000 37.041 17.258 </Samples>
		<Samples TimeTag="2024-12-30T13:00:26" DepthTag="4.290">0.542 17.289 47.759 0.000 34.338 17.289 </Samples>
		<Samples TimeTag="2024-12-30T13:00:38" DepthTag="4.391">0.521 17.365 47.085 0.000 37.267 17.365 </Samples>
		<Samples TimeTag="2024-12-30T13:00:49" DepthTag="4.493">0.560 17.381 47.307 0.000 35.971 17.381 </Samples>
		<Samples TimeTag="2024-12-30T13:01:03" DepthTag="4.594">0.425 17.381 46.954 0.000 32.357 17.381 </Samples>
		<Samples TimeTag="2024-12-30T13:01:16" DepthTag="4.697">0.465 17.488 47.802 0.000 42.102 17.488 </Samples>
		<Samples TimeTag="2024-12-30T13:01:27" DepthTag="4.799">0.612 17.442 48.595 0.000 34.218 17.442 </Samples>
		<Samples TimeTag="2024-12-30T13:01:38" DepthTag="4.900">0.534 17.457 47.604 0.000 31.679 17.457 </Samples>
		<Samples TimeTag="2024-12-30T13:01:51" DepthTag="5.002">0.457 16.386 41.478 0.000 33.938 16.386 </Samples>
		<Samples TimeTag="2024-12-30T13:02:04" DepthTag="5.103">0.481 16.172 39.146 0.000 36.204 16.172 </Samples>
	</CompactMWDdata>
	<IR:GenTrailer>
		<IR:FileCloseDate>2024-12-30T13:03:34</IR:FileCloseDate>
		<IR:ChkSum>0998898735</IR:ChkSum>
	</IR:GenTrailer>
</DRMWD>
