<?xml version="1.0" encoding="UTF-8"?>
<!-- Generated by the RCS System Epiroc Rock Drills AB -->
<DRMWD xmlns="http://www.iredes.org/xml/DrillRig" xmlns:IR="http://www.iredes.org/xml" xmlns:xsi="http://www.w3.org/2001/XMLSchema-instance" xsi:schemaLocation="http://www.iredes.org/xml/DrillRig C:\Iredes\IR_V1.2.3\xml\DR-DrillRig_V1.2\DrillRig.xsd" IRVersion="V 1.2AC" IRDownwCompat="V 1.2AC" DRMWDDownwCompat="V 1.2AC" DRMWDVersion="V 1.2AC">
	<IR:GenHead>
		<IR:FileCreateDate>2024-12-29T20:57:18</IR:FileCreateDate>
		<IR:IRversion DownwCompat="V 1.0">V 1.2AC</IR:IRversion>
		<IR:EquipmentInfo>
			<IR:EqpManufact>Epiroc</IR:EqpManufact>
			<IR:EqpType>SmartROC D65</IR:EqpType>
			<IR:EqpSerNo>8992013064</IR:EqpSerNo>
			<IR:EqpSysVer>6.28.1</IR:EqpSysVer>
			<IR:EqpInfo>DrillingMethod: DTH</IR:EqpInfo>
		</IR:EquipmentInfo>
	</IR:GenHead>
	<IR:ReportId>MWDRI292057</IR:ReportId>
	<IR:StartLogTime>2024-12-29T20:51:55</IR:StartLogTime>
	<IR:EndLogTime>2024-12-29T20:55:07</IR:EndLogTime>
	<IR:PlanIdRef>TRN09_24_0486_015_All</IR:PlanIdRef>
	<IR:PlanNameRef>TRN09_24_0486_015_All</IR:PlanNameRef>
	<MWDholeId>AF74</MWDholeId>
	<QualityReportIdRef>DQRI291907</QualityReportIdRef>
	<SampleDistance>0.100</SampleDistance>
	<CompactMWDdata>
		<MWDparams>
			<Parameter Unit="m/min" Full="PenetrRate">PR</Parameter>
			<Parameter Unit="Bar" Full="PercPressure">PP</Parameter>
			<Parameter Unit="Bar" Full="FeedPressure">FP</Parameter>
			<Parameter Unit="Bar" Full="DampPressure">DP</Parameter>
			<Parameter Unit="Bar" Full="RotPressure">RP</Parameter>
			<Parameter Unit="Bar" Full="FlushPressure">FLP</Parameter>
		</MWDparams>
		<Samples TimeTag="2024-12-29T20:51:55" DepthTag="0.102">1.768 14.030 40.568 0.000 21.345 14.030 </Samples>
		<Samples TimeTag="2024-12-29T20:51:59" DepthTag="0.204">1.709 14.566 43.656 0.000 21.345 14.566 </Samples>
		<Samples TimeTag="2024-12-29T20:52:03" DepthTag="0.306">1.291 14.979 38.764 0.000 38.151 14.979 </Samples>
		<Samples TimeTag="2024-12-29T20:52:06" DepthTag="0.413">2.106 15.071 39.303 0.000 40.465 15.071 </Samples>
		<Samples TimeTag="2024-12-29T20:52:08" DepthTag="0.514">3.024 14.367 29.974 0.000 30.905 14.367 </Samples>
		<Samples TimeTag="2024-12-29T20:52:27" DepthTag="0.615">1.087 8.277 48.478 0.000 34.623 8.277 </Samples>
		<Samples TimeTag="2024-12-29T20:52:34" DepthTag="0.717">0.932 15.606 41.166 0.000 35.627 15.606 </Samples>
		<Samples TimeTag="2024-12-29T20:52:38" DepthTag="0.820">1.400 16.891 40.794 0.000 31.357 16.891 </Samples>
		<Samples TimeTag="2024-12-29T20:52:44" DepthTag="0.922">1.096 18.681 38.821 0.000 32.461 18.681 </Samples>
		<Samples TimeTag="2024-12-29T20:53:12" DepthTag="1.029">0.740 7.742 45.522 0.000 29.987 7.742 </Samples>
		<Samples TimeTag="2024-12-29T20:53:17" DepthTag="1.133">1.159 15.637 38.012 0.000 40.346 15.637 </Samples>
		<Samples TimeTag="2024-12-29T20:53:20" DepthTag="1.236">2.341 15.835 39.515 0.000 45.839 15.835 </Samples>
		<Samples TimeTag="2024-12-29T20:53:22" DepthTag="1.338">2.835 15.835 39.511 0.000 43.146 15.835 </Samples>
		<Samples TimeTag="2024-12-29T20:53:25" DepthTag="1.440">2.309 16.126 41.762 0.000 39.616 16.126 </Samples>
		<Samples TimeTag="2024-12-29T20:53:51" DepthTag="1.549">0.847 6.319 26.446 0.000 35.285 6.319 </Samples>
		<Samples TimeTag="2024-12-29T20:53:54" DepthTag="1.653">2.354 11.919 44.062 0.000 42.607 11.919 </Samples>
		<Samples TimeTag="2024-12-29T20:53:56" DepthTag="1.760">2.954 14.397 44.635 0.000 43.504 14.397 </Samples>
		<Samples TimeTag="2024-12-29T20:53:58" DepthTag="1.866">3.183 15.698 46.013 0.000 33.882 15.698 </Samples>
		<Samples TimeTag="2024-12-29T20:54:00" DepthTag="1.970">2.587 16.845 48.426 0.000 45.898 16.845 </Samples>
		<Samples TimeTag="2024-12-29T20:54:03" DepthTag="2.082">2.808 17.457 46.561 0.000 40.375 17.457 </Samples>
		<Samples TimeTag="2024-12-29T20:54:04" DepthTag="2.184">3.796 17.748 47.762 0.000 36.754 17.748 </Samples>
		<Samples TimeTag="2024-12-29T20:54:06" DepthTag="2.291">3.210 18.023 48.727 0.000 40.677 18.023 </Samples>
		<Samples TimeTag="2024-12-29T20:54:09" DepthTag="2.399">2.703 18.299 48.690 0.000 42.083 18.299 </Samples>
		<Samples TimeTag="2024-12-29T20:54:11" DepthTag="2.507">2.678 18.467 47.623 0.000 47.154 18.467 </Samples>
		<Samples TimeTag="2024-12-29T20:54:13" DepthTag="2.608">3.445 18.574 48.344 0.000 36.266 18.574 </Samples>
		<Samples TimeTag="2024-12-29T20:54:15" DepthTag="2.721">2.823 18.651 48.236 0.000 46.749 18.651 </Samples>
		<Samples TimeTag="2024-12-29T20:54:18" DepthTag="2.823">2.367 18.788 47.549 0.000 46.594 18.788 </Samples>
		<Samples TimeTag="2024-12-29T20:54:20" DepthTag="2.934">2.969 18.834 48.635 0.000 44.275 18.834 </Samples>
		<Samples TimeTag="2024-12-29T20:54:22" DepthTag="3.038">2.882 18.911 48.458 0.000 41.927 18.911 </Samples>
		<Samples TimeTag="2024-12-29T20:54:25" DepthTag="3.138">1.884 19.201 48.955 0.000 48.703 19.201 </Samples>
		<Samples TimeTag="2024-12-29T20:54:29" DepthTag="3.239">1.875 19.186 48.606 0.000 46.670 19.186 </Samples>
		<Samples TimeTag="2024-12-29T20:54:31" DepthTag="3.342">2.218 19.247 47.717 0.000 46.368 19.247 </Samples>
		<Samples TimeTag="2024-12-29T20:54:35" DepthTag="3.445">1.928 19.339 47.816 0.000 45.982 19.339 </Samples>
		<Samples TimeTag="2024-12-29T20:54:38" DepthTag="3.549">1.939 19.400 47.863 0.000 47.040 19.400 </Samples>
		<Samples TimeTag="2024-12-29T20:54:41" DepthTag="3.650">1.803 19.324 48.157 0.000 48.391 19.324 </Samples>
		<Samples TimeTag="2024-12-29T20:54:43" DepthTag="3.751">3.286 19.462 44.803 0.000 44.136 19.462 </Samples>
		<Samples TimeTag="2024-12-29T20:54:46" DepthTag="3.856">2.117 19.462 48.735 0.000 49.710 19.462 </Samples>
		<Samples TimeTag="2024-12-29T20:54:49" DepthTag="3.957">2.034 19.492 48.293 0.000 51.656 19.492 </Samples>
		<Samples TimeTag="2024-12-29T20:54:52" DepthTag="4.068">2.369 19.462 46.649 0.000 46.310 19.462 </Samples>
		<Samples TimeTag="2024-12-29T20:54:55" DepthTag="4.175">2.298 19.339 47.631 0.000 45.884 19.339 </Samples>
		<Samples TimeTag="2024-12-29T20:54:57" DepthTag="4.281">2.631 19.263 48.427 0.000 44.495 19.263 </Samples>
		<Samples TimeTag="2024-12-29T20:55:00" DepthTag="4.381">2.144 19.156 48.478 0.000 45.734 19.156 </Samples>
		<Samples TimeTag="2024-12-29T20:55:03" DepthTag="4.482">1.674 19.140 43.182 0.000 47.317 19.140 </Samples>
		<Samples TimeTag="2024-12-29T20:55:07" DepthTag="4.582">1.782 19.691 41.039 0.000 44.330 19.691 </Samples>
	</CompactMWDdata>
	<IR:GenTrailer>
		<IR:FileCloseDate>2024-12-29T20:57:18</IR:FileCloseDate>
		<IR:ChkSum>2219166437</IR:ChkSum>
	</IR:GenTrailer>
</DRMWD>
