<?xml version="1.0" encoding="UTF-8"?>
<!-- Generated by the RCS System Epiroc Rock Drills AB -->
<DRMWD xmlns="http://www.iredes.org/xml/DrillRig" xmlns:IR="http://www.iredes.org/xml" xmlns:xsi="http://www.w3.org/2001/XMLSchema-instance" xsi:schemaLocation="http://www.iredes.org/xml/DrillRig C:\Iredes\IR_V1.2.3\xml\DR-DrillRig_V1.2\DrillRig.xsd" IRVersion="V 1.2AC" IRDownwCompat="V 1.2AC" DRMWDDownwCompat="V 1.2AC" DRMWDVersion="V 1.2AC">
	<IR:GenHead>
		<IR:FileCreateDate>2024-12-28T08:30:50</IR:FileCreateDate>
		<IR:IRversion DownwCompat="V 1.0">V 1.2AC</IR:IRversion>
		<IR:EquipmentInfo>
			<IR:EqpManufact>Epiroc</IR:EqpManufact>
			<IR:EqpType>SmartROC D65</IR:EqpType>
			<IR:EqpSerNo>8992013064</IR:EqpSerNo>
			<IR:EqpSysVer>6.28.1</IR:EqpSysVer>
			<IR:EqpInfo>DrillingMethod: DTH</IR:EqpInfo>
		</IR:EquipmentInfo>
	</IR:GenHead>
	<IR:ReportId>MWDRI280830</IR:ReportId>
	<IR:StartLogTime>2024-12-28T08:25:23</IR:StartLogTime>
	<IR:EndLogTime>2024-12-28T08:29:26</IR:EndLogTime>
	<IR:PlanIdRef>TRN08_21_0530_001_All</IR:PlanIdRef>
	<IR:PlanNameRef>TRN08_21_0530_001_All</IR:PlanNameRef>
	<MWDholeId>H57</MWDholeId>
	<QualityReportIdRef>DQRI272324</QualityReportIdRef>
	<SampleDistance>0.100</SampleDistance>
	<CompactMWDdata>
		<MWDparams>
			<Parameter Unit="m/min" Full="PenetrRate">PR</Parameter>
			<Parameter Unit="Bar" Full="PercPressure">PP</Parameter>
			<Parameter Unit="Bar" Full="FeedPressure">FP</Parameter>
			<Parameter Unit="Bar" Full="DampPressure">DP</Parameter>
			<Parameter Unit="Bar" Full="RotPressure">RP</Parameter>
			<Parameter Unit="Bar" Full="FlushPressure">FLP</Parameter>
		</MWDparams>
		<Samples TimeTag="2024-12-28T08:25:23" DepthTag="0.102">0.916 13.158 46.769 0.000 20.554 13.158 </Samples>
		<Samples TimeTag="2024-12-28T08:25:28" DepthTag="0.205">1.184 15.560 40.256 0.000 20.544 15.560 </Samples>
		<Samples TimeTag="2024-12-28T08:25:32" DepthTag="0.306">1.789 16.172 38.711 0.000 40.349 16.172 </Samples>
		<Samples TimeTag="2024-12-28T08:25:34" DepthTag="0.413">2.965 16.187 37.412 0.000 40.197 16.187 </Samples>
		<Samples TimeTag="2024-12-28T08:25:36" DepthTag="0.521">3.512 15.361 30.072 0.000 35.557 15.361 </Samples>
		<Samples TimeTag="2024-12-28T08:25:55" DepthTag="0.636">1.155 4.269 42.166 0.000 34.158 4.269 </Samples>
		<Samples TimeTag="2024-12-28T08:25:59" DepthTag="0.742">1.579 11.230 42.700 0.000 42.428 11.230 </Samples>
		<Samples TimeTag="2024-12-28T08:26:02" DepthTag="0.845">1.969 13.617 39.990 0.000 44.476 13.617 </Samples>
		<Samples TimeTag="2024-12-28T08:26:05" DepthTag="0.948">2.023 14.795 41.851 0.000 46.196 14.795 </Samples>
		<Samples TimeTag="2024-12-28T08:26:33" DepthTag="1.049">0.604 10.542 45.184 0.000 50.778 10.542 </Samples>
		<Samples TimeTag="2024-12-28T08:26:38" DepthTag="1.152">1.216 14.045 40.781 0.000 47.222 14.045 </Samples>
		<Samples TimeTag="2024-12-28T08:26:43" DepthTag="1.252">1.254 15.055 40.908 0.000 44.681 15.055 </Samples>
		<Samples TimeTag="2024-12-28T08:26:48" DepthTag="1.358">1.222 15.973 40.487 0.000 45.587 15.973 </Samples>
		<Samples TimeTag="2024-12-28T08:26:56" DepthTag="1.463">0.755 18.238 38.349 0.000 44.037 18.238 </Samples>
		<Samples TimeTag="2024-12-28T08:27:23" DepthTag="1.566">0.751 8.690 41.040 0.000 47.733 8.690 </Samples>
		<Samples TimeTag="2024-12-28T08:27:30" DepthTag="1.666">0.897 17.779 45.240 0.000 50.946 17.779 </Samples>
		<Samples TimeTag="2024-12-28T08:27:36" DepthTag="1.771">0.943 20.976 44.563 0.000 50.140 20.976 </Samples>
		<Samples TimeTag="2024-12-28T08:27:42" DepthTag="1.873">1.136 21.711 44.337 0.000 41.463 21.711 </Samples>
		<Samples TimeTag="2024-12-28T08:27:46" DepthTag="1.976">1.550 21.711 44.087 0.000 40.675 21.711 </Samples>
		<Samples TimeTag="2024-12-28T08:27:49" DepthTag="2.083">1.770 21.665 46.134 0.000 46.443 21.665 </Samples>
		<Samples TimeTag="2024-12-28T08:27:54" DepthTag="2.189">1.447 21.879 45.207 0.000 48.240 21.879 </Samples>
		<Samples TimeTag="2024-12-28T08:27:58" DepthTag="2.290">1.374 22.369 45.179 0.000 56.042 22.369 </Samples>
		<Samples TimeTag="2024-12-28T08:28:02" DepthTag="2.396">1.520 22.108 44.679 0.000 46.246 22.108 </Samples>
		<Samples TimeTag="2024-12-28T08:28:06" DepthTag="2.499">1.717 21.864 44.221 0.000 47.309 21.864 </Samples>
		<Samples TimeTag="2024-12-28T08:28:10" DepthTag="2.601">1.617 21.558 45.274 0.000 40.073 21.558 </Samples>
		<Samples TimeTag="2024-12-28T08:28:13" DepthTag="2.706">1.870 21.221 44.535 0.000 45.404 21.221 </Samples>
		<Samples TimeTag="2024-12-28T08:28:17" DepthTag="2.810">1.805 20.976 44.604 0.000 48.262 20.976 </Samples>
		<Samples TimeTag="2024-12-28T08:28:20" DepthTag="2.914">1.862 20.777 44.548 0.000 49.945 20.777 </Samples>
		<Samples TimeTag="2024-12-28T08:28:23" DepthTag="3.015">1.746 20.930 45.099 0.000 51.202 20.930 </Samples>
		<Samples TimeTag="2024-12-28T08:28:27" DepthTag="3.115">1.598 21.022 45.080 0.000 51.343 21.022 </Samples>
		<Samples TimeTag="2024-12-28T08:28:31" DepthTag="3.219">1.855 20.670 44.649 0.000 46.821 20.670 </Samples>
		<Samples TimeTag="2024-12-28T08:28:34" DepthTag="3.322">1.921 20.701 44.226 0.000 47.841 20.701 </Samples>
		<Samples TimeTag="2024-12-28T08:28:37" DepthTag="3.425">1.788 20.594 46.005 0.000 43.012 20.594 </Samples>
		<Samples TimeTag="2024-12-28T08:28:41" DepthTag="3.533">1.932 20.410 45.390 0.000 45.845 20.410 </Samples>
		<Samples TimeTag="2024-12-28T08:28:44" DepthTag="3.635">1.693 20.624 44.989 0.000 50.079 20.624 </Samples>
		<Samples TimeTag="2024-12-28T08:28:49" DepthTag="3.737">1.385 20.777 46.093 0.000 43.767 20.777 </Samples>
		<Samples TimeTag="2024-12-28T08:28:52" DepthTag="3.846">2.039 20.579 44.887 0.000 41.979 20.579 </Samples>
		<Samples TimeTag="2024-12-28T08:28:55" DepthTag="3.947">1.924 20.380 45.758 0.000 40.648 20.380 </Samples>
		<Samples TimeTag="2024-12-28T08:28:58" DepthTag="4.047">2.267 20.364 44.342 0.000 44.514 20.364 </Samples>
		<Samples TimeTag="2024-12-28T08:29:01" DepthTag="4.148">1.808 20.273 46.292 0.000 42.981 20.273 </Samples>
		<Samples TimeTag="2024-12-28T08:29:04" DepthTag="4.252">1.945 20.303 44.748 0.000 46.168 20.303 </Samples>
		<Samples TimeTag="2024-12-28T08:29:08" DepthTag="4.355">1.835 20.349 44.233 0.000 44.702 20.349 </Samples>
		<Samples TimeTag="2024-12-28T08:29:11" DepthTag="4.455">1.873 20.196 44.772 0.000 38.122 20.196 </Samples>
		<Samples TimeTag="2024-12-28T08:29:14" DepthTag="4.556">1.970 20.104 44.119 0.000 41.202 20.104 </Samples>
		<Samples TimeTag="2024-12-28T08:29:17" DepthTag="4.660">2.230 20.119 43.787 0.000 42.811 20.119 </Samples>
		<Samples TimeTag="2024-12-28T08:29:20" DepthTag="4.767">2.006 20.135 44.346 0.000 41.296 20.135 </Samples>
		<Samples TimeTag="2024-12-28T08:29:23" DepthTag="4.876">2.205 19.630 38.652 0.000 40.474 19.630 </Samples>
		<Samples TimeTag="2024-12-28T08:29:26" DepthTag="4.982">2.252 19.110 40.131 0.000 42.962 19.110 </Samples>
	</CompactMWDdata>
	<IR:GenTrailer>
		<IR:FileCloseDate>2024-12-28T08:30:50</IR:FileCloseDate>
		<IR:ChkSum>0268918596</IR:ChkSum>
	</IR:GenTrailer>
</DRMWD>
