<?xml version="1.0" encoding="UTF-8"?>
<!-- Generated by the RCS System Epiroc Rock Drills AB -->
<DRMWD xmlns="http://www.iredes.org/xml/DrillRig" xmlns:IR="http://www.iredes.org/xml" xmlns:xsi="http://www.w3.org/2001/XMLSchema-instance" xsi:schemaLocation="http://www.iredes.org/xml/DrillRig C:\Iredes\IR_V1.2.3\xml\DR-DrillRig_V1.2\DrillRig.xsd" IRVersion="V 1.2AC" IRDownwCompat="V 1.2AC" DRMWDDownwCompat="V 1.2AC" DRMWDVersion="V 1.2AC">
	<IR:GenHead>
		<IR:FileCreateDate>2025-01-01T06:17:13</IR:FileCreateDate>
		<IR:IRversion DownwCompat="V 1.0">V 1.2AC</IR:IRversion>
		<IR:EquipmentInfo>
			<IR:EqpManufact>Epiroc</IR:EqpManufact>
			<IR:EqpType>SmartROC D65</IR:EqpType>
			<IR:EqpSerNo>8992013064</IR:EqpSerNo>
			<IR:EqpSysVer>6.28.1</IR:EqpSysVer>
			<IR:EqpInfo>DrillingMethod: DTH</IR:EqpInfo>
		</IR:EquipmentInfo>
	</IR:GenHead>
	<IR:ReportId>MWDRI010617</IR:ReportId>
	<IR:StartLogTime>2025-01-01T06:11:27</IR:StartLogTime>
	<IR:EndLogTime>2025-01-01T06:14:41</IR:EndLogTime>
	<IR:PlanIdRef>TRN09_24_0486_015_All</IR:PlanIdRef>
	<IR:PlanNameRef>TRN09_24_0486_015_All</IR:PlanNameRef>
	<MWDholeId>U45</MWDholeId>
	<QualityReportIdRef>DQRI311609</QualityReportIdRef>
	<SampleDistance>0.100</SampleDistance>
	<CompactMWDdata>
		<MWDparams>
			<Parameter Unit="m/min" Full="PenetrRate">PR</Parameter>
			<Parameter Unit="Bar" Full="PercPressure">PP</Parameter>
			<Parameter Unit="Bar" Full="FeedPressure">FP</Parameter>
			<Parameter Unit="Bar" Full="DampPressure">DP</Parameter>
			<Parameter Unit="Bar" Full="RotPressure">RP</Parameter>
			<Parameter Unit="Bar" Full="FlushPressure">FLP</Parameter>
		</MWDparams>
		<Samples TimeTag="2025-01-01T06:11:27" DepthTag="0.101">0.480 10.878 43.297 0.000 20.544 10.878 </Samples>
		<Samples TimeTag="2025-01-01T06:11:33" DepthTag="0.202">0.969 13.984 40.789 0.000 48.157 13.984 </Samples>
		<Samples TimeTag="2025-01-01T06:11:41" DepthTag="0.305">0.788 14.795 40.534 0.000 50.265 14.795 </Samples>
		<Samples TimeTag="2025-01-01T06:11:49" DepthTag="0.406">0.757 15.132 40.391 0.000 51.491 15.132 </Samples>
		<Samples TimeTag="2025-01-01T06:11:57" DepthTag="0.507">0.803 15.224 39.507 0.000 54.048 15.224 </Samples>
		<Samples TimeTag="2025-01-01T06:12:04" DepthTag="0.608">0.860 15.377 40.751 0.000 54.332 15.377 </Samples>
		<Samples TimeTag="2025-01-01T06:12:10" DepthTag="0.709">1.018 15.514 38.573 0.000 41.127 15.514 </Samples>
		<Samples TimeTag="2025-01-01T06:12:37" DepthTag="0.813">0.666 16.096 40.221 0.000 37.417 16.096 </Samples>
		<Samples TimeTag="2025-01-01T06:12:42" DepthTag="0.916">1.104 16.799 40.188 0.000 39.447 16.799 </Samples>
		<Samples TimeTag="2025-01-01T06:12:47" DepthTag="1.018">1.179 17.014 39.836 0.000 42.463 17.014 </Samples>
		<Samples TimeTag="2025-01-01T06:12:51" DepthTag="1.127">1.941 16.539 35.370 0.000 39.360 16.539 </Samples>
		<Samples TimeTag="2025-01-01T06:12:54" DepthTag="1.228">1.890 16.677 40.576 0.000 42.291 16.677 </Samples>
		<Samples TimeTag="2025-01-01T06:12:58" DepthTag="1.329">1.501 16.952 40.244 0.000 39.702 16.952 </Samples>
		<Samples TimeTag="2025-01-01T06:13:26" DepthTag="1.451">1.160 5.202 24.161 0.000 27.551 5.202 </Samples>
		<Samples TimeTag="2025-01-01T06:13:32" DepthTag="1.552">1.071 12.760 40.745 0.000 40.941 12.760 </Samples>
		<Samples TimeTag="2025-01-01T06:13:36" DepthTag="1.661">1.905 15.162 39.239 0.000 34.711 15.162 </Samples>
		<Samples TimeTag="2025-01-01T06:13:39" DepthTag="1.764">1.837 15.943 40.085 0.000 40.546 15.943 </Samples>
		<Samples TimeTag="2025-01-01T06:13:43" DepthTag="1.866">1.684 16.570 39.920 0.000 37.639 16.570 </Samples>
		<Samples TimeTag="2025-01-01T06:13:46" DepthTag="1.967">1.902 17.090 38.319 0.000 37.769 17.090 </Samples>
		<Samples TimeTag="2025-01-01T06:13:48" DepthTag="2.071">2.420 16.876 39.321 0.000 42.320 16.876 </Samples>
		<Samples TimeTag="2025-01-01T06:14:24" DepthTag="2.174">1.067 9.042 47.311 0.000 49.997 9.042 </Samples>
		<Samples TimeTag="2025-01-01T06:14:28" DepthTag="2.274">1.446 15.361 40.494 0.000 42.473 15.361 </Samples>
		<Samples TimeTag="2025-01-01T06:14:31" DepthTag="2.387">2.548 16.845 38.609 0.000 32.606 16.845 </Samples>
		<Samples TimeTag="2025-01-01T06:14:32" DepthTag="2.492">4.638 17.580 33.076 0.000 24.600 17.580 </Samples>
		<Samples TimeTag="2025-01-01T06:14:33" DepthTag="2.595">5.946 18.176 33.650 0.000 24.318 18.176 </Samples>
		<Samples TimeTag="2025-01-01T06:14:35" DepthTag="2.697">3.828 19.125 40.363 0.000 28.341 19.125 </Samples>
		<Samples TimeTag="2025-01-01T06:14:37" DepthTag="2.815">3.514 20.043 37.558 0.000 27.456 20.043 </Samples>
		<Samples TimeTag="2025-01-01T06:14:38" DepthTag="2.919">4.089 20.594 42.866 0.000 31.099 20.594 </Samples>
		<Samples TimeTag="2025-01-01T06:14:41" DepthTag="3.026">2.854 19.156 40.773 0.000 28.662 19.156 </Samples>
	</CompactMWDdata>
	<IR:GenTrailer>
		<IR:FileCloseDate>2025-01-01T06:17:13</IR:FileCloseDate>
		<IR:ChkSum>1103909518</IR:ChkSum>
	</IR:GenTrailer>
</DRMWD>
