<?xml version="1.0" encoding="UTF-8"?>
<!-- Generated by the RCS System Epiroc Rock Drills AB -->
<DRMWD xmlns="http://www.iredes.org/xml/DrillRig" xmlns:IR="http://www.iredes.org/xml" xmlns:xsi="http://www.w3.org/2001/XMLSchema-instance" xsi:schemaLocation="http://www.iredes.org/xml/DrillRig C:\Iredes\IR_V1.2.3\xml\DR-DrillRig_V1.2\DrillRig.xsd" IRVersion="V 1.2AC" IRDownwCompat="V 1.2AC" DRMWDDownwCompat="V 1.2AC" DRMWDVersion="V 1.2AC">
	<IR:GenHead>
		<IR:FileCreateDate>2024-12-29T15:34:47</IR:FileCreateDate>
		<IR:IRversion DownwCompat="V 1.0">V 1.2AC</IR:IRversion>
		<IR:EquipmentInfo>
			<IR:EqpManufact>Epiroc</IR:EqpManufact>
			<IR:EqpType>SmartROC D65</IR:EqpType>
			<IR:EqpSerNo>8992013064</IR:EqpSerNo>
			<IR:EqpSysVer>6.28.1</IR:EqpSysVer>
			<IR:EqpInfo>DrillingMethod: DTH</IR:EqpInfo>
		</IR:EquipmentInfo>
	</IR:GenHead>
	<IR:ReportId>MWDRI291534</IR:ReportId>
	<IR:StartLogTime>2024-12-29T15:27:22</IR:StartLogTime>
	<IR:EndLogTime>2024-12-29T15:34:02</IR:EndLogTime>
	<IR:PlanIdRef>TRN08_21_0530_001_All</IR:PlanIdRef>
	<IR:PlanNameRef>TRN08_21_0530_001_All</IR:PlanNameRef>
	<MWDholeId>I43</MWDholeId>
	<QualityReportIdRef>DQRI272324</QualityReportIdRef>
	<SampleDistance>0.100</SampleDistance>
	<CompactMWDdata>
		<MWDparams>
			<Parameter Unit="m/min" Full="PenetrRate">PR</Parameter>
			<Parameter Unit="Bar" Full="PercPressure">PP</Parameter>
			<Parameter Unit="Bar" Full="FeedPressure">FP</Parameter>
			<Parameter Unit="Bar" Full="DampPressure">DP</Parameter>
			<Parameter Unit="Bar" Full="RotPressure">RP</Parameter>
			<Parameter Unit="Bar" Full="FlushPressure">FLP</Parameter>
		</MWDparams>
		<Samples TimeTag="2024-12-29T15:27:22" DepthTag="0.101">0.808 15.866 47.968 0.000 20.544 15.866 </Samples>
		<Samples TimeTag="2024-12-29T15:27:28" DepthTag="0.205">0.973 16.922 35.043 0.000 35.288 16.922 </Samples>
		<Samples TimeTag="2024-12-29T15:27:31" DepthTag="0.307">2.310 16.402 39.288 0.000 42.729 16.402 </Samples>
		<Samples TimeTag="2024-12-29T15:27:34" DepthTag="0.407">1.786 16.295 43.022 0.000 54.851 16.295 </Samples>
		<Samples TimeTag="2024-12-29T15:27:38" DepthTag="0.509">1.619 16.233 38.026 0.000 48.762 16.233 </Samples>
		<Samples TimeTag="2024-12-29T15:27:59" DepthTag="0.613">0.754 9.195 46.592 0.000 53.030 9.195 </Samples>
		<Samples TimeTag="2024-12-29T15:28:04" DepthTag="0.714">1.164 13.709 41.434 0.000 50.496 13.709 </Samples>
		<Samples TimeTag="2024-12-29T15:28:10" DepthTag="0.816">1.146 14.933 39.938 0.000 46.744 14.933 </Samples>
		<Samples TimeTag="2024-12-29T15:28:14" DepthTag="0.917">1.423 15.116 39.106 0.000 46.262 15.116 </Samples>
		<Samples TimeTag="2024-12-29T15:28:40" DepthTag="1.031">0.748 3.305 25.887 0.000 32.046 3.305 </Samples>
		<Samples TimeTag="2024-12-29T15:28:47" DepthTag="1.133">0.974 12.577 41.961 0.000 50.377 12.577 </Samples>
		<Samples TimeTag="2024-12-29T15:28:53" DepthTag="1.237">1.056 14.826 39.835 0.000 46.011 14.826 </Samples>
		<Samples TimeTag="2024-12-29T15:28:58" DepthTag="1.339">1.121 15.621 40.391 0.000 51.589 15.621 </Samples>
		<Samples TimeTag="2024-12-29T15:29:04" DepthTag="1.443">1.048 16.034 38.723 0.000 46.488 16.034 </Samples>
		<Samples TimeTag="2024-12-29T15:29:35" DepthTag="1.554">0.768 4.590 29.065 0.000 28.533 4.590 </Samples>
		<Samples TimeTag="2024-12-29T15:29:40" DepthTag="1.657">1.098 14.596 42.354 0.000 55.118 14.596 </Samples>
		<Samples TimeTag="2024-12-29T15:29:46" DepthTag="1.760">1.028 17.794 40.527 0.000 62.010 17.794 </Samples>
		<Samples TimeTag="2024-12-29T15:29:52" DepthTag="1.863">1.119 18.727 40.059 0.000 46.849 18.727 </Samples>
		<Samples TimeTag="2024-12-29T15:29:56" DepthTag="1.966">1.459 18.834 40.004 0.000 52.351 18.834 </Samples>
		<Samples TimeTag="2024-12-29T15:30:00" DepthTag="2.068">1.459 19.186 38.963 0.000 48.913 19.186 </Samples>
		<Samples TimeTag="2024-12-29T15:30:05" DepthTag="2.170">1.345 20.104 40.941 0.000 54.993 20.104 </Samples>
		<Samples TimeTag="2024-12-29T15:30:11" DepthTag="2.271">1.071 20.869 39.316 0.000 54.523 20.869 </Samples>
		<Samples TimeTag="2024-12-29T15:30:16" DepthTag="2.372">1.163 21.267 38.800 0.000 51.089 21.267 </Samples>
		<Samples TimeTag="2024-12-29T15:30:22" DepthTag="2.473">0.946 17.886 40.648 0.000 55.423 17.886 </Samples>
		<Samples TimeTag="2024-12-29T15:30:50" DepthTag="2.576">0.709 9.930 46.684 0.000 52.666 9.930 </Samples>
		<Samples TimeTag="2024-12-29T15:30:54" DepthTag="2.678">1.339 15.361 40.662 0.000 47.183 15.361 </Samples>
		<Samples TimeTag="2024-12-29T15:30:59" DepthTag="2.781">1.284 17.258 40.631 0.000 54.833 17.258 </Samples>
		<Samples TimeTag="2024-12-29T15:31:04" DepthTag="2.885">1.203 18.559 39.694 0.000 49.575 18.559 </Samples>
		<Samples TimeTag="2024-12-29T15:31:08" DepthTag="2.990">1.484 18.850 39.783 0.000 47.248 18.850 </Samples>
		<Samples TimeTag="2024-12-29T15:31:13" DepthTag="3.094">1.437 19.247 40.066 0.000 45.997 19.247 </Samples>
		<Samples TimeTag="2024-12-29T15:31:17" DepthTag="3.196">1.526 19.492 39.303 0.000 40.490 19.492 </Samples>
		<Samples TimeTag="2024-12-29T15:31:21" DepthTag="3.299">1.606 19.875 39.796 0.000 44.962 19.875 </Samples>
		<Samples TimeTag="2024-12-29T15:31:25" DepthTag="3.402">1.473 20.227 39.887 0.000 42.786 20.227 </Samples>
		<Samples TimeTag="2024-12-29T15:31:29" DepthTag="3.504">1.531 20.456 40.131 0.000 44.907 20.456 </Samples>
		<Samples TimeTag="2024-12-29T15:31:55" DepthTag="3.605">0.781 11.903 44.929 0.000 53.691 11.903 </Samples>
		<Samples TimeTag="2024-12-29T15:31:59" DepthTag="3.709">1.555 15.514 40.855 0.000 51.685 15.514 </Samples>
		<Samples TimeTag="2024-12-29T15:32:03" DepthTag="3.812">1.536 16.753 40.675 0.000 50.453 16.753 </Samples>
		<Samples TimeTag="2024-12-29T15:32:07" DepthTag="3.916">1.554 17.289 40.250 0.000 47.542 17.289 </Samples>
		<Samples TimeTag="2024-12-29T15:32:11" DepthTag="4.016">1.595 17.626 40.242 0.000 46.128 17.626 </Samples>
		<Samples TimeTag="2024-12-29T15:32:15" DepthTag="4.118">1.616 17.855 38.946 0.000 46.754 17.855 </Samples>
		<Samples TimeTag="2024-12-29T15:32:18" DepthTag="4.220">1.773 18.467 41.061 0.000 53.437 18.467 </Samples>
		<Samples TimeTag="2024-12-29T15:32:24" DepthTag="4.321">1.020 19.263 38.921 0.000 43.577 19.263 </Samples>
		<Samples TimeTag="2024-12-29T15:32:29" DepthTag="4.422">1.266 19.400 37.876 0.000 45.289 19.400 </Samples>
		<Samples TimeTag="2024-12-29T15:33:09" DepthTag="4.544">0.732 4.039 22.741 0.000 20.933 4.039 </Samples>
		<Samples TimeTag="2024-12-29T15:33:14" DepthTag="4.644">1.252 13.540 45.197 0.000 52.333 13.540 </Samples>
		<Samples TimeTag="2024-12-29T15:33:18" DepthTag="4.748">1.469 16.004 41.608 0.000 55.824 16.004 </Samples>
		<Samples TimeTag="2024-12-29T15:33:22" DepthTag="4.858">1.575 17.978 39.631 0.000 49.377 17.978 </Samples>
		<Samples TimeTag="2024-12-29T15:34:02" DepthTag="4.959">0.843 3.947 10.008 0.000 23.951 3.947 </Samples>
	</CompactMWDdata>
	<IR:GenTrailer>
		<IR:FileCloseDate>2024-12-29T15:34:47</IR:FileCloseDate>
		<IR:ChkSum>0315867591</IR:ChkSum>
	</IR:GenTrailer>
</DRMWD>
