<?xml version="1.0" encoding="UTF-8"?>
<!-- Generated by the RCS System Epiroc Rock Drills AB -->
<DRMWD xmlns="http://www.iredes.org/xml/DrillRig" xmlns:IR="http://www.iredes.org/xml" xmlns:xsi="http://www.w3.org/2001/XMLSchema-instance" xsi:schemaLocation="http://www.iredes.org/xml/DrillRig C:\Iredes\IR_V1.2.3\xml\DR-DrillRig_V1.2\DrillRig.xsd" IRVersion="V 1.2AC" IRDownwCompat="V 1.2AC" DRMWDDownwCompat="V 1.2AC" DRMWDVersion="V 1.2AC">
	<IR:GenHead>
		<IR:FileCreateDate>2024-12-28T02:45:28</IR:FileCreateDate>
		<IR:IRversion DownwCompat="V 1.0">V 1.2AC</IR:IRversion>
		<IR:EquipmentInfo>
			<IR:EqpManufact>Epiroc</IR:EqpManufact>
			<IR:EqpType>SmartROC D65</IR:EqpType>
			<IR:EqpSerNo>8992013064</IR:EqpSerNo>
			<IR:EqpSysVer>6.28.1</IR:EqpSysVer>
			<IR:EqpInfo>DrillingMethod: DTH</IR:EqpInfo>
		</IR:EquipmentInfo>
	</IR:GenHead>
	<IR:ReportId>MWDRI280245</IR:ReportId>
	<IR:StartLogTime>2024-12-28T02:39:29</IR:StartLogTime>
	<IR:EndLogTime>2024-12-28T02:43:59</IR:EndLogTime>
	<IR:PlanIdRef>TRN08_21_0530_001_All</IR:PlanIdRef>
	<IR:PlanNameRef>TRN08_21_0530_001_All</IR:PlanNameRef>
	<MWDholeId>J55</MWDholeId>
	<QualityReportIdRef>DQRI272324</QualityReportIdRef>
	<SampleDistance>0.100</SampleDistance>
	<CompactMWDdata>
		<MWDparams>
			<Parameter Unit="m/min" Full="PenetrRate">PR</Parameter>
			<Parameter Unit="Bar" Full="PercPressure">PP</Parameter>
			<Parameter Unit="Bar" Full="FeedPressure">FP</Parameter>
			<Parameter Unit="Bar" Full="DampPressure">DP</Parameter>
			<Parameter Unit="Bar" Full="RotPressure">RP</Parameter>
			<Parameter Unit="Bar" Full="FlushPressure">FLP</Parameter>
		</MWDparams>
		<Samples TimeTag="2024-12-28T02:39:29" DepthTag="0.103">0.788 14.351 46.143 0.000 21.003 14.351 </Samples>
		<Samples TimeTag="2024-12-28T02:39:33" DepthTag="0.210">1.661 14.887 42.343 0.000 20.978 14.887 </Samples>
		<Samples TimeTag="2024-12-28T02:39:38" DepthTag="0.315">1.266 16.264 38.575 0.000 36.792 16.264 </Samples>
		<Samples TimeTag="2024-12-28T02:39:40" DepthTag="0.430">2.857 16.050 37.090 0.000 37.458 16.050 </Samples>
		<Samples TimeTag="2024-12-28T02:39:43" DepthTag="0.530">1.784 9.486 0.796 0.000 20.268 9.486 </Samples>
		<Samples TimeTag="2024-12-28T02:40:01" DepthTag="0.631">1.423 6.548 47.368 0.000 42.928 6.548 </Samples>
		<Samples TimeTag="2024-12-28T02:40:04" DepthTag="0.737">1.844 11.490 41.708 0.000 45.820 11.490 </Samples>
		<Samples TimeTag="2024-12-28T02:40:06" DepthTag="0.838">3.151 12.898 39.914 0.000 41.120 12.898 </Samples>
		<Samples TimeTag="2024-12-28T02:40:07" DepthTag="0.939">3.795 13.739 37.459 0.000 37.140 13.739 </Samples>
		<Samples TimeTag="2024-12-28T02:40:32" DepthTag="1.046">1.038 4.315 23.464 0.000 29.105 4.315 </Samples>
		<Samples TimeTag="2024-12-28T02:40:36" DepthTag="1.151">1.636 10.649 44.192 0.000 43.774 10.649 </Samples>
		<Samples TimeTag="2024-12-28T02:40:39" DepthTag="1.253">1.555 13.525 41.581 0.000 43.997 13.525 </Samples>
		<Samples TimeTag="2024-12-28T02:40:44" DepthTag="1.358">1.352 14.642 40.965 0.000 42.287 14.642 </Samples>
		<Samples TimeTag="2024-12-28T02:40:49" DepthTag="1.458">1.251 15.086 40.667 0.000 47.111 15.086 </Samples>
		<Samples TimeTag="2024-12-28T02:41:16" DepthTag="1.559">0.695 12.424 43.892 0.000 48.005 12.424 </Samples>
		<Samples TimeTag="2024-12-28T02:41:22" DepthTag="1.663">1.112 17.733 44.370 0.000 51.272 17.733 </Samples>
		<Samples TimeTag="2024-12-28T02:41:26" DepthTag="1.769">1.382 19.507 45.397 0.000 48.063 19.507 </Samples>
		<Samples TimeTag="2024-12-28T02:41:30" DepthTag="1.871">1.530 20.043 45.467 0.000 45.514 20.043 </Samples>
		<Samples TimeTag="2024-12-28T02:41:35" DepthTag="1.975">1.410 21.129 44.207 0.000 46.130 21.129 </Samples>
		<Samples TimeTag="2024-12-28T02:41:39" DepthTag="2.076">1.573 21.588 45.486 0.000 45.296 21.588 </Samples>
		<Samples TimeTag="2024-12-28T02:41:43" DepthTag="2.178">1.563 21.802 45.082 0.000 47.114 21.802 </Samples>
		<Samples TimeTag="2024-12-28T02:41:47" DepthTag="2.280">1.521 21.726 44.806 0.000 45.062 21.726 </Samples>
		<Samples TimeTag="2024-12-28T02:41:52" DepthTag="2.383">1.230 22.552 45.100 0.000 46.009 22.552 </Samples>
		<Samples TimeTag="2024-12-28T02:41:57" DepthTag="2.489">1.179 22.797 44.823 0.000 43.296 22.797 </Samples>
		<Samples TimeTag="2024-12-28T02:42:01" DepthTag="2.590">1.516 22.384 45.524 0.000 43.502 22.384 </Samples>
		<Samples TimeTag="2024-12-28T02:42:05" DepthTag="2.691">1.458 22.369 44.285 0.000 42.244 22.369 </Samples>
		<Samples TimeTag="2024-12-28T02:42:10" DepthTag="2.792">1.255 23.011 44.456 0.000 40.430 23.011 </Samples>
		<Samples TimeTag="2024-12-28T02:42:15" DepthTag="2.893">1.375 22.981 44.415 0.000 43.143 22.981 </Samples>
		<Samples TimeTag="2024-12-28T02:42:19" DepthTag="2.997">1.357 22.889 45.867 0.000 44.082 22.889 </Samples>
		<Samples TimeTag="2024-12-28T02:42:24" DepthTag="3.100">1.195 22.874 44.810 0.000 44.831 22.874 </Samples>
		<Samples TimeTag="2024-12-28T02:42:29" DepthTag="3.202">1.229 22.919 45.648 0.000 44.624 22.919 </Samples>
		<Samples TimeTag="2024-12-28T02:42:35" DepthTag="3.305">1.133 23.944 45.065 0.000 52.278 23.944 </Samples>
		<Samples TimeTag="2024-12-28T02:42:42" DepthTag="3.406">0.802 17.503 42.510 0.000 40.679 17.503 </Samples>
		<Samples TimeTag="2024-12-28T02:42:49" DepthTag="3.509">0.930 22.063 45.635 0.000 52.141 22.063 </Samples>
		<Samples TimeTag="2024-12-28T02:42:55" DepthTag="3.613">1.034 23.195 45.244 0.000 52.877 23.195 </Samples>
		<Samples TimeTag="2024-12-28T02:43:00" DepthTag="3.713">1.121 23.990 45.382 0.000 47.042 23.990 </Samples>
		<Samples TimeTag="2024-12-28T02:43:06" DepthTag="3.815">1.173 24.052 44.800 0.000 49.869 24.052 </Samples>
		<Samples TimeTag="2024-12-28T02:43:11" DepthTag="3.919">1.191 24.281 42.078 0.000 47.707 24.281 </Samples>
		<Samples TimeTag="2024-12-28T02:43:15" DepthTag="4.021">1.339 24.113 44.671 0.000 50.190 24.113 </Samples>
		<Samples TimeTag="2024-12-28T02:43:20" DepthTag="4.121">1.369 23.853 45.535 0.000 49.262 23.853 </Samples>
		<Samples TimeTag="2024-12-28T02:43:24" DepthTag="4.221">1.362 24.097 44.462 0.000 53.847 24.097 </Samples>
		<Samples TimeTag="2024-12-28T02:43:30" DepthTag="4.323">1.050 23.042 44.850 0.000 47.193 23.042 </Samples>
		<Samples TimeTag="2024-12-28T02:43:34" DepthTag="4.428">1.436 23.180 45.199 0.000 47.418 23.180 </Samples>
		<Samples TimeTag="2024-12-28T02:43:39" DepthTag="4.530">1.333 23.455 44.291 0.000 49.096 23.455 </Samples>
		<Samples TimeTag="2024-12-28T02:43:44" DepthTag="4.634">1.197 24.006 44.716 0.000 49.509 24.006 </Samples>
		<Samples TimeTag="2024-12-28T02:43:49" DepthTag="4.736">1.181 24.648 44.428 0.000 47.804 24.648 </Samples>
		<Samples TimeTag="2024-12-28T02:43:54" DepthTag="4.837">1.221 24.709 40.813 0.000 37.912 24.709 </Samples>
		<Samples TimeTag="2024-12-28T02:43:59" DepthTag="4.940">1.285 23.990 40.191 0.000 38.637 23.990 </Samples>
	</CompactMWDdata>
	<IR:GenTrailer>
		<IR:FileCloseDate>2024-12-28T02:45:28</IR:FileCloseDate>
		<IR:ChkSum>3599165754</IR:ChkSum>
	</IR:GenTrailer>
</DRMWD>
