<?xml version="1.0" encoding="UTF-8"?>
<!-- Generated by the RCS System Epiroc Rock Drills AB -->
<DRMWD xmlns="http://www.iredes.org/xml/DrillRig" xmlns:IR="http://www.iredes.org/xml" xmlns:xsi="http://www.w3.org/2001/XMLSchema-instance" xsi:schemaLocation="http://www.iredes.org/xml/DrillRig C:\Iredes\IR_V1.2.3\xml\DR-DrillRig_V1.2\DrillRig.xsd" IRVersion="V 1.2AC" IRDownwCompat="V 1.2AC" DRMWDDownwCompat="V 1.2AC" DRMWDVersion="V 1.2AC">
	<IR:GenHead>
		<IR:FileCreateDate>2024-12-29T21:14:00</IR:FileCreateDate>
		<IR:IRversion DownwCompat="V 1.0">V 1.2AC</IR:IRversion>
		<IR:EquipmentInfo>
			<IR:EqpManufact>Epiroc</IR:EqpManufact>
			<IR:EqpType>SmartROC D65</IR:EqpType>
			<IR:EqpSerNo>8992013064</IR:EqpSerNo>
			<IR:EqpSysVer>6.28.1</IR:EqpSysVer>
			<IR:EqpInfo>DrillingMethod: DTH</IR:EqpInfo>
		</IR:EquipmentInfo>
	</IR:GenHead>
	<IR:ReportId>MWDRI292114</IR:ReportId>
	<IR:StartLogTime>2024-12-29T21:07:42</IR:StartLogTime>
	<IR:EndLogTime>2024-12-29T21:11:35</IR:EndLogTime>
	<IR:PlanIdRef>TRN09_24_0486_015_All</IR:PlanIdRef>
	<IR:PlanNameRef>TRN09_24_0486_015_All</IR:PlanNameRef>
	<MWDholeId>AF72</MWDholeId>
	<QualityReportIdRef>DQRI291907</QualityReportIdRef>
	<SampleDistance>0.100</SampleDistance>
	<CompactMWDdata>
		<MWDparams>
			<Parameter Unit="m/min" Full="PenetrRate">PR</Parameter>
			<Parameter Unit="Bar" Full="PercPressure">PP</Parameter>
			<Parameter Unit="Bar" Full="FeedPressure">FP</Parameter>
			<Parameter Unit="Bar" Full="DampPressure">DP</Parameter>
			<Parameter Unit="Bar" Full="RotPressure">RP</Parameter>
			<Parameter Unit="Bar" Full="FlushPressure">FLP</Parameter>
		</MWDparams>
		<Samples TimeTag="2024-12-29T21:07:42" DepthTag="0.103">0.659 11.261 42.922 0.000 20.972 11.261 </Samples>
		<Samples TimeTag="2024-12-29T21:07:49" DepthTag="0.205">0.869 15.774 39.969 0.000 34.429 15.774 </Samples>
		<Samples TimeTag="2024-12-29T21:07:54" DepthTag="0.306">1.372 16.509 40.192 0.000 37.103 16.509 </Samples>
		<Samples TimeTag="2024-12-29T21:07:57" DepthTag="0.409">1.646 16.371 40.719 0.000 38.559 16.371 </Samples>
		<Samples TimeTag="2024-12-29T21:08:01" DepthTag="0.510">1.516 15.193 22.593 0.000 30.419 15.193 </Samples>
		<Samples TimeTag="2024-12-29T21:08:21" DepthTag="0.614">0.973 10.710 46.495 0.000 42.185 10.710 </Samples>
		<Samples TimeTag="2024-12-29T21:08:25" DepthTag="0.721">1.382 16.340 41.003 0.000 26.470 16.340 </Samples>
		<Samples TimeTag="2024-12-29T21:08:29" DepthTag="0.822">1.788 17.610 39.922 0.000 27.028 17.610 </Samples>
		<Samples TimeTag="2024-12-29T21:08:32" DepthTag="0.928">1.987 18.467 38.592 0.000 26.772 18.467 </Samples>
		<Samples TimeTag="2024-12-29T21:08:57" DepthTag="1.037">0.910 3.794 21.153 0.000 22.588 3.794 </Samples>
		<Samples TimeTag="2024-12-29T21:09:00" DepthTag="1.142">1.844 11.123 45.306 0.000 28.166 11.123 </Samples>
		<Samples TimeTag="2024-12-29T21:09:04" DepthTag="1.246">1.556 15.285 38.993 0.000 29.610 15.285 </Samples>
		<Samples TimeTag="2024-12-29T21:09:06" DepthTag="1.357">4.142 15.530 33.270 0.000 26.171 15.530 </Samples>
		<Samples TimeTag="2024-12-29T21:09:07" DepthTag="1.469">5.554 15.759 31.972 0.000 28.606 15.759 </Samples>
		<Samples TimeTag="2024-12-29T21:09:34" DepthTag="1.585">1.529 4.896 21.228 0.000 23.797 4.896 </Samples>
		<Samples TimeTag="2024-12-29T21:09:36" DepthTag="1.691">3.423 9.792 45.873 0.000 47.980 9.792 </Samples>
		<Samples TimeTag="2024-12-29T21:09:39" DepthTag="1.791">2.152 14.428 45.071 0.000 59.566 14.428 </Samples>
		<Samples TimeTag="2024-12-29T21:09:42" DepthTag="1.892">2.347 11.628 43.215 0.000 50.207 11.628 </Samples>
		<Samples TimeTag="2024-12-29T21:09:44" DepthTag="2.004">2.799 13.326 37.794 0.000 43.359 13.326 </Samples>
		<Samples TimeTag="2024-12-29T21:09:46" DepthTag="2.117">3.123 15.499 38.235 0.000 50.037 15.499 </Samples>
		<Samples TimeTag="2024-12-29T21:09:48" DepthTag="2.226">4.535 16.310 37.717 0.000 42.537 16.310 </Samples>
		<Samples TimeTag="2024-12-29T21:09:49" DepthTag="2.330">4.610 16.922 38.938 0.000 37.579 16.922 </Samples>
		<Samples TimeTag="2024-12-29T21:09:51" DepthTag="2.431">3.278 17.779 42.020 0.000 39.670 17.779 </Samples>
		<Samples TimeTag="2024-12-29T21:09:53" DepthTag="2.538">2.957 18.712 40.977 0.000 41.064 18.712 </Samples>
		<Samples TimeTag="2024-12-29T21:09:55" DepthTag="2.641">2.578 19.722 41.545 0.000 42.893 19.722 </Samples>
		<Samples TimeTag="2024-12-29T21:09:59" DepthTag="2.742">1.681 19.462 40.971 0.000 42.702 19.462 </Samples>
		<Samples TimeTag="2024-12-29T21:10:01" DepthTag="2.845">3.081 18.069 38.097 0.000 45.767 18.069 </Samples>
		<Samples TimeTag="2024-12-29T21:10:03" DepthTag="2.950">3.542 18.452 38.776 0.000 35.541 18.452 </Samples>
		<Samples TimeTag="2024-12-29T21:10:05" DepthTag="3.054">3.117 18.911 40.078 0.000 41.834 18.911 </Samples>
		<Samples TimeTag="2024-12-29T21:10:07" DepthTag="3.155">3.018 19.156 38.848 0.000 37.717 19.156 </Samples>
		<Samples TimeTag="2024-12-29T21:10:08" DepthTag="3.255">3.760 19.370 39.444 0.000 35.290 19.370 </Samples>
		<Samples TimeTag="2024-12-29T21:10:10" DepthTag="3.357">3.025 18.039 40.768 0.000 33.675 18.039 </Samples>
		<Samples TimeTag="2024-12-29T21:10:13" DepthTag="3.459">2.555 18.039 42.118 0.000 36.455 18.039 </Samples>
		<Samples TimeTag="2024-12-29T21:10:16" DepthTag="3.561">2.059 18.360 42.230 0.000 40.675 18.360 </Samples>
		<Samples TimeTag="2024-12-29T21:10:21" DepthTag="3.664">1.220 18.712 41.557 0.000 39.622 18.712 </Samples>
		<Samples TimeTag="2024-12-29T21:10:25" DepthTag="3.765">1.405 18.911 40.160 0.000 43.227 18.911 </Samples>
		<Samples TimeTag="2024-12-29T21:10:29" DepthTag="3.871">1.842 18.987 38.440 0.000 40.814 18.987 </Samples>
		<Samples TimeTag="2024-12-29T21:10:32" DepthTag="3.974">2.075 19.125 40.246 0.000 45.882 19.125 </Samples>
		<Samples TimeTag="2024-12-29T21:11:12" DepthTag="4.077">0.702 14.642 40.520 0.000 46.158 14.642 </Samples>
		<Samples TimeTag="2024-12-29T21:11:17" DepthTag="4.177">1.250 16.876 47.277 0.000 51.572 16.876 </Samples>
		<Samples TimeTag="2024-12-29T21:11:22" DepthTag="4.280">1.285 17.809 47.388 0.000 48.521 17.809 </Samples>
		<Samples TimeTag="2024-12-29T21:11:26" DepthTag="4.385">1.418 18.513 47.684 0.000 52.943 18.513 </Samples>
		<Samples TimeTag="2024-12-29T21:11:31" DepthTag="4.485">1.210 19.125 40.906 0.000 41.875 19.125 </Samples>
		<Samples TimeTag="2024-12-29T21:11:35" DepthTag="4.586">1.581 17.916 39.297 0.000 47.159 17.916 </Samples>
	</CompactMWDdata>
	<IR:GenTrailer>
		<IR:FileCloseDate>2024-12-29T21:14:00</IR:FileCloseDate>
		<IR:ChkSum>1042478979</IR:ChkSum>
	</IR:GenTrailer>
</DRMWD>
