<?xml version="1.0" encoding="UTF-8"?>
<!-- Generated by the RCS System Epiroc Rock Drills AB -->
<DRMWD xmlns="http://www.iredes.org/xml/DrillRig" xmlns:IR="http://www.iredes.org/xml" xmlns:xsi="http://www.w3.org/2001/XMLSchema-instance" xsi:schemaLocation="http://www.iredes.org/xml/DrillRig C:\Iredes\IR_V1.2.3\xml\DR-DrillRig_V1.2\DrillRig.xsd" IRVersion="V 1.2AC" IRDownwCompat="V 1.2AC" DRMWDDownwCompat="V 1.2AC" DRMWDVersion="V 1.2AC">
	<IR:GenHead>
		<IR:FileCreateDate>2024-12-29T18:44:04</IR:FileCreateDate>
		<IR:IRversion DownwCompat="V 1.0">V 1.2AC</IR:IRversion>
		<IR:EquipmentInfo>
			<IR:EqpManufact>Epiroc</IR:EqpManufact>
			<IR:EqpType>SmartROC D65</IR:EqpType>
			<IR:EqpSerNo>8992013064</IR:EqpSerNo>
			<IR:EqpSysVer>6.28.1</IR:EqpSysVer>
			<IR:EqpInfo>DrillingMethod: DTH</IR:EqpInfo>
		</IR:EquipmentInfo>
	</IR:GenHead>
	<IR:ReportId>MWDRI291844</IR:ReportId>
	<IR:StartLogTime>2024-12-29T18:36:22</IR:StartLogTime>
	<IR:EndLogTime>2024-12-29T18:42:42</IR:EndLogTime>
	<IR:PlanIdRef>TRN08_21_0530_001_All</IR:PlanIdRef>
	<IR:PlanNameRef>TRN08_21_0530_001_All</IR:PlanNameRef>
	<MWDholeId>E48</MWDholeId>
	<QualityReportIdRef>DQRI272324</QualityReportIdRef>
	<SampleDistance>0.100</SampleDistance>
	<CompactMWDdata>
		<MWDparams>
			<Parameter Unit="m/min" Full="PenetrRate">PR</Parameter>
			<Parameter Unit="Bar" Full="PercPressure">PP</Parameter>
			<Parameter Unit="Bar" Full="FeedPressure">FP</Parameter>
			<Parameter Unit="Bar" Full="DampPressure">DP</Parameter>
			<Parameter Unit="Bar" Full="RotPressure">RP</Parameter>
			<Parameter Unit="Bar" Full="FlushPressure">FLP</Parameter>
		</MWDparams>
		<Samples TimeTag="2024-12-29T18:36:22" DepthTag="0.101">0.745 14.000 32.595 0.000 21.400 14.000 </Samples>
		<Samples TimeTag="2024-12-29T18:36:31" DepthTag="0.212">0.706 17.365 35.591 0.000 44.720 17.365 </Samples>
		<Samples TimeTag="2024-12-29T18:36:35" DepthTag="0.315">1.938 16.601 39.718 0.000 60.918 16.601 </Samples>
		<Samples TimeTag="2024-12-29T18:36:39" DepthTag="0.419">1.543 16.172 41.120 0.000 62.415 16.172 </Samples>
		<Samples TimeTag="2024-12-29T18:37:01" DepthTag="0.545">0.729 4.345 30.480 0.000 30.957 4.345 </Samples>
		<Samples TimeTag="2024-12-29T18:37:06" DepthTag="0.649">1.291 11.444 43.888 0.000 64.317 11.444 </Samples>
		<Samples TimeTag="2024-12-29T18:37:13" DepthTag="0.749">0.914 12.607 14.745 0.000 53.028 12.607 </Samples>
		<Samples TimeTag="2024-12-29T18:37:19" DepthTag="0.850">0.924 11.184 47.264 0.000 61.228 11.184 </Samples>
		<Samples TimeTag="2024-12-29T18:37:26" DepthTag="0.951">0.904 15.071 40.274 0.000 59.223 15.071 </Samples>
		<Samples TimeTag="2024-12-29T18:37:53" DepthTag="1.051">0.660 4.498 46.534 0.000 44.498 4.498 </Samples>
		<Samples TimeTag="2024-12-29T18:38:00" DepthTag="1.159">0.823 14.122 39.810 0.000 56.348 14.122 </Samples>
		<Samples TimeTag="2024-12-29T18:38:05" DepthTag="1.260">1.323 14.703 39.802 0.000 62.843 14.703 </Samples>
		<Samples TimeTag="2024-12-29T18:38:10" DepthTag="1.361">1.167 15.468 40.922 0.000 66.114 15.468 </Samples>
		<Samples TimeTag="2024-12-29T18:38:15" DepthTag="1.468">1.286 15.484 39.180 0.000 63.339 15.484 </Samples>
		<Samples TimeTag="2024-12-29T18:38:46" DepthTag="1.569">0.732 4.988 35.723 0.000 41.320 4.988 </Samples>
		<Samples TimeTag="2024-12-29T18:38:50" DepthTag="1.670">1.266 15.545 43.716 0.000 67.620 15.545 </Samples>
		<Samples TimeTag="2024-12-29T18:38:56" DepthTag="1.772">1.133 18.437 40.480 0.000 58.570 18.437 </Samples>
		<Samples TimeTag="2024-12-29T18:39:00" DepthTag="1.874">1.337 19.660 39.226 0.000 52.099 19.660 </Samples>
		<Samples TimeTag="2024-12-29T18:39:05" DepthTag="1.979">1.316 20.334 39.104 0.000 56.286 20.334 </Samples>
		<Samples TimeTag="2024-12-29T18:39:08" DepthTag="2.082">1.923 20.273 39.291 0.000 58.160 20.273 </Samples>
		<Samples TimeTag="2024-12-29T18:39:12" DepthTag="2.183">1.884 20.747 40.962 0.000 52.402 20.747 </Samples>
		<Samples TimeTag="2024-12-29T18:39:20" DepthTag="2.286">0.735 12.010 48.582 0.000 59.767 12.010 </Samples>
		<Samples TimeTag="2024-12-29T18:39:26" DepthTag="2.388">0.992 18.238 41.648 0.000 61.870 18.238 </Samples>
		<Samples TimeTag="2024-12-29T18:39:32" DepthTag="2.489">1.079 20.456 40.690 0.000 60.680 20.456 </Samples>
		<Samples TimeTag="2024-12-29T18:40:08" DepthTag="2.595">0.809 12.072 45.783 0.000 59.278 12.072 </Samples>
		<Samples TimeTag="2024-12-29T18:40:12" DepthTag="2.698">1.352 17.381 42.383 0.000 54.743 17.381 </Samples>
		<Samples TimeTag="2024-12-29T18:40:16" DepthTag="2.802">1.549 18.896 39.564 0.000 51.402 18.896 </Samples>
		<Samples TimeTag="2024-12-29T18:40:20" DepthTag="2.905">1.550 20.058 39.519 0.000 47.753 20.058 </Samples>
		<Samples TimeTag="2024-12-29T18:40:24" DepthTag="3.006">1.596 20.808 39.531 0.000 51.878 20.808 </Samples>
		<Samples TimeTag="2024-12-29T18:40:28" DepthTag="3.111">1.671 21.451 39.865 0.000 47.452 21.451 </Samples>
		<Samples TimeTag="2024-12-29T18:40:32" DepthTag="3.211">1.668 22.185 40.286 0.000 42.673 22.185 </Samples>
		<Samples TimeTag="2024-12-29T18:40:36" DepthTag="3.313">1.523 22.919 39.074 0.000 47.981 22.919 </Samples>
		<Samples TimeTag="2024-12-29T18:40:39" DepthTag="3.415">1.819 22.736 41.014 0.000 49.794 22.736 </Samples>
		<Samples TimeTag="2024-12-29T18:40:43" DepthTag="3.523">1.522 21.435 34.410 0.000 49.630 21.435 </Samples>
		<Samples TimeTag="2024-12-29T18:41:24" DepthTag="3.625">0.786 14.306 44.433 0.000 60.738 14.306 </Samples>
		<Samples TimeTag="2024-12-29T18:41:28" DepthTag="3.729">1.657 16.968 40.875 0.000 65.355 16.968 </Samples>
		<Samples TimeTag="2024-12-29T18:41:31" DepthTag="3.832">2.037 18.176 40.076 0.000 55.292 18.176 </Samples>
		<Samples TimeTag="2024-12-29T18:41:34" DepthTag="3.938">1.967 19.003 39.849 0.000 63.600 19.003 </Samples>
		<Samples TimeTag="2024-12-29T18:41:38" DepthTag="4.039">1.814 19.538 39.613 0.000 55.724 19.538 </Samples>
		<Samples TimeTag="2024-12-29T18:41:41" DepthTag="4.142">1.697 20.318 40.914 0.000 51.032 20.318 </Samples>
		<Samples TimeTag="2024-12-29T18:41:45" DepthTag="4.245">1.643 20.854 40.664 0.000 60.345 20.854 </Samples>
		<Samples TimeTag="2024-12-29T18:41:48" DepthTag="4.349">1.818 21.282 39.552 0.000 50.037 21.282 </Samples>
		<Samples TimeTag="2024-12-29T18:41:52" DepthTag="4.452">1.836 21.649 40.791 0.000 46.185 21.649 </Samples>
		<Samples TimeTag="2024-12-29T18:42:30" DepthTag="4.552">1.248 9.471 44.604 0.000 57.843 9.471 </Samples>
		<Samples TimeTag="2024-12-29T18:42:38" DepthTag="4.653">0.758 17.656 42.223 0.000 58.533 17.656 </Samples>
		<Samples TimeTag="2024-12-29T18:42:42" DepthTag="4.754">1.520 19.125 40.255 0.000 54.846 19.125 </Samples>
	</CompactMWDdata>
	<IR:GenTrailer>
		<IR:FileCloseDate>2024-12-29T18:44:04</IR:FileCloseDate>
		<IR:ChkSum>2121262280</IR:ChkSum>
	</IR:GenTrailer>
</DRMWD>
