<?xml version="1.0" encoding="UTF-8"?>
<!-- Generated by the RCS System Epiroc Rock Drills AB -->
<DRMWD xmlns="http://www.iredes.org/xml/DrillRig" xmlns:IR="http://www.iredes.org/xml" xmlns:xsi="http://www.w3.org/2001/XMLSchema-instance" xsi:schemaLocation="http://www.iredes.org/xml/DrillRig C:\Iredes\IR_V1.2.3\xml\DR-DrillRig_V1.2\DrillRig.xsd" IRVersion="V 1.2AC" IRDownwCompat="V 1.2AC" DRMWDDownwCompat="V 1.2AC" DRMWDVersion="V 1.2AC">
	<IR:GenHead>
		<IR:FileCreateDate>2024-12-29T22:40:32</IR:FileCreateDate>
		<IR:IRversion DownwCompat="V 1.0">V 1.2AC</IR:IRversion>
		<IR:EquipmentInfo>
			<IR:EqpManufact>Epiroc</IR:EqpManufact>
			<IR:EqpType>SmartROC D65</IR:EqpType>
			<IR:EqpSerNo>8992013064</IR:EqpSerNo>
			<IR:EqpSysVer>6.28.1</IR:EqpSysVer>
			<IR:EqpInfo>DrillingMethod: DTH</IR:EqpInfo>
		</IR:EquipmentInfo>
	</IR:GenHead>
	<IR:ReportId>MWDRI292240</IR:ReportId>
	<IR:StartLogTime>2024-12-29T22:33:24</IR:StartLogTime>
	<IR:EndLogTime>2024-12-29T22:36:54</IR:EndLogTime>
	<IR:PlanIdRef>TRN09_24_0486_015_All</IR:PlanIdRef>
	<IR:PlanNameRef>TRN09_24_0486_015_All</IR:PlanNameRef>
	<MWDholeId>AF63</MWDholeId>
	<QualityReportIdRef>DQRI291907</QualityReportIdRef>
	<SampleDistance>0.100</SampleDistance>
	<CompactMWDdata>
		<MWDparams>
			<Parameter Unit="m/min" Full="PenetrRate">PR</Parameter>
			<Parameter Unit="Bar" Full="PercPressure">PP</Parameter>
			<Parameter Unit="Bar" Full="FeedPressure">FP</Parameter>
			<Parameter Unit="Bar" Full="DampPressure">DP</Parameter>
			<Parameter Unit="Bar" Full="RotPressure">RP</Parameter>
			<Parameter Unit="Bar" Full="FlushPressure">FLP</Parameter>
		</MWDparams>
		<Samples TimeTag="2024-12-29T22:33:24" DepthTag="0.103">1.167 10.067 42.471 0.000 21.400 10.067 </Samples>
		<Samples TimeTag="2024-12-29T22:33:28" DepthTag="0.204">1.793 13.311 43.194 0.000 21.400 13.311 </Samples>
		<Samples TimeTag="2024-12-29T22:33:31" DepthTag="0.316">1.944 14.902 37.780 0.000 33.758 14.902 </Samples>
		<Samples TimeTag="2024-12-29T22:33:33" DepthTag="0.428">3.361 15.224 38.110 0.000 33.292 15.224 </Samples>
		<Samples TimeTag="2024-12-29T22:33:52" DepthTag="0.552">1.238 4.835 21.657 0.000 20.714 4.835 </Samples>
		<Samples TimeTag="2024-12-29T22:33:53" DepthTag="0.654">3.479 8.323 45.858 0.000 39.558 8.323 </Samples>
		<Samples TimeTag="2024-12-29T22:33:56" DepthTag="0.760">2.465 12.072 41.739 0.000 34.498 12.072 </Samples>
		<Samples TimeTag="2024-12-29T22:33:58" DepthTag="0.866">3.975 13.342 36.708 0.000 35.023 13.342 </Samples>
		<Samples TimeTag="2024-12-29T22:33:59" DepthTag="0.986">5.994 14.107 26.849 0.000 24.911 14.107 </Samples>
		<Samples TimeTag="2024-12-29T22:34:23" DepthTag="1.090">1.459 11.245 42.706 0.000 38.598 11.245 </Samples>
		<Samples TimeTag="2024-12-29T22:34:25" DepthTag="1.197">2.970 13.663 42.060 0.000 34.481 13.663 </Samples>
		<Samples TimeTag="2024-12-29T22:34:30" DepthTag="1.298">1.372 14.734 40.859 0.000 48.491 14.734 </Samples>
		<Samples TimeTag="2024-12-29T22:34:34" DepthTag="1.400">1.624 14.979 40.497 0.000 42.971 14.979 </Samples>
		<Samples TimeTag="2024-12-29T22:34:41" DepthTag="1.504">0.885 15.147 39.620 0.000 40.176 15.147 </Samples>
		<Samples TimeTag="2024-12-29T22:35:14" DepthTag="1.604">0.551 15.331 42.018 0.000 40.568 15.331 </Samples>
		<Samples TimeTag="2024-12-29T22:35:20" DepthTag="1.705">1.115 17.167 38.332 0.000 37.628 17.167 </Samples>
		<Samples TimeTag="2024-12-29T22:35:24" DepthTag="1.810">1.424 17.779 40.461 0.000 45.739 17.779 </Samples>
		<Samples TimeTag="2024-12-29T22:35:28" DepthTag="1.914">1.766 17.993 39.573 0.000 35.649 17.993 </Samples>
		<Samples TimeTag="2024-12-29T22:35:31" DepthTag="2.018">1.951 18.238 40.583 0.000 43.703 18.238 </Samples>
		<Samples TimeTag="2024-12-29T22:35:37" DepthTag="2.121">1.053 17.090 40.876 0.000 43.664 17.090 </Samples>
		<Samples TimeTag="2024-12-29T22:35:41" DepthTag="2.224">1.397 18.023 40.421 0.000 44.504 18.023 </Samples>
		<Samples TimeTag="2024-12-29T22:35:44" DepthTag="2.328">1.996 18.176 37.859 0.000 40.366 18.176 </Samples>
		<Samples TimeTag="2024-12-29T22:35:47" DepthTag="2.431">2.565 17.121 37.653 0.000 46.697 17.121 </Samples>
		<Samples TimeTag="2024-12-29T22:35:49" DepthTag="2.540">2.927 17.564 39.781 0.000 39.565 17.564 </Samples>
		<Samples TimeTag="2024-12-29T22:35:54" DepthTag="2.641">1.166 18.192 40.922 0.000 39.910 18.192 </Samples>
		<Samples TimeTag="2024-12-29T22:36:00" DepthTag="2.742">1.046 17.320 41.506 0.000 33.730 17.320 </Samples>
		<Samples TimeTag="2024-12-29T22:36:05" DepthTag="2.849">1.225 17.886 37.055 0.000 39.283 17.886 </Samples>
		<Samples TimeTag="2024-12-29T22:36:09" DepthTag="2.949">1.497 18.085 39.012 0.000 40.675 18.085 </Samples>
		<Samples TimeTag="2024-12-29T22:36:18" DepthTag="3.051">0.699 18.115 40.622 0.000 33.397 18.115 </Samples>
		<Samples TimeTag="2024-12-29T22:36:27" DepthTag="3.153">0.697 17.978 39.737 0.000 35.661 17.978 </Samples>
		<Samples TimeTag="2024-12-29T22:36:34" DepthTag="3.254">0.792 18.085 40.032 0.000 36.493 18.085 </Samples>
		<Samples TimeTag="2024-12-29T22:36:44" DepthTag="3.355">0.634 17.947 40.380 0.000 41.292 17.947 </Samples>
		<Samples TimeTag="2024-12-29T22:36:54" DepthTag="3.455">0.604 17.962 41.095 0.000 29.875 17.962 </Samples>
	</CompactMWDdata>
	<IR:GenTrailer>
		<IR:FileCloseDate>2024-12-29T22:40:32</IR:FileCloseDate>
		<IR:ChkSum>0163598945</IR:ChkSum>
	</IR:GenTrailer>
</DRMWD>
