<?xml version="1.0" encoding="UTF-8"?>
<!-- Generated by the RCS System Epiroc Rock Drills AB -->
<DRMWD xmlns="http://www.iredes.org/xml/DrillRig" xmlns:IR="http://www.iredes.org/xml" xmlns:xsi="http://www.w3.org/2001/XMLSchema-instance" xsi:schemaLocation="http://www.iredes.org/xml/DrillRig C:\Iredes\IR_V1.2.3\xml\DR-DrillRig_V1.2\DrillRig.xsd" IRVersion="V 1.2AC" IRDownwCompat="V 1.2AC" DRMWDDownwCompat="V 1.2AC" DRMWDVersion="V 1.2AC">
	<IR:GenHead>
		<IR:FileCreateDate>2024-12-30T02:54:03</IR:FileCreateDate>
		<IR:IRversion DownwCompat="V 1.0">V 1.2AC</IR:IRversion>
		<IR:EquipmentInfo>
			<IR:EqpManufact>Epiroc</IR:EqpManufact>
			<IR:EqpType>SmartROC D65</IR:EqpType>
			<IR:EqpSerNo>8992013064</IR:EqpSerNo>
			<IR:EqpSysVer>6.28.1</IR:EqpSysVer>
			<IR:EqpInfo>DrillingMethod: DTH</IR:EqpInfo>
		</IR:EquipmentInfo>
	</IR:GenHead>
	<IR:ReportId>MWDRI300254</IR:ReportId>
	<IR:StartLogTime>2024-12-30T02:47:44</IR:StartLogTime>
	<IR:EndLogTime>2024-12-30T02:53:17</IR:EndLogTime>
	<IR:PlanIdRef>TRN09_24_0486_015_All</IR:PlanIdRef>
	<IR:PlanNameRef>TRN09_24_0486_015_All</IR:PlanNameRef>
	<MWDholeId>W35</MWDholeId>
	<QualityReportIdRef>DQRI291907</QualityReportIdRef>
	<SampleDistance>0.100</SampleDistance>
	<CompactMWDdata>
		<MWDparams>
			<Parameter Unit="m/min" Full="PenetrRate">PR</Parameter>
			<Parameter Unit="Bar" Full="PercPressure">PP</Parameter>
			<Parameter Unit="Bar" Full="FeedPressure">FP</Parameter>
			<Parameter Unit="Bar" Full="DampPressure">DP</Parameter>
			<Parameter Unit="Bar" Full="RotPressure">RP</Parameter>
			<Parameter Unit="Bar" Full="FlushPressure">FLP</Parameter>
		</MWDparams>
		<Samples TimeTag="2024-12-30T02:47:44" DepthTag="0.102">1.740 7.772 40.623 0.000 21.325 7.772 </Samples>
		<Samples TimeTag="2024-12-30T02:47:47" DepthTag="0.212">1.821 11.720 40.663 0.000 21.269 11.720 </Samples>
		<Samples TimeTag="2024-12-30T02:47:50" DepthTag="0.318">2.646 13.097 39.119 0.000 21.226 13.097 </Samples>
		<Samples TimeTag="2024-12-30T02:47:54" DepthTag="0.425">1.484 15.667 37.118 0.000 32.067 15.667 </Samples>
		<Samples TimeTag="2024-12-30T02:47:56" DepthTag="0.528">3.102 15.667 35.801 0.000 28.832 15.667 </Samples>
		<Samples TimeTag="2024-12-30T02:48:15" DepthTag="0.631">1.141 5.676 39.041 0.000 33.681 5.676 </Samples>
		<Samples TimeTag="2024-12-30T02:48:18" DepthTag="0.732">1.891 11.138 43.502 0.000 36.691 11.138 </Samples>
		<Samples TimeTag="2024-12-30T02:48:21" DepthTag="0.838">2.412 13.510 39.535 0.000 32.992 13.510 </Samples>
		<Samples TimeTag="2024-12-30T02:48:23" DepthTag="0.938">2.771 14.550 38.232 0.000 38.057 14.550 </Samples>
		<Samples TimeTag="2024-12-30T02:48:48" DepthTag="1.053">1.094 4.942 23.895 0.000 31.081 4.942 </Samples>
		<Samples TimeTag="2024-12-30T02:48:50" DepthTag="1.154">2.281 11.521 47.228 0.000 48.745 11.521 </Samples>
		<Samples TimeTag="2024-12-30T02:48:55" DepthTag="1.257">1.349 16.386 40.448 0.000 45.059 16.386 </Samples>
		<Samples TimeTag="2024-12-30T02:48:59" DepthTag="1.362">1.430 17.886 40.470 0.000 50.700 17.886 </Samples>
		<Samples TimeTag="2024-12-30T02:49:02" DepthTag="1.465">2.083 18.421 38.204 0.000 43.468 18.421 </Samples>
		<Samples TimeTag="2024-12-30T02:49:05" DepthTag="1.566">1.887 17.427 39.497 0.000 47.773 17.427 </Samples>
		<Samples TimeTag="2024-12-30T02:49:09" DepthTag="1.667">1.993 18.314 41.404 0.000 50.369 18.314 </Samples>
		<Samples TimeTag="2024-12-30T02:49:13" DepthTag="1.772">1.386 17.641 40.447 0.000 56.051 17.641 </Samples>
		<Samples TimeTag="2024-12-30T02:49:18" DepthTag="1.873">1.317 17.059 40.706 0.000 51.699 17.059 </Samples>
		<Samples TimeTag="2024-12-30T02:49:22" DepthTag="1.976">1.399 18.085 39.121 0.000 51.491 18.085 </Samples>
		<Samples TimeTag="2024-12-30T02:49:28" DepthTag="2.079">1.134 17.396 40.781 0.000 48.783 17.396 </Samples>
		<Samples TimeTag="2024-12-30T02:49:32" DepthTag="2.180">1.276 17.641 42.125 0.000 47.728 17.641 </Samples>
		<Samples TimeTag="2024-12-30T02:49:39" DepthTag="2.280">0.937 17.779 38.799 0.000 40.000 17.779 </Samples>
		<Samples TimeTag="2024-12-30T02:49:45" DepthTag="2.384">0.973 18.222 38.451 0.000 43.109 18.222 </Samples>
		<Samples TimeTag="2024-12-30T02:49:50" DepthTag="2.485">1.161 17.197 41.127 0.000 49.082 17.197 </Samples>
		<Samples TimeTag="2024-12-30T02:49:57" DepthTag="2.585">0.916 17.932 39.450 0.000 41.447 17.932 </Samples>
		<Samples TimeTag="2024-12-30T02:50:07" DepthTag="2.688">0.640 17.473 39.859 0.000 40.839 17.473 </Samples>
		<Samples TimeTag="2024-12-30T02:50:16" DepthTag="2.788">0.617 17.978 40.337 0.000 41.113 17.978 </Samples>
		<Samples TimeTag="2024-12-30T02:50:26" DepthTag="2.890">0.662 17.197 40.575 0.000 37.583 17.197 </Samples>
		<Samples TimeTag="2024-12-30T02:50:32" DepthTag="2.991">0.898 18.207 38.263 0.000 46.397 18.207 </Samples>
		<Samples TimeTag="2024-12-30T02:50:37" DepthTag="3.094">1.327 16.906 38.977 0.000 48.398 16.906 </Samples>
		<Samples TimeTag="2024-12-30T02:50:42" DepthTag="3.196">1.177 18.054 40.525 0.000 58.461 18.054 </Samples>
		<Samples TimeTag="2024-12-30T02:50:48" DepthTag="3.300">1.082 17.197 39.377 0.000 46.433 17.197 </Samples>
		<Samples TimeTag="2024-12-30T02:50:57" DepthTag="3.404">0.702 16.922 40.859 0.000 40.831 16.922 </Samples>
		<Samples TimeTag="2024-12-30T02:51:01" DepthTag="3.507">1.309 17.901 37.649 0.000 47.286 17.901 </Samples>
		<Samples TimeTag="2024-12-30T02:51:46" DepthTag="3.609">0.599 14.764 44.787 0.000 52.387 14.764 </Samples>
		<Samples TimeTag="2024-12-30T02:51:50" DepthTag="3.710">1.532 16.539 47.467 0.000 48.804 16.539 </Samples>
		<Samples TimeTag="2024-12-30T02:51:53" DepthTag="3.814">2.063 17.304 47.242 0.000 49.390 17.304 </Samples>
		<Samples TimeTag="2024-12-30T02:51:56" DepthTag="3.917">2.069 17.840 47.774 0.000 45.645 17.840 </Samples>
		<Samples TimeTag="2024-12-30T02:51:59" DepthTag="4.023">2.088 18.161 48.157 0.000 44.812 18.161 </Samples>
		<Samples TimeTag="2024-12-30T02:52:02" DepthTag="4.130">2.288 18.421 47.897 0.000 49.208 18.421 </Samples>
		<Samples TimeTag="2024-12-30T02:52:04" DepthTag="4.235">2.321 18.605 48.584 0.000 41.727 18.605 </Samples>
		<Samples TimeTag="2024-12-30T02:52:08" DepthTag="4.341">1.845 18.758 47.785 0.000 42.701 18.758 </Samples>
		<Samples TimeTag="2024-12-30T02:52:11" DepthTag="4.445">2.101 18.804 47.602 0.000 41.603 18.804 </Samples>
		<Samples TimeTag="2024-12-30T02:52:13" DepthTag="4.546">2.291 18.911 48.854 0.000 48.983 18.911 </Samples>
		<Samples TimeTag="2024-12-30T02:52:16" DepthTag="4.647">2.354 18.957 47.042 0.000 42.930 18.957 </Samples>
		<Samples TimeTag="2024-12-30T02:52:19" DepthTag="4.754">2.277 18.788 48.676 0.000 45.123 18.788 </Samples>
		<Samples TimeTag="2024-12-30T02:52:21" DepthTag="4.858">2.431 18.727 47.065 0.000 42.767 18.727 </Samples>
		<Samples TimeTag="2024-12-30T02:52:24" DepthTag="4.959">2.297 18.605 47.110 0.000 37.632 18.605 </Samples>
		<Samples TimeTag="2024-12-30T02:52:28" DepthTag="5.059">1.598 18.559 47.028 0.000 44.671 18.559 </Samples>
		<Samples TimeTag="2024-12-30T02:52:31" DepthTag="5.160">1.750 18.605 44.527 0.000 44.666 18.605 </Samples>
		<Samples TimeTag="2024-12-30T02:52:34" DepthTag="5.264">2.106 17.411 42.549 0.000 47.107 17.411 </Samples>
		<Samples TimeTag="2024-12-30T02:53:17" DepthTag="5.381">0.884 4.712 17.630 0.000 30.648 4.712 </Samples>
	</CompactMWDdata>
	<IR:GenTrailer>
		<IR:FileCloseDate>2024-12-30T02:54:03</IR:FileCloseDate>
		<IR:ChkSum>3069244229</IR:ChkSum>
	</IR:GenTrailer>
</DRMWD>
