<?xml version="1.0" encoding="UTF-8"?>
<!-- Generated by the RCS System Epiroc Rock Drills AB -->
<DRMWD xmlns="http://www.iredes.org/xml/DrillRig" xmlns:IR="http://www.iredes.org/xml" xmlns:xsi="http://www.w3.org/2001/XMLSchema-instance" xsi:schemaLocation="http://www.iredes.org/xml/DrillRig C:\Iredes\IR_V1.2.3\xml\DR-DrillRig_V1.2\DrillRig.xsd" IRVersion="V 1.2AC" IRDownwCompat="V 1.2AC" DRMWDDownwCompat="V 1.2AC" DRMWDVersion="V 1.2AC">
	<IR:GenHead>
		<IR:FileCreateDate>2024-12-30T11:53:03</IR:FileCreateDate>
		<IR:IRversion DownwCompat="V 1.0">V 1.2AC</IR:IRversion>
		<IR:EquipmentInfo>
			<IR:EqpManufact>Epiroc</IR:EqpManufact>
			<IR:EqpType>SmartROC D65</IR:EqpType>
			<IR:EqpSerNo>8992013064</IR:EqpSerNo>
			<IR:EqpSysVer>6.28.1</IR:EqpSysVer>
			<IR:EqpInfo>DrillingMethod: DTH</IR:EqpInfo>
		</IR:EquipmentInfo>
	</IR:GenHead>
	<IR:ReportId>MWDRI301153</IR:ReportId>
	<IR:StartLogTime>2024-12-30T11:50:04</IR:StartLogTime>
	<IR:EndLogTime>2024-12-30T11:51:39</IR:EndLogTime>
	<IR:PlanIdRef>TRN09_24_0486_015_All</IR:PlanIdRef>
	<IR:PlanNameRef>TRN09_24_0486_015_All</IR:PlanNameRef>
	<MWDholeId>X21</MWDholeId>
	<QualityReportIdRef>DQRI291907</QualityReportIdRef>
	<SampleDistance>0.100</SampleDistance>
	<CompactMWDdata>
		<MWDparams>
			<Parameter Unit="m/min" Full="PenetrRate">PR</Parameter>
			<Parameter Unit="Bar" Full="PercPressure">PP</Parameter>
			<Parameter Unit="Bar" Full="FeedPressure">FP</Parameter>
			<Parameter Unit="Bar" Full="DampPressure">DP</Parameter>
			<Parameter Unit="Bar" Full="RotPressure">RP</Parameter>
			<Parameter Unit="Bar" Full="FlushPressure">FLP</Parameter>
		</MWDparams>
		<Samples TimeTag="2024-12-30T11:50:04" DepthTag="3.539">0.546 2.249 20.538 0.000 27.398 2.249 </Samples>
		<Samples TimeTag="2024-12-30T11:50:09" DepthTag="3.639">1.443 7.298 41.540 0.000 45.831 7.298 </Samples>
		<Samples TimeTag="2024-12-30T11:50:19" DepthTag="3.742">0.625 15.805 46.955 0.000 45.477 15.805 </Samples>
		<Samples TimeTag="2024-12-30T11:50:26" DepthTag="3.842">0.841 16.769 48.118 0.000 45.733 16.769 </Samples>
		<Samples TimeTag="2024-12-30T11:50:32" DepthTag="3.944">0.978 17.090 47.697 0.000 42.349 17.090 </Samples>
		<Samples TimeTag="2024-12-30T11:50:37" DepthTag="4.045">1.094 17.274 49.007 0.000 41.872 17.274 </Samples>
		<Samples TimeTag="2024-12-30T11:50:43" DepthTag="4.147">1.089 17.473 48.068 0.000 46.382 17.473 </Samples>
		<Samples TimeTag="2024-12-30T11:50:52" DepthTag="4.248">0.671 17.656 48.524 0.000 41.999 17.656 </Samples>
		<Samples TimeTag="2024-12-30T11:50:59" DepthTag="4.350">0.831 17.580 47.812 0.000 42.326 17.580 </Samples>
		<Samples TimeTag="2024-12-30T11:51:06" DepthTag="4.454">0.970 17.702 48.380 0.000 40.817 17.702 </Samples>
		<Samples TimeTag="2024-12-30T11:51:12" DepthTag="4.558">1.005 18.039 47.385 0.000 42.103 18.039 </Samples>
		<Samples TimeTag="2024-12-30T11:51:17" DepthTag="4.659">1.332 18.299 46.883 0.000 47.591 18.299 </Samples>
		<Samples TimeTag="2024-12-30T11:51:19" DepthTag="4.760">2.151 18.452 46.953 0.000 49.556 18.452 </Samples>
		<Samples TimeTag="2024-12-30T11:51:23" DepthTag="4.860">1.561 18.345 49.132 0.000 44.017 18.345 </Samples>
		<Samples TimeTag="2024-12-30T11:51:31" DepthTag="4.961">0.782 15.652 41.424 0.000 40.494 15.652 </Samples>
		<Samples TimeTag="2024-12-30T11:51:39" DepthTag="5.063">0.757 13.510 41.495 0.000 44.988 13.510 </Samples>
	</CompactMWDdata>
	<IR:GenTrailer>
		<IR:FileCloseDate>2024-12-30T11:53:03</IR:FileCloseDate>
		<IR:ChkSum>3619868977</IR:ChkSum>
	</IR:GenTrailer>
</DRMWD>
