<?xml version="1.0" encoding="UTF-8"?>
<!-- Generated by the RCS System Epiroc Rock Drills AB -->
<DRMWD xmlns="http://www.iredes.org/xml/DrillRig" xmlns:IR="http://www.iredes.org/xml" xmlns:xsi="http://www.w3.org/2001/XMLSchema-instance" xsi:schemaLocation="http://www.iredes.org/xml/DrillRig C:\Iredes\IR_V1.2.3\xml\DR-DrillRig_V1.2\DrillRig.xsd" IRVersion="V 1.2AC" IRDownwCompat="V 1.2AC" DRMWDDownwCompat="V 1.2AC" DRMWDVersion="V 1.2AC">
	<IR:GenHead>
		<IR:FileCreateDate>2024-12-28T17:31:37</IR:FileCreateDate>
		<IR:IRversion DownwCompat="V 1.0">V 1.2AC</IR:IRversion>
		<IR:EquipmentInfo>
			<IR:EqpManufact>Epiroc</IR:EqpManufact>
			<IR:EqpType>SmartROC D65</IR:EqpType>
			<IR:EqpSerNo>8992013064</IR:EqpSerNo>
			<IR:EqpSysVer>6.28.1</IR:EqpSysVer>
			<IR:EqpInfo>DrillingMethod: DTH</IR:EqpInfo>
		</IR:EquipmentInfo>
	</IR:GenHead>
	<IR:ReportId>MWDRI281731</IR:ReportId>
	<IR:StartLogTime>2024-12-28T17:24:45</IR:StartLogTime>
	<IR:EndLogTime>2024-12-28T17:30:04</IR:EndLogTime>
	<IR:PlanIdRef>TRN08_21_0530_001_All</IR:PlanIdRef>
	<IR:PlanNameRef>TRN08_21_0530_001_All</IR:PlanNameRef>
	<MWDholeId>E56</MWDholeId>
	<QualityReportIdRef>DQRI272324</QualityReportIdRef>
	<SampleDistance>0.100</SampleDistance>
	<CompactMWDdata>
		<MWDparams>
			<Parameter Unit="m/min" Full="PenetrRate">PR</Parameter>
			<Parameter Unit="Bar" Full="PercPressure">PP</Parameter>
			<Parameter Unit="Bar" Full="FeedPressure">FP</Parameter>
			<Parameter Unit="Bar" Full="DampPressure">DP</Parameter>
			<Parameter Unit="Bar" Full="RotPressure">RP</Parameter>
			<Parameter Unit="Bar" Full="FlushPressure">FLP</Parameter>
		</MWDparams>
		<Samples TimeTag="2024-12-28T17:24:45" DepthTag="0.100">0.723 14.979 48.129 0.000 20.544 14.979 </Samples>
		<Samples TimeTag="2024-12-28T17:24:53" DepthTag="0.200">0.751 16.509 38.225 0.000 39.309 16.509 </Samples>
		<Samples TimeTag="2024-12-28T17:24:56" DepthTag="0.305">1.730 16.034 41.739 0.000 45.547 16.034 </Samples>
		<Samples TimeTag="2024-12-28T17:25:01" DepthTag="0.411">1.448 15.575 39.531 0.000 46.648 15.575 </Samples>
		<Samples TimeTag="2024-12-28T17:25:05" DepthTag="0.511">1.441 14.443 38.340 0.000 43.134 14.443 </Samples>
		<Samples TimeTag="2024-12-28T17:25:26" DepthTag="0.612">0.711 12.041 43.851 0.000 45.387 12.041 </Samples>
		<Samples TimeTag="2024-12-28T17:25:31" DepthTag="0.713">1.330 13.556 41.367 0.000 44.666 13.556 </Samples>
		<Samples TimeTag="2024-12-28T17:25:36" DepthTag="0.815">1.341 14.382 41.050 0.000 47.137 14.382 </Samples>
		<Samples TimeTag="2024-12-28T17:25:40" DepthTag="0.920">1.308 14.474 38.778 0.000 43.388 14.474 </Samples>
		<Samples TimeTag="2024-12-28T17:26:07" DepthTag="1.021">0.697 4.881 45.580 0.000 46.301 4.881 </Samples>
		<Samples TimeTag="2024-12-28T17:26:13" DepthTag="1.122">0.979 12.378 42.752 0.000 49.629 12.378 </Samples>
		<Samples TimeTag="2024-12-28T17:26:20" DepthTag="1.224">0.903 14.994 40.311 0.000 47.914 14.994 </Samples>
		<Samples TimeTag="2024-12-28T17:26:27" DepthTag="1.325">0.865 15.728 39.741 0.000 43.605 15.728 </Samples>
		<Samples TimeTag="2024-12-28T17:26:33" DepthTag="1.429">1.038 15.468 38.688 0.000 40.170 15.468 </Samples>
		<Samples TimeTag="2024-12-28T17:27:03" DepthTag="1.533">0.667 15.973 42.343 0.000 45.331 15.973 </Samples>
		<Samples TimeTag="2024-12-28T17:27:07" DepthTag="1.635">1.687 16.601 43.990 0.000 44.424 16.601 </Samples>
		<Samples TimeTag="2024-12-28T17:27:11" DepthTag="1.739">1.735 16.998 44.670 0.000 44.477 16.998 </Samples>
		<Samples TimeTag="2024-12-28T17:27:14" DepthTag="1.839">1.594 17.320 45.495 0.000 46.707 17.320 </Samples>
		<Samples TimeTag="2024-12-28T17:27:18" DepthTag="1.941">1.517 17.610 45.359 0.000 44.663 17.610 </Samples>
		<Samples TimeTag="2024-12-28T17:27:22" DepthTag="2.046">1.672 17.641 45.219 0.000 44.976 17.641 </Samples>
		<Samples TimeTag="2024-12-28T17:27:26" DepthTag="2.148">1.597 17.809 45.078 0.000 45.232 17.809 </Samples>
		<Samples TimeTag="2024-12-28T17:27:30" DepthTag="2.254">1.683 18.207 45.379 0.000 48.977 18.207 </Samples>
		<Samples TimeTag="2024-12-28T17:27:34" DepthTag="2.357">1.638 18.192 45.490 0.000 46.733 18.192 </Samples>
		<Samples TimeTag="2024-12-28T17:27:37" DepthTag="2.460">1.608 18.314 45.775 0.000 48.018 18.314 </Samples>
		<Samples TimeTag="2024-12-28T17:27:42" DepthTag="2.563">1.351 19.033 45.799 0.000 45.195 19.033 </Samples>
		<Samples TimeTag="2024-12-28T17:27:57" DepthTag="2.668">0.430 25.551 39.868 0.000 29.206 25.551 </Samples>
		<Samples TimeTag="2024-12-28T17:28:00" DepthTag="2.769">1.803 23.195 44.544 0.000 39.475 23.195 </Samples>
		<Samples TimeTag="2024-12-28T17:28:04" DepthTag="2.876">1.667 21.665 44.804 0.000 37.448 21.665 </Samples>
		<Samples TimeTag="2024-12-28T17:28:08" DepthTag="2.978">1.528 20.946 44.358 0.000 44.228 20.946 </Samples>
		<Samples TimeTag="2024-12-28T17:28:13" DepthTag="3.080">1.233 20.686 44.784 0.000 40.462 20.686 </Samples>
		<Samples TimeTag="2024-12-28T17:28:18" DepthTag="3.181">1.156 20.839 45.021 0.000 47.934 20.839 </Samples>
		<Samples TimeTag="2024-12-28T17:28:25" DepthTag="3.282">0.923 22.093 45.346 0.000 47.438 22.093 </Samples>
		<Samples TimeTag="2024-12-28T17:28:32" DepthTag="3.386">0.891 22.797 45.314 0.000 48.607 22.797 </Samples>
		<Samples TimeTag="2024-12-28T17:28:39" DepthTag="3.487">0.816 23.455 45.212 0.000 51.136 23.455 </Samples>
		<Samples TimeTag="2024-12-28T17:28:46" DepthTag="3.588">0.819 23.363 45.458 0.000 50.698 23.363 </Samples>
		<Samples TimeTag="2024-12-28T17:28:53" DepthTag="3.692">0.973 23.562 45.013 0.000 40.086 23.562 </Samples>
		<Samples TimeTag="2024-12-28T17:28:59" DepthTag="3.794">1.067 23.608 45.258 0.000 40.452 23.608 </Samples>
		<Samples TimeTag="2024-12-28T17:29:05" DepthTag="3.896">0.945 24.067 45.179 0.000 45.747 24.067 </Samples>
		<Samples TimeTag="2024-12-28T17:29:13" DepthTag="3.997">0.781 25.245 44.657 0.000 44.542 25.245 </Samples>
		<Samples TimeTag="2024-12-28T17:29:22" DepthTag="4.098">0.678 26.484 44.631 0.000 33.066 26.484 </Samples>
		<Samples TimeTag="2024-12-28T17:29:27" DepthTag="4.200">1.168 25.826 44.588 0.000 37.679 25.826 </Samples>
		<Samples TimeTag="2024-12-28T17:29:32" DepthTag="4.301">1.133 25.551 44.905 0.000 36.079 25.551 </Samples>
		<Samples TimeTag="2024-12-28T17:29:38" DepthTag="4.402">1.028 25.934 44.599 0.000 37.345 25.934 </Samples>
		<Samples TimeTag="2024-12-28T17:29:43" DepthTag="4.505">1.205 25.857 44.882 0.000 41.062 25.857 </Samples>
		<Samples TimeTag="2024-12-28T17:29:48" DepthTag="4.606">1.196 25.413 44.754 0.000 42.255 25.413 </Samples>
		<Samples TimeTag="2024-12-28T17:29:53" DepthTag="4.708">1.274 25.123 44.551 0.000 43.621 25.123 </Samples>
		<Samples TimeTag="2024-12-28T17:29:59" DepthTag="4.809">1.099 24.465 42.745 0.000 43.280 24.465 </Samples>
		<Samples TimeTag="2024-12-28T17:30:04" DepthTag="4.913">1.237 24.082 40.622 0.000 44.738 24.082 </Samples>
	</CompactMWDdata>
	<IR:GenTrailer>
		<IR:FileCloseDate>2024-12-28T17:31:37</IR:FileCloseDate>
		<IR:ChkSum>4123666137</IR:ChkSum>
	</IR:GenTrailer>
</DRMWD>
