<?xml version="1.0" encoding="UTF-8"?>
<!-- Generated by the RCS System Epiroc Rock Drills AB -->
<DRMWD xmlns="http://www.iredes.org/xml/DrillRig" xmlns:IR="http://www.iredes.org/xml" xmlns:xsi="http://www.w3.org/2001/XMLSchema-instance" xsi:schemaLocation="http://www.iredes.org/xml/DrillRig C:\Iredes\IR_V1.2.3\xml\DR-DrillRig_V1.2\DrillRig.xsd" IRVersion="V 1.2AC" IRDownwCompat="V 1.2AC" DRMWDDownwCompat="V 1.2AC" DRMWDVersion="V 1.2AC">
	<IR:GenHead>
		<IR:FileCreateDate>2024-12-30T02:37:35</IR:FileCreateDate>
		<IR:IRversion DownwCompat="V 1.0">V 1.2AC</IR:IRversion>
		<IR:EquipmentInfo>
			<IR:EqpManufact>Epiroc</IR:EqpManufact>
			<IR:EqpType>SmartROC D65</IR:EqpType>
			<IR:EqpSerNo>8992013064</IR:EqpSerNo>
			<IR:EqpSysVer>6.28.1</IR:EqpSysVer>
			<IR:EqpInfo>DrillingMethod: DTH</IR:EqpInfo>
		</IR:EquipmentInfo>
	</IR:GenHead>
	<IR:ReportId>MWDRI300237</IR:ReportId>
	<IR:StartLogTime>2024-12-30T02:30:18</IR:StartLogTime>
	<IR:EndLogTime>2024-12-30T02:35:34</IR:EndLogTime>
	<IR:PlanIdRef>TRN09_24_0486_015_All</IR:PlanIdRef>
	<IR:PlanNameRef>TRN09_24_0486_015_All</IR:PlanNameRef>
	<MWDholeId>X40</MWDholeId>
	<QualityReportIdRef>DQRI291907</QualityReportIdRef>
	<SampleDistance>0.100</SampleDistance>
	<CompactMWDdata>
		<MWDparams>
			<Parameter Unit="m/min" Full="PenetrRate">PR</Parameter>
			<Parameter Unit="Bar" Full="PercPressure">PP</Parameter>
			<Parameter Unit="Bar" Full="FeedPressure">FP</Parameter>
			<Parameter Unit="Bar" Full="DampPressure">DP</Parameter>
			<Parameter Unit="Bar" Full="RotPressure">RP</Parameter>
			<Parameter Unit="Bar" Full="FlushPressure">FLP</Parameter>
		</MWDparams>
		<Samples TimeTag="2024-12-30T02:30:18" DepthTag="0.102">0.650 16.677 38.563 0.000 20.828 16.677 </Samples>
		<Samples TimeTag="2024-12-30T02:30:21" DepthTag="0.206">1.866 16.524 40.548 0.000 31.292 16.524 </Samples>
		<Samples TimeTag="2024-12-30T02:30:24" DepthTag="0.307">2.792 16.157 37.666 0.000 29.589 16.157 </Samples>
		<Samples TimeTag="2024-12-30T02:30:26" DepthTag="0.410">2.329 15.881 40.289 0.000 34.382 15.881 </Samples>
		<Samples TimeTag="2024-12-30T02:30:36" DepthTag="0.510">0.641 7.528 6.360 0.000 13.900 7.528 </Samples>
		<Samples TimeTag="2024-12-30T02:30:53" DepthTag="0.611">1.396 10.603 44.897 0.000 41.976 10.603 </Samples>
		<Samples TimeTag="2024-12-30T02:30:58" DepthTag="0.711">1.070 14.963 40.622 0.000 38.549 14.963 </Samples>
		<Samples TimeTag="2024-12-30T02:31:04" DepthTag="0.814">1.097 17.090 39.707 0.000 32.866 17.090 </Samples>
		<Samples TimeTag="2024-12-30T02:31:09" DepthTag="0.914">1.159 18.666 38.964 0.000 29.659 18.666 </Samples>
		<Samples TimeTag="2024-12-30T02:31:38" DepthTag="1.060">0.795 6.043 21.591 0.000 20.941 6.043 </Samples>
		<Samples TimeTag="2024-12-30T02:31:42" DepthTag="1.161">1.369 16.126 43.331 0.000 30.938 16.126 </Samples>
		<Samples TimeTag="2024-12-30T02:31:47" DepthTag="1.263">1.275 17.534 40.865 0.000 29.013 17.534 </Samples>
		<Samples TimeTag="2024-12-30T02:31:52" DepthTag="1.365">1.338 17.901 39.486 0.000 34.782 17.901 </Samples>
		<Samples TimeTag="2024-12-30T02:31:54" DepthTag="1.484">3.182 17.717 28.674 0.000 25.507 17.717 </Samples>
		<Samples TimeTag="2024-12-30T02:31:55" DepthTag="1.594">6.856 17.258 27.953 0.000 22.291 17.258 </Samples>
		<Samples TimeTag="2024-12-30T02:31:57" DepthTag="1.699">2.908 18.850 41.551 0.000 28.591 18.850 </Samples>
		<Samples TimeTag="2024-12-30T02:32:00" DepthTag="1.802">2.212 17.427 41.733 0.000 36.235 17.427 </Samples>
		<Samples TimeTag="2024-12-30T02:32:03" DepthTag="1.902">1.971 18.406 41.118 0.000 46.585 18.406 </Samples>
		<Samples TimeTag="2024-12-30T02:32:06" DepthTag="2.003">2.029 17.258 40.336 0.000 39.971 17.258 </Samples>
		<Samples TimeTag="2024-12-30T02:32:09" DepthTag="2.108">2.381 18.054 40.871 0.000 40.273 18.054 </Samples>
		<Samples TimeTag="2024-12-30T02:32:12" DepthTag="2.211">2.087 17.090 41.055 0.000 42.920 17.090 </Samples>
		<Samples TimeTag="2024-12-30T02:32:20" DepthTag="2.321">1.062 4.667 28.141 0.000 38.129 4.667 </Samples>
		<Samples TimeTag="2024-12-30T02:32:26" DepthTag="2.424">1.097 14.504 41.911 0.000 56.683 14.504 </Samples>
		<Samples TimeTag="2024-12-30T02:32:29" DepthTag="2.531">1.998 16.784 40.513 0.000 46.098 16.784 </Samples>
		<Samples TimeTag="2024-12-30T02:32:32" DepthTag="2.634">2.084 18.069 38.347 0.000 44.618 18.069 </Samples>
		<Samples TimeTag="2024-12-30T02:32:35" DepthTag="2.739">2.252 17.335 39.332 0.000 41.292 17.335 </Samples>
		<Samples TimeTag="2024-12-30T02:32:37" DepthTag="2.840">2.154 19.232 42.149 0.000 30.610 19.232 </Samples>
		<Samples TimeTag="2024-12-30T02:33:27" DepthTag="2.949">0.232 14.321 41.779 0.000 42.880 14.321 </Samples>
		<Samples TimeTag="2024-12-30T02:33:30" DepthTag="3.056">1.996 16.356 41.588 0.000 50.719 16.356 </Samples>
		<Samples TimeTag="2024-12-30T02:33:33" DepthTag="3.162">2.262 17.228 40.549 0.000 40.595 17.228 </Samples>
		<Samples TimeTag="2024-12-30T02:33:37" DepthTag="3.266">1.727 18.069 39.303 0.000 43.151 18.069 </Samples>
		<Samples TimeTag="2024-12-30T02:33:39" DepthTag="3.367">2.377 17.962 39.730 0.000 44.101 17.962 </Samples>
		<Samples TimeTag="2024-12-30T02:33:42" DepthTag="3.471">2.219 17.365 39.240 0.000 42.237 17.365 </Samples>
		<Samples TimeTag="2024-12-30T02:34:16" DepthTag="3.571">0.851 8.583 43.415 0.000 61.975 8.583 </Samples>
		<Samples TimeTag="2024-12-30T02:34:20" DepthTag="3.678">1.769 14.550 45.441 0.000 48.580 14.550 </Samples>
		<Samples TimeTag="2024-12-30T02:34:22" DepthTag="3.778">2.342 16.142 46.871 0.000 44.735 16.142 </Samples>
		<Samples TimeTag="2024-12-30T02:34:25" DepthTag="3.884">1.987 17.136 48.344 0.000 47.442 17.136 </Samples>
		<Samples TimeTag="2024-12-30T02:34:29" DepthTag="3.987">1.927 17.840 46.841 0.000 47.343 17.840 </Samples>
		<Samples TimeTag="2024-12-30T02:34:31" DepthTag="4.090">2.196 18.222 47.508 0.000 44.592 18.222 </Samples>
		<Samples TimeTag="2024-12-30T02:34:34" DepthTag="4.197">2.166 18.666 48.096 0.000 44.986 18.666 </Samples>
		<Samples TimeTag="2024-12-30T02:34:37" DepthTag="4.303">2.277 18.834 47.908 0.000 43.567 18.834 </Samples>
		<Samples TimeTag="2024-12-30T02:34:40" DepthTag="4.404">2.284 18.926 48.119 0.000 42.810 18.926 </Samples>
		<Samples TimeTag="2024-12-30T02:34:43" DepthTag="4.509">2.130 18.941 48.996 0.000 48.947 18.941 </Samples>
		<Samples TimeTag="2024-12-30T02:34:46" DepthTag="4.615">2.138 18.972 48.103 0.000 50.603 18.972 </Samples>
		<Samples TimeTag="2024-12-30T02:34:49" DepthTag="4.716">1.762 19.339 48.951 0.000 48.059 19.339 </Samples>
		<Samples TimeTag="2024-12-30T02:34:53" DepthTag="4.817">1.508 19.354 47.984 0.000 51.226 19.354 </Samples>
		<Samples TimeTag="2024-12-30T02:34:56" DepthTag="4.918">2.043 19.354 47.593 0.000 49.766 19.354 </Samples>
		<Samples TimeTag="2024-12-30T02:34:59" DepthTag="5.025">2.422 19.324 47.842 0.000 51.357 19.324 </Samples>
		<Samples TimeTag="2024-12-30T02:35:02" DepthTag="5.127">1.947 20.012 49.438 0.000 46.787 20.012 </Samples>
		<Samples TimeTag="2024-12-30T02:35:18" DepthTag="5.227">0.382 23.287 47.588 0.000 40.232 23.287 </Samples>
		<Samples TimeTag="2024-12-30T02:35:28" DepthTag="5.328">0.603 17.825 40.260 0.000 38.713 17.825 </Samples>
		<Samples TimeTag="2024-12-30T02:35:34" DepthTag="5.428">0.998 18.100 39.006 0.000 54.470 18.100 </Samples>
	</CompactMWDdata>
	<IR:GenTrailer>
		<IR:FileCloseDate>2024-12-30T02:37:35</IR:FileCloseDate>
		<IR:ChkSum>1241210663</IR:ChkSum>
	</IR:GenTrailer>
</DRMWD>
