<?xml version="1.0" encoding="UTF-8"?>
<!-- Generated by the RCS System Epiroc Rock Drills AB -->
<DRMWD xmlns="http://www.iredes.org/xml/DrillRig" xmlns:IR="http://www.iredes.org/xml" xmlns:xsi="http://www.w3.org/2001/XMLSchema-instance" xsi:schemaLocation="http://www.iredes.org/xml/DrillRig C:\Iredes\IR_V1.2.3\xml\DR-DrillRig_V1.2\DrillRig.xsd" IRVersion="V 1.2AC" IRDownwCompat="V 1.2AC" DRMWDDownwCompat="V 1.2AC" DRMWDVersion="V 1.2AC">
	<IR:GenHead>
		<IR:FileCreateDate>2024-12-28T19:58:12</IR:FileCreateDate>
		<IR:IRversion DownwCompat="V 1.0">V 1.2AC</IR:IRversion>
		<IR:EquipmentInfo>
			<IR:EqpManufact>Epiroc</IR:EqpManufact>
			<IR:EqpType>SmartROC D65</IR:EqpType>
			<IR:EqpSerNo>8992013064</IR:EqpSerNo>
			<IR:EqpSysVer>6.28.1</IR:EqpSysVer>
			<IR:EqpInfo>DrillingMethod: DTH</IR:EqpInfo>
		</IR:EquipmentInfo>
	</IR:GenHead>
	<IR:ReportId>MWDRI281958</IR:ReportId>
	<IR:StartLogTime>2024-12-28T19:44:13</IR:StartLogTime>
	<IR:EndLogTime>2024-12-28T19:56:46</IR:EndLogTime>
	<IR:PlanIdRef>TRN08_21_0530_001_All</IR:PlanIdRef>
	<IR:PlanNameRef>TRN08_21_0530_001_All</IR:PlanNameRef>
	<MWDholeId>G53</MWDholeId>
	<QualityReportIdRef>DQRI272324</QualityReportIdRef>
	<SampleDistance>0.100</SampleDistance>
	<CompactMWDdata>
		<MWDparams>
			<Parameter Unit="m/min" Full="PenetrRate">PR</Parameter>
			<Parameter Unit="Bar" Full="PercPressure">PP</Parameter>
			<Parameter Unit="Bar" Full="FeedPressure">FP</Parameter>
			<Parameter Unit="Bar" Full="DampPressure">DP</Parameter>
			<Parameter Unit="Bar" Full="RotPressure">RP</Parameter>
			<Parameter Unit="Bar" Full="FlushPressure">FLP</Parameter>
		</MWDparams>
		<Samples TimeTag="2024-12-28T19:44:13" DepthTag="0.108">1.079 6.258 41.081 0.000 21.821 6.258 </Samples>
		<Samples TimeTag="2024-12-28T19:44:22" DepthTag="0.210">0.658 16.203 38.675 0.000 37.818 16.203 </Samples>
		<Samples TimeTag="2024-12-28T19:44:26" DepthTag="0.312">1.896 15.774 39.186 0.000 42.350 15.774 </Samples>
		<Samples TimeTag="2024-12-28T19:44:29" DepthTag="0.416">1.940 15.484 41.025 0.000 44.649 15.484 </Samples>
		<Samples TimeTag="2024-12-28T19:51:35" DepthTag="0.537">0.876 4.667 20.701 0.000 31.024 4.667 </Samples>
		<Samples TimeTag="2024-12-28T19:51:56" DepthTag="0.642">1.153 12.929 42.243 0.000 49.733 12.929 </Samples>
		<Samples TimeTag="2024-12-28T19:52:00" DepthTag="0.744">1.379 13.923 41.027 0.000 49.965 13.923 </Samples>
		<Samples TimeTag="2024-12-28T19:52:04" DepthTag="0.844">1.500 14.244 40.094 0.000 48.996 14.244 </Samples>
		<Samples TimeTag="2024-12-28T19:52:09" DepthTag="0.949">1.505 14.504 38.840 0.000 46.457 14.504 </Samples>
		<Samples TimeTag="2024-12-28T19:52:40" DepthTag="1.051">0.710 13.280 40.689 0.000 50.099 13.280 </Samples>
		<Samples TimeTag="2024-12-28T19:52:46" DepthTag="1.154">0.918 15.438 38.919 0.000 47.921 15.438 </Samples>
		<Samples TimeTag="2024-12-28T19:52:51" DepthTag="1.256">1.430 15.101 40.028 0.000 49.950 15.101 </Samples>
		<Samples TimeTag="2024-12-28T19:52:55" DepthTag="1.356">1.439 14.856 40.601 0.000 46.897 14.856 </Samples>
		<Samples TimeTag="2024-12-28T19:52:59" DepthTag="1.458">1.480 14.734 40.065 0.000 47.444 14.734 </Samples>
		<Samples TimeTag="2024-12-28T19:53:25" DepthTag="1.560">0.869 5.722 39.995 0.000 45.024 5.722 </Samples>
		<Samples TimeTag="2024-12-28T19:53:30" DepthTag="1.661">1.376 13.648 45.094 0.000 54.724 13.648 </Samples>
		<Samples TimeTag="2024-12-28T19:53:37" DepthTag="1.762">0.843 18.437 45.207 0.000 58.437 18.437 </Samples>
		<Samples TimeTag="2024-12-28T19:53:43" DepthTag="1.863">0.921 20.211 45.235 0.000 57.855 20.211 </Samples>
		<Samples TimeTag="2024-12-28T19:53:49" DepthTag="1.968">1.123 20.380 44.983 0.000 51.191 20.380 </Samples>
		<Samples TimeTag="2024-12-28T19:53:55" DepthTag="2.071">1.098 20.777 44.963 0.000 51.907 20.777 </Samples>
		<Samples TimeTag="2024-12-28T19:54:01" DepthTag="2.172">0.982 20.900 45.035 0.000 45.612 20.900 </Samples>
		<Samples TimeTag="2024-12-28T19:54:05" DepthTag="2.277">1.425 20.793 44.713 0.000 49.199 20.793 </Samples>
		<Samples TimeTag="2024-12-28T19:54:10" DepthTag="2.381">1.258 21.022 45.230 0.000 48.403 21.022 </Samples>
		<Samples TimeTag="2024-12-28T19:54:15" DepthTag="2.484">1.280 21.114 45.302 0.000 46.689 21.114 </Samples>
		<Samples TimeTag="2024-12-28T19:54:20" DepthTag="2.585">1.228 21.481 44.704 0.000 47.667 21.481 </Samples>
		<Samples TimeTag="2024-12-28T19:54:25" DepthTag="2.687">1.169 21.879 44.658 0.000 43.387 21.879 </Samples>
		<Samples TimeTag="2024-12-28T19:54:31" DepthTag="2.789">1.020 22.537 45.080 0.000 47.870 22.537 </Samples>
		<Samples TimeTag="2024-12-28T19:54:37" DepthTag="2.890">1.009 23.287 44.866 0.000 47.431 23.287 </Samples>
		<Samples TimeTag="2024-12-28T19:54:43" DepthTag="2.993">0.998 23.409 44.886 0.000 49.898 23.409 </Samples>
		<Samples TimeTag="2024-12-28T19:54:49" DepthTag="3.094">1.122 23.225 44.840 0.000 50.457 23.225 </Samples>
		<Samples TimeTag="2024-12-28T19:54:54" DepthTag="3.195">1.084 23.700 45.234 0.000 53.648 23.700 </Samples>
		<Samples TimeTag="2024-12-28T19:55:01" DepthTag="3.295">0.917 23.960 44.884 0.000 51.624 23.960 </Samples>
		<Samples TimeTag="2024-12-28T19:55:06" DepthTag="3.397">1.208 23.470 45.364 0.000 52.677 23.470 </Samples>
		<Samples TimeTag="2024-12-28T19:55:11" DepthTag="3.499">1.229 23.501 44.708 0.000 51.431 23.501 </Samples>
		<Samples TimeTag="2024-12-28T19:55:18" DepthTag="3.603">0.865 24.235 45.063 0.000 47.756 24.235 </Samples>
		<Samples TimeTag="2024-12-28T19:55:25" DepthTag="3.703">0.862 22.399 44.851 0.000 45.782 22.399 </Samples>
		<Samples TimeTag="2024-12-28T19:55:30" DepthTag="3.805">1.175 23.164 44.988 0.000 56.639 23.164 </Samples>
		<Samples TimeTag="2024-12-28T19:55:37" DepthTag="3.907">0.927 24.434 44.955 0.000 46.297 24.434 </Samples>
		<Samples TimeTag="2024-12-28T19:55:43" DepthTag="4.010">0.965 25.429 44.581 0.000 45.191 25.429 </Samples>
		<Samples TimeTag="2024-12-28T19:55:49" DepthTag="4.112">1.055 25.842 44.613 0.000 41.968 25.842 </Samples>
		<Samples TimeTag="2024-12-28T19:55:55" DepthTag="4.212">1.003 25.934 44.486 0.000 38.232 25.934 </Samples>
		<Samples TimeTag="2024-12-28T19:56:05" DepthTag="4.320">0.689 11.460 42.080 0.000 40.386 11.460 </Samples>
		<Samples TimeTag="2024-12-28T19:56:11" DepthTag="4.421">0.914 18.314 44.474 0.000 55.723 18.314 </Samples>
		<Samples TimeTag="2024-12-28T19:56:26" DepthTag="4.523">0.418 14.566 43.033 0.000 49.450 14.566 </Samples>
		<Samples TimeTag="2024-12-28T19:56:41" DepthTag="4.627">0.406 25.842 37.193 0.000 35.441 25.842 </Samples>
		<Samples TimeTag="2024-12-28T19:56:46" DepthTag="4.729">1.329 25.138 39.664 0.000 40.965 25.138 </Samples>
	</CompactMWDdata>
	<IR:GenTrailer>
		<IR:FileCloseDate>2024-12-28T19:58:12</IR:FileCloseDate>
		<IR:ChkSum>0496823680</IR:ChkSum>
	</IR:GenTrailer>
</DRMWD>
