<?xml version="1.0" encoding="UTF-8"?>
<!-- Generated by the RCS System Epiroc Rock Drills AB -->
<DRMWD xmlns="http://www.iredes.org/xml/DrillRig" xmlns:IR="http://www.iredes.org/xml" xmlns:xsi="http://www.w3.org/2001/XMLSchema-instance" xsi:schemaLocation="http://www.iredes.org/xml/DrillRig C:\Iredes\IR_V1.2.3\xml\DR-DrillRig_V1.2\DrillRig.xsd" IRVersion="V 1.2AC" IRDownwCompat="V 1.2AC" DRMWDDownwCompat="V 1.2AC" DRMWDVersion="V 1.2AC">
	<IR:GenHead>
		<IR:FileCreateDate>2024-12-28T01:20:28</IR:FileCreateDate>
		<IR:IRversion DownwCompat="V 1.0">V 1.2AC</IR:IRversion>
		<IR:EquipmentInfo>
			<IR:EqpManufact>Epiroc</IR:EqpManufact>
			<IR:EqpType>SmartROC D65</IR:EqpType>
			<IR:EqpSerNo>8992013064</IR:EqpSerNo>
			<IR:EqpSysVer>6.28.1</IR:EqpSysVer>
			<IR:EqpInfo>DrillingMethod: DTH</IR:EqpInfo>
		</IR:EquipmentInfo>
	</IR:GenHead>
	<IR:ReportId>MWDRI280120</IR:ReportId>
	<IR:StartLogTime>2024-12-28T01:13:21</IR:StartLogTime>
	<IR:EndLogTime>2024-12-28T01:18:23</IR:EndLogTime>
	<IR:PlanIdRef>TRN08_21_0530_001_All</IR:PlanIdRef>
	<IR:PlanNameRef>TRN08_21_0530_001_All</IR:PlanNameRef>
	<MWDholeId>R43</MWDholeId>
	<QualityReportIdRef>DQRI272324</QualityReportIdRef>
	<SampleDistance>0.100</SampleDistance>
	<CompactMWDdata>
		<MWDparams>
			<Parameter Unit="m/min" Full="PenetrRate">PR</Parameter>
			<Parameter Unit="Bar" Full="PercPressure">PP</Parameter>
			<Parameter Unit="Bar" Full="FeedPressure">FP</Parameter>
			<Parameter Unit="Bar" Full="DampPressure">DP</Parameter>
			<Parameter Unit="Bar" Full="RotPressure">RP</Parameter>
			<Parameter Unit="Bar" Full="FlushPressure">FLP</Parameter>
		</MWDparams>
		<Samples TimeTag="2024-12-28T01:13:21" DepthTag="0.101">0.937 14.918 41.118 0.000 22.673 14.918 </Samples>
		<Samples TimeTag="2024-12-28T01:13:23" DepthTag="0.203">2.552 15.071 42.286 0.000 22.595 15.071 </Samples>
		<Samples TimeTag="2024-12-28T01:13:28" DepthTag="0.308">1.361 15.637 41.950 0.000 45.084 15.637 </Samples>
		<Samples TimeTag="2024-12-28T01:13:32" DepthTag="0.414">1.680 15.652 39.531 0.000 50.228 15.652 </Samples>
		<Samples TimeTag="2024-12-28T01:13:36" DepthTag="0.514">1.441 14.504 25.088 0.000 48.336 14.504 </Samples>
		<Samples TimeTag="2024-12-28T01:13:58" DepthTag="0.617">0.649 11.827 44.526 0.000 61.528 11.827 </Samples>
		<Samples TimeTag="2024-12-28T01:14:06" DepthTag="0.721">0.801 16.096 40.540 0.000 51.061 16.096 </Samples>
		<Samples TimeTag="2024-12-28T01:14:11" DepthTag="0.825">1.258 16.187 39.837 0.000 51.229 16.187 </Samples>
		<Samples TimeTag="2024-12-28T01:14:16" DepthTag="0.926">1.260 16.065 39.764 0.000 48.878 16.065 </Samples>
		<Samples TimeTag="2024-12-28T01:14:44" DepthTag="1.030">0.615 3.794 30.339 0.000 41.387 3.794 </Samples>
		<Samples TimeTag="2024-12-28T01:14:53" DepthTag="1.131">0.619 15.652 40.955 0.000 53.884 15.652 </Samples>
		<Samples TimeTag="2024-12-28T01:15:02" DepthTag="1.233">0.741 17.518 40.213 0.000 51.870 17.518 </Samples>
		<Samples TimeTag="2024-12-28T01:15:08" DepthTag="1.337">1.006 17.488 38.852 0.000 43.081 17.488 </Samples>
		<Samples TimeTag="2024-12-28T01:15:12" DepthTag="1.438">1.381 17.320 38.699 0.000 47.748 17.320 </Samples>
		<Samples TimeTag="2024-12-28T01:15:41" DepthTag="1.562">0.767 6.594 28.292 0.000 33.458 6.594 </Samples>
		<Samples TimeTag="2024-12-28T01:15:46" DepthTag="1.664">1.294 15.591 44.757 0.000 58.779 15.591 </Samples>
		<Samples TimeTag="2024-12-28T01:15:51" DepthTag="1.767">1.336 17.748 44.013 0.000 48.673 17.748 </Samples>
		<Samples TimeTag="2024-12-28T01:15:55" DepthTag="1.870">1.398 19.110 44.700 0.000 45.684 19.110 </Samples>
		<Samples TimeTag="2024-12-28T01:15:59" DepthTag="1.971">1.394 20.043 44.855 0.000 49.912 20.043 </Samples>
		<Samples TimeTag="2024-12-28T01:16:03" DepthTag="2.073">1.531 20.349 44.476 0.000 47.669 20.349 </Samples>
		<Samples TimeTag="2024-12-28T01:16:07" DepthTag="2.174">1.681 20.242 44.452 0.000 45.052 20.242 </Samples>
		<Samples TimeTag="2024-12-28T01:16:11" DepthTag="2.280">1.649 20.349 44.446 0.000 46.589 20.349 </Samples>
		<Samples TimeTag="2024-12-28T01:16:15" DepthTag="2.385">1.669 20.548 45.089 0.000 47.303 20.548 </Samples>
		<Samples TimeTag="2024-12-28T01:16:19" DepthTag="2.486">1.455 21.175 45.377 0.000 49.682 21.175 </Samples>
		<Samples TimeTag="2024-12-28T01:16:24" DepthTag="2.591">1.315 21.588 44.885 0.000 45.252 21.588 </Samples>
		<Samples TimeTag="2024-12-28T01:16:28" DepthTag="2.696">1.352 21.848 44.673 0.000 48.566 21.848 </Samples>
		<Samples TimeTag="2024-12-28T01:16:34" DepthTag="2.800">1.161 22.812 45.339 0.000 44.598 22.812 </Samples>
		<Samples TimeTag="2024-12-28T01:16:39" DepthTag="2.902">1.139 23.225 45.234 0.000 43.272 23.225 </Samples>
		<Samples TimeTag="2024-12-28T01:16:44" DepthTag="3.006">1.196 23.118 45.079 0.000 41.375 23.118 </Samples>
		<Samples TimeTag="2024-12-28T01:16:49" DepthTag="3.108">1.266 22.736 45.044 0.000 40.590 22.736 </Samples>
		<Samples TimeTag="2024-12-28T01:16:54" DepthTag="3.209">1.260 22.874 45.356 0.000 41.781 22.874 </Samples>
		<Samples TimeTag="2024-12-28T01:17:00" DepthTag="3.313">1.115 23.623 44.869 0.000 44.166 23.623 </Samples>
		<Samples TimeTag="2024-12-28T01:17:05" DepthTag="3.417">1.051 24.495 45.453 0.000 46.928 24.495 </Samples>
		<Samples TimeTag="2024-12-28T01:17:12" DepthTag="3.519">0.980 24.786 44.448 0.000 43.839 24.786 </Samples>
		<Samples TimeTag="2024-12-28T01:17:17" DepthTag="3.619">1.041 25.046 44.925 0.000 47.410 25.046 </Samples>
		<Samples TimeTag="2024-12-28T01:17:24" DepthTag="3.723">1.035 24.893 45.111 0.000 44.256 24.893 </Samples>
		<Samples TimeTag="2024-12-28T01:17:28" DepthTag="3.826">1.409 23.837 44.180 0.000 40.735 23.837 </Samples>
		<Samples TimeTag="2024-12-28T01:17:32" DepthTag="3.932">1.515 23.501 45.513 0.000 54.177 23.501 </Samples>
		<Samples TimeTag="2024-12-28T01:17:37" DepthTag="4.033">1.271 23.623 45.064 0.000 52.989 23.623 </Samples>
		<Samples TimeTag="2024-12-28T01:17:42" DepthTag="4.134">1.212 23.700 44.985 0.000 50.706 23.700 </Samples>
		<Samples TimeTag="2024-12-28T01:17:47" DepthTag="4.236">1.179 24.266 44.434 0.000 51.602 24.266 </Samples>
		<Samples TimeTag="2024-12-28T01:17:52" DepthTag="4.338">1.304 24.633 44.502 0.000 53.604 24.633 </Samples>
		<Samples TimeTag="2024-12-28T01:17:58" DepthTag="4.440">1.038 24.862 45.010 0.000 48.856 24.862 </Samples>
		<Samples TimeTag="2024-12-28T01:18:03" DepthTag="4.542">1.212 25.000 44.928 0.000 45.889 25.000 </Samples>
		<Samples TimeTag="2024-12-28T01:18:08" DepthTag="4.646">1.192 24.985 44.738 0.000 52.424 24.985 </Samples>
		<Samples TimeTag="2024-12-28T01:18:13" DepthTag="4.749">1.306 25.123 44.566 0.000 53.135 25.123 </Samples>
		<Samples TimeTag="2024-12-28T01:18:18" DepthTag="4.852">1.226 25.169 41.452 0.000 45.277 25.169 </Samples>
		<Samples TimeTag="2024-12-28T01:18:23" DepthTag="4.956">1.157 24.403 40.039 0.000 44.464 24.403 </Samples>
	</CompactMWDdata>
	<IR:GenTrailer>
		<IR:FileCloseDate>2024-12-28T01:20:28</IR:FileCloseDate>
		<IR:ChkSum>3963853601</IR:ChkSum>
	</IR:GenTrailer>
</DRMWD>
