<?xml version="1.0" encoding="UTF-8"?>
<!-- Generated by the RCS System Epiroc Rock Drills AB -->
<DRMWD xmlns="http://www.iredes.org/xml/DrillRig" xmlns:IR="http://www.iredes.org/xml" xmlns:xsi="http://www.w3.org/2001/XMLSchema-instance" xsi:schemaLocation="http://www.iredes.org/xml/DrillRig C:\Iredes\IR_V1.2.3\xml\DR-DrillRig_V1.2\DrillRig.xsd" IRVersion="V 1.2AC" IRDownwCompat="V 1.2AC" DRMWDDownwCompat="V 1.2AC" DRMWDVersion="V 1.2AC">
	<IR:GenHead>
		<IR:FileCreateDate>2024-12-29T18:20:20</IR:FileCreateDate>
		<IR:IRversion DownwCompat="V 1.0">V 1.2AC</IR:IRversion>
		<IR:EquipmentInfo>
			<IR:EqpManufact>Epiroc</IR:EqpManufact>
			<IR:EqpType>SmartROC D65</IR:EqpType>
			<IR:EqpSerNo>8992013064</IR:EqpSerNo>
			<IR:EqpSysVer>6.28.1</IR:EqpSysVer>
			<IR:EqpInfo>DrillingMethod: DTH</IR:EqpInfo>
		</IR:EquipmentInfo>
	</IR:GenHead>
	<IR:ReportId>MWDRI291820</IR:ReportId>
	<IR:StartLogTime>2024-12-29T18:09:37</IR:StartLogTime>
	<IR:EndLogTime>2024-12-29T18:18:43</IR:EndLogTime>
	<IR:PlanIdRef>TRN08_21_0530_001_All</IR:PlanIdRef>
	<IR:PlanNameRef>TRN08_21_0530_001_All</IR:PlanNameRef>
	<MWDholeId>G46</MWDholeId>
	<QualityReportIdRef>DQRI272324</QualityReportIdRef>
	<SampleDistance>0.100</SampleDistance>
	<CompactMWDdata>
		<MWDparams>
			<Parameter Unit="m/min" Full="PenetrRate">PR</Parameter>
			<Parameter Unit="Bar" Full="PercPressure">PP</Parameter>
			<Parameter Unit="Bar" Full="FeedPressure">FP</Parameter>
			<Parameter Unit="Bar" Full="DampPressure">DP</Parameter>
			<Parameter Unit="Bar" Full="RotPressure">RP</Parameter>
			<Parameter Unit="Bar" Full="FlushPressure">FLP</Parameter>
		</MWDparams>
		<Samples TimeTag="2024-12-29T18:09:37" DepthTag="0.100">0.006 14.841 47.525 0.000 21.439 14.841 </Samples>
		<Samples TimeTag="2024-12-29T18:09:43" DepthTag="0.202">0.971 15.116 39.035 0.000 50.347 15.116 </Samples>
		<Samples TimeTag="2024-12-29T18:09:46" DepthTag="0.307">1.749 14.856 40.008 0.000 56.986 14.856 </Samples>
		<Samples TimeTag="2024-12-29T18:09:50" DepthTag="0.410">1.648 14.810 40.655 0.000 56.426 14.810 </Samples>
		<Samples TimeTag="2024-12-29T18:10:12" DepthTag="0.542">0.905 4.024 23.234 0.000 31.148 4.024 </Samples>
		<Samples TimeTag="2024-12-29T18:10:16" DepthTag="0.644">1.335 10.741 44.497 0.000 61.884 10.741 </Samples>
		<Samples TimeTag="2024-12-29T18:10:21" DepthTag="0.747">1.457 13.036 39.611 0.000 62.067 13.036 </Samples>
		<Samples TimeTag="2024-12-29T18:10:25" DepthTag="0.848">1.367 14.260 41.642 0.000 56.912 14.260 </Samples>
		<Samples TimeTag="2024-12-29T18:10:30" DepthTag="0.950">1.141 15.040 40.851 0.000 60.460 15.040 </Samples>
		<Samples TimeTag="2024-12-29T18:10:55" DepthTag="1.062">0.912 3.993 37.249 0.000 38.917 3.993 </Samples>
		<Samples TimeTag="2024-12-29T18:11:03" DepthTag="1.163">0.805 13.632 41.159 0.000 63.349 13.632 </Samples>
		<Samples TimeTag="2024-12-29T18:11:09" DepthTag="1.267">1.033 15.315 39.542 0.000 52.968 15.315 </Samples>
		<Samples TimeTag="2024-12-29T18:11:13" DepthTag="1.370">1.451 15.071 38.950 0.000 56.662 15.071 </Samples>
		<Samples TimeTag="2024-12-29T18:11:19" DepthTag="1.471">1.131 15.499 40.450 0.000 70.471 15.499 </Samples>
		<Samples TimeTag="2024-12-29T18:11:50" DepthTag="1.572">0.686 8.797 48.153 0.000 68.751 8.797 </Samples>
		<Samples TimeTag="2024-12-29T18:11:56" DepthTag="1.674">1.086 15.652 41.357 0.000 63.589 15.652 </Samples>
		<Samples TimeTag="2024-12-29T18:11:59" DepthTag="1.776">1.791 16.493 39.883 0.000 54.064 16.493 </Samples>
		<Samples TimeTag="2024-12-29T18:12:04" DepthTag="1.879">1.466 18.253 42.548 0.000 62.129 18.253 </Samples>
		<Samples TimeTag="2024-12-29T18:12:12" DepthTag="1.984">0.786 21.802 38.605 0.000 47.536 21.802 </Samples>
		<Samples TimeTag="2024-12-29T18:12:16" DepthTag="2.090">1.401 21.558 40.109 0.000 58.298 21.558 </Samples>
		<Samples TimeTag="2024-12-29T18:12:20" DepthTag="2.193">1.531 21.405 40.202 0.000 52.372 21.405 </Samples>
		<Samples TimeTag="2024-12-29T18:12:25" DepthTag="2.293">1.247 22.124 41.605 0.000 53.006 22.124 </Samples>
		<Samples TimeTag="2024-12-29T18:12:36" DepthTag="2.406">0.596 6.977 26.925 0.000 33.118 6.977 </Samples>
		<Samples TimeTag="2024-12-29T18:13:13" DepthTag="2.529">0.419 5.034 44.152 0.000 44.737 5.034 </Samples>
		<Samples TimeTag="2024-12-29T18:13:22" DepthTag="2.630">0.675 19.064 38.835 0.000 51.155 19.064 </Samples>
		<Samples TimeTag="2024-12-29T18:13:26" DepthTag="2.730">1.365 20.150 39.978 0.000 64.746 20.150 </Samples>
		<Samples TimeTag="2024-12-29T18:13:31" DepthTag="2.830">1.248 20.900 38.757 0.000 58.223 20.900 </Samples>
		<Samples TimeTag="2024-12-29T18:13:34" DepthTag="2.931">1.795 20.808 40.987 0.000 54.487 20.808 </Samples>
		<Samples TimeTag="2024-12-29T18:13:39" DepthTag="3.036">1.247 21.818 40.456 0.000 56.359 21.818 </Samples>
		<Samples TimeTag="2024-12-29T18:13:54" DepthTag="3.137">0.522 11.781 42.065 0.000 36.522 11.781 </Samples>
		<Samples TimeTag="2024-12-29T18:14:03" DepthTag="3.238">0.661 16.845 39.622 0.000 64.199 16.845 </Samples>
		<Samples TimeTag="2024-12-29T18:14:14" DepthTag="3.342">0.577 10.465 38.057 0.000 50.457 10.465 </Samples>
		<Samples TimeTag="2024-12-29T18:14:22" DepthTag="3.442">0.702 20.028 40.193 0.000 52.557 20.028 </Samples>
		<Samples TimeTag="2024-12-29T18:14:51" DepthTag="3.548">0.950 7.604 48.569 0.000 50.269 7.604 </Samples>
		<Samples TimeTag="2024-12-29T18:16:25" DepthTag="3.667">0.284 5.569 41.810 0.000 47.366 5.569 </Samples>
		<Samples TimeTag="2024-12-29T18:16:34" DepthTag="3.770">0.645 20.885 38.889 0.000 50.876 20.885 </Samples>
		<Samples TimeTag="2024-12-29T18:16:37" DepthTag="3.870">1.872 21.175 38.179 0.000 52.878 21.175 </Samples>
		<Samples TimeTag="2024-12-29T18:16:43" DepthTag="3.987">1.246 17.350 32.871 0.000 35.852 17.350 </Samples>
		<Samples TimeTag="2024-12-29T18:16:54" DepthTag="4.087">0.790 17.947 43.799 0.000 58.224 17.947 </Samples>
		<Samples TimeTag="2024-12-29T18:17:28" DepthTag="4.189">0.292 9.868 50.535 0.000 64.407 9.868 </Samples>
		<Samples TimeTag="2024-12-29T18:17:36" DepthTag="4.296">0.836 20.579 39.962 0.000 59.109 20.579 </Samples>
		<Samples TimeTag="2024-12-29T18:17:43" DepthTag="4.399">0.917 13.403 34.017 0.000 47.232 13.403 </Samples>
		<Samples TimeTag="2024-12-29T18:17:57" DepthTag="4.499">0.416 15.943 39.836 0.000 56.085 15.943 </Samples>
		<Samples TimeTag="2024-12-29T18:18:37" DepthTag="4.600">0.887 10.603 45.583 0.000 49.265 10.603 </Samples>
		<Samples TimeTag="2024-12-29T18:18:43" DepthTag="4.700">1.045 18.819 40.092 0.000 65.893 18.819 </Samples>
	</CompactMWDdata>
	<IR:GenTrailer>
		<IR:FileCloseDate>2024-12-29T18:20:20</IR:FileCloseDate>
		<IR:ChkSum>0741664338</IR:ChkSum>
	</IR:GenTrailer>
</DRMWD>
